<TransactionList>
    <Validation>
        <Audit Count="64" Node="Transaction" Sum="640.00"/>
    </Validation>
    <Transaction CatCode="C" FiscalPeriodEnd="N" LeaID="82540" ReshID="41" SiteID="3184421" TransAmt="10.00" TransDate="2021-05-01" TransDesc="Resident Liability Compliance Fee (05/2021)" TransName="RESIDENTLIABILITYFEE" TransactionBatchID="1619538297355"/>
    <Transaction CatCode="C" FiscalPeriodEnd="N" LeaID="82482" ReshID="79" SiteID="3184421" TransAmt="10.00" TransDate="2021-05-01" TransDesc="Resident Liability Compliance Fee (05/2021)" TransName="RESIDENTLIABILITYFEE" TransactionBatchID="1619538297356"/>
    <Transaction CatCode="C" FiscalPeriodEnd="N" LeaID="82430" ReshID="355" SiteID="3184421" TransAmt="10.00" TransDate="2021-05-01" TransDesc="Resident Liability Compliance Fee (05/2021)" TransName="RESIDENTLIABILITYFEE" TransactionBatchID="1619538297357"/>
    <Transaction CatCode="C" FiscalPeriodEnd="N" LeaID="82571" ReshID="764" SiteID="3184421" TransAmt="10.00" TransDate="2021-05-01" TransDesc="Resident Liability Compliance Fee (05/2021)" TransName="RESIDENTLIABILITYFEE" TransactionBatchID="1619538297358"/>
    <Transaction CatCode="C" FiscalPeriodEnd="N" LeaID="82450" ReshID="40869" SiteID="3184421" TransAmt="10.00" TransDate="2021-05-01" TransDesc="Resident Liability Compliance Fee (05/2021)" TransName="RESIDENTLIABILITYFEE" TransactionBatchID="1619538297359"/>
    <Transaction CatCode="C" FiscalPeriodEnd="N" LeaID="82576" ReshID="50877" SiteID="3184421" TransAmt="10.00" TransDate="2021-05-01" TransDesc="Resident Liability Compliance Fee (05/2021)" TransName="RESIDENTLIABILITYFEE" TransactionBatchID="1619538297360"/>
    <Transaction CatCode="C" FiscalPeriodEnd="N" LeaID="82458" ReshID="50894" SiteID="3184421" TransAmt="10.00" TransDate="2021-05-01" TransDesc="Resident Liability Compliance Fee (05/2021)" TransName="RESIDENTLIABILITYFEE" TransactionBatchID="1619538297361"/>
    <Transaction CatCode="C" FiscalPeriodEnd="N" LeaID="82490" ReshID="50978" SiteID="3184421" TransAmt="10.00" TransDate="2021-05-01" TransDesc="Resident Liability Compliance Fee (05/2021)" TransName="RESIDENTLIABILITYFEE" TransactionBatchID="1619538297362"/>
    <Transaction CatCode="C" FiscalPeriodEnd="N" LeaID="82303" ReshID="61022" SiteID="3184421" TransAmt="10.00" TransDate="2021-05-01" TransDesc="Resident Liability Compliance Fee (05/2021)" TransName="RESIDENTLIABILITYFEE" TransactionBatchID="1619538297363"/>
    <Transaction CatCode="C" FiscalPeriodEnd="N" LeaID="82595" ReshID="61063" SiteID="3184421" TransAmt="10.00" TransDate="2021-05-01" TransDesc="Resident Liability Compliance Fee (05/2021)" TransName="RESIDENTLIABILITYFEE" TransactionBatchID="1619538297364"/>
    <Transaction CatCode="C" FiscalPeriodEnd="N" LeaID="82349" ReshID="61097" SiteID="3184421" TransAmt="10.00" TransDate="2021-05-01" TransDesc="Resident Liability Compliance Fee (05/2021)" TransName="RESIDENTLIABILITYFEE" TransactionBatchID="1619538297365"/>
    <Transaction CatCode="C" FiscalPeriodEnd="N" LeaID="82308" ReshID="61140" SiteID="3184421" TransAmt="10.00" TransDate="2021-05-01" TransDesc="Resident Liability Compliance Fee (05/2021)" TransName="RESIDENTLIABILITYFEE" TransactionBatchID="1619538297366"/>
    <Transaction CatCode="C" FiscalPeriodEnd="N" LeaID="82495" ReshID="61156" SiteID="3184421" TransAmt="10.00" TransDate="2021-05-01" TransDesc="Resident Liability Compliance Fee (05/2021)" TransName="RESIDENTLIABILITYFEE" TransactionBatchID="1619538297367"/>
    <Transaction CatCode="C" FiscalPeriodEnd="N" LeaID="82557" ReshID="61198" SiteID="3184421" TransAmt="10.00" TransDate="2021-05-01" TransDesc="Resident Liability Compliance Fee (05/2021)" TransName="RESIDENTLIABILITYFEE" TransactionBatchID="1619538297368"/>
    <Transaction CatCode="C" FiscalPeriodEnd="N" LeaID="82299" ReshID="61209" SiteID="3184421" TransAmt="10.00" TransDate="2021-05-01" TransDesc="Resident Liability Compliance Fee (05/2021)" TransName="RESIDENTLIABILITYFEE" TransactionBatchID="1619538297369"/>
    <Transaction CatCode="C" FiscalPeriodEnd="N" LeaID="82326" ReshID="61222" SiteID="3184421" TransAmt="10.00" TransDate="2021-05-01" TransDesc="Resident Liability Compliance Fee (05/2021)" TransName="RESIDENTLIABILITYFEE" TransactionBatchID="1619538297370"/>
    <Transaction CatCode="C" FiscalPeriodEnd="N" LeaID="82488" ReshID="61286" SiteID="3184421" TransAmt="10.00" TransDate="2021-05-01" TransDesc="Resident Liability Compliance Fee (05/2021)" TransName="RESIDENTLIABILITYFEE" TransactionBatchID="1619538297371"/>
    <Transaction CatCode="C" FiscalPeriodEnd="N" LeaID="82276" ReshID="61292" SiteID="3184421" TransAmt="10.00" TransDate="2021-05-01" TransDesc="Resident Liability Compliance Fee (05/2021)" TransName="RESIDENTLIABILITYFEE" TransactionBatchID="1619538297372"/>
    <Transaction CatCode="C" FiscalPeriodEnd="N" LeaID="82451" ReshID="61294" SiteID="3184421" TransAmt="10.00" TransDate="2021-05-01" TransDesc="Resident Liability Compliance Fee (05/2021)" TransName="RESIDENTLIABILITYFEE" TransactionBatchID="1619538297373"/>
    <Transaction CatCode="C" FiscalPeriodEnd="N" LeaID="82509" ReshID="61330" SiteID="3184421" TransAmt="10.00" TransDate="2021-05-01" TransDesc="Resident Liability Compliance Fee (05/2021)" TransName="RESIDENTLIABILITYFEE" TransactionBatchID="1619538297374"/>
    <Transaction CatCode="C" FiscalPeriodEnd="N" LeaID="82493" ReshID="61331" SiteID="3184421" TransAmt="10.00" TransDate="2021-05-01" TransDesc="Resident Liability Compliance Fee (05/2021)" TransName="RESIDENTLIABILITYFEE" TransactionBatchID="1619538297375"/>
    <Transaction CatCode="C" FiscalPeriodEnd="N" LeaID="82476" ReshID="61348" SiteID="3184421" TransAmt="10.00" TransDate="2021-05-01" TransDesc="Resident Liability Compliance Fee (05/2021)" TransName="RESIDENTLIABILITYFEE" TransactionBatchID="1619538297376"/>
    <Transaction CatCode="C" FiscalPeriodEnd="N" LeaID="82542" ReshID="61369" SiteID="3184421" TransAmt="10.00" TransDate="2021-05-01" TransDesc="Resident Liability Compliance Fee (05/2021)" TransName="RESIDENTLIABILITYFEE" TransactionBatchID="1619538297377"/>
    <Transaction CatCode="C" FiscalPeriodEnd="N" LeaID="82537" ReshID="61382" SiteID="3184421" TransAmt="10.00" TransDate="2021-05-01" TransDesc="Resident Liability Compliance Fee (05/2021)" TransName="RESIDENTLIABILITYFEE" TransactionBatchID="1619538297378"/>
    <Transaction CatCode="C" FiscalPeriodEnd="N" LeaID="82585" ReshID="61404" SiteID="3184421" TransAmt="10.00" TransDate="2021-05-01" TransDesc="Resident Liability Compliance Fee (05/2021)" TransName="RESIDENTLIABILITYFEE" TransactionBatchID="1619538297379"/>
    <Transaction CatCode="C" FiscalPeriodEnd="N" LeaID="82304" ReshID="61409" SiteID="3184421" TransAmt="10.00" TransDate="2021-05-01" TransDesc="Resident Liability Compliance Fee (05/2021)" TransName="RESIDENTLIABILITYFEE" TransactionBatchID="1619538297380"/>
    <Transaction CatCode="C" FiscalPeriodEnd="N" LeaID="82351" ReshID="61419" SiteID="3184421" TransAmt="10.00" TransDate="2021-05-01" TransDesc="Resident Liability Compliance Fee (05/2021)" TransName="RESIDENTLIABILITYFEE" TransactionBatchID="1619538297381"/>
    <Transaction CatCode="C" FiscalPeriodEnd="N" LeaID="82356" ReshID="61235" SiteID="3184421" TransAmt="10.00" TransDate="2021-05-01" TransDesc="Resident Liability Compliance Fee (05/2021)" TransName="RESIDENTLIABILITYFEE" TransactionBatchID="1619538297382"/>
    <Transaction CatCode="C" FiscalPeriodEnd="N" LeaID="82411" ReshID="61262" SiteID="3184421" TransAmt="10.00" TransDate="2021-05-01" TransDesc="Resident Liability Compliance Fee (05/2021)" TransName="RESIDENTLIABILITYFEE" TransactionBatchID="1619538297383"/>
    <Transaction CatCode="C" FiscalPeriodEnd="N" LeaID="82396" ReshID="61083" SiteID="3184421" TransAmt="10.00" TransDate="2021-05-01" TransDesc="Resident Liability Compliance Fee (05/2021)" TransName="RESIDENTLIABILITYFEE" TransactionBatchID="1619538297384"/>
    <Transaction CatCode="C" FiscalPeriodEnd="N" LeaID="82436" ReshID="61103" SiteID="3184421" TransAmt="10.00" TransDate="2021-05-01" TransDesc="Resident Liability Compliance Fee (05/2021)" TransName="RESIDENTLIABILITYFEE" TransactionBatchID="1619538297385"/>
    <Transaction CatCode="C" FiscalPeriodEnd="N" LeaID="82437" ReshID="61102" SiteID="3184421" TransAmt="10.00" TransDate="2021-05-01" TransDesc="Resident Liability Compliance Fee (05/2021)" TransName="RESIDENTLIABILITYFEE" TransactionBatchID="1619538297386"/>
    <Transaction CatCode="C" FiscalPeriodEnd="N" LeaID="82435" ReshID="61460" SiteID="3184421" TransAmt="10.00" TransDate="2021-05-01" TransDesc="Resident Liability Compliance Fee (05/2021)" TransName="RESIDENTLIABILITYFEE" TransactionBatchID="1619538297387"/>
    <Transaction CatCode="C" FiscalPeriodEnd="N" LeaID="82447" ReshID="61463" SiteID="3184421" TransAmt="10.00" TransDate="2021-05-01" TransDesc="Resident Liability Compliance Fee (05/2021)" TransName="RESIDENTLIABILITYFEE" TransactionBatchID="1619538297388"/>
    <Transaction CatCode="C" FiscalPeriodEnd="N" LeaID="82503" ReshID="61492" SiteID="3184421" TransAmt="10.00" TransDate="2021-05-01" TransDesc="Resident Liability Compliance Fee (05/2021)" TransName="RESIDENTLIABILITYFEE" TransactionBatchID="1619538297389"/>
    <Transaction CatCode="C" FiscalPeriodEnd="N" LeaID="82566" ReshID="61506" SiteID="3184421" TransAmt="10.00" TransDate="2021-05-01" TransDesc="Resident Liability Compliance Fee (05/2021)" TransName="RESIDENTLIABILITYFEE" TransactionBatchID="1619538297390"/>
    <Transaction CatCode="C" FiscalPeriodEnd="N" LeaID="82487" ReshID="61507" SiteID="3184421" TransAmt="10.00" TransDate="2021-05-01" TransDesc="Resident Liability Compliance Fee (05/2021)" TransName="RESIDENTLIABILITYFEE" TransactionBatchID="1619538297391"/>
    <Transaction CatCode="C" FiscalPeriodEnd="N" LeaID="82560" ReshID="61514" SiteID="3184421" TransAmt="10.00" TransDate="2021-05-01" TransDesc="Resident Liability Compliance Fee (05/2021)" TransName="RESIDENTLIABILITYFEE" TransactionBatchID="1619538297392"/>
    <Transaction CatCode="C" FiscalPeriodEnd="N" LeaID="82499" ReshID="50935" SiteID="3184421" TransAmt="10.00" TransDate="2021-05-01" TransDesc="Resident Liability Compliance Fee (05/2021)" TransName="RESIDENTLIABILITYFEE" TransactionBatchID="1619538297393"/>
    <Transaction CatCode="C" FiscalPeriodEnd="N" LeaID="82343" ReshID="61564" SiteID="3184421" TransAmt="10.00" TransDate="2021-05-01" TransDesc="Resident Liability Compliance Fee (05/2021)" TransName="RESIDENTLIABILITYFEE" TransactionBatchID="1619538297394"/>
    <Transaction CatCode="C" FiscalPeriodEnd="N" LeaID="82414" ReshID="61276" SiteID="3184421" TransAmt="10.00" TransDate="2021-05-01" TransDesc="Resident Liability Compliance Fee (05/2021)" TransName="RESIDENTLIABILITYFEE" TransactionBatchID="1619538297395"/>
    <Transaction CatCode="C" FiscalPeriodEnd="N" LeaID="82348" ReshID="61568" SiteID="3184421" TransAmt="10.00" TransDate="2021-05-01" TransDesc="Resident Liability Compliance Fee (05/2021)" TransName="RESIDENTLIABILITYFEE" TransactionBatchID="1619538297396"/>
    <Transaction CatCode="C" FiscalPeriodEnd="N" LeaID="82355" ReshID="61573" SiteID="3184421" TransAmt="10.00" TransDate="2021-05-01" TransDesc="Resident Liability Compliance Fee (05/2021)" TransName="RESIDENTLIABILITYFEE" TransactionBatchID="1619538297397"/>
    <Transaction CatCode="C" FiscalPeriodEnd="N" LeaID="82364" ReshID="61579" SiteID="3184421" TransAmt="10.00" TransDate="2021-05-01" TransDesc="Resident Liability Compliance Fee (05/2021)" TransName="RESIDENTLIABILITYFEE" TransactionBatchID="1619538297398"/>
    <Transaction CatCode="C" FiscalPeriodEnd="N" LeaID="82373" ReshID="61585" SiteID="3184421" TransAmt="10.00" TransDate="2021-05-01" TransDesc="Resident Liability Compliance Fee (05/2021)" TransName="RESIDENTLIABILITYFEE" TransactionBatchID="1619538297399"/>
    <Transaction CatCode="C" FiscalPeriodEnd="N" LeaID="82375" ReshID="61587" SiteID="3184421" TransAmt="10.00" TransDate="2021-05-01" TransDesc="Resident Liability Compliance Fee (05/2021)" TransName="RESIDENTLIABILITYFEE" TransactionBatchID="1619538297400"/>
    <Transaction CatCode="C" FiscalPeriodEnd="N" LeaID="82345" ReshID="61566" SiteID="3184421" TransAmt="10.00" TransDate="2021-05-01" TransDesc="Resident Liability Compliance Fee (05/2021)" TransName="RESIDENTLIABILITYFEE" TransactionBatchID="1619538297401"/>
    <Transaction CatCode="C" FiscalPeriodEnd="N" LeaID="82408" ReshID="61604" SiteID="3184421" TransAmt="10.00" TransDate="2021-05-01" TransDesc="Resident Liability Compliance Fee (05/2021)" TransName="RESIDENTLIABILITYFEE" TransactionBatchID="1619538297402"/>
    <Transaction CatCode="C" FiscalPeriodEnd="N" LeaID="82374" ReshID="61586" SiteID="3184421" TransAmt="10.00" TransDate="2021-05-01" TransDesc="Resident Liability Compliance Fee (05/2021)" TransName="RESIDENTLIABILITYFEE" TransactionBatchID="1619538297403"/>
    <Transaction CatCode="C" FiscalPeriodEnd="N" LeaID="82292" ReshID="61535" SiteID="3184421" TransAmt="10.00" TransDate="2021-05-01" TransDesc="Resident Liability Compliance Fee (05/2021)" TransName="RESIDENTLIABILITYFEE" TransactionBatchID="1619538297404"/>
    <Transaction CatCode="C" FiscalPeriodEnd="N" LeaID="82394" ReshID="61601" SiteID="3184421" TransAmt="10.00" TransDate="2021-05-01" TransDesc="Resident Liability Compliance Fee (05/2021)" TransName="RESIDENTLIABILITYFEE" TransactionBatchID="1619538297405"/>
    <Transaction CatCode="C" FiscalPeriodEnd="N" LeaID="82483" ReshID="61637" SiteID="3184421" TransAmt="10.00" TransDate="2021-05-01" TransDesc="Resident Liability Compliance Fee (05/2021)" TransName="RESIDENTLIABILITYFEE" TransactionBatchID="1619538297406"/>
    <Transaction CatCode="C" FiscalPeriodEnd="N" LeaID="82481" ReshID="61636" SiteID="3184421" TransAmt="10.00" TransDate="2021-05-01" TransDesc="Resident Liability Compliance Fee (05/2021)" TransName="RESIDENTLIABILITYFEE" TransactionBatchID="1619538297407"/>
    <Transaction CatCode="C" FiscalPeriodEnd="N" LeaID="82511" ReshID="61649" SiteID="3184421" TransAmt="10.00" TransDate="2021-05-01" TransDesc="Resident Liability Compliance Fee (05/2021)" TransName="RESIDENTLIABILITYFEE" TransactionBatchID="1619538297408"/>
    <Transaction CatCode="C" FiscalPeriodEnd="N" LeaID="82514" ReshID="61652" SiteID="3184421" TransAmt="10.00" TransDate="2021-05-01" TransDesc="Resident Liability Compliance Fee (05/2021)" TransName="RESIDENTLIABILITYFEE" TransactionBatchID="1619538297409"/>
    <Transaction CatCode="C" FiscalPeriodEnd="N" LeaID="82533" ReshID="61668" SiteID="3184421" TransAmt="10.00" TransDate="2021-05-01" TransDesc="Resident Liability Compliance Fee (05/2021)" TransName="RESIDENTLIABILITYFEE" TransactionBatchID="1619538297410"/>
    <Transaction CatCode="C" FiscalPeriodEnd="N" LeaID="82460" ReshID="61623" SiteID="3184421" TransAmt="10.00" TransDate="2021-05-01" TransDesc="Resident Liability Compliance Fee (05/2021)" TransName="RESIDENTLIABILITYFEE" TransactionBatchID="1619538297411"/>
    <Transaction CatCode="C" FiscalPeriodEnd="N" LeaID="82552" ReshID="61678" SiteID="3184421" TransAmt="10.00" TransDate="2021-05-01" TransDesc="Resident Liability Compliance Fee (05/2021)" TransName="RESIDENTLIABILITYFEE" TransactionBatchID="1619538297412"/>
    <Transaction CatCode="C" FiscalPeriodEnd="N" LeaID="82554" ReshID="61682" SiteID="3184421" TransAmt="10.00" TransDate="2021-05-01" TransDesc="Resident Liability Compliance Fee (05/2021)" TransName="RESIDENTLIABILITYFEE" TransactionBatchID="1619538297413"/>
    <Transaction CatCode="C" FiscalPeriodEnd="N" LeaID="82589" ReshID="61704" SiteID="3184421" TransAmt="10.00" TransDate="2021-05-01" TransDesc="Resident Liability Compliance Fee (05/2021)" TransName="RESIDENTLIABILITYFEE" TransactionBatchID="1619538297414"/>
    <Transaction CatCode="C" FiscalPeriodEnd="N" LeaID="82597" ReshID="61707" SiteID="3184421" TransAmt="10.00" TransDate="2021-05-01" TransDesc="Resident Liability Compliance Fee (05/2021)" TransName="RESIDENTLIABILITYFEE" TransactionBatchID="1619538297415"/>
    <Transaction CatCode="C" FiscalPeriodEnd="N" LeaID="82440" ReshID="61500" SiteID="3184421" TransAmt="10.00" TransDate="2021-05-01" TransDesc="Resident Liability Compliance Fee (05/2021)" TransName="RESIDENTLIABILITYFEE" TransactionBatchID="1619538297416"/>
    <Transaction CatCode="C" FiscalPeriodEnd="N" LeaID="82625" ReshID="61729" SiteID="3184421" TransAmt="10.00" TransDate="2021-05-01" TransDesc="Resident Liability Compliance Fee (05/2021)" TransName="RESIDENTLIABILITYFEE" TransactionBatchID="1619538297417"/>
    <Transaction CatCode="C" FiscalPeriodEnd="N" LeaID="82635" ReshID="61739" SiteID="3184421" TransAmt="10.00" TransDate="2021-05-01" TransDesc="Resident Liability Compliance Fee (05/2021)" TransName="RESIDENTLIABILITYFEE" TransactionBatchID="1619538297418"/>
</TransactionList>
