<TransactionList>
    <Validation>
        <Audit Count="160" Node="Transaction" Sum="1600.00"/>
    </Validation>
    <Transaction CatCode="C" FiscalPeriodEnd="N" LeaID="133967" ReshID="10" SiteID="3482747" TransAmt="10.00" TransDate="2021-05-01" TransDesc="Resident Liability Compliance Fee (05/2021)" TransName="RESIDENTLIABILITYFEE" TransactionBatchID="1619538298625"/>
    <Transaction CatCode="C" FiscalPeriodEnd="N" LeaID="123753" ReshID="35" SiteID="3482747" TransAmt="10.00" TransDate="2021-05-01" TransDesc="Resident Liability Compliance Fee (05/2021)" TransName="RESIDENTLIABILITYFEE" TransactionBatchID="1619538298626"/>
    <Transaction CatCode="C" FiscalPeriodEnd="N" LeaID="123572" ReshID="44" SiteID="3482747" TransAmt="10.00" TransDate="2021-05-01" TransDesc="Resident Liability Compliance Fee (05/2021)" TransName="RESIDENTLIABILITYFEE" TransactionBatchID="1619538298627"/>
    <Transaction CatCode="C" FiscalPeriodEnd="N" LeaID="123400" ReshID="158" SiteID="3482747" TransAmt="10.00" TransDate="2021-05-01" TransDesc="Resident Liability Compliance Fee (05/2021)" TransName="RESIDENTLIABILITYFEE" TransactionBatchID="1619538298628"/>
    <Transaction CatCode="C" FiscalPeriodEnd="N" LeaID="122900" ReshID="184" SiteID="3482747" TransAmt="10.00" TransDate="2021-05-01" TransDesc="Resident Liability Compliance Fee (05/2021)" TransName="RESIDENTLIABILITYFEE" TransactionBatchID="1619538298629"/>
    <Transaction CatCode="C" FiscalPeriodEnd="N" LeaID="123688" ReshID="247" SiteID="3482747" TransAmt="10.00" TransDate="2021-05-01" TransDesc="Resident Liability Compliance Fee (05/2021)" TransName="RESIDENTLIABILITYFEE" TransactionBatchID="1619538298630"/>
    <Transaction CatCode="C" FiscalPeriodEnd="N" LeaID="133980" ReshID="328" SiteID="3482747" TransAmt="10.00" TransDate="2021-05-01" TransDesc="Resident Liability Compliance Fee (05/2021)" TransName="RESIDENTLIABILITYFEE" TransactionBatchID="1619538298631"/>
    <Transaction CatCode="C" FiscalPeriodEnd="N" LeaID="615" ReshID="544" SiteID="3482747" TransAmt="10.00" TransDate="2021-05-01" TransDesc="Resident Liability Compliance Fee (05/2021)" TransName="RESIDENTLIABILITYFEE" TransactionBatchID="1619538298632"/>
    <Transaction CatCode="C" FiscalPeriodEnd="N" LeaID="134220" ReshID="594" SiteID="3482747" TransAmt="10.00" TransDate="2021-05-01" TransDesc="Resident Liability Compliance Fee (05/2021)" TransName="RESIDENTLIABILITYFEE" TransactionBatchID="1619538298633"/>
    <Transaction CatCode="C" FiscalPeriodEnd="N" LeaID="133988" ReshID="750" SiteID="3482747" TransAmt="10.00" TransDate="2021-05-01" TransDesc="Resident Liability Compliance Fee (05/2021)" TransName="RESIDENTLIABILITYFEE" TransactionBatchID="1619538298634"/>
    <Transaction CatCode="C" FiscalPeriodEnd="N" LeaID="133982" ReshID="844" SiteID="3482747" TransAmt="10.00" TransDate="2021-05-01" TransDesc="Resident Liability Compliance Fee (05/2021)" TransName="RESIDENTLIABILITYFEE" TransactionBatchID="1619538298635"/>
    <Transaction CatCode="C" FiscalPeriodEnd="N" LeaID="134188" ReshID="865" SiteID="3482747" TransAmt="10.00" TransDate="2021-05-01" TransDesc="Resident Liability Compliance Fee (05/2021)" TransName="RESIDENTLIABILITYFEE" TransactionBatchID="1619538298636"/>
    <Transaction CatCode="C" FiscalPeriodEnd="N" LeaID="134278" ReshID="899" SiteID="3482747" TransAmt="10.00" TransDate="2021-05-01" TransDesc="Resident Liability Compliance Fee (05/2021)" TransName="RESIDENTLIABILITYFEE" TransactionBatchID="1619538298637"/>
    <Transaction CatCode="C" FiscalPeriodEnd="N" LeaID="123620" ReshID="908" SiteID="3482747" TransAmt="10.00" TransDate="2021-05-01" TransDesc="Resident Liability Compliance Fee (05/2021)" TransName="RESIDENTLIABILITYFEE" TransactionBatchID="1619538298638"/>
    <Transaction CatCode="C" FiscalPeriodEnd="N" LeaID="123563" ReshID="11051" SiteID="3482747" TransAmt="10.00" TransDate="2021-05-01" TransDesc="Resident Liability Compliance Fee (05/2021)" TransName="RESIDENTLIABILITYFEE" TransactionBatchID="1619538298639"/>
    <Transaction CatCode="C" FiscalPeriodEnd="N" LeaID="134189" ReshID="31089" SiteID="3482747" TransAmt="10.00" TransDate="2021-05-01" TransDesc="Resident Liability Compliance Fee (05/2021)" TransName="RESIDENTLIABILITYFEE" TransactionBatchID="1619538298640"/>
    <Transaction CatCode="C" FiscalPeriodEnd="N" LeaID="134191" ReshID="41120" SiteID="3482747" TransAmt="10.00" TransDate="2021-05-01" TransDesc="Resident Liability Compliance Fee (05/2021)" TransName="RESIDENTLIABILITYFEE" TransactionBatchID="1619538298641"/>
    <Transaction CatCode="C" FiscalPeriodEnd="N" LeaID="134222" ReshID="51145" SiteID="3482747" TransAmt="10.00" TransDate="2021-05-01" TransDesc="Resident Liability Compliance Fee (05/2021)" TransName="RESIDENTLIABILITYFEE" TransactionBatchID="1619538298642"/>
    <Transaction CatCode="C" FiscalPeriodEnd="N" LeaID="133960" ReshID="61181" SiteID="3482747" TransAmt="10.00" TransDate="2021-05-01" TransDesc="Resident Liability Compliance Fee (05/2021)" TransName="RESIDENTLIABILITYFEE" TransactionBatchID="1619538298643"/>
    <Transaction CatCode="C" FiscalPeriodEnd="N" LeaID="134076" ReshID="61225" SiteID="3482747" TransAmt="10.00" TransDate="2021-05-01" TransDesc="Resident Liability Compliance Fee (05/2021)" TransName="RESIDENTLIABILITYFEE" TransactionBatchID="1619538298644"/>
    <Transaction CatCode="C" FiscalPeriodEnd="N" LeaID="123660" ReshID="61239" SiteID="3482747" TransAmt="10.00" TransDate="2021-05-01" TransDesc="Resident Liability Compliance Fee (05/2021)" TransName="RESIDENTLIABILITYFEE" TransactionBatchID="1619538298645"/>
    <Transaction CatCode="C" FiscalPeriodEnd="N" LeaID="134038" ReshID="61256" SiteID="3482747" TransAmt="10.00" TransDate="2021-05-01" TransDesc="Resident Liability Compliance Fee (05/2021)" TransName="RESIDENTLIABILITYFEE" TransactionBatchID="1619538298646"/>
    <Transaction CatCode="C" FiscalPeriodEnd="N" LeaID="134196" ReshID="61268" SiteID="3482747" TransAmt="10.00" TransDate="2021-05-01" TransDesc="Resident Liability Compliance Fee (05/2021)" TransName="RESIDENTLIABILITYFEE" TransactionBatchID="1619538298647"/>
    <Transaction CatCode="C" FiscalPeriodEnd="N" LeaID="123568" ReshID="71363" SiteID="3482747" TransAmt="10.00" TransDate="2021-05-01" TransDesc="Resident Liability Compliance Fee (05/2021)" TransName="RESIDENTLIABILITYFEE" TransactionBatchID="1619538298648"/>
    <Transaction CatCode="C" FiscalPeriodEnd="N" LeaID="123612" ReshID="71402" SiteID="3482747" TransAmt="10.00" TransDate="2021-05-01" TransDesc="Resident Liability Compliance Fee (05/2021)" TransName="RESIDENTLIABILITYFEE" TransactionBatchID="1619538298649"/>
    <Transaction CatCode="C" FiscalPeriodEnd="N" LeaID="134306" ReshID="71405" SiteID="3482747" TransAmt="10.00" TransDate="2021-05-01" TransDesc="Resident Liability Compliance Fee (05/2021)" TransName="RESIDENTLIABILITYFEE" TransactionBatchID="1619538298650"/>
    <Transaction CatCode="C" FiscalPeriodEnd="N" LeaID="133998" ReshID="71415" SiteID="3482747" TransAmt="10.00" TransDate="2021-05-01" TransDesc="Resident Liability Compliance Fee (05/2021)" TransName="RESIDENTLIABILITYFEE" TransactionBatchID="1619538298651"/>
    <Transaction CatCode="C" FiscalPeriodEnd="N" LeaID="123737" ReshID="81448" SiteID="3482747" TransAmt="10.00" TransDate="2021-05-01" TransDesc="Resident Liability Compliance Fee (05/2021)" TransName="RESIDENTLIABILITYFEE" TransactionBatchID="1619538298652"/>
    <Transaction CatCode="C" FiscalPeriodEnd="N" LeaID="123313" ReshID="91529" SiteID="3482747" TransAmt="10.00" TransDate="2021-05-01" TransDesc="Resident Liability Compliance Fee (05/2021)" TransName="RESIDENTLIABILITYFEE" TransactionBatchID="1619538298653"/>
    <Transaction CatCode="C" FiscalPeriodEnd="N" LeaID="133974" ReshID="91594" SiteID="3482747" TransAmt="10.00" TransDate="2021-05-01" TransDesc="Resident Liability Compliance Fee (05/2021)" TransName="RESIDENTLIABILITYFEE" TransactionBatchID="1619538298654"/>
    <Transaction CatCode="C" FiscalPeriodEnd="N" LeaID="133958" ReshID="91661" SiteID="3482747" TransAmt="10.00" TransDate="2021-05-01" TransDesc="Resident Liability Compliance Fee (05/2021)" TransName="RESIDENTLIABILITYFEE" TransactionBatchID="1619538298655"/>
    <Transaction CatCode="C" FiscalPeriodEnd="N" LeaID="134154" ReshID="91667" SiteID="3482747" TransAmt="10.00" TransDate="2021-05-01" TransDesc="Resident Liability Compliance Fee (05/2021)" TransName="RESIDENTLIABILITYFEE" TransactionBatchID="1619538298656"/>
    <Transaction CatCode="C" FiscalPeriodEnd="N" LeaID="134068" ReshID="91671" SiteID="3482747" TransAmt="10.00" TransDate="2021-05-01" TransDesc="Resident Liability Compliance Fee (05/2021)" TransName="RESIDENTLIABILITYFEE" TransactionBatchID="1619538298657"/>
    <Transaction CatCode="C" FiscalPeriodEnd="N" LeaID="134227" ReshID="91704" SiteID="3482747" TransAmt="10.00" TransDate="2021-05-01" TransDesc="Resident Liability Compliance Fee (05/2021)" TransName="RESIDENTLIABILITYFEE" TransactionBatchID="1619538298658"/>
    <Transaction CatCode="C" FiscalPeriodEnd="N" LeaID="133956" ReshID="91709" SiteID="3482747" TransAmt="10.00" TransDate="2021-05-01" TransDesc="Resident Liability Compliance Fee (05/2021)" TransName="RESIDENTLIABILITYFEE" TransactionBatchID="1619538298659"/>
    <Transaction CatCode="C" FiscalPeriodEnd="N" LeaID="134242" ReshID="91724" SiteID="3482747" TransAmt="10.00" TransDate="2021-05-01" TransDesc="Resident Liability Compliance Fee (05/2021)" TransName="RESIDENTLIABILITYFEE" TransactionBatchID="1619538298660"/>
    <Transaction CatCode="C" FiscalPeriodEnd="N" LeaID="123569" ReshID="101764" SiteID="3482747" TransAmt="10.00" TransDate="2021-05-01" TransDesc="Resident Liability Compliance Fee (05/2021)" TransName="RESIDENTLIABILITYFEE" TransactionBatchID="1619538298661"/>
    <Transaction CatCode="C" FiscalPeriodEnd="N" LeaID="123559" ReshID="101784" SiteID="3482747" TransAmt="10.00" TransDate="2021-05-01" TransDesc="Resident Liability Compliance Fee (05/2021)" TransName="RESIDENTLIABILITYFEE" TransactionBatchID="1619538298662"/>
    <Transaction CatCode="C" FiscalPeriodEnd="N" LeaID="123622" ReshID="101790" SiteID="3482747" TransAmt="10.00" TransDate="2021-05-01" TransDesc="Resident Liability Compliance Fee (05/2021)" TransName="RESIDENTLIABILITYFEE" TransactionBatchID="1619538298663"/>
    <Transaction CatCode="C" FiscalPeriodEnd="N" LeaID="123748" ReshID="101811" SiteID="3482747" TransAmt="10.00" TransDate="2021-05-01" TransDesc="Resident Liability Compliance Fee (05/2021)" TransName="RESIDENTLIABILITYFEE" TransactionBatchID="1619538298664"/>
    <Transaction CatCode="C" FiscalPeriodEnd="N" LeaID="123820" ReshID="101847" SiteID="3482747" TransAmt="10.00" TransDate="2021-05-01" TransDesc="Resident Liability Compliance Fee (05/2021)" TransName="RESIDENTLIABILITYFEE" TransactionBatchID="1619538298665"/>
    <Transaction CatCode="C" FiscalPeriodEnd="N" LeaID="123732" ReshID="101895" SiteID="3482747" TransAmt="10.00" TransDate="2021-05-01" TransDesc="Resident Liability Compliance Fee (05/2021)" TransName="RESIDENTLIABILITYFEE" TransactionBatchID="1619538298666"/>
    <Transaction CatCode="C" FiscalPeriodEnd="N" LeaID="123832" ReshID="101960" SiteID="3482747" TransAmt="10.00" TransDate="2021-05-01" TransDesc="Resident Liability Compliance Fee (05/2021)" TransName="RESIDENTLIABILITYFEE" TransactionBatchID="1619538298667"/>
    <Transaction CatCode="C" FiscalPeriodEnd="N" LeaID="123270" ReshID="101988" SiteID="3482747" TransAmt="10.00" TransDate="2021-05-01" TransDesc="Resident Liability Compliance Fee (05/2021)" TransName="RESIDENTLIABILITYFEE" TransactionBatchID="1619538298668"/>
    <Transaction CatCode="C" FiscalPeriodEnd="N" LeaID="123823" ReshID="111996" SiteID="3482747" TransAmt="10.00" TransDate="2021-05-01" TransDesc="Resident Liability Compliance Fee (05/2021)" TransName="RESIDENTLIABILITYFEE" TransactionBatchID="1619538298669"/>
    <Transaction CatCode="C" FiscalPeriodEnd="N" LeaID="133975" ReshID="112011" SiteID="3482747" TransAmt="10.00" TransDate="2021-05-01" TransDesc="Resident Liability Compliance Fee (05/2021)" TransName="RESIDENTLIABILITYFEE" TransactionBatchID="1619538298670"/>
    <Transaction CatCode="C" FiscalPeriodEnd="N" LeaID="123642" ReshID="112034" SiteID="3482747" TransAmt="10.00" TransDate="2021-05-01" TransDesc="Resident Liability Compliance Fee (05/2021)" TransName="RESIDENTLIABILITYFEE" TransactionBatchID="1619538298671"/>
    <Transaction CatCode="C" FiscalPeriodEnd="N" LeaID="122704" ReshID="112042" SiteID="3482747" TransAmt="10.00" TransDate="2021-05-01" TransDesc="Resident Liability Compliance Fee (05/2021)" TransName="RESIDENTLIABILITYFEE" TransactionBatchID="1619538298672"/>
    <Transaction CatCode="C" FiscalPeriodEnd="N" LeaID="123522" ReshID="112046" SiteID="3482747" TransAmt="10.00" TransDate="2021-05-01" TransDesc="Resident Liability Compliance Fee (05/2021)" TransName="RESIDENTLIABILITYFEE" TransactionBatchID="1619538298673"/>
    <Transaction CatCode="C" FiscalPeriodEnd="N" LeaID="134003" ReshID="112065" SiteID="3482747" TransAmt="10.00" TransDate="2021-05-01" TransDesc="Resident Liability Compliance Fee (05/2021)" TransName="RESIDENTLIABILITYFEE" TransactionBatchID="1619538298674"/>
    <Transaction CatCode="C" FiscalPeriodEnd="N" LeaID="134058" ReshID="112113" SiteID="3482747" TransAmt="10.00" TransDate="2021-05-01" TransDesc="Resident Liability Compliance Fee (05/2021)" TransName="RESIDENTLIABILITYFEE" TransactionBatchID="1619538298675"/>
    <Transaction CatCode="C" FiscalPeriodEnd="N" LeaID="134064" ReshID="112121" SiteID="3482747" TransAmt="10.00" TransDate="2021-05-01" TransDesc="Resident Liability Compliance Fee (05/2021)" TransName="RESIDENTLIABILITYFEE" TransactionBatchID="1619538298676"/>
    <Transaction CatCode="C" FiscalPeriodEnd="N" LeaID="133972" ReshID="112137" SiteID="3482747" TransAmt="10.00" TransDate="2021-05-01" TransDesc="Resident Liability Compliance Fee (05/2021)" TransName="RESIDENTLIABILITYFEE" TransactionBatchID="1619538298677"/>
    <Transaction CatCode="C" FiscalPeriodEnd="N" LeaID="123703" ReshID="112179" SiteID="3482747" TransAmt="10.00" TransDate="2021-05-01" TransDesc="Resident Liability Compliance Fee (05/2021)" TransName="RESIDENTLIABILITYFEE" TransactionBatchID="1619538298678"/>
    <Transaction CatCode="C" FiscalPeriodEnd="N" LeaID="123547" ReshID="112180" SiteID="3482747" TransAmt="10.00" TransDate="2021-05-01" TransDesc="Resident Liability Compliance Fee (05/2021)" TransName="RESIDENTLIABILITYFEE" TransactionBatchID="1619538298679"/>
    <Transaction CatCode="C" FiscalPeriodEnd="N" LeaID="123558" ReshID="112182" SiteID="3482747" TransAmt="10.00" TransDate="2021-05-01" TransDesc="Resident Liability Compliance Fee (05/2021)" TransName="RESIDENTLIABILITYFEE" TransactionBatchID="1619538298680"/>
    <Transaction CatCode="C" FiscalPeriodEnd="N" LeaID="123493" ReshID="112201" SiteID="3482747" TransAmt="10.00" TransDate="2021-05-01" TransDesc="Resident Liability Compliance Fee (05/2021)" TransName="RESIDENTLIABILITYFEE" TransactionBatchID="1619538298681"/>
    <Transaction CatCode="C" FiscalPeriodEnd="N" LeaID="123611" ReshID="112216" SiteID="3482747" TransAmt="10.00" TransDate="2021-05-01" TransDesc="Resident Liability Compliance Fee (05/2021)" TransName="RESIDENTLIABILITYFEE" TransactionBatchID="1619538298682"/>
    <Transaction CatCode="C" FiscalPeriodEnd="N" LeaID="123613" ReshID="112227" SiteID="3482747" TransAmt="10.00" TransDate="2021-05-01" TransDesc="Resident Liability Compliance Fee (05/2021)" TransName="RESIDENTLIABILITYFEE" TransactionBatchID="1619538298683"/>
    <Transaction CatCode="C" FiscalPeriodEnd="N" LeaID="123654" ReshID="112291" SiteID="3482747" TransAmt="10.00" TransDate="2021-05-01" TransDesc="Resident Liability Compliance Fee (05/2021)" TransName="RESIDENTLIABILITYFEE" TransactionBatchID="1619538298684"/>
    <Transaction CatCode="C" FiscalPeriodEnd="N" LeaID="123648" ReshID="112231" SiteID="3482747" TransAmt="10.00" TransDate="2021-05-01" TransDesc="Resident Liability Compliance Fee (05/2021)" TransName="RESIDENTLIABILITYFEE" TransactionBatchID="1619538298685"/>
    <Transaction CatCode="C" FiscalPeriodEnd="N" LeaID="123756" ReshID="81472" SiteID="3482747" TransAmt="10.00" TransDate="2021-05-01" TransDesc="Resident Liability Compliance Fee (05/2021)" TransName="RESIDENTLIABILITYFEE" TransactionBatchID="1619538298686"/>
    <Transaction CatCode="C" FiscalPeriodEnd="N" LeaID="123671" ReshID="112238" SiteID="3482747" TransAmt="10.00" TransDate="2021-05-01" TransDesc="Resident Liability Compliance Fee (05/2021)" TransName="RESIDENTLIABILITYFEE" TransactionBatchID="1619538298687"/>
    <Transaction CatCode="C" FiscalPeriodEnd="N" LeaID="123733" ReshID="112263" SiteID="3482747" TransAmt="10.00" TransDate="2021-05-01" TransDesc="Resident Liability Compliance Fee (05/2021)" TransName="RESIDENTLIABILITYFEE" TransactionBatchID="1619538298688"/>
    <Transaction CatCode="C" FiscalPeriodEnd="N" LeaID="123693" ReshID="112287" SiteID="3482747" TransAmt="10.00" TransDate="2021-05-01" TransDesc="Resident Liability Compliance Fee (05/2021)" TransName="RESIDENTLIABILITYFEE" TransactionBatchID="1619538298689"/>
    <Transaction CatCode="C" FiscalPeriodEnd="N" LeaID="123662" ReshID="112337" SiteID="3482747" TransAmt="10.00" TransDate="2021-05-01" TransDesc="Resident Liability Compliance Fee (05/2021)" TransName="RESIDENTLIABILITYFEE" TransactionBatchID="1619538298690"/>
    <Transaction CatCode="C" FiscalPeriodEnd="N" LeaID="123651" ReshID="112349" SiteID="3482747" TransAmt="10.00" TransDate="2021-05-01" TransDesc="Resident Liability Compliance Fee (05/2021)" TransName="RESIDENTLIABILITYFEE" TransactionBatchID="1619538298691"/>
    <Transaction CatCode="C" FiscalPeriodEnd="N" LeaID="134325" ReshID="112245" SiteID="3482747" TransAmt="10.00" TransDate="2021-05-01" TransDesc="Resident Liability Compliance Fee (05/2021)" TransName="RESIDENTLIABILITYFEE" TransactionBatchID="1619538298692"/>
    <Transaction CatCode="C" FiscalPeriodEnd="N" LeaID="123686" ReshID="101852" SiteID="3482747" TransAmt="10.00" TransDate="2021-05-01" TransDesc="Resident Liability Compliance Fee (05/2021)" TransName="RESIDENTLIABILITYFEE" TransactionBatchID="1619538298693"/>
    <Transaction CatCode="C" FiscalPeriodEnd="N" LeaID="123734" ReshID="101869" SiteID="3482747" TransAmt="10.00" TransDate="2021-05-01" TransDesc="Resident Liability Compliance Fee (05/2021)" TransName="RESIDENTLIABILITYFEE" TransactionBatchID="1619538298694"/>
    <Transaction CatCode="C" FiscalPeriodEnd="N" LeaID="123739" ReshID="112268" SiteID="3482747" TransAmt="10.00" TransDate="2021-05-01" TransDesc="Resident Liability Compliance Fee (05/2021)" TransName="RESIDENTLIABILITYFEE" TransactionBatchID="1619538298695"/>
    <Transaction CatCode="C" FiscalPeriodEnd="N" LeaID="123851" ReshID="112317" SiteID="3482747" TransAmt="10.00" TransDate="2021-05-01" TransDesc="Resident Liability Compliance Fee (05/2021)" TransName="RESIDENTLIABILITYFEE" TransactionBatchID="1619538298696"/>
    <Transaction CatCode="C" FiscalPeriodEnd="N" LeaID="123638" ReshID="112378" SiteID="3482747" TransAmt="10.00" TransDate="2021-05-01" TransDesc="Resident Liability Compliance Fee (05/2021)" TransName="RESIDENTLIABILITYFEE" TransactionBatchID="1619538298697"/>
    <Transaction CatCode="C" FiscalPeriodEnd="N" LeaID="123849" ReshID="112365" SiteID="3482747" TransAmt="10.00" TransDate="2021-05-01" TransDesc="Resident Liability Compliance Fee (05/2021)" TransName="RESIDENTLIABILITYFEE" TransactionBatchID="1619538298698"/>
    <Transaction CatCode="C" FiscalPeriodEnd="N" LeaID="134067" ReshID="112310" SiteID="3482747" TransAmt="10.00" TransDate="2021-05-01" TransDesc="Resident Liability Compliance Fee (05/2021)" TransName="RESIDENTLIABILITYFEE" TransactionBatchID="1619538298699"/>
    <Transaction CatCode="C" FiscalPeriodEnd="N" LeaID="123819" ReshID="112315" SiteID="3482747" TransAmt="10.00" TransDate="2021-05-01" TransDesc="Resident Liability Compliance Fee (05/2021)" TransName="RESIDENTLIABILITYFEE" TransactionBatchID="1619538298700"/>
    <Transaction CatCode="C" FiscalPeriodEnd="N" LeaID="123644" ReshID="112225" SiteID="3482747" TransAmt="10.00" TransDate="2021-05-01" TransDesc="Resident Liability Compliance Fee (05/2021)" TransName="RESIDENTLIABILITYFEE" TransactionBatchID="1619538298701"/>
    <Transaction CatCode="C" FiscalPeriodEnd="N" LeaID="123828" ReshID="112351" SiteID="3482747" TransAmt="10.00" TransDate="2021-05-01" TransDesc="Resident Liability Compliance Fee (05/2021)" TransName="RESIDENTLIABILITYFEE" TransactionBatchID="1619538298702"/>
    <Transaction CatCode="C" FiscalPeriodEnd="N" LeaID="123825" ReshID="112369" SiteID="3482747" TransAmt="10.00" TransDate="2021-05-01" TransDesc="Resident Liability Compliance Fee (05/2021)" TransName="RESIDENTLIABILITYFEE" TransactionBatchID="1619538298703"/>
    <Transaction CatCode="C" FiscalPeriodEnd="N" LeaID="123816" ReshID="112384" SiteID="3482747" TransAmt="10.00" TransDate="2021-05-01" TransDesc="Resident Liability Compliance Fee (05/2021)" TransName="RESIDENTLIABILITYFEE" TransactionBatchID="1619538298704"/>
    <Transaction CatCode="C" FiscalPeriodEnd="N" LeaID="123834" ReshID="112387" SiteID="3482747" TransAmt="10.00" TransDate="2021-05-01" TransDesc="Resident Liability Compliance Fee (05/2021)" TransName="RESIDENTLIABILITYFEE" TransactionBatchID="1619538298705"/>
    <Transaction CatCode="C" FiscalPeriodEnd="N" LeaID="133950" ReshID="112390" SiteID="3482747" TransAmt="10.00" TransDate="2021-05-01" TransDesc="Resident Liability Compliance Fee (05/2021)" TransName="RESIDENTLIABILITYFEE" TransactionBatchID="1619538298706"/>
    <Transaction CatCode="C" FiscalPeriodEnd="N" LeaID="133949" ReshID="112374" SiteID="3482747" TransAmt="10.00" TransDate="2021-05-01" TransDesc="Resident Liability Compliance Fee (05/2021)" TransName="RESIDENTLIABILITYFEE" TransactionBatchID="1619538298707"/>
    <Transaction CatCode="C" FiscalPeriodEnd="N" LeaID="134250" ReshID="112385" SiteID="3482747" TransAmt="10.00" TransDate="2021-05-01" TransDesc="Resident Liability Compliance Fee (05/2021)" TransName="RESIDENTLIABILITYFEE" TransactionBatchID="1619538298708"/>
    <Transaction CatCode="C" FiscalPeriodEnd="N" LeaID="134312" ReshID="112412" SiteID="3482747" TransAmt="10.00" TransDate="2021-05-01" TransDesc="Resident Liability Compliance Fee (05/2021)" TransName="RESIDENTLIABILITYFEE" TransactionBatchID="1619538298709"/>
    <Transaction CatCode="C" FiscalPeriodEnd="N" LeaID="133999" ReshID="112155" SiteID="3482747" TransAmt="10.00" TransDate="2021-05-01" TransDesc="Resident Liability Compliance Fee (05/2021)" TransName="RESIDENTLIABILITYFEE" TransactionBatchID="1619538298710"/>
    <Transaction CatCode="C" FiscalPeriodEnd="N" LeaID="134037" ReshID="112489" SiteID="3482747" TransAmt="10.00" TransDate="2021-05-01" TransDesc="Resident Liability Compliance Fee (05/2021)" TransName="RESIDENTLIABILITYFEE" TransactionBatchID="1619538298711"/>
    <Transaction CatCode="C" FiscalPeriodEnd="N" LeaID="134065" ReshID="112087" SiteID="3482747" TransAmt="10.00" TransDate="2021-05-01" TransDesc="Resident Liability Compliance Fee (05/2021)" TransName="RESIDENTLIABILITYFEE" TransactionBatchID="1619538298712"/>
    <Transaction CatCode="C" FiscalPeriodEnd="N" LeaID="134093" ReshID="112502" SiteID="3482747" TransAmt="10.00" TransDate="2021-05-01" TransDesc="Resident Liability Compliance Fee (05/2021)" TransName="RESIDENTLIABILITYFEE" TransactionBatchID="1619538298713"/>
    <Transaction CatCode="C" FiscalPeriodEnd="N" LeaID="134091" ReshID="112508" SiteID="3482747" TransAmt="10.00" TransDate="2021-05-01" TransDesc="Resident Liability Compliance Fee (05/2021)" TransName="RESIDENTLIABILITYFEE" TransactionBatchID="1619538298714"/>
    <Transaction CatCode="C" FiscalPeriodEnd="N" LeaID="134163" ReshID="112538" SiteID="3482747" TransAmt="10.00" TransDate="2021-05-01" TransDesc="Resident Liability Compliance Fee (05/2021)" TransName="RESIDENTLIABILITYFEE" TransactionBatchID="1619538298715"/>
    <Transaction CatCode="C" FiscalPeriodEnd="N" LeaID="134086" ReshID="112547" SiteID="3482747" TransAmt="10.00" TransDate="2021-05-01" TransDesc="Resident Liability Compliance Fee (05/2021)" TransName="RESIDENTLIABILITYFEE" TransactionBatchID="1619538298716"/>
    <Transaction CatCode="C" FiscalPeriodEnd="N" LeaID="134307" ReshID="112521" SiteID="3482747" TransAmt="10.00" TransDate="2021-05-01" TransDesc="Resident Liability Compliance Fee (05/2021)" TransName="RESIDENTLIABILITYFEE" TransactionBatchID="1619538298717"/>
    <Transaction CatCode="C" FiscalPeriodEnd="N" LeaID="134252" ReshID="112522" SiteID="3482747" TransAmt="10.00" TransDate="2021-05-01" TransDesc="Resident Liability Compliance Fee (05/2021)" TransName="RESIDENTLIABILITYFEE" TransactionBatchID="1619538298718"/>
    <Transaction CatCode="C" FiscalPeriodEnd="N" LeaID="134226" ReshID="112523" SiteID="3482747" TransAmt="10.00" TransDate="2021-05-01" TransDesc="Resident Liability Compliance Fee (05/2021)" TransName="RESIDENTLIABILITYFEE" TransactionBatchID="1619538298719"/>
    <Transaction CatCode="C" FiscalPeriodEnd="N" LeaID="123505" ReshID="112571" SiteID="3482747" TransAmt="10.00" TransDate="2021-05-01" TransDesc="Resident Liability Compliance Fee (05/2021)" TransName="RESIDENTLIABILITYFEE" TransactionBatchID="1619538298720"/>
    <Transaction CatCode="C" FiscalPeriodEnd="N" LeaID="134228" ReshID="112578" SiteID="3482747" TransAmt="10.00" TransDate="2021-05-01" TransDesc="Resident Liability Compliance Fee (05/2021)" TransName="RESIDENTLIABILITYFEE" TransactionBatchID="1619538298721"/>
    <Transaction CatCode="C" FiscalPeriodEnd="N" LeaID="134221" ReshID="112588" SiteID="3482747" TransAmt="10.00" TransDate="2021-05-01" TransDesc="Resident Liability Compliance Fee (05/2021)" TransName="RESIDENTLIABILITYFEE" TransactionBatchID="1619538298722"/>
    <Transaction CatCode="C" FiscalPeriodEnd="N" LeaID="123556" ReshID="112601" SiteID="3482747" TransAmt="10.00" TransDate="2021-05-01" TransDesc="Resident Liability Compliance Fee (05/2021)" TransName="RESIDENTLIABILITYFEE" TransactionBatchID="1619538298723"/>
    <Transaction CatCode="C" FiscalPeriodEnd="N" LeaID="123519" ReshID="112582" SiteID="3482747" TransAmt="10.00" TransDate="2021-05-01" TransDesc="Resident Liability Compliance Fee (05/2021)" TransName="RESIDENTLIABILITYFEE" TransactionBatchID="1619538298724"/>
    <Transaction CatCode="C" FiscalPeriodEnd="N" LeaID="134202" ReshID="112596" SiteID="3482747" TransAmt="10.00" TransDate="2021-05-01" TransDesc="Resident Liability Compliance Fee (05/2021)" TransName="RESIDENTLIABILITYFEE" TransactionBatchID="1619538298725"/>
    <Transaction CatCode="C" FiscalPeriodEnd="N" LeaID="123584" ReshID="112616" SiteID="3482747" TransAmt="10.00" TransDate="2021-05-01" TransDesc="Resident Liability Compliance Fee (05/2021)" TransName="RESIDENTLIABILITYFEE" TransactionBatchID="1619538298726"/>
    <Transaction CatCode="C" FiscalPeriodEnd="N" LeaID="123589" ReshID="112620" SiteID="3482747" TransAmt="10.00" TransDate="2021-05-01" TransDesc="Resident Liability Compliance Fee (05/2021)" TransName="RESIDENTLIABILITYFEE" TransactionBatchID="1619538298727"/>
    <Transaction CatCode="C" FiscalPeriodEnd="N" LeaID="134046" ReshID="112295" SiteID="3482747" TransAmt="10.00" TransDate="2021-05-01" TransDesc="Resident Liability Compliance Fee (05/2021)" TransName="RESIDENTLIABILITYFEE" TransactionBatchID="1619538298728"/>
    <Transaction CatCode="C" FiscalPeriodEnd="N" LeaID="123679" ReshID="112674" SiteID="3482747" TransAmt="10.00" TransDate="2021-05-01" TransDesc="Resident Liability Compliance Fee (05/2021)" TransName="RESIDENTLIABILITYFEE" TransactionBatchID="1619538298729"/>
    <Transaction CatCode="C" FiscalPeriodEnd="N" LeaID="134130" ReshID="112670" SiteID="3482747" TransAmt="10.00" TransDate="2021-05-01" TransDesc="Resident Liability Compliance Fee (05/2021)" TransName="RESIDENTLIABILITYFEE" TransactionBatchID="1619538298730"/>
    <Transaction CatCode="C" FiscalPeriodEnd="N" LeaID="123725" ReshID="112704" SiteID="3482747" TransAmt="10.00" TransDate="2021-05-01" TransDesc="Resident Liability Compliance Fee (05/2021)" TransName="RESIDENTLIABILITYFEE" TransactionBatchID="1619538298731"/>
    <Transaction CatCode="C" FiscalPeriodEnd="N" LeaID="123759" ReshID="112646" SiteID="3482747" TransAmt="10.00" TransDate="2021-05-01" TransDesc="Resident Liability Compliance Fee (05/2021)" TransName="RESIDENTLIABILITYFEE" TransactionBatchID="1619538298732"/>
    <Transaction CatCode="C" FiscalPeriodEnd="N" LeaID="123696" ReshID="112682" SiteID="3482747" TransAmt="10.00" TransDate="2021-05-01" TransDesc="Resident Liability Compliance Fee (05/2021)" TransName="RESIDENTLIABILITYFEE" TransactionBatchID="1619538298733"/>
    <Transaction CatCode="C" FiscalPeriodEnd="N" LeaID="123641" ReshID="112656" SiteID="3482747" TransAmt="10.00" TransDate="2021-05-01" TransDesc="Resident Liability Compliance Fee (05/2021)" TransName="RESIDENTLIABILITYFEE" TransactionBatchID="1619538298734"/>
    <Transaction CatCode="C" FiscalPeriodEnd="N" LeaID="123643" ReshID="112657" SiteID="3482747" TransAmt="10.00" TransDate="2021-05-01" TransDesc="Resident Liability Compliance Fee (05/2021)" TransName="RESIDENTLIABILITYFEE" TransactionBatchID="1619538298735"/>
    <Transaction CatCode="C" FiscalPeriodEnd="N" LeaID="123777" ReshID="112732" SiteID="3482747" TransAmt="10.00" TransDate="2021-05-01" TransDesc="Resident Liability Compliance Fee (05/2021)" TransName="RESIDENTLIABILITYFEE" TransactionBatchID="1619538298736"/>
    <Transaction CatCode="C" FiscalPeriodEnd="N" LeaID="123796" ReshID="112748" SiteID="3482747" TransAmt="10.00" TransDate="2021-05-01" TransDesc="Resident Liability Compliance Fee (05/2021)" TransName="RESIDENTLIABILITYFEE" TransactionBatchID="1619538298737"/>
    <Transaction CatCode="C" FiscalPeriodEnd="N" LeaID="123803" ReshID="112755" SiteID="3482747" TransAmt="10.00" TransDate="2021-05-01" TransDesc="Resident Liability Compliance Fee (05/2021)" TransName="RESIDENTLIABILITYFEE" TransactionBatchID="1619538298738"/>
    <Transaction CatCode="C" FiscalPeriodEnd="N" LeaID="123769" ReshID="112725" SiteID="3482747" TransAmt="10.00" TransDate="2021-05-01" TransDesc="Resident Liability Compliance Fee (05/2021)" TransName="RESIDENTLIABILITYFEE" TransactionBatchID="1619538298739"/>
    <Transaction CatCode="C" FiscalPeriodEnd="N" LeaID="123795" ReshID="112746" SiteID="3482747" TransAmt="10.00" TransDate="2021-05-01" TransDesc="Resident Liability Compliance Fee (05/2021)" TransName="RESIDENTLIABILITYFEE" TransactionBatchID="1619538298740"/>
    <Transaction CatCode="C" FiscalPeriodEnd="N" LeaID="123788" ReshID="112740" SiteID="3482747" TransAmt="10.00" TransDate="2021-05-01" TransDesc="Resident Liability Compliance Fee (05/2021)" TransName="RESIDENTLIABILITYFEE" TransactionBatchID="1619538298741"/>
    <Transaction CatCode="C" FiscalPeriodEnd="N" LeaID="123801" ReshID="112753" SiteID="3482747" TransAmt="10.00" TransDate="2021-05-01" TransDesc="Resident Liability Compliance Fee (05/2021)" TransName="RESIDENTLIABILITYFEE" TransactionBatchID="1619538298742"/>
    <Transaction CatCode="C" FiscalPeriodEnd="N" LeaID="123900" ReshID="112777" SiteID="3482747" TransAmt="10.00" TransDate="2021-05-01" TransDesc="Resident Liability Compliance Fee (05/2021)" TransName="RESIDENTLIABILITYFEE" TransactionBatchID="1619538298743"/>
    <Transaction CatCode="C" FiscalPeriodEnd="N" LeaID="123837" ReshID="112772" SiteID="3482747" TransAmt="10.00" TransDate="2021-05-01" TransDesc="Resident Liability Compliance Fee (05/2021)" TransName="RESIDENTLIABILITYFEE" TransactionBatchID="1619538298744"/>
    <Transaction CatCode="C" FiscalPeriodEnd="N" LeaID="123719" ReshID="112699" SiteID="3482747" TransAmt="10.00" TransDate="2021-05-01" TransDesc="Resident Liability Compliance Fee (05/2021)" TransName="RESIDENTLIABILITYFEE" TransactionBatchID="1619538298745"/>
    <Transaction CatCode="C" FiscalPeriodEnd="N" LeaID="123875" ReshID="112807" SiteID="3482747" TransAmt="10.00" TransDate="2021-05-01" TransDesc="Resident Liability Compliance Fee (05/2021)" TransName="RESIDENTLIABILITYFEE" TransactionBatchID="1619538298746"/>
    <Transaction CatCode="C" FiscalPeriodEnd="N" LeaID="123867" ReshID="112798" SiteID="3482747" TransAmt="10.00" TransDate="2021-05-01" TransDesc="Resident Liability Compliance Fee (05/2021)" TransName="RESIDENTLIABILITYFEE" TransactionBatchID="1619538298747"/>
    <Transaction CatCode="C" FiscalPeriodEnd="N" LeaID="123895" ReshID="112824" SiteID="3482747" TransAmt="10.00" TransDate="2021-05-01" TransDesc="Resident Liability Compliance Fee (05/2021)" TransName="RESIDENTLIABILITYFEE" TransactionBatchID="1619538298748"/>
    <Transaction CatCode="C" FiscalPeriodEnd="N" LeaID="123375" ReshID="91622" SiteID="3482747" TransAmt="10.00" TransDate="2021-05-01" TransDesc="Resident Liability Compliance Fee (05/2021)" TransName="RESIDENTLIABILITYFEE" TransactionBatchID="1619538298749"/>
    <Transaction CatCode="C" FiscalPeriodEnd="N" LeaID="123775" ReshID="112003" SiteID="3482747" TransAmt="10.00" TransDate="2021-05-01" TransDesc="Resident Liability Compliance Fee (05/2021)" TransName="RESIDENTLIABILITYFEE" TransactionBatchID="1619538298750"/>
    <Transaction CatCode="C" FiscalPeriodEnd="N" LeaID="123772" ReshID="112728" SiteID="3482747" TransAmt="10.00" TransDate="2021-05-01" TransDesc="Resident Liability Compliance Fee (05/2021)" TransName="RESIDENTLIABILITYFEE" TransactionBatchID="1619538298751"/>
    <Transaction CatCode="C" FiscalPeriodEnd="N" LeaID="123804" ReshID="112756" SiteID="3482747" TransAmt="10.00" TransDate="2021-05-01" TransDesc="Resident Liability Compliance Fee (05/2021)" TransName="RESIDENTLIABILITYFEE" TransactionBatchID="1619538298752"/>
    <Transaction CatCode="C" FiscalPeriodEnd="N" LeaID="123840" ReshID="112775" SiteID="3482747" TransAmt="10.00" TransDate="2021-05-01" TransDesc="Resident Liability Compliance Fee (05/2021)" TransName="RESIDENTLIABILITYFEE" TransactionBatchID="1619538298753"/>
    <Transaction CatCode="C" FiscalPeriodEnd="N" LeaID="123859" ReshID="112791" SiteID="3482747" TransAmt="10.00" TransDate="2021-05-01" TransDesc="Resident Liability Compliance Fee (05/2021)" TransName="RESIDENTLIABILITYFEE" TransactionBatchID="1619538298754"/>
    <Transaction CatCode="C" FiscalPeriodEnd="N" LeaID="123718" ReshID="112698" SiteID="3482747" TransAmt="10.00" TransDate="2021-05-01" TransDesc="Resident Liability Compliance Fee (05/2021)" TransName="RESIDENTLIABILITYFEE" TransactionBatchID="1619538298755"/>
    <Transaction CatCode="C" FiscalPeriodEnd="N" LeaID="123903" ReshID="112830" SiteID="3482747" TransAmt="10.00" TransDate="2021-05-01" TransDesc="Resident Liability Compliance Fee (05/2021)" TransName="RESIDENTLIABILITYFEE" TransactionBatchID="1619538298756"/>
    <Transaction CatCode="C" FiscalPeriodEnd="N" LeaID="123893" ReshID="112822" SiteID="3482747" TransAmt="10.00" TransDate="2021-05-01" TransDesc="Resident Liability Compliance Fee (05/2021)" TransName="RESIDENTLIABILITYFEE" TransactionBatchID="1619538298757"/>
    <Transaction CatCode="C" FiscalPeriodEnd="N" LeaID="123880" ReshID="112812" SiteID="3482747" TransAmt="10.00" TransDate="2021-05-01" TransDesc="Resident Liability Compliance Fee (05/2021)" TransName="RESIDENTLIABILITYFEE" TransactionBatchID="1619538298758"/>
    <Transaction CatCode="C" FiscalPeriodEnd="N" LeaID="133922" ReshID="122851" SiteID="3482747" TransAmt="10.00" TransDate="2021-05-01" TransDesc="Resident Liability Compliance Fee (05/2021)" TransName="RESIDENTLIABILITYFEE" TransactionBatchID="1619538298759"/>
    <Transaction CatCode="C" FiscalPeriodEnd="N" LeaID="133929" ReshID="122858" SiteID="3482747" TransAmt="10.00" TransDate="2021-05-01" TransDesc="Resident Liability Compliance Fee (05/2021)" TransName="RESIDENTLIABILITYFEE" TransactionBatchID="1619538298760"/>
    <Transaction CatCode="C" FiscalPeriodEnd="N" LeaID="133992" ReshID="122895" SiteID="3482747" TransAmt="10.00" TransDate="2021-05-01" TransDesc="Resident Liability Compliance Fee (05/2021)" TransName="RESIDENTLIABILITYFEE" TransactionBatchID="1619538298761"/>
    <Transaction CatCode="C" FiscalPeriodEnd="N" LeaID="123687" ReshID="101853" SiteID="3482747" TransAmt="10.00" TransDate="2021-05-01" TransDesc="Resident Liability Compliance Fee (05/2021)" TransName="RESIDENTLIABILITYFEE" TransactionBatchID="1619538298762"/>
    <Transaction CatCode="C" FiscalPeriodEnd="N" LeaID="123904" ReshID="112831" SiteID="3482747" TransAmt="10.00" TransDate="2021-05-01" TransDesc="Resident Liability Compliance Fee (05/2021)" TransName="RESIDENTLIABILITYFEE" TransactionBatchID="1619538298763"/>
    <Transaction CatCode="C" FiscalPeriodEnd="N" LeaID="134007" ReshID="122904" SiteID="3482747" TransAmt="10.00" TransDate="2021-05-01" TransDesc="Resident Liability Compliance Fee (05/2021)" TransName="RESIDENTLIABILITYFEE" TransactionBatchID="1619538298764"/>
    <Transaction CatCode="C" FiscalPeriodEnd="N" LeaID="134012" ReshID="122909" SiteID="3482747" TransAmt="10.00" TransDate="2021-05-01" TransDesc="Resident Liability Compliance Fee (05/2021)" TransName="RESIDENTLIABILITYFEE" TransactionBatchID="1619538298765"/>
    <Transaction CatCode="C" FiscalPeriodEnd="N" LeaID="134050" ReshID="122938" SiteID="3482747" TransAmt="10.00" TransDate="2021-05-01" TransDesc="Resident Liability Compliance Fee (05/2021)" TransName="RESIDENTLIABILITYFEE" TransactionBatchID="1619538298766"/>
    <Transaction CatCode="C" FiscalPeriodEnd="N" LeaID="133993" ReshID="122896" SiteID="3482747" TransAmt="10.00" TransDate="2021-05-01" TransDesc="Resident Liability Compliance Fee (05/2021)" TransName="RESIDENTLIABILITYFEE" TransactionBatchID="1619538298767"/>
    <Transaction CatCode="C" FiscalPeriodEnd="N" LeaID="134020" ReshID="122917" SiteID="3482747" TransAmt="10.00" TransDate="2021-05-01" TransDesc="Resident Liability Compliance Fee (05/2021)" TransName="RESIDENTLIABILITYFEE" TransactionBatchID="1619538298768"/>
    <Transaction CatCode="C" FiscalPeriodEnd="N" LeaID="134097" ReshID="122970" SiteID="3482747" TransAmt="10.00" TransDate="2021-05-01" TransDesc="Resident Liability Compliance Fee (05/2021)" TransName="RESIDENTLIABILITYFEE" TransactionBatchID="1619538298769"/>
    <Transaction CatCode="C" FiscalPeriodEnd="N" LeaID="134103" ReshID="122976" SiteID="3482747" TransAmt="10.00" TransDate="2021-05-01" TransDesc="Resident Liability Compliance Fee (05/2021)" TransName="RESIDENTLIABILITYFEE" TransactionBatchID="1619538298770"/>
    <Transaction CatCode="C" FiscalPeriodEnd="N" LeaID="134137" ReshID="123009" SiteID="3482747" TransAmt="10.00" TransDate="2021-05-01" TransDesc="Resident Liability Compliance Fee (05/2021)" TransName="RESIDENTLIABILITYFEE" TransactionBatchID="1619538298771"/>
    <Transaction CatCode="C" FiscalPeriodEnd="N" LeaID="134151" ReshID="123022" SiteID="3482747" TransAmt="10.00" TransDate="2021-05-01" TransDesc="Resident Liability Compliance Fee (05/2021)" TransName="RESIDENTLIABILITYFEE" TransactionBatchID="1619538298772"/>
    <Transaction CatCode="C" FiscalPeriodEnd="N" LeaID="134153" ReshID="123023" SiteID="3482747" TransAmt="10.00" TransDate="2021-05-01" TransDesc="Resident Liability Compliance Fee (05/2021)" TransName="RESIDENTLIABILITYFEE" TransactionBatchID="1619538298773"/>
    <Transaction CatCode="C" FiscalPeriodEnd="N" LeaID="134102" ReshID="122975" SiteID="3482747" TransAmt="10.00" TransDate="2021-05-01" TransDesc="Resident Liability Compliance Fee (05/2021)" TransName="RESIDENTLIABILITYFEE" TransactionBatchID="1619538298774"/>
    <Transaction CatCode="C" FiscalPeriodEnd="N" LeaID="134181" ReshID="123043" SiteID="3482747" TransAmt="10.00" TransDate="2021-05-01" TransDesc="Resident Liability Compliance Fee (05/2021)" TransName="RESIDENTLIABILITYFEE" TransactionBatchID="1619538298775"/>
    <Transaction CatCode="C" FiscalPeriodEnd="N" LeaID="134185" ReshID="123047" SiteID="3482747" TransAmt="10.00" TransDate="2021-05-01" TransDesc="Resident Liability Compliance Fee (05/2021)" TransName="RESIDENTLIABILITYFEE" TransactionBatchID="1619538298776"/>
    <Transaction CatCode="C" FiscalPeriodEnd="N" LeaID="134160" ReshID="123026" SiteID="3482747" TransAmt="10.00" TransDate="2021-05-01" TransDesc="Resident Liability Compliance Fee (05/2021)" TransName="RESIDENTLIABILITYFEE" TransactionBatchID="1619538298777"/>
    <Transaction CatCode="C" FiscalPeriodEnd="N" LeaID="134271" ReshID="123102" SiteID="3482747" TransAmt="10.00" TransDate="2021-05-01" TransDesc="Resident Liability Compliance Fee (05/2021)" TransName="RESIDENTLIABILITYFEE" TransactionBatchID="1619538298778"/>
    <Transaction CatCode="C" FiscalPeriodEnd="N" LeaID="134223" ReshID="123068" SiteID="3482747" TransAmt="10.00" TransDate="2021-05-01" TransDesc="Resident Liability Compliance Fee (05/2021)" TransName="RESIDENTLIABILITYFEE" TransactionBatchID="1619538298779"/>
    <Transaction CatCode="C" FiscalPeriodEnd="N" LeaID="134124" ReshID="122997" SiteID="3482747" TransAmt="10.00" TransDate="2021-05-01" TransDesc="Resident Liability Compliance Fee (05/2021)" TransName="RESIDENTLIABILITYFEE" TransactionBatchID="1619538298780"/>
    <Transaction CatCode="C" FiscalPeriodEnd="N" LeaID="134274" ReshID="123105" SiteID="3482747" TransAmt="10.00" TransDate="2021-05-01" TransDesc="Resident Liability Compliance Fee (05/2021)" TransName="RESIDENTLIABILITYFEE" TransactionBatchID="1619538298781"/>
    <Transaction CatCode="C" FiscalPeriodEnd="N" LeaID="134264" ReshID="123094" SiteID="3482747" TransAmt="10.00" TransDate="2021-05-01" TransDesc="Resident Liability Compliance Fee (05/2021)" TransName="RESIDENTLIABILITYFEE" TransactionBatchID="1619538298782"/>
    <Transaction CatCode="C" FiscalPeriodEnd="N" LeaID="134170" ReshID="123035" SiteID="3482747" TransAmt="10.00" TransDate="2021-05-01" TransDesc="Resident Liability Compliance Fee (05/2021)" TransName="RESIDENTLIABILITYFEE" TransactionBatchID="1619538298783"/>
    <Transaction CatCode="C" FiscalPeriodEnd="N" LeaID="134320" ReshID="123133" SiteID="3482747" TransAmt="10.00" TransDate="2021-05-01" TransDesc="Resident Liability Compliance Fee (05/2021)" TransName="RESIDENTLIABILITYFEE" TransactionBatchID="1619538298784"/>
</TransactionList>
