<TransactionList>
    <Validation>
        <Audit Count="100" Node="Transaction" Sum="1000.00"/>
    </Validation>
    <Transaction CatCode="C" FiscalPeriodEnd="N" LeaID="52164" ReshID="36" SiteID="3498643" TransAmt="10.00" TransDate="2021-05-01" TransDesc="Resident Liability Compliance Fee (05/2021)" TransName="RESIDENTLIABILITYFEE" TransactionBatchID="1619538295759"/>
    <Transaction CatCode="C" FiscalPeriodEnd="N" LeaID="62284" ReshID="87" SiteID="3498643" TransAmt="10.00" TransDate="2021-05-01" TransDesc="Resident Liability Compliance Fee (05/2021)" TransName="RESIDENTLIABILITYFEE" TransactionBatchID="1619538295760"/>
    <Transaction CatCode="C" FiscalPeriodEnd="N" LeaID="52212" ReshID="99" SiteID="3498643" TransAmt="10.00" TransDate="2021-05-01" TransDesc="Resident Liability Compliance Fee (05/2021)" TransName="RESIDENTLIABILITYFEE" TransactionBatchID="1619538295761"/>
    <Transaction CatCode="C" FiscalPeriodEnd="N" LeaID="62364" ReshID="172" SiteID="3498643" TransAmt="10.00" TransDate="2021-05-01" TransDesc="Resident Liability Compliance Fee (05/2021)" TransName="RESIDENTLIABILITYFEE" TransactionBatchID="1619538295762"/>
    <Transaction CatCode="C" FiscalPeriodEnd="N" LeaID="62280" ReshID="273" SiteID="3498643" TransAmt="10.00" TransDate="2021-05-01" TransDesc="Resident Liability Compliance Fee (05/2021)" TransName="RESIDENTLIABILITYFEE" TransactionBatchID="1619538295763"/>
    <Transaction CatCode="C" FiscalPeriodEnd="N" LeaID="52182" ReshID="310" SiteID="3498643" TransAmt="10.00" TransDate="2021-05-01" TransDesc="Resident Liability Compliance Fee (05/2021)" TransName="RESIDENTLIABILITYFEE" TransactionBatchID="1619538295764"/>
    <Transaction CatCode="C" FiscalPeriodEnd="N" LeaID="72419" ReshID="441" SiteID="3498643" TransAmt="10.00" TransDate="2021-05-01" TransDesc="Resident Liability Compliance Fee (05/2021)" TransName="RESIDENTLIABILITYFEE" TransactionBatchID="1619538295765"/>
    <Transaction CatCode="C" FiscalPeriodEnd="N" LeaID="62255" ReshID="442" SiteID="3498643" TransAmt="10.00" TransDate="2021-05-01" TransDesc="Resident Liability Compliance Fee (05/2021)" TransName="RESIDENTLIABILITYFEE" TransactionBatchID="1619538295766"/>
    <Transaction CatCode="C" FiscalPeriodEnd="N" LeaID="62232" ReshID="470" SiteID="3498643" TransAmt="10.00" TransDate="2021-05-01" TransDesc="Resident Liability Compliance Fee (05/2021)" TransName="RESIDENTLIABILITYFEE" TransactionBatchID="1619538295767"/>
    <Transaction CatCode="C" FiscalPeriodEnd="N" LeaID="657" ReshID="526" SiteID="3498643" TransAmt="10.00" TransDate="2021-05-01" TransDesc="Resident Liability Compliance Fee (05/2021)" TransName="RESIDENTLIABILITYFEE" TransactionBatchID="1619538295768"/>
    <Transaction CatCode="C" FiscalPeriodEnd="N" LeaID="661" ReshID="529" SiteID="3498643" TransAmt="10.00" TransDate="2021-05-01" TransDesc="Resident Liability Compliance Fee (05/2021)" TransName="RESIDENTLIABILITYFEE" TransactionBatchID="1619538295769"/>
    <Transaction CatCode="C" FiscalPeriodEnd="N" LeaID="72421" ReshID="20680" SiteID="3498643" TransAmt="10.00" TransDate="2021-05-01" TransDesc="Resident Liability Compliance Fee (05/2021)" TransName="RESIDENTLIABILITYFEE" TransactionBatchID="1619538295770"/>
    <Transaction CatCode="C" FiscalPeriodEnd="N" LeaID="62338" ReshID="30730" SiteID="3498643" TransAmt="10.00" TransDate="2021-05-01" TransDesc="Resident Liability Compliance Fee (05/2021)" TransName="RESIDENTLIABILITYFEE" TransactionBatchID="1619538295771"/>
    <Transaction CatCode="C" FiscalPeriodEnd="N" LeaID="72387" ReshID="30736" SiteID="3498643" TransAmt="10.00" TransDate="2021-05-01" TransDesc="Resident Liability Compliance Fee (05/2021)" TransName="RESIDENTLIABILITYFEE" TransactionBatchID="1619538295772"/>
    <Transaction CatCode="C" FiscalPeriodEnd="N" LeaID="62334" ReshID="30821" SiteID="3498643" TransAmt="10.00" TransDate="2021-05-01" TransDesc="Resident Liability Compliance Fee (05/2021)" TransName="RESIDENTLIABILITYFEE" TransactionBatchID="1619538295773"/>
    <Transaction CatCode="C" FiscalPeriodEnd="N" LeaID="62288" ReshID="30826" SiteID="3498643" TransAmt="10.00" TransDate="2021-05-01" TransDesc="Resident Liability Compliance Fee (05/2021)" TransName="RESIDENTLIABILITYFEE" TransactionBatchID="1619538295774"/>
    <Transaction CatCode="C" FiscalPeriodEnd="N" LeaID="72404" ReshID="30860" SiteID="3498643" TransAmt="10.00" TransDate="2021-05-01" TransDesc="Resident Liability Compliance Fee (05/2021)" TransName="RESIDENTLIABILITYFEE" TransactionBatchID="1619538295775"/>
    <Transaction CatCode="C" FiscalPeriodEnd="N" LeaID="72449" ReshID="30871" SiteID="3498643" TransAmt="10.00" TransDate="2021-05-01" TransDesc="Resident Liability Compliance Fee (05/2021)" TransName="RESIDENTLIABILITYFEE" TransactionBatchID="1619538295776"/>
    <Transaction CatCode="C" FiscalPeriodEnd="N" LeaID="72522" ReshID="40904" SiteID="3498643" TransAmt="10.00" TransDate="2021-05-01" TransDesc="Resident Liability Compliance Fee (05/2021)" TransName="RESIDENTLIABILITYFEE" TransactionBatchID="1619538295777"/>
    <Transaction CatCode="C" FiscalPeriodEnd="N" LeaID="52176" ReshID="40910" SiteID="3498643" TransAmt="10.00" TransDate="2021-05-01" TransDesc="Resident Liability Compliance Fee (05/2021)" TransName="RESIDENTLIABILITYFEE" TransactionBatchID="1619538295778"/>
    <Transaction CatCode="C" FiscalPeriodEnd="N" LeaID="62235" ReshID="40993" SiteID="3498643" TransAmt="10.00" TransDate="2021-05-01" TransDesc="Resident Liability Compliance Fee (05/2021)" TransName="RESIDENTLIABILITYFEE" TransactionBatchID="1619538295779"/>
    <Transaction CatCode="C" FiscalPeriodEnd="N" LeaID="62330" ReshID="40997" SiteID="3498643" TransAmt="10.00" TransDate="2021-05-01" TransDesc="Resident Liability Compliance Fee (05/2021)" TransName="RESIDENTLIABILITYFEE" TransactionBatchID="1619538295780"/>
    <Transaction CatCode="C" FiscalPeriodEnd="N" LeaID="62293" ReshID="41008" SiteID="3498643" TransAmt="10.00" TransDate="2021-05-01" TransDesc="Resident Liability Compliance Fee (05/2021)" TransName="RESIDENTLIABILITYFEE" TransactionBatchID="1619538295781"/>
    <Transaction CatCode="C" FiscalPeriodEnd="N" LeaID="72407" ReshID="41019" SiteID="3498643" TransAmt="10.00" TransDate="2021-05-01" TransDesc="Resident Liability Compliance Fee (05/2021)" TransName="RESIDENTLIABILITYFEE" TransactionBatchID="1619538295782"/>
    <Transaction CatCode="C" FiscalPeriodEnd="N" LeaID="62324" ReshID="41023" SiteID="3498643" TransAmt="10.00" TransDate="2021-05-01" TransDesc="Resident Liability Compliance Fee (05/2021)" TransName="RESIDENTLIABILITYFEE" TransactionBatchID="1619538295783"/>
    <Transaction CatCode="C" FiscalPeriodEnd="N" LeaID="62367" ReshID="41026" SiteID="3498643" TransAmt="10.00" TransDate="2021-05-01" TransDesc="Resident Liability Compliance Fee (05/2021)" TransName="RESIDENTLIABILITYFEE" TransactionBatchID="1619538295784"/>
    <Transaction CatCode="C" FiscalPeriodEnd="N" LeaID="52082" ReshID="41044" SiteID="3498643" TransAmt="10.00" TransDate="2021-05-01" TransDesc="Resident Liability Compliance Fee (05/2021)" TransName="RESIDENTLIABILITYFEE" TransactionBatchID="1619538295785"/>
    <Transaction CatCode="C" FiscalPeriodEnd="N" LeaID="51730" ReshID="41048" SiteID="3498643" TransAmt="10.00" TransDate="2021-05-01" TransDesc="Resident Liability Compliance Fee (05/2021)" TransName="RESIDENTLIABILITYFEE" TransactionBatchID="1619538295786"/>
    <Transaction CatCode="C" FiscalPeriodEnd="N" LeaID="72422" ReshID="41052" SiteID="3498643" TransAmt="10.00" TransDate="2021-05-01" TransDesc="Resident Liability Compliance Fee (05/2021)" TransName="RESIDENTLIABILITYFEE" TransactionBatchID="1619538295787"/>
    <Transaction CatCode="C" FiscalPeriodEnd="N" LeaID="72439" ReshID="41058" SiteID="3498643" TransAmt="10.00" TransDate="2021-05-01" TransDesc="Resident Liability Compliance Fee (05/2021)" TransName="RESIDENTLIABILITYFEE" TransactionBatchID="1619538295788"/>
    <Transaction CatCode="C" FiscalPeriodEnd="N" LeaID="72485" ReshID="51065" SiteID="3498643" TransAmt="10.00" TransDate="2021-05-01" TransDesc="Resident Liability Compliance Fee (05/2021)" TransName="RESIDENTLIABILITYFEE" TransactionBatchID="1619538295789"/>
    <Transaction CatCode="C" FiscalPeriodEnd="N" LeaID="62341" ReshID="51069" SiteID="3498643" TransAmt="10.00" TransDate="2021-05-01" TransDesc="Resident Liability Compliance Fee (05/2021)" TransName="RESIDENTLIABILITYFEE" TransactionBatchID="1619538295790"/>
    <Transaction CatCode="C" FiscalPeriodEnd="N" LeaID="72464" ReshID="51082" SiteID="3498643" TransAmt="10.00" TransDate="2021-05-01" TransDesc="Resident Liability Compliance Fee (05/2021)" TransName="RESIDENTLIABILITYFEE" TransactionBatchID="1619538295791"/>
    <Transaction CatCode="C" FiscalPeriodEnd="N" LeaID="52172" ReshID="51096" SiteID="3498643" TransAmt="10.00" TransDate="2021-05-01" TransDesc="Resident Liability Compliance Fee (05/2021)" TransName="RESIDENTLIABILITYFEE" TransactionBatchID="1619538295792"/>
    <Transaction CatCode="C" FiscalPeriodEnd="N" LeaID="72460" ReshID="51098" SiteID="3498643" TransAmt="10.00" TransDate="2021-05-01" TransDesc="Resident Liability Compliance Fee (05/2021)" TransName="RESIDENTLIABILITYFEE" TransactionBatchID="1619538295793"/>
    <Transaction CatCode="C" FiscalPeriodEnd="N" LeaID="52199" ReshID="51115" SiteID="3498643" TransAmt="10.00" TransDate="2021-05-01" TransDesc="Resident Liability Compliance Fee (05/2021)" TransName="RESIDENTLIABILITYFEE" TransactionBatchID="1619538295794"/>
    <Transaction CatCode="C" FiscalPeriodEnd="N" LeaID="62273" ReshID="51116" SiteID="3498643" TransAmt="10.00" TransDate="2021-05-01" TransDesc="Resident Liability Compliance Fee (05/2021)" TransName="RESIDENTLIABILITYFEE" TransactionBatchID="1619538295795"/>
    <Transaction CatCode="C" FiscalPeriodEnd="N" LeaID="72546" ReshID="51117" SiteID="3498643" TransAmt="10.00" TransDate="2021-05-01" TransDesc="Resident Liability Compliance Fee (05/2021)" TransName="RESIDENTLIABILITYFEE" TransactionBatchID="1619538295796"/>
    <Transaction CatCode="C" FiscalPeriodEnd="N" LeaID="62229" ReshID="51155" SiteID="3498643" TransAmt="10.00" TransDate="2021-05-01" TransDesc="Resident Liability Compliance Fee (05/2021)" TransName="RESIDENTLIABILITYFEE" TransactionBatchID="1619538295797"/>
    <Transaction CatCode="C" FiscalPeriodEnd="N" LeaID="62286" ReshID="285" SiteID="3498643" TransAmt="10.00" TransDate="2021-05-01" TransDesc="Resident Liability Compliance Fee (05/2021)" TransName="RESIDENTLIABILITYFEE" TransactionBatchID="1619538295798"/>
    <Transaction CatCode="C" FiscalPeriodEnd="N" LeaID="62225" ReshID="51137" SiteID="3498643" TransAmt="10.00" TransDate="2021-05-01" TransDesc="Resident Liability Compliance Fee (05/2021)" TransName="RESIDENTLIABILITYFEE" TransactionBatchID="1619538295799"/>
    <Transaction CatCode="C" FiscalPeriodEnd="N" LeaID="62257" ReshID="51171" SiteID="3498643" TransAmt="10.00" TransDate="2021-05-01" TransDesc="Resident Liability Compliance Fee (05/2021)" TransName="RESIDENTLIABILITYFEE" TransactionBatchID="1619538295800"/>
    <Transaction CatCode="C" FiscalPeriodEnd="N" LeaID="62320" ReshID="40956" SiteID="3498643" TransAmt="10.00" TransDate="2021-05-01" TransDesc="Resident Liability Compliance Fee (05/2021)" TransName="RESIDENTLIABILITYFEE" TransactionBatchID="1619538295801"/>
    <Transaction CatCode="C" FiscalPeriodEnd="N" LeaID="62299" ReshID="51176" SiteID="3498643" TransAmt="10.00" TransDate="2021-05-01" TransDesc="Resident Liability Compliance Fee (05/2021)" TransName="RESIDENTLIABILITYFEE" TransactionBatchID="1619538295802"/>
    <Transaction CatCode="C" FiscalPeriodEnd="N" LeaID="62246" ReshID="51156" SiteID="3498643" TransAmt="10.00" TransDate="2021-05-01" TransDesc="Resident Liability Compliance Fee (05/2021)" TransName="RESIDENTLIABILITYFEE" TransactionBatchID="1619538295803"/>
    <Transaction CatCode="C" FiscalPeriodEnd="N" LeaID="62266" ReshID="51184" SiteID="3498643" TransAmt="10.00" TransDate="2021-05-01" TransDesc="Resident Liability Compliance Fee (05/2021)" TransName="RESIDENTLIABILITYFEE" TransactionBatchID="1619538295804"/>
    <Transaction CatCode="C" FiscalPeriodEnd="N" LeaID="72381" ReshID="51201" SiteID="3498643" TransAmt="10.00" TransDate="2021-05-01" TransDesc="Resident Liability Compliance Fee (05/2021)" TransName="RESIDENTLIABILITYFEE" TransactionBatchID="1619538295805"/>
    <Transaction CatCode="C" FiscalPeriodEnd="N" LeaID="62263" ReshID="51198" SiteID="3498643" TransAmt="10.00" TransDate="2021-05-01" TransDesc="Resident Liability Compliance Fee (05/2021)" TransName="RESIDENTLIABILITYFEE" TransactionBatchID="1619538295806"/>
    <Transaction CatCode="C" FiscalPeriodEnd="N" LeaID="62292" ReshID="51208" SiteID="3498643" TransAmt="10.00" TransDate="2021-05-01" TransDesc="Resident Liability Compliance Fee (05/2021)" TransName="RESIDENTLIABILITYFEE" TransactionBatchID="1619538295807"/>
    <Transaction CatCode="C" FiscalPeriodEnd="N" LeaID="62326" ReshID="51218" SiteID="3498643" TransAmt="10.00" TransDate="2021-05-01" TransDesc="Resident Liability Compliance Fee (05/2021)" TransName="RESIDENTLIABILITYFEE" TransactionBatchID="1619538295808"/>
    <Transaction CatCode="C" FiscalPeriodEnd="N" LeaID="62314" ReshID="51210" SiteID="3498643" TransAmt="10.00" TransDate="2021-05-01" TransDesc="Resident Liability Compliance Fee (05/2021)" TransName="RESIDENTLIABILITYFEE" TransactionBatchID="1619538295809"/>
    <Transaction CatCode="C" FiscalPeriodEnd="N" LeaID="62309" ReshID="51222" SiteID="3498643" TransAmt="10.00" TransDate="2021-05-01" TransDesc="Resident Liability Compliance Fee (05/2021)" TransName="RESIDENTLIABILITYFEE" TransactionBatchID="1619538295810"/>
    <Transaction CatCode="C" FiscalPeriodEnd="N" LeaID="62359" ReshID="51245" SiteID="3498643" TransAmt="10.00" TransDate="2021-05-01" TransDesc="Resident Liability Compliance Fee (05/2021)" TransName="RESIDENTLIABILITYFEE" TransactionBatchID="1619538295811"/>
    <Transaction CatCode="C" FiscalPeriodEnd="N" LeaID="52047" ReshID="51254" SiteID="3498643" TransAmt="10.00" TransDate="2021-05-01" TransDesc="Resident Liability Compliance Fee (05/2021)" TransName="RESIDENTLIABILITYFEE" TransactionBatchID="1619538295812"/>
    <Transaction CatCode="C" FiscalPeriodEnd="N" LeaID="72380" ReshID="51260" SiteID="3498643" TransAmt="10.00" TransDate="2021-05-01" TransDesc="Resident Liability Compliance Fee (05/2021)" TransName="RESIDENTLIABILITYFEE" TransactionBatchID="1619538295813"/>
    <Transaction CatCode="C" FiscalPeriodEnd="N" LeaID="72412" ReshID="51262" SiteID="3498643" TransAmt="10.00" TransDate="2021-05-01" TransDesc="Resident Liability Compliance Fee (05/2021)" TransName="RESIDENTLIABILITYFEE" TransactionBatchID="1619538295814"/>
    <Transaction CatCode="C" FiscalPeriodEnd="N" LeaID="72443" ReshID="51293" SiteID="3498643" TransAmt="10.00" TransDate="2021-05-01" TransDesc="Resident Liability Compliance Fee (05/2021)" TransName="RESIDENTLIABILITYFEE" TransactionBatchID="1619538295815"/>
    <Transaction CatCode="C" FiscalPeriodEnd="N" LeaID="72483" ReshID="51270" SiteID="3498643" TransAmt="10.00" TransDate="2021-05-01" TransDesc="Resident Liability Compliance Fee (05/2021)" TransName="RESIDENTLIABILITYFEE" TransactionBatchID="1619538295816"/>
    <Transaction CatCode="C" FiscalPeriodEnd="N" LeaID="72466" ReshID="51302" SiteID="3498643" TransAmt="10.00" TransDate="2021-05-01" TransDesc="Resident Liability Compliance Fee (05/2021)" TransName="RESIDENTLIABILITYFEE" TransactionBatchID="1619538295817"/>
    <Transaction CatCode="C" FiscalPeriodEnd="N" LeaID="72528" ReshID="51278" SiteID="3498643" TransAmt="10.00" TransDate="2021-05-01" TransDesc="Resident Liability Compliance Fee (05/2021)" TransName="RESIDENTLIABILITYFEE" TransactionBatchID="1619538295818"/>
    <Transaction CatCode="C" FiscalPeriodEnd="N" LeaID="52198" ReshID="51339" SiteID="3498643" TransAmt="10.00" TransDate="2021-05-01" TransDesc="Resident Liability Compliance Fee (05/2021)" TransName="RESIDENTLIABILITYFEE" TransactionBatchID="1619538295819"/>
    <Transaction CatCode="C" FiscalPeriodEnd="N" LeaID="52170" ReshID="51331" SiteID="3498643" TransAmt="10.00" TransDate="2021-05-01" TransDesc="Resident Liability Compliance Fee (05/2021)" TransName="RESIDENTLIABILITYFEE" TransactionBatchID="1619538295820"/>
    <Transaction CatCode="C" FiscalPeriodEnd="N" LeaID="62238" ReshID="61357" SiteID="3498643" TransAmt="10.00" TransDate="2021-05-01" TransDesc="Resident Liability Compliance Fee (05/2021)" TransName="RESIDENTLIABILITYFEE" TransactionBatchID="1619538295821"/>
    <Transaction CatCode="C" FiscalPeriodEnd="N" LeaID="72539" ReshID="61354" SiteID="3498643" TransAmt="10.00" TransDate="2021-05-01" TransDesc="Resident Liability Compliance Fee (05/2021)" TransName="RESIDENTLIABILITYFEE" TransactionBatchID="1619538295822"/>
    <Transaction CatCode="C" FiscalPeriodEnd="N" LeaID="62237" ReshID="61356" SiteID="3498643" TransAmt="10.00" TransDate="2021-05-01" TransDesc="Resident Liability Compliance Fee (05/2021)" TransName="RESIDENTLIABILITYFEE" TransactionBatchID="1619538295823"/>
    <Transaction CatCode="C" FiscalPeriodEnd="N" LeaID="62283" ReshID="61373" SiteID="3498643" TransAmt="10.00" TransDate="2021-05-01" TransDesc="Resident Liability Compliance Fee (05/2021)" TransName="RESIDENTLIABILITYFEE" TransactionBatchID="1619538295824"/>
    <Transaction CatCode="C" FiscalPeriodEnd="N" LeaID="72418" ReshID="61369" SiteID="3498643" TransAmt="10.00" TransDate="2021-05-01" TransDesc="Resident Liability Compliance Fee (05/2021)" TransName="RESIDENTLIABILITYFEE" TransactionBatchID="1619538295825"/>
    <Transaction CatCode="C" FiscalPeriodEnd="N" LeaID="62296" ReshID="61376" SiteID="3498643" TransAmt="10.00" TransDate="2021-05-01" TransDesc="Resident Liability Compliance Fee (05/2021)" TransName="RESIDENTLIABILITYFEE" TransactionBatchID="1619538295826"/>
    <Transaction CatCode="C" FiscalPeriodEnd="N" LeaID="62303" ReshID="61380" SiteID="3498643" TransAmt="10.00" TransDate="2021-05-01" TransDesc="Resident Liability Compliance Fee (05/2021)" TransName="RESIDENTLIABILITYFEE" TransactionBatchID="1619538295827"/>
    <Transaction CatCode="C" FiscalPeriodEnd="N" LeaID="62361" ReshID="61401" SiteID="3498643" TransAmt="10.00" TransDate="2021-05-01" TransDesc="Resident Liability Compliance Fee (05/2021)" TransName="RESIDENTLIABILITYFEE" TransactionBatchID="1619538295828"/>
    <Transaction CatCode="C" FiscalPeriodEnd="N" LeaID="62311" ReshID="61383" SiteID="3498643" TransAmt="10.00" TransDate="2021-05-01" TransDesc="Resident Liability Compliance Fee (05/2021)" TransName="RESIDENTLIABILITYFEE" TransactionBatchID="1619538295829"/>
    <Transaction CatCode="C" FiscalPeriodEnd="N" LeaID="62333" ReshID="61387" SiteID="3498643" TransAmt="10.00" TransDate="2021-05-01" TransDesc="Resident Liability Compliance Fee (05/2021)" TransName="RESIDENTLIABILITYFEE" TransactionBatchID="1619538295830"/>
    <Transaction CatCode="C" FiscalPeriodEnd="N" LeaID="72372" ReshID="71415" SiteID="3498643" TransAmt="10.00" TransDate="2021-05-01" TransDesc="Resident Liability Compliance Fee (05/2021)" TransName="RESIDENTLIABILITYFEE" TransactionBatchID="1619538295831"/>
    <Transaction CatCode="C" FiscalPeriodEnd="N" LeaID="62356" ReshID="61406" SiteID="3498643" TransAmt="10.00" TransDate="2021-05-01" TransDesc="Resident Liability Compliance Fee (05/2021)" TransName="RESIDENTLIABILITYFEE" TransactionBatchID="1619538295832"/>
    <Transaction CatCode="C" FiscalPeriodEnd="N" LeaID="62358" ReshID="61408" SiteID="3498643" TransAmt="10.00" TransDate="2021-05-01" TransDesc="Resident Liability Compliance Fee (05/2021)" TransName="RESIDENTLIABILITYFEE" TransactionBatchID="1619538295833"/>
    <Transaction CatCode="C" FiscalPeriodEnd="N" LeaID="72378" ReshID="71420" SiteID="3498643" TransAmt="10.00" TransDate="2021-05-01" TransDesc="Resident Liability Compliance Fee (05/2021)" TransName="RESIDENTLIABILITYFEE" TransactionBatchID="1619538295834"/>
    <Transaction CatCode="C" FiscalPeriodEnd="N" LeaID="62346" ReshID="61400" SiteID="3498643" TransAmt="10.00" TransDate="2021-05-01" TransDesc="Resident Liability Compliance Fee (05/2021)" TransName="RESIDENTLIABILITYFEE" TransactionBatchID="1619538295835"/>
    <Transaction CatCode="C" FiscalPeriodEnd="N" LeaID="62366" ReshID="61411" SiteID="3498643" TransAmt="10.00" TransDate="2021-05-01" TransDesc="Resident Liability Compliance Fee (05/2021)" TransName="RESIDENTLIABILITYFEE" TransactionBatchID="1619538295836"/>
    <Transaction CatCode="C" FiscalPeriodEnd="N" LeaID="72383" ReshID="71422" SiteID="3498643" TransAmt="10.00" TransDate="2021-05-01" TransDesc="Resident Liability Compliance Fee (05/2021)" TransName="RESIDENTLIABILITYFEE" TransactionBatchID="1619538295837"/>
    <Transaction CatCode="C" FiscalPeriodEnd="N" LeaID="72373" ReshID="71416" SiteID="3498643" TransAmt="10.00" TransDate="2021-05-01" TransDesc="Resident Liability Compliance Fee (05/2021)" TransName="RESIDENTLIABILITYFEE" TransactionBatchID="1619538295838"/>
    <Transaction CatCode="C" FiscalPeriodEnd="N" LeaID="72416" ReshID="71446" SiteID="3498643" TransAmt="10.00" TransDate="2021-05-01" TransDesc="Resident Liability Compliance Fee (05/2021)" TransName="RESIDENTLIABILITYFEE" TransactionBatchID="1619538295839"/>
    <Transaction CatCode="C" FiscalPeriodEnd="N" LeaID="72400" ReshID="71436" SiteID="3498643" TransAmt="10.00" TransDate="2021-05-01" TransDesc="Resident Liability Compliance Fee (05/2021)" TransName="RESIDENTLIABILITYFEE" TransactionBatchID="1619538295840"/>
    <Transaction CatCode="C" FiscalPeriodEnd="N" LeaID="72409" ReshID="71442" SiteID="3498643" TransAmt="10.00" TransDate="2021-05-01" TransDesc="Resident Liability Compliance Fee (05/2021)" TransName="RESIDENTLIABILITYFEE" TransactionBatchID="1619538295841"/>
    <Transaction CatCode="C" FiscalPeriodEnd="N" LeaID="72455" ReshID="71462" SiteID="3498643" TransAmt="10.00" TransDate="2021-05-01" TransDesc="Resident Liability Compliance Fee (05/2021)" TransName="RESIDENTLIABILITYFEE" TransactionBatchID="1619538295842"/>
    <Transaction CatCode="C" FiscalPeriodEnd="N" LeaID="72482" ReshID="71474" SiteID="3498643" TransAmt="10.00" TransDate="2021-05-01" TransDesc="Resident Liability Compliance Fee (05/2021)" TransName="RESIDENTLIABILITYFEE" TransactionBatchID="1619538295843"/>
    <Transaction CatCode="C" FiscalPeriodEnd="N" LeaID="72489" ReshID="71494" SiteID="3498643" TransAmt="10.00" TransDate="2021-05-01" TransDesc="Resident Liability Compliance Fee (05/2021)" TransName="RESIDENTLIABILITYFEE" TransactionBatchID="1619538295844"/>
    <Transaction CatCode="C" FiscalPeriodEnd="N" LeaID="72499" ReshID="71503" SiteID="3498643" TransAmt="10.00" TransDate="2021-05-01" TransDesc="Resident Liability Compliance Fee (05/2021)" TransName="RESIDENTLIABILITYFEE" TransactionBatchID="1619538295845"/>
    <Transaction CatCode="C" FiscalPeriodEnd="N" LeaID="72500" ReshID="71504" SiteID="3498643" TransAmt="10.00" TransDate="2021-05-01" TransDesc="Resident Liability Compliance Fee (05/2021)" TransName="RESIDENTLIABILITYFEE" TransactionBatchID="1619538295846"/>
    <Transaction CatCode="C" FiscalPeriodEnd="N" LeaID="72502" ReshID="71506" SiteID="3498643" TransAmt="10.00" TransDate="2021-05-01" TransDesc="Resident Liability Compliance Fee (05/2021)" TransName="RESIDENTLIABILITYFEE" TransactionBatchID="1619538295847"/>
    <Transaction CatCode="C" FiscalPeriodEnd="N" LeaID="72507" ReshID="71512" SiteID="3498643" TransAmt="10.00" TransDate="2021-05-01" TransDesc="Resident Liability Compliance Fee (05/2021)" TransName="RESIDENTLIABILITYFEE" TransactionBatchID="1619538295848"/>
    <Transaction CatCode="C" FiscalPeriodEnd="N" LeaID="72555" ReshID="71539" SiteID="3498643" TransAmt="10.00" TransDate="2021-05-01" TransDesc="Resident Liability Compliance Fee (05/2021)" TransName="RESIDENTLIABILITYFEE" TransactionBatchID="1619538295849"/>
    <Transaction CatCode="C" FiscalPeriodEnd="N" LeaID="72520" ReshID="71526" SiteID="3498643" TransAmt="10.00" TransDate="2021-05-01" TransDesc="Resident Liability Compliance Fee (05/2021)" TransName="RESIDENTLIABILITYFEE" TransactionBatchID="1619538295850"/>
    <Transaction CatCode="C" FiscalPeriodEnd="N" LeaID="72558" ReshID="71542" SiteID="3498643" TransAmt="10.00" TransDate="2021-05-01" TransDesc="Resident Liability Compliance Fee (05/2021)" TransName="RESIDENTLIABILITYFEE" TransactionBatchID="1619538295851"/>
    <Transaction CatCode="C" FiscalPeriodEnd="N" LeaID="72557" ReshID="71541" SiteID="3498643" TransAmt="10.00" TransDate="2021-05-01" TransDesc="Resident Liability Compliance Fee (05/2021)" TransName="RESIDENTLIABILITYFEE" TransactionBatchID="1619538295852"/>
    <Transaction CatCode="C" FiscalPeriodEnd="N" LeaID="72549" ReshID="71533" SiteID="3498643" TransAmt="10.00" TransDate="2021-05-01" TransDesc="Resident Liability Compliance Fee (05/2021)" TransName="RESIDENTLIABILITYFEE" TransactionBatchID="1619538295853"/>
    <Transaction CatCode="C" FiscalPeriodEnd="N" LeaID="62250" ReshID="61364" SiteID="3498643" TransAmt="10.00" TransDate="2021-05-01" TransDesc="Resident Liability Compliance Fee (05/2021)" TransName="RESIDENTLIABILITYFEE" TransactionBatchID="1619538295854"/>
    <Transaction CatCode="C" FiscalPeriodEnd="N" LeaID="72510" ReshID="71515" SiteID="3498643" TransAmt="10.00" TransDate="2021-05-01" TransDesc="Resident Liability Compliance Fee (05/2021)" TransName="RESIDENTLIABILITYFEE" TransactionBatchID="1619538295855"/>
    <Transaction CatCode="C" FiscalPeriodEnd="N" LeaID="72545" ReshID="71530" SiteID="3498643" TransAmt="10.00" TransDate="2021-05-01" TransDesc="Resident Liability Compliance Fee (05/2021)" TransName="RESIDENTLIABILITYFEE" TransactionBatchID="1619538295856"/>
    <Transaction CatCode="C" FiscalPeriodEnd="N" LeaID="72582" ReshID="71554" SiteID="3498643" TransAmt="10.00" TransDate="2021-05-01" TransDesc="Resident Liability Compliance Fee (05/2021)" TransName="RESIDENTLIABILITYFEE" TransactionBatchID="1619538295857"/>
    <Transaction CatCode="C" FiscalPeriodEnd="N" LeaID="52168" ReshID="51097" SiteID="3498643" TransAmt="10.00" TransDate="2021-05-01" TransDesc="Resident Liability Compliance Fee (05/2021)" TransName="RESIDENTLIABILITYFEE" TransactionBatchID="1619538295858"/>
</TransactionList>
