<TransactionList>
    <Validation>
        <Audit Count="115" Node="Transaction" Sum="1150.00"/>
    </Validation>
    <Transaction CatCode="C" FiscalPeriodEnd="N" LeaID="63264" ReshID="202" SiteID="3626778" TransAmt="10.00" TransDate="2021-05-01" TransDesc="Resident Liability Compliance Fee (05/2021)" TransName="RESIDENTLIABILITYFEE" TransactionBatchID="1619538293272"/>
    <Transaction CatCode="C" FiscalPeriodEnd="N" LeaID="63172" ReshID="307" SiteID="3626778" TransAmt="10.00" TransDate="2021-05-01" TransDesc="Resident Liability Compliance Fee (05/2021)" TransName="RESIDENTLIABILITYFEE" TransactionBatchID="1619538293273"/>
    <Transaction CatCode="C" FiscalPeriodEnd="N" LeaID="63288" ReshID="410" SiteID="3626778" TransAmt="10.00" TransDate="2021-05-01" TransDesc="Resident Liability Compliance Fee (05/2021)" TransName="RESIDENTLIABILITYFEE" TransactionBatchID="1619538293274"/>
    <Transaction CatCode="C" FiscalPeriodEnd="N" LeaID="53107" ReshID="490" SiteID="3626778" TransAmt="10.00" TransDate="2021-05-01" TransDesc="Resident Liability Compliance Fee (05/2021)" TransName="RESIDENTLIABILITYFEE" TransactionBatchID="1619538293275"/>
    <Transaction CatCode="C" FiscalPeriodEnd="N" LeaID="793" ReshID="719" SiteID="3626778" TransAmt="10.00" TransDate="2021-05-01" TransDesc="Resident Liability Compliance Fee (05/2021)" TransName="RESIDENTLIABILITYFEE" TransactionBatchID="1619538293276"/>
    <Transaction CatCode="C" FiscalPeriodEnd="N" LeaID="42975" ReshID="765" SiteID="3626778" TransAmt="10.00" TransDate="2021-05-01" TransDesc="Resident Liability Compliance Fee (05/2021)" TransName="RESIDENTLIABILITYFEE" TransactionBatchID="1619538293277"/>
    <Transaction CatCode="C" FiscalPeriodEnd="N" LeaID="63198" ReshID="21022" SiteID="3626778" TransAmt="10.00" TransDate="2021-05-01" TransDesc="Resident Liability Compliance Fee (05/2021)" TransName="RESIDENTLIABILITYFEE" TransactionBatchID="1619538293278"/>
    <Transaction CatCode="C" FiscalPeriodEnd="N" LeaID="42908" ReshID="21199" SiteID="3626778" TransAmt="10.00" TransDate="2021-05-01" TransDesc="Resident Liability Compliance Fee (05/2021)" TransName="RESIDENTLIABILITYFEE" TransactionBatchID="1619538293279"/>
    <Transaction CatCode="C" FiscalPeriodEnd="N" LeaID="42764" ReshID="21216" SiteID="3626778" TransAmt="10.00" TransDate="2021-05-01" TransDesc="Resident Liability Compliance Fee (05/2021)" TransName="RESIDENTLIABILITYFEE" TransactionBatchID="1619538293280"/>
    <Transaction CatCode="C" FiscalPeriodEnd="N" LeaID="43040" ReshID="21307" SiteID="3626778" TransAmt="10.00" TransDate="2021-05-01" TransDesc="Resident Liability Compliance Fee (05/2021)" TransName="RESIDENTLIABILITYFEE" TransactionBatchID="1619538293281"/>
    <Transaction CatCode="C" FiscalPeriodEnd="N" LeaID="43076" ReshID="21326" SiteID="3626778" TransAmt="10.00" TransDate="2021-05-01" TransDesc="Resident Liability Compliance Fee (05/2021)" TransName="RESIDENTLIABILITYFEE" TransactionBatchID="1619538293282"/>
    <Transaction CatCode="C" FiscalPeriodEnd="N" LeaID="63178" ReshID="31383" SiteID="3626778" TransAmt="10.00" TransDate="2021-05-01" TransDesc="Resident Liability Compliance Fee (05/2021)" TransName="RESIDENTLIABILITYFEE" TransactionBatchID="1619538293283"/>
    <Transaction CatCode="C" FiscalPeriodEnd="N" LeaID="63149" ReshID="31412" SiteID="3626778" TransAmt="10.00" TransDate="2021-05-01" TransDesc="Resident Liability Compliance Fee (05/2021)" TransName="RESIDENTLIABILITYFEE" TransactionBatchID="1619538293284"/>
    <Transaction CatCode="C" FiscalPeriodEnd="N" LeaID="63255" ReshID="31448" SiteID="3626778" TransAmt="10.00" TransDate="2021-05-01" TransDesc="Resident Liability Compliance Fee (05/2021)" TransName="RESIDENTLIABILITYFEE" TransactionBatchID="1619538293285"/>
    <Transaction CatCode="C" FiscalPeriodEnd="N" LeaID="63202" ReshID="31464" SiteID="3626778" TransAmt="10.00" TransDate="2021-05-01" TransDesc="Resident Liability Compliance Fee (05/2021)" TransName="RESIDENTLIABILITYFEE" TransactionBatchID="1619538293286"/>
    <Transaction CatCode="C" FiscalPeriodEnd="N" LeaID="63168" ReshID="31469" SiteID="3626778" TransAmt="10.00" TransDate="2021-05-01" TransDesc="Resident Liability Compliance Fee (05/2021)" TransName="RESIDENTLIABILITYFEE" TransactionBatchID="1619538293287"/>
    <Transaction CatCode="C" FiscalPeriodEnd="N" LeaID="63247" ReshID="31494" SiteID="3626778" TransAmt="10.00" TransDate="2021-05-01" TransDesc="Resident Liability Compliance Fee (05/2021)" TransName="RESIDENTLIABILITYFEE" TransactionBatchID="1619538293288"/>
    <Transaction CatCode="C" FiscalPeriodEnd="N" LeaID="63231" ReshID="31524" SiteID="3626778" TransAmt="10.00" TransDate="2021-05-01" TransDesc="Resident Liability Compliance Fee (05/2021)" TransName="RESIDENTLIABILITYFEE" TransactionBatchID="1619538293289"/>
    <Transaction CatCode="C" FiscalPeriodEnd="N" LeaID="43006" ReshID="31697" SiteID="3626778" TransAmt="10.00" TransDate="2021-05-01" TransDesc="Resident Liability Compliance Fee (05/2021)" TransName="RESIDENTLIABILITYFEE" TransactionBatchID="1619538293290"/>
    <Transaction CatCode="C" FiscalPeriodEnd="N" LeaID="43091" ReshID="31738" SiteID="3626778" TransAmt="10.00" TransDate="2021-05-01" TransDesc="Resident Liability Compliance Fee (05/2021)" TransName="RESIDENTLIABILITYFEE" TransactionBatchID="1619538293291"/>
    <Transaction CatCode="C" FiscalPeriodEnd="N" LeaID="43043" ReshID="31753" SiteID="3626778" TransAmt="10.00" TransDate="2021-05-01" TransDesc="Resident Liability Compliance Fee (05/2021)" TransName="RESIDENTLIABILITYFEE" TransactionBatchID="1619538293292"/>
    <Transaction CatCode="C" FiscalPeriodEnd="N" LeaID="43077" ReshID="31760" SiteID="3626778" TransAmt="10.00" TransDate="2021-05-01" TransDesc="Resident Liability Compliance Fee (05/2021)" TransName="RESIDENTLIABILITYFEE" TransactionBatchID="1619538293293"/>
    <Transaction CatCode="C" FiscalPeriodEnd="N" LeaID="43025" ReshID="31836" SiteID="3626778" TransAmt="10.00" TransDate="2021-05-01" TransDesc="Resident Liability Compliance Fee (05/2021)" TransName="RESIDENTLIABILITYFEE" TransactionBatchID="1619538293294"/>
    <Transaction CatCode="C" FiscalPeriodEnd="N" LeaID="63193" ReshID="31843" SiteID="3626778" TransAmt="10.00" TransDate="2021-05-01" TransDesc="Resident Liability Compliance Fee (05/2021)" TransName="RESIDENTLIABILITYFEE" TransactionBatchID="1619538293295"/>
    <Transaction CatCode="C" FiscalPeriodEnd="N" LeaID="63203" ReshID="31885" SiteID="3626778" TransAmt="10.00" TransDate="2021-05-01" TransDesc="Resident Liability Compliance Fee (05/2021)" TransName="RESIDENTLIABILITYFEE" TransactionBatchID="1619538293296"/>
    <Transaction CatCode="C" FiscalPeriodEnd="N" LeaID="63328" ReshID="31927" SiteID="3626778" TransAmt="10.00" TransDate="2021-05-01" TransDesc="Resident Liability Compliance Fee (05/2021)" TransName="RESIDENTLIABILITYFEE" TransactionBatchID="1619538293297"/>
    <Transaction CatCode="C" FiscalPeriodEnd="N" LeaID="63251" ReshID="31931" SiteID="3626778" TransAmt="10.00" TransDate="2021-05-01" TransDesc="Resident Liability Compliance Fee (05/2021)" TransName="RESIDENTLIABILITYFEE" TransactionBatchID="1619538293298"/>
    <Transaction CatCode="C" FiscalPeriodEnd="N" LeaID="42947" ReshID="31969" SiteID="3626778" TransAmt="10.00" TransDate="2021-05-01" TransDesc="Resident Liability Compliance Fee (05/2021)" TransName="RESIDENTLIABILITYFEE" TransactionBatchID="1619538293299"/>
    <Transaction CatCode="C" FiscalPeriodEnd="N" LeaID="63313" ReshID="31979" SiteID="3626778" TransAmt="10.00" TransDate="2021-05-01" TransDesc="Resident Liability Compliance Fee (05/2021)" TransName="RESIDENTLIABILITYFEE" TransactionBatchID="1619538293300"/>
    <Transaction CatCode="C" FiscalPeriodEnd="N" LeaID="42934" ReshID="31988" SiteID="3626778" TransAmt="10.00" TransDate="2021-05-01" TransDesc="Resident Liability Compliance Fee (05/2021)" TransName="RESIDENTLIABILITYFEE" TransactionBatchID="1619538293301"/>
    <Transaction CatCode="C" FiscalPeriodEnd="N" LeaID="42978" ReshID="32050" SiteID="3626778" TransAmt="10.00" TransDate="2021-05-01" TransDesc="Resident Liability Compliance Fee (05/2021)" TransName="RESIDENTLIABILITYFEE" TransactionBatchID="1619538293302"/>
    <Transaction CatCode="C" FiscalPeriodEnd="N" LeaID="42931" ReshID="31542" SiteID="3626778" TransAmt="10.00" TransDate="2021-05-01" TransDesc="Resident Liability Compliance Fee (05/2021)" TransName="RESIDENTLIABILITYFEE" TransactionBatchID="1619538293303"/>
    <Transaction CatCode="C" FiscalPeriodEnd="N" LeaID="42927" ReshID="32061" SiteID="3626778" TransAmt="10.00" TransDate="2021-05-01" TransDesc="Resident Liability Compliance Fee (05/2021)" TransName="RESIDENTLIABILITYFEE" TransactionBatchID="1619538293304"/>
    <Transaction CatCode="C" FiscalPeriodEnd="N" LeaID="42971" ReshID="32062" SiteID="3626778" TransAmt="10.00" TransDate="2021-05-01" TransDesc="Resident Liability Compliance Fee (05/2021)" TransName="RESIDENTLIABILITYFEE" TransactionBatchID="1619538293305"/>
    <Transaction CatCode="C" FiscalPeriodEnd="N" LeaID="42950" ReshID="21221" SiteID="3626778" TransAmt="10.00" TransDate="2021-05-01" TransDesc="Resident Liability Compliance Fee (05/2021)" TransName="RESIDENTLIABILITYFEE" TransactionBatchID="1619538293306"/>
    <Transaction CatCode="C" FiscalPeriodEnd="N" LeaID="43005" ReshID="32034" SiteID="3626778" TransAmt="10.00" TransDate="2021-05-01" TransDesc="Resident Liability Compliance Fee (05/2021)" TransName="RESIDENTLIABILITYFEE" TransactionBatchID="1619538293307"/>
    <Transaction CatCode="C" FiscalPeriodEnd="N" LeaID="42973" ReshID="32026" SiteID="3626778" TransAmt="10.00" TransDate="2021-05-01" TransDesc="Resident Liability Compliance Fee (05/2021)" TransName="RESIDENTLIABILITYFEE" TransactionBatchID="1619538293308"/>
    <Transaction CatCode="C" FiscalPeriodEnd="N" LeaID="53121" ReshID="32036" SiteID="3626778" TransAmt="10.00" TransDate="2021-05-01" TransDesc="Resident Liability Compliance Fee (05/2021)" TransName="RESIDENTLIABILITYFEE" TransactionBatchID="1619538293309"/>
    <Transaction CatCode="C" FiscalPeriodEnd="N" LeaID="42930" ReshID="31589" SiteID="3626778" TransAmt="10.00" TransDate="2021-05-01" TransDesc="Resident Liability Compliance Fee (05/2021)" TransName="RESIDENTLIABILITYFEE" TransactionBatchID="1619538293310"/>
    <Transaction CatCode="C" FiscalPeriodEnd="N" LeaID="63243" ReshID="10931" SiteID="3626778" TransAmt="10.00" TransDate="2021-05-01" TransDesc="Resident Liability Compliance Fee (05/2021)" TransName="RESIDENTLIABILITYFEE" TransactionBatchID="1619538293311"/>
    <Transaction CatCode="C" FiscalPeriodEnd="N" LeaID="63262" ReshID="31777" SiteID="3626778" TransAmt="10.00" TransDate="2021-05-01" TransDesc="Resident Liability Compliance Fee (05/2021)" TransName="RESIDENTLIABILITYFEE" TransactionBatchID="1619538293312"/>
    <Transaction CatCode="C" FiscalPeriodEnd="N" LeaID="43015" ReshID="32095" SiteID="3626778" TransAmt="10.00" TransDate="2021-05-01" TransDesc="Resident Liability Compliance Fee (05/2021)" TransName="RESIDENTLIABILITYFEE" TransactionBatchID="1619538293313"/>
    <Transaction CatCode="C" FiscalPeriodEnd="N" LeaID="42898" ReshID="32186" SiteID="3626778" TransAmt="10.00" TransDate="2021-05-01" TransDesc="Resident Liability Compliance Fee (05/2021)" TransName="RESIDENTLIABILITYFEE" TransactionBatchID="1619538293314"/>
    <Transaction CatCode="C" FiscalPeriodEnd="N" LeaID="43047" ReshID="32210" SiteID="3626778" TransAmt="10.00" TransDate="2021-05-01" TransDesc="Resident Liability Compliance Fee (05/2021)" TransName="RESIDENTLIABILITYFEE" TransactionBatchID="1619538293315"/>
    <Transaction CatCode="C" FiscalPeriodEnd="N" LeaID="42902" ReshID="32120" SiteID="3626778" TransAmt="10.00" TransDate="2021-05-01" TransDesc="Resident Liability Compliance Fee (05/2021)" TransName="RESIDENTLIABILITYFEE" TransactionBatchID="1619538293316"/>
    <Transaction CatCode="C" FiscalPeriodEnd="N" LeaID="63289" ReshID="32164" SiteID="3626778" TransAmt="10.00" TransDate="2021-05-01" TransDesc="Resident Liability Compliance Fee (05/2021)" TransName="RESIDENTLIABILITYFEE" TransactionBatchID="1619538293317"/>
    <Transaction CatCode="C" FiscalPeriodEnd="N" LeaID="43084" ReshID="32184" SiteID="3626778" TransAmt="10.00" TransDate="2021-05-01" TransDesc="Resident Liability Compliance Fee (05/2021)" TransName="RESIDENTLIABILITYFEE" TransactionBatchID="1619538293318"/>
    <Transaction CatCode="C" FiscalPeriodEnd="N" LeaID="43073" ReshID="32195" SiteID="3626778" TransAmt="10.00" TransDate="2021-05-01" TransDesc="Resident Liability Compliance Fee (05/2021)" TransName="RESIDENTLIABILITYFEE" TransactionBatchID="1619538293319"/>
    <Transaction CatCode="C" FiscalPeriodEnd="N" LeaID="53122" ReshID="32225" SiteID="3626778" TransAmt="10.00" TransDate="2021-05-01" TransDesc="Resident Liability Compliance Fee (05/2021)" TransName="RESIDENTLIABILITYFEE" TransactionBatchID="1619538293320"/>
    <Transaction CatCode="C" FiscalPeriodEnd="N" LeaID="43022" ReshID="32218" SiteID="3626778" TransAmt="10.00" TransDate="2021-05-01" TransDesc="Resident Liability Compliance Fee (05/2021)" TransName="RESIDENTLIABILITYFEE" TransactionBatchID="1619538293321"/>
    <Transaction CatCode="C" FiscalPeriodEnd="N" LeaID="43050" ReshID="32178" SiteID="3626778" TransAmt="10.00" TransDate="2021-05-01" TransDesc="Resident Liability Compliance Fee (05/2021)" TransName="RESIDENTLIABILITYFEE" TransactionBatchID="1619538293322"/>
    <Transaction CatCode="C" FiscalPeriodEnd="N" LeaID="43102" ReshID="32179" SiteID="3626778" TransAmt="10.00" TransDate="2021-05-01" TransDesc="Resident Liability Compliance Fee (05/2021)" TransName="RESIDENTLIABILITYFEE" TransactionBatchID="1619538293323"/>
    <Transaction CatCode="C" FiscalPeriodEnd="N" LeaID="43088" ReshID="32190" SiteID="3626778" TransAmt="10.00" TransDate="2021-05-01" TransDesc="Resident Liability Compliance Fee (05/2021)" TransName="RESIDENTLIABILITYFEE" TransactionBatchID="1619538293324"/>
    <Transaction CatCode="C" FiscalPeriodEnd="N" LeaID="43089" ReshID="32211" SiteID="3626778" TransAmt="10.00" TransDate="2021-05-01" TransDesc="Resident Liability Compliance Fee (05/2021)" TransName="RESIDENTLIABILITYFEE" TransactionBatchID="1619538293325"/>
    <Transaction CatCode="C" FiscalPeriodEnd="N" LeaID="43100" ReshID="32187" SiteID="3626778" TransAmt="10.00" TransDate="2021-05-01" TransDesc="Resident Liability Compliance Fee (05/2021)" TransName="RESIDENTLIABILITYFEE" TransactionBatchID="1619538293326"/>
    <Transaction CatCode="C" FiscalPeriodEnd="N" LeaID="43094" ReshID="32230" SiteID="3626778" TransAmt="10.00" TransDate="2021-05-01" TransDesc="Resident Liability Compliance Fee (05/2021)" TransName="RESIDENTLIABILITYFEE" TransactionBatchID="1619538293327"/>
    <Transaction CatCode="C" FiscalPeriodEnd="N" LeaID="43090" ReshID="32231" SiteID="3626778" TransAmt="10.00" TransDate="2021-05-01" TransDesc="Resident Liability Compliance Fee (05/2021)" TransName="RESIDENTLIABILITYFEE" TransactionBatchID="1619538293328"/>
    <Transaction CatCode="C" FiscalPeriodEnd="N" LeaID="63131" ReshID="32228" SiteID="3626778" TransAmt="10.00" TransDate="2021-05-01" TransDesc="Resident Liability Compliance Fee (05/2021)" TransName="RESIDENTLIABILITYFEE" TransactionBatchID="1619538293329"/>
    <Transaction CatCode="C" FiscalPeriodEnd="N" LeaID="53125" ReshID="32240" SiteID="3626778" TransAmt="10.00" TransDate="2021-05-01" TransDesc="Resident Liability Compliance Fee (05/2021)" TransName="RESIDENTLIABILITYFEE" TransactionBatchID="1619538293330"/>
    <Transaction CatCode="C" FiscalPeriodEnd="N" LeaID="63139" ReshID="32243" SiteID="3626778" TransAmt="10.00" TransDate="2021-05-01" TransDesc="Resident Liability Compliance Fee (05/2021)" TransName="RESIDENTLIABILITYFEE" TransactionBatchID="1619538293331"/>
    <Transaction CatCode="C" FiscalPeriodEnd="N" LeaID="53127" ReshID="32161" SiteID="3626778" TransAmt="10.00" TransDate="2021-05-01" TransDesc="Resident Liability Compliance Fee (05/2021)" TransName="RESIDENTLIABILITYFEE" TransactionBatchID="1619538293332"/>
    <Transaction CatCode="C" FiscalPeriodEnd="N" LeaID="63134" ReshID="32281" SiteID="3626778" TransAmt="10.00" TransDate="2021-05-01" TransDesc="Resident Liability Compliance Fee (05/2021)" TransName="RESIDENTLIABILITYFEE" TransactionBatchID="1619538293333"/>
    <Transaction CatCode="C" FiscalPeriodEnd="N" LeaID="63162" ReshID="32289" SiteID="3626778" TransAmt="10.00" TransDate="2021-05-01" TransDesc="Resident Liability Compliance Fee (05/2021)" TransName="RESIDENTLIABILITYFEE" TransactionBatchID="1619538293334"/>
    <Transaction CatCode="C" FiscalPeriodEnd="N" LeaID="63174" ReshID="32292" SiteID="3626778" TransAmt="10.00" TransDate="2021-05-01" TransDesc="Resident Liability Compliance Fee (05/2021)" TransName="RESIDENTLIABILITYFEE" TransactionBatchID="1619538293335"/>
    <Transaction CatCode="C" FiscalPeriodEnd="N" LeaID="63177" ReshID="32313" SiteID="3626778" TransAmt="10.00" TransDate="2021-05-01" TransDesc="Resident Liability Compliance Fee (05/2021)" TransName="RESIDENTLIABILITYFEE" TransactionBatchID="1619538293336"/>
    <Transaction CatCode="C" FiscalPeriodEnd="N" LeaID="63234" ReshID="32343" SiteID="3626778" TransAmt="10.00" TransDate="2021-05-01" TransDesc="Resident Liability Compliance Fee (05/2021)" TransName="RESIDENTLIABILITYFEE" TransactionBatchID="1619538293337"/>
    <Transaction CatCode="C" FiscalPeriodEnd="N" LeaID="63275" ReshID="32369" SiteID="3626778" TransAmt="10.00" TransDate="2021-05-01" TransDesc="Resident Liability Compliance Fee (05/2021)" TransName="RESIDENTLIABILITYFEE" TransactionBatchID="1619538293338"/>
    <Transaction CatCode="C" FiscalPeriodEnd="N" LeaID="63287" ReshID="32386" SiteID="3626778" TransAmt="10.00" TransDate="2021-05-01" TransDesc="Resident Liability Compliance Fee (05/2021)" TransName="RESIDENTLIABILITYFEE" TransactionBatchID="1619538293339"/>
    <Transaction CatCode="C" FiscalPeriodEnd="N" LeaID="63250" ReshID="32394" SiteID="3626778" TransAmt="10.00" TransDate="2021-05-01" TransDesc="Resident Liability Compliance Fee (05/2021)" TransName="RESIDENTLIABILITYFEE" TransactionBatchID="1619538293340"/>
    <Transaction CatCode="C" FiscalPeriodEnd="N" LeaID="42889" ReshID="32385" SiteID="3626778" TransAmt="10.00" TransDate="2021-05-01" TransDesc="Resident Liability Compliance Fee (05/2021)" TransName="RESIDENTLIABILITYFEE" TransactionBatchID="1619538293341"/>
    <Transaction CatCode="C" FiscalPeriodEnd="N" LeaID="42945" ReshID="32417" SiteID="3626778" TransAmt="10.00" TransDate="2021-05-01" TransDesc="Resident Liability Compliance Fee (05/2021)" TransName="RESIDENTLIABILITYFEE" TransactionBatchID="1619538293342"/>
    <Transaction CatCode="C" FiscalPeriodEnd="N" LeaID="42941" ReshID="32414" SiteID="3626778" TransAmt="10.00" TransDate="2021-05-01" TransDesc="Resident Liability Compliance Fee (05/2021)" TransName="RESIDENTLIABILITYFEE" TransactionBatchID="1619538293343"/>
    <Transaction CatCode="C" FiscalPeriodEnd="N" LeaID="42903" ReshID="32392" SiteID="3626778" TransAmt="10.00" TransDate="2021-05-01" TransDesc="Resident Liability Compliance Fee (05/2021)" TransName="RESIDENTLIABILITYFEE" TransactionBatchID="1619538293344"/>
    <Transaction CatCode="C" FiscalPeriodEnd="N" LeaID="42972" ReshID="32435" SiteID="3626778" TransAmt="10.00" TransDate="2021-05-01" TransDesc="Resident Liability Compliance Fee (05/2021)" TransName="RESIDENTLIABILITYFEE" TransactionBatchID="1619538293345"/>
    <Transaction CatCode="C" FiscalPeriodEnd="N" LeaID="42922" ReshID="32404" SiteID="3626778" TransAmt="10.00" TransDate="2021-05-01" TransDesc="Resident Liability Compliance Fee (05/2021)" TransName="RESIDENTLIABILITYFEE" TransactionBatchID="1619538293346"/>
    <Transaction CatCode="C" FiscalPeriodEnd="N" LeaID="42986" ReshID="32440" SiteID="3626778" TransAmt="10.00" TransDate="2021-05-01" TransDesc="Resident Liability Compliance Fee (05/2021)" TransName="RESIDENTLIABILITYFEE" TransactionBatchID="1619538293347"/>
    <Transaction CatCode="C" FiscalPeriodEnd="N" LeaID="42983" ReshID="32438" SiteID="3626778" TransAmt="10.00" TransDate="2021-05-01" TransDesc="Resident Liability Compliance Fee (05/2021)" TransName="RESIDENTLIABILITYFEE" TransactionBatchID="1619538293348"/>
    <Transaction CatCode="C" FiscalPeriodEnd="N" LeaID="42997" ReshID="32449" SiteID="3626778" TransAmt="10.00" TransDate="2021-05-01" TransDesc="Resident Liability Compliance Fee (05/2021)" TransName="RESIDENTLIABILITYFEE" TransactionBatchID="1619538293349"/>
    <Transaction CatCode="C" FiscalPeriodEnd="N" LeaID="43011" ReshID="32455" SiteID="3626778" TransAmt="10.00" TransDate="2021-05-01" TransDesc="Resident Liability Compliance Fee (05/2021)" TransName="RESIDENTLIABILITYFEE" TransactionBatchID="1619538293350"/>
    <Transaction CatCode="C" FiscalPeriodEnd="N" LeaID="43018" ReshID="32460" SiteID="3626778" TransAmt="10.00" TransDate="2021-05-01" TransDesc="Resident Liability Compliance Fee (05/2021)" TransName="RESIDENTLIABILITYFEE" TransactionBatchID="1619538293351"/>
    <Transaction CatCode="C" FiscalPeriodEnd="N" LeaID="43034" ReshID="32474" SiteID="3626778" TransAmt="10.00" TransDate="2021-05-01" TransDesc="Resident Liability Compliance Fee (05/2021)" TransName="RESIDENTLIABILITYFEE" TransactionBatchID="1619538293352"/>
    <Transaction CatCode="C" FiscalPeriodEnd="N" LeaID="43037" ReshID="32477" SiteID="3626778" TransAmt="10.00" TransDate="2021-05-01" TransDesc="Resident Liability Compliance Fee (05/2021)" TransName="RESIDENTLIABILITYFEE" TransactionBatchID="1619538293353"/>
    <Transaction CatCode="C" FiscalPeriodEnd="N" LeaID="43038" ReshID="32478" SiteID="3626778" TransAmt="10.00" TransDate="2021-05-01" TransDesc="Resident Liability Compliance Fee (05/2021)" TransName="RESIDENTLIABILITYFEE" TransactionBatchID="1619538293354"/>
    <Transaction CatCode="C" FiscalPeriodEnd="N" LeaID="43067" ReshID="32498" SiteID="3626778" TransAmt="10.00" TransDate="2021-05-01" TransDesc="Resident Liability Compliance Fee (05/2021)" TransName="RESIDENTLIABILITYFEE" TransactionBatchID="1619538293355"/>
    <Transaction CatCode="C" FiscalPeriodEnd="N" LeaID="43063" ReshID="32496" SiteID="3626778" TransAmt="10.00" TransDate="2021-05-01" TransDesc="Resident Liability Compliance Fee (05/2021)" TransName="RESIDENTLIABILITYFEE" TransactionBatchID="1619538293356"/>
    <Transaction CatCode="C" FiscalPeriodEnd="N" LeaID="43055" ReshID="32488" SiteID="3626778" TransAmt="10.00" TransDate="2021-05-01" TransDesc="Resident Liability Compliance Fee (05/2021)" TransName="RESIDENTLIABILITYFEE" TransactionBatchID="1619538293357"/>
    <Transaction CatCode="C" FiscalPeriodEnd="N" LeaID="43070" ReshID="32501" SiteID="3626778" TransAmt="10.00" TransDate="2021-05-01" TransDesc="Resident Liability Compliance Fee (05/2021)" TransName="RESIDENTLIABILITYFEE" TransactionBatchID="1619538293358"/>
    <Transaction CatCode="C" FiscalPeriodEnd="N" LeaID="53110" ReshID="42516" SiteID="3626778" TransAmt="10.00" TransDate="2021-05-01" TransDesc="Resident Liability Compliance Fee (05/2021)" TransName="RESIDENTLIABILITYFEE" TransactionBatchID="1619538293359"/>
    <Transaction CatCode="C" FiscalPeriodEnd="N" LeaID="43103" ReshID="32512" SiteID="3626778" TransAmt="10.00" TransDate="2021-05-01" TransDesc="Resident Liability Compliance Fee (05/2021)" TransName="RESIDENTLIABILITYFEE" TransactionBatchID="1619538293360"/>
    <Transaction CatCode="C" FiscalPeriodEnd="N" LeaID="53128" ReshID="42541" SiteID="3626778" TransAmt="10.00" TransDate="2021-05-01" TransDesc="Resident Liability Compliance Fee (05/2021)" TransName="RESIDENTLIABILITYFEE" TransactionBatchID="1619538293361"/>
    <Transaction CatCode="C" FiscalPeriodEnd="N" LeaID="63144" ReshID="52550" SiteID="3626778" TransAmt="10.00" TransDate="2021-05-01" TransDesc="Resident Liability Compliance Fee (05/2021)" TransName="RESIDENTLIABILITYFEE" TransactionBatchID="1619538293362"/>
    <Transaction CatCode="C" FiscalPeriodEnd="N" LeaID="43027" ReshID="32467" SiteID="3626778" TransAmt="10.00" TransDate="2021-05-01" TransDesc="Resident Liability Compliance Fee (05/2021)" TransName="RESIDENTLIABILITYFEE" TransactionBatchID="1619538293363"/>
    <Transaction CatCode="C" FiscalPeriodEnd="N" LeaID="43085" ReshID="32506" SiteID="3626778" TransAmt="10.00" TransDate="2021-05-01" TransDesc="Resident Liability Compliance Fee (05/2021)" TransName="RESIDENTLIABILITYFEE" TransactionBatchID="1619538293364"/>
    <Transaction CatCode="C" FiscalPeriodEnd="N" LeaID="53112" ReshID="42518" SiteID="3626778" TransAmt="10.00" TransDate="2021-05-01" TransDesc="Resident Liability Compliance Fee (05/2021)" TransName="RESIDENTLIABILITYFEE" TransactionBatchID="1619538293365"/>
    <Transaction CatCode="C" FiscalPeriodEnd="N" LeaID="63142" ReshID="52549" SiteID="3626778" TransAmt="10.00" TransDate="2021-05-01" TransDesc="Resident Liability Compliance Fee (05/2021)" TransName="RESIDENTLIABILITYFEE" TransactionBatchID="1619538293366"/>
    <Transaction CatCode="C" FiscalPeriodEnd="N" LeaID="63315" ReshID="52569" SiteID="3626778" TransAmt="10.00" TransDate="2021-05-01" TransDesc="Resident Liability Compliance Fee (05/2021)" TransName="RESIDENTLIABILITYFEE" TransactionBatchID="1619538293367"/>
    <Transaction CatCode="C" FiscalPeriodEnd="N" LeaID="63180" ReshID="52578" SiteID="3626778" TransAmt="10.00" TransDate="2021-05-01" TransDesc="Resident Liability Compliance Fee (05/2021)" TransName="RESIDENTLIABILITYFEE" TransactionBatchID="1619538293368"/>
    <Transaction CatCode="C" FiscalPeriodEnd="N" LeaID="63155" ReshID="52560" SiteID="3626778" TransAmt="10.00" TransDate="2021-05-01" TransDesc="Resident Liability Compliance Fee (05/2021)" TransName="RESIDENTLIABILITYFEE" TransactionBatchID="1619538293369"/>
    <Transaction CatCode="C" FiscalPeriodEnd="N" LeaID="63181" ReshID="52579" SiteID="3626778" TransAmt="10.00" TransDate="2021-05-01" TransDesc="Resident Liability Compliance Fee (05/2021)" TransName="RESIDENTLIABILITYFEE" TransactionBatchID="1619538293370"/>
    <Transaction CatCode="C" FiscalPeriodEnd="N" LeaID="63188" ReshID="52586" SiteID="3626778" TransAmt="10.00" TransDate="2021-05-01" TransDesc="Resident Liability Compliance Fee (05/2021)" TransName="RESIDENTLIABILITYFEE" TransactionBatchID="1619538293371"/>
    <Transaction CatCode="C" FiscalPeriodEnd="N" LeaID="63191" ReshID="52588" SiteID="3626778" TransAmt="10.00" TransDate="2021-05-01" TransDesc="Resident Liability Compliance Fee (05/2021)" TransName="RESIDENTLIABILITYFEE" TransactionBatchID="1619538293372"/>
    <Transaction CatCode="C" FiscalPeriodEnd="N" LeaID="63205" ReshID="52593" SiteID="3626778" TransAmt="10.00" TransDate="2021-05-01" TransDesc="Resident Liability Compliance Fee (05/2021)" TransName="RESIDENTLIABILITYFEE" TransactionBatchID="1619538293373"/>
    <Transaction CatCode="C" FiscalPeriodEnd="N" LeaID="63213" ReshID="52597" SiteID="3626778" TransAmt="10.00" TransDate="2021-05-01" TransDesc="Resident Liability Compliance Fee (05/2021)" TransName="RESIDENTLIABILITYFEE" TransactionBatchID="1619538293374"/>
    <Transaction CatCode="C" FiscalPeriodEnd="N" LeaID="63238" ReshID="52613" SiteID="3626778" TransAmt="10.00" TransDate="2021-05-01" TransDesc="Resident Liability Compliance Fee (05/2021)" TransName="RESIDENTLIABILITYFEE" TransactionBatchID="1619538293375"/>
    <Transaction CatCode="C" FiscalPeriodEnd="N" LeaID="63225" ReshID="52606" SiteID="3626778" TransAmt="10.00" TransDate="2021-05-01" TransDesc="Resident Liability Compliance Fee (05/2021)" TransName="RESIDENTLIABILITYFEE" TransactionBatchID="1619538293376"/>
    <Transaction CatCode="C" FiscalPeriodEnd="N" LeaID="63253" ReshID="52619" SiteID="3626778" TransAmt="10.00" TransDate="2021-05-01" TransDesc="Resident Liability Compliance Fee (05/2021)" TransName="RESIDENTLIABILITYFEE" TransactionBatchID="1619538293377"/>
    <Transaction CatCode="C" FiscalPeriodEnd="N" LeaID="63258" ReshID="52620" SiteID="3626778" TransAmt="10.00" TransDate="2021-05-01" TransDesc="Resident Liability Compliance Fee (05/2021)" TransName="RESIDENTLIABILITYFEE" TransactionBatchID="1619538293378"/>
    <Transaction CatCode="C" FiscalPeriodEnd="N" LeaID="63249" ReshID="52617" SiteID="3626778" TransAmt="10.00" TransDate="2021-05-01" TransDesc="Resident Liability Compliance Fee (05/2021)" TransName="RESIDENTLIABILITYFEE" TransactionBatchID="1619538293379"/>
    <Transaction CatCode="C" FiscalPeriodEnd="N" LeaID="63316" ReshID="52651" SiteID="3626778" TransAmt="10.00" TransDate="2021-05-01" TransDesc="Resident Liability Compliance Fee (05/2021)" TransName="RESIDENTLIABILITYFEE" TransactionBatchID="1619538293380"/>
    <Transaction CatCode="C" FiscalPeriodEnd="N" LeaID="63317" ReshID="52652" SiteID="3626778" TransAmt="10.00" TransDate="2021-05-01" TransDesc="Resident Liability Compliance Fee (05/2021)" TransName="RESIDENTLIABILITYFEE" TransactionBatchID="1619538293381"/>
    <Transaction CatCode="C" FiscalPeriodEnd="N" LeaID="63320" ReshID="52654" SiteID="3626778" TransAmt="10.00" TransDate="2021-05-01" TransDesc="Resident Liability Compliance Fee (05/2021)" TransName="RESIDENTLIABILITYFEE" TransactionBatchID="1619538293382"/>
    <Transaction CatCode="C" FiscalPeriodEnd="N" LeaID="63312" ReshID="52650" SiteID="3626778" TransAmt="10.00" TransDate="2021-05-01" TransDesc="Resident Liability Compliance Fee (05/2021)" TransName="RESIDENTLIABILITYFEE" TransactionBatchID="1619538293383"/>
    <Transaction CatCode="C" FiscalPeriodEnd="N" LeaID="63334" ReshID="52660" SiteID="3626778" TransAmt="10.00" TransDate="2021-05-01" TransDesc="Resident Liability Compliance Fee (05/2021)" TransName="RESIDENTLIABILITYFEE" TransactionBatchID="1619538293384"/>
    <Transaction CatCode="C" FiscalPeriodEnd="N" LeaID="63344" ReshID="52669" SiteID="3626778" TransAmt="10.00" TransDate="2021-05-01" TransDesc="Resident Liability Compliance Fee (05/2021)" TransName="RESIDENTLIABILITYFEE" TransactionBatchID="1619538293385"/>
    <Transaction CatCode="C" FiscalPeriodEnd="N" LeaID="63333" ReshID="52659" SiteID="3626778" TransAmt="10.00" TransDate="2021-05-01" TransDesc="Resident Liability Compliance Fee (05/2021)" TransName="RESIDENTLIABILITYFEE" TransactionBatchID="1619538293386"/>
</TransactionList>
