<TransactionList>
    <Validation>
        <Audit Count="71" Node="Transaction" Sum="710.00"/>
    </Validation>
    <Transaction CatCode="C" FiscalPeriodEnd="N" LeaID="51749" ReshID="424" SiteID="3629952" TransAmt="10.00" TransDate="2021-05-01" TransDesc="Resident Liability Compliance Fee (05/2021)" TransName="RESIDENTLIABILITYFEE" TransactionBatchID="1619538297778"/>
    <Transaction CatCode="C" FiscalPeriodEnd="N" LeaID="41531" ReshID="449" SiteID="3629952" TransAmt="10.00" TransDate="2021-05-01" TransDesc="Resident Liability Compliance Fee (05/2021)" TransName="RESIDENTLIABILITYFEE" TransactionBatchID="1619538297779"/>
    <Transaction CatCode="C" FiscalPeriodEnd="N" LeaID="51674" ReshID="10577" SiteID="3629952" TransAmt="10.00" TransDate="2021-05-01" TransDesc="Resident Liability Compliance Fee (05/2021)" TransName="RESIDENTLIABILITYFEE" TransactionBatchID="1619538297780"/>
    <Transaction CatCode="C" FiscalPeriodEnd="N" LeaID="51764" ReshID="10619" SiteID="3629952" TransAmt="10.00" TransDate="2021-05-01" TransDesc="Resident Liability Compliance Fee (05/2021)" TransName="RESIDENTLIABILITYFEE" TransactionBatchID="1619538297781"/>
    <Transaction CatCode="C" FiscalPeriodEnd="N" LeaID="51703" ReshID="10622" SiteID="3629952" TransAmt="10.00" TransDate="2021-05-01" TransDesc="Resident Liability Compliance Fee (05/2021)" TransName="RESIDENTLIABILITYFEE" TransactionBatchID="1619538297782"/>
    <Transaction CatCode="C" FiscalPeriodEnd="N" LeaID="51706" ReshID="10681" SiteID="3629952" TransAmt="10.00" TransDate="2021-05-01" TransDesc="Resident Liability Compliance Fee (05/2021)" TransName="RESIDENTLIABILITYFEE" TransactionBatchID="1619538297783"/>
    <Transaction CatCode="C" FiscalPeriodEnd="N" LeaID="51659" ReshID="20729" SiteID="3629952" TransAmt="10.00" TransDate="2021-05-01" TransDesc="Resident Liability Compliance Fee (05/2021)" TransName="RESIDENTLIABILITYFEE" TransactionBatchID="1619538297784"/>
    <Transaction CatCode="C" FiscalPeriodEnd="N" LeaID="51666" ReshID="20732" SiteID="3629952" TransAmt="10.00" TransDate="2021-05-01" TransDesc="Resident Liability Compliance Fee (05/2021)" TransName="RESIDENTLIABILITYFEE" TransactionBatchID="1619538297785"/>
    <Transaction CatCode="C" FiscalPeriodEnd="N" LeaID="51624" ReshID="30764" SiteID="3629952" TransAmt="10.00" TransDate="2021-05-01" TransDesc="Resident Liability Compliance Fee (05/2021)" TransName="RESIDENTLIABILITYFEE" TransactionBatchID="1619538297786"/>
    <Transaction CatCode="C" FiscalPeriodEnd="N" LeaID="51618" ReshID="30783" SiteID="3629952" TransAmt="10.00" TransDate="2021-05-01" TransDesc="Resident Liability Compliance Fee (05/2021)" TransName="RESIDENTLIABILITYFEE" TransactionBatchID="1619538297787"/>
    <Transaction CatCode="C" FiscalPeriodEnd="N" LeaID="51780" ReshID="30787" SiteID="3629952" TransAmt="10.00" TransDate="2021-05-01" TransDesc="Resident Liability Compliance Fee (05/2021)" TransName="RESIDENTLIABILITYFEE" TransactionBatchID="1619538297788"/>
    <Transaction CatCode="C" FiscalPeriodEnd="N" LeaID="51765" ReshID="30803" SiteID="3629952" TransAmt="10.00" TransDate="2021-05-01" TransDesc="Resident Liability Compliance Fee (05/2021)" TransName="RESIDENTLIABILITYFEE" TransactionBatchID="1619538297789"/>
    <Transaction CatCode="C" FiscalPeriodEnd="N" LeaID="51801" ReshID="30824" SiteID="3629952" TransAmt="10.00" TransDate="2021-05-01" TransDesc="Resident Liability Compliance Fee (05/2021)" TransName="RESIDENTLIABILITYFEE" TransactionBatchID="1619538297790"/>
    <Transaction CatCode="C" FiscalPeriodEnd="N" LeaID="41527" ReshID="30837" SiteID="3629952" TransAmt="10.00" TransDate="2021-05-01" TransDesc="Resident Liability Compliance Fee (05/2021)" TransName="RESIDENTLIABILITYFEE" TransactionBatchID="1619538297791"/>
    <Transaction CatCode="C" FiscalPeriodEnd="N" LeaID="41515" ReshID="30841" SiteID="3629952" TransAmt="10.00" TransDate="2021-05-01" TransDesc="Resident Liability Compliance Fee (05/2021)" TransName="RESIDENTLIABILITYFEE" TransactionBatchID="1619538297792"/>
    <Transaction CatCode="C" FiscalPeriodEnd="N" LeaID="51671" ReshID="30881" SiteID="3629952" TransAmt="10.00" TransDate="2021-05-01" TransDesc="Resident Liability Compliance Fee (05/2021)" TransName="RESIDENTLIABILITYFEE" TransactionBatchID="1619538297793"/>
    <Transaction CatCode="C" FiscalPeriodEnd="N" LeaID="51692" ReshID="30904" SiteID="3629952" TransAmt="10.00" TransDate="2021-05-01" TransDesc="Resident Liability Compliance Fee (05/2021)" TransName="RESIDENTLIABILITYFEE" TransactionBatchID="1619538297794"/>
    <Transaction CatCode="C" FiscalPeriodEnd="N" LeaID="51652" ReshID="30909" SiteID="3629952" TransAmt="10.00" TransDate="2021-05-01" TransDesc="Resident Liability Compliance Fee (05/2021)" TransName="RESIDENTLIABILITYFEE" TransactionBatchID="1619538297795"/>
    <Transaction CatCode="C" FiscalPeriodEnd="N" LeaID="41534" ReshID="30914" SiteID="3629952" TransAmt="10.00" TransDate="2021-05-01" TransDesc="Resident Liability Compliance Fee (05/2021)" TransName="RESIDENTLIABILITYFEE" TransactionBatchID="1619538297796"/>
    <Transaction CatCode="C" FiscalPeriodEnd="N" LeaID="51722" ReshID="30936" SiteID="3629952" TransAmt="10.00" TransDate="2021-05-01" TransDesc="Resident Liability Compliance Fee (05/2021)" TransName="RESIDENTLIABILITYFEE" TransactionBatchID="1619538297797"/>
    <Transaction CatCode="C" FiscalPeriodEnd="N" LeaID="51712" ReshID="30957" SiteID="3629952" TransAmt="10.00" TransDate="2021-05-01" TransDesc="Resident Liability Compliance Fee (05/2021)" TransName="RESIDENTLIABILITYFEE" TransactionBatchID="1619538297798"/>
    <Transaction CatCode="C" FiscalPeriodEnd="N" LeaID="41494" ReshID="30961" SiteID="3629952" TransAmt="10.00" TransDate="2021-05-01" TransDesc="Resident Liability Compliance Fee (05/2021)" TransName="RESIDENTLIABILITYFEE" TransactionBatchID="1619538297799"/>
    <Transaction CatCode="C" FiscalPeriodEnd="N" LeaID="41496" ReshID="30975" SiteID="3629952" TransAmt="10.00" TransDate="2021-05-01" TransDesc="Resident Liability Compliance Fee (05/2021)" TransName="RESIDENTLIABILITYFEE" TransactionBatchID="1619538297800"/>
    <Transaction CatCode="C" FiscalPeriodEnd="N" LeaID="41550" ReshID="30978" SiteID="3629952" TransAmt="10.00" TransDate="2021-05-01" TransDesc="Resident Liability Compliance Fee (05/2021)" TransName="RESIDENTLIABILITYFEE" TransactionBatchID="1619538297801"/>
    <Transaction CatCode="C" FiscalPeriodEnd="N" LeaID="41549" ReshID="30980" SiteID="3629952" TransAmt="10.00" TransDate="2021-05-01" TransDesc="Resident Liability Compliance Fee (05/2021)" TransName="RESIDENTLIABILITYFEE" TransactionBatchID="1619538297802"/>
    <Transaction CatCode="C" FiscalPeriodEnd="N" LeaID="41532" ReshID="30984" SiteID="3629952" TransAmt="10.00" TransDate="2021-05-01" TransDesc="Resident Liability Compliance Fee (05/2021)" TransName="RESIDENTLIABILITYFEE" TransactionBatchID="1619538297803"/>
    <Transaction CatCode="C" FiscalPeriodEnd="N" LeaID="51562" ReshID="30995" SiteID="3629952" TransAmt="10.00" TransDate="2021-05-01" TransDesc="Resident Liability Compliance Fee (05/2021)" TransName="RESIDENTLIABILITYFEE" TransactionBatchID="1619538297804"/>
    <Transaction CatCode="C" FiscalPeriodEnd="N" LeaID="51567" ReshID="30997" SiteID="3629952" TransAmt="10.00" TransDate="2021-05-01" TransDesc="Resident Liability Compliance Fee (05/2021)" TransName="RESIDENTLIABILITYFEE" TransactionBatchID="1619538297805"/>
    <Transaction CatCode="C" FiscalPeriodEnd="N" LeaID="51594" ReshID="30998" SiteID="3629952" TransAmt="10.00" TransDate="2021-05-01" TransDesc="Resident Liability Compliance Fee (05/2021)" TransName="RESIDENTLIABILITYFEE" TransactionBatchID="1619538297806"/>
    <Transaction CatCode="C" FiscalPeriodEnd="N" LeaID="51745" ReshID="31001" SiteID="3629952" TransAmt="10.00" TransDate="2021-05-01" TransDesc="Resident Liability Compliance Fee (05/2021)" TransName="RESIDENTLIABILITYFEE" TransactionBatchID="1619538297807"/>
    <Transaction CatCode="C" FiscalPeriodEnd="N" LeaID="51641" ReshID="31015" SiteID="3629952" TransAmt="10.00" TransDate="2021-05-01" TransDesc="Resident Liability Compliance Fee (05/2021)" TransName="RESIDENTLIABILITYFEE" TransactionBatchID="1619538297808"/>
    <Transaction CatCode="C" FiscalPeriodEnd="N" LeaID="51651" ReshID="31028" SiteID="3629952" TransAmt="10.00" TransDate="2021-05-01" TransDesc="Resident Liability Compliance Fee (05/2021)" TransName="RESIDENTLIABILITYFEE" TransactionBatchID="1619538297809"/>
    <Transaction CatCode="C" FiscalPeriodEnd="N" LeaID="51628" ReshID="31038" SiteID="3629952" TransAmt="10.00" TransDate="2021-05-01" TransDesc="Resident Liability Compliance Fee (05/2021)" TransName="RESIDENTLIABILITYFEE" TransactionBatchID="1619538297810"/>
    <Transaction CatCode="C" FiscalPeriodEnd="N" LeaID="51646" ReshID="31037" SiteID="3629952" TransAmt="10.00" TransDate="2021-05-01" TransDesc="Resident Liability Compliance Fee (05/2021)" TransName="RESIDENTLIABILITYFEE" TransactionBatchID="1619538297811"/>
    <Transaction CatCode="C" FiscalPeriodEnd="N" LeaID="41554" ReshID="31042" SiteID="3629952" TransAmt="10.00" TransDate="2021-05-01" TransDesc="Resident Liability Compliance Fee (05/2021)" TransName="RESIDENTLIABILITYFEE" TransactionBatchID="1619538297812"/>
    <Transaction CatCode="C" FiscalPeriodEnd="N" LeaID="51719" ReshID="31040" SiteID="3629952" TransAmt="10.00" TransDate="2021-05-01" TransDesc="Resident Liability Compliance Fee (05/2021)" TransName="RESIDENTLIABILITYFEE" TransactionBatchID="1619538297813"/>
    <Transaction CatCode="C" FiscalPeriodEnd="N" LeaID="51667" ReshID="31033" SiteID="3629952" TransAmt="10.00" TransDate="2021-05-01" TransDesc="Resident Liability Compliance Fee (05/2021)" TransName="RESIDENTLIABILITYFEE" TransactionBatchID="1619538297814"/>
    <Transaction CatCode="C" FiscalPeriodEnd="N" LeaID="51694" ReshID="31054" SiteID="3629952" TransAmt="10.00" TransDate="2021-05-01" TransDesc="Resident Liability Compliance Fee (05/2021)" TransName="RESIDENTLIABILITYFEE" TransactionBatchID="1619538297815"/>
    <Transaction CatCode="C" FiscalPeriodEnd="N" LeaID="51697" ReshID="31053" SiteID="3629952" TransAmt="10.00" TransDate="2021-05-01" TransDesc="Resident Liability Compliance Fee (05/2021)" TransName="RESIDENTLIABILITYFEE" TransactionBatchID="1619538297816"/>
    <Transaction CatCode="C" FiscalPeriodEnd="N" LeaID="51716" ReshID="31062" SiteID="3629952" TransAmt="10.00" TransDate="2021-05-01" TransDesc="Resident Liability Compliance Fee (05/2021)" TransName="RESIDENTLIABILITYFEE" TransactionBatchID="1619538297817"/>
    <Transaction CatCode="C" FiscalPeriodEnd="N" LeaID="51720" ReshID="31063" SiteID="3629952" TransAmt="10.00" TransDate="2021-05-01" TransDesc="Resident Liability Compliance Fee (05/2021)" TransName="RESIDENTLIABILITYFEE" TransactionBatchID="1619538297818"/>
    <Transaction CatCode="C" FiscalPeriodEnd="N" LeaID="51741" ReshID="31069" SiteID="3629952" TransAmt="10.00" TransDate="2021-05-01" TransDesc="Resident Liability Compliance Fee (05/2021)" TransName="RESIDENTLIABILITYFEE" TransactionBatchID="1619538297819"/>
    <Transaction CatCode="C" FiscalPeriodEnd="N" LeaID="41497" ReshID="31081" SiteID="3629952" TransAmt="10.00" TransDate="2021-05-01" TransDesc="Resident Liability Compliance Fee (05/2021)" TransName="RESIDENTLIABILITYFEE" TransactionBatchID="1619538297820"/>
    <Transaction CatCode="C" FiscalPeriodEnd="N" LeaID="51751" ReshID="31088" SiteID="3629952" TransAmt="10.00" TransDate="2021-05-01" TransDesc="Resident Liability Compliance Fee (05/2021)" TransName="RESIDENTLIABILITYFEE" TransactionBatchID="1619538297821"/>
    <Transaction CatCode="C" FiscalPeriodEnd="N" LeaID="41513" ReshID="31092" SiteID="3629952" TransAmt="10.00" TransDate="2021-05-01" TransDesc="Resident Liability Compliance Fee (05/2021)" TransName="RESIDENTLIABILITYFEE" TransactionBatchID="1619538297822"/>
    <Transaction CatCode="C" FiscalPeriodEnd="N" LeaID="51559" ReshID="31121" SiteID="3629952" TransAmt="10.00" TransDate="2021-05-01" TransDesc="Resident Liability Compliance Fee (05/2021)" TransName="RESIDENTLIABILITYFEE" TransactionBatchID="1619538297823"/>
    <Transaction CatCode="C" FiscalPeriodEnd="N" LeaID="51604" ReshID="31149" SiteID="3629952" TransAmt="10.00" TransDate="2021-05-01" TransDesc="Resident Liability Compliance Fee (05/2021)" TransName="RESIDENTLIABILITYFEE" TransactionBatchID="1619538297824"/>
    <Transaction CatCode="C" FiscalPeriodEnd="N" LeaID="51605" ReshID="31150" SiteID="3629952" TransAmt="10.00" TransDate="2021-05-01" TransDesc="Resident Liability Compliance Fee (05/2021)" TransName="RESIDENTLIABILITYFEE" TransactionBatchID="1619538297825"/>
    <Transaction CatCode="C" FiscalPeriodEnd="N" LeaID="51595" ReshID="31141" SiteID="3629952" TransAmt="10.00" TransDate="2021-05-01" TransDesc="Resident Liability Compliance Fee (05/2021)" TransName="RESIDENTLIABILITYFEE" TransactionBatchID="1619538297826"/>
    <Transaction CatCode="C" FiscalPeriodEnd="N" LeaID="51614" ReshID="31157" SiteID="3629952" TransAmt="10.00" TransDate="2021-05-01" TransDesc="Resident Liability Compliance Fee (05/2021)" TransName="RESIDENTLIABILITYFEE" TransactionBatchID="1619538297827"/>
    <Transaction CatCode="C" FiscalPeriodEnd="N" LeaID="51574" ReshID="31129" SiteID="3629952" TransAmt="10.00" TransDate="2021-05-01" TransDesc="Resident Liability Compliance Fee (05/2021)" TransName="RESIDENTLIABILITYFEE" TransactionBatchID="1619538297828"/>
    <Transaction CatCode="C" FiscalPeriodEnd="N" LeaID="51602" ReshID="31147" SiteID="3629952" TransAmt="10.00" TransDate="2021-05-01" TransDesc="Resident Liability Compliance Fee (05/2021)" TransName="RESIDENTLIABILITYFEE" TransactionBatchID="1619538297829"/>
    <Transaction CatCode="C" FiscalPeriodEnd="N" LeaID="51656" ReshID="31182" SiteID="3629952" TransAmt="10.00" TransDate="2021-05-01" TransDesc="Resident Liability Compliance Fee (05/2021)" TransName="RESIDENTLIABILITYFEE" TransactionBatchID="1619538297830"/>
    <Transaction CatCode="C" FiscalPeriodEnd="N" LeaID="51655" ReshID="31181" SiteID="3629952" TransAmt="10.00" TransDate="2021-05-01" TransDesc="Resident Liability Compliance Fee (05/2021)" TransName="RESIDENTLIABILITYFEE" TransactionBatchID="1619538297831"/>
    <Transaction CatCode="C" FiscalPeriodEnd="N" LeaID="51658" ReshID="31184" SiteID="3629952" TransAmt="10.00" TransDate="2021-05-01" TransDesc="Resident Liability Compliance Fee (05/2021)" TransName="RESIDENTLIABILITYFEE" TransactionBatchID="1619538297832"/>
    <Transaction CatCode="C" FiscalPeriodEnd="N" LeaID="51759" ReshID="31193" SiteID="3629952" TransAmt="10.00" TransDate="2021-05-01" TransDesc="Resident Liability Compliance Fee (05/2021)" TransName="RESIDENTLIABILITYFEE" TransactionBatchID="1619538297833"/>
    <Transaction CatCode="C" FiscalPeriodEnd="N" LeaID="51684" ReshID="31196" SiteID="3629952" TransAmt="10.00" TransDate="2021-05-01" TransDesc="Resident Liability Compliance Fee (05/2021)" TransName="RESIDENTLIABILITYFEE" TransactionBatchID="1619538297834"/>
    <Transaction CatCode="C" FiscalPeriodEnd="N" LeaID="51696" ReshID="31199" SiteID="3629952" TransAmt="10.00" TransDate="2021-05-01" TransDesc="Resident Liability Compliance Fee (05/2021)" TransName="RESIDENTLIABILITYFEE" TransactionBatchID="1619538297835"/>
    <Transaction CatCode="C" FiscalPeriodEnd="N" LeaID="51713" ReshID="31206" SiteID="3629952" TransAmt="10.00" TransDate="2021-05-01" TransDesc="Resident Liability Compliance Fee (05/2021)" TransName="RESIDENTLIABILITYFEE" TransactionBatchID="1619538297836"/>
    <Transaction CatCode="C" FiscalPeriodEnd="N" LeaID="51757" ReshID="31070" SiteID="3629952" TransAmt="10.00" TransDate="2021-05-01" TransDesc="Resident Liability Compliance Fee (05/2021)" TransName="RESIDENTLIABILITYFEE" TransactionBatchID="1619538297837"/>
    <Transaction CatCode="C" FiscalPeriodEnd="N" LeaID="51747" ReshID="31211" SiteID="3629952" TransAmt="10.00" TransDate="2021-05-01" TransDesc="Resident Liability Compliance Fee (05/2021)" TransName="RESIDENTLIABILITYFEE" TransactionBatchID="1619538297838"/>
    <Transaction CatCode="C" FiscalPeriodEnd="N" LeaID="51744" ReshID="31218" SiteID="3629952" TransAmt="10.00" TransDate="2021-05-01" TransDesc="Resident Liability Compliance Fee (05/2021)" TransName="RESIDENTLIABILITYFEE" TransactionBatchID="1619538297839"/>
    <Transaction CatCode="C" FiscalPeriodEnd="N" LeaID="51740" ReshID="31216" SiteID="3629952" TransAmt="10.00" TransDate="2021-05-01" TransDesc="Resident Liability Compliance Fee (05/2021)" TransName="RESIDENTLIABILITYFEE" TransactionBatchID="1619538297840"/>
    <Transaction CatCode="C" FiscalPeriodEnd="N" LeaID="51755" ReshID="31224" SiteID="3629952" TransAmt="10.00" TransDate="2021-05-01" TransDesc="Resident Liability Compliance Fee (05/2021)" TransName="RESIDENTLIABILITYFEE" TransactionBatchID="1619538297841"/>
    <Transaction CatCode="C" FiscalPeriodEnd="N" LeaID="51763" ReshID="31229" SiteID="3629952" TransAmt="10.00" TransDate="2021-05-01" TransDesc="Resident Liability Compliance Fee (05/2021)" TransName="RESIDENTLIABILITYFEE" TransactionBatchID="1619538297842"/>
    <Transaction CatCode="C" FiscalPeriodEnd="N" LeaID="51791" ReshID="31245" SiteID="3629952" TransAmt="10.00" TransDate="2021-05-01" TransDesc="Resident Liability Compliance Fee (05/2021)" TransName="RESIDENTLIABILITYFEE" TransactionBatchID="1619538297843"/>
    <Transaction CatCode="C" FiscalPeriodEnd="N" LeaID="51778" ReshID="31236" SiteID="3629952" TransAmt="10.00" TransDate="2021-05-01" TransDesc="Resident Liability Compliance Fee (05/2021)" TransName="RESIDENTLIABILITYFEE" TransactionBatchID="1619538297844"/>
    <Transaction CatCode="C" FiscalPeriodEnd="N" LeaID="51794" ReshID="31248" SiteID="3629952" TransAmt="10.00" TransDate="2021-05-01" TransDesc="Resident Liability Compliance Fee (05/2021)" TransName="RESIDENTLIABILITYFEE" TransactionBatchID="1619538297845"/>
    <Transaction CatCode="C" FiscalPeriodEnd="N" LeaID="51808" ReshID="31258" SiteID="3629952" TransAmt="10.00" TransDate="2021-05-01" TransDesc="Resident Liability Compliance Fee (05/2021)" TransName="RESIDENTLIABILITYFEE" TransactionBatchID="1619538297846"/>
    <Transaction CatCode="C" FiscalPeriodEnd="N" LeaID="51809" ReshID="31259" SiteID="3629952" TransAmt="10.00" TransDate="2021-05-01" TransDesc="Resident Liability Compliance Fee (05/2021)" TransName="RESIDENTLIABILITYFEE" TransactionBatchID="1619538297847"/>
    <Transaction CatCode="C" FiscalPeriodEnd="N" LeaID="51812" ReshID="31261" SiteID="3629952" TransAmt="10.00" TransDate="2021-05-01" TransDesc="Resident Liability Compliance Fee (05/2021)" TransName="RESIDENTLIABILITYFEE" TransactionBatchID="1619538297848"/>
</TransactionList>
