<TransactionList>
    <Validation>
        <Audit Count="349" Node="Transaction" Sum="3490.00"/>
    </Validation>
    <Transaction CatCode="C" FiscalPeriodEnd="N" LeaID="135872" ReshID="15" SiteID="3631539" TransAmt="10.00" TransDate="2021-05-01" TransDesc="Resident Liability Compliance Fee (05/2021)" TransName="RESIDENTLIABILITYFEE" TransactionBatchID="1619538294131"/>
    <Transaction CatCode="C" FiscalPeriodEnd="N" LeaID="114922" ReshID="26" SiteID="3631539" TransAmt="10.00" TransDate="2021-05-01" TransDesc="Resident Liability Compliance Fee (05/2021)" TransName="RESIDENTLIABILITYFEE" TransactionBatchID="1619538294132"/>
    <Transaction CatCode="C" FiscalPeriodEnd="N" LeaID="125471" ReshID="27" SiteID="3631539" TransAmt="10.00" TransDate="2021-05-01" TransDesc="Resident Liability Compliance Fee (05/2021)" TransName="RESIDENTLIABILITYFEE" TransactionBatchID="1619538294133"/>
    <Transaction CatCode="C" FiscalPeriodEnd="N" LeaID="114910" ReshID="36" SiteID="3631539" TransAmt="10.00" TransDate="2021-05-01" TransDesc="Resident Liability Compliance Fee (05/2021)" TransName="RESIDENTLIABILITYFEE" TransactionBatchID="1619538294134"/>
    <Transaction CatCode="C" FiscalPeriodEnd="N" LeaID="125283" ReshID="42" SiteID="3631539" TransAmt="10.00" TransDate="2021-05-01" TransDesc="Resident Liability Compliance Fee (05/2021)" TransName="RESIDENTLIABILITYFEE" TransactionBatchID="1619538294135"/>
    <Transaction CatCode="C" FiscalPeriodEnd="N" LeaID="125463" ReshID="47" SiteID="3631539" TransAmt="10.00" TransDate="2021-05-01" TransDesc="Resident Liability Compliance Fee (05/2021)" TransName="RESIDENTLIABILITYFEE" TransactionBatchID="1619538294136"/>
    <Transaction CatCode="C" FiscalPeriodEnd="N" LeaID="125492" ReshID="54" SiteID="3631539" TransAmt="10.00" TransDate="2021-05-01" TransDesc="Resident Liability Compliance Fee (05/2021)" TransName="RESIDENTLIABILITYFEE" TransactionBatchID="1619538294137"/>
    <Transaction CatCode="C" FiscalPeriodEnd="N" LeaID="125568" ReshID="63" SiteID="3631539" TransAmt="10.00" TransDate="2021-05-01" TransDesc="Resident Liability Compliance Fee (05/2021)" TransName="RESIDENTLIABILITYFEE" TransactionBatchID="1619538294138"/>
    <Transaction CatCode="C" FiscalPeriodEnd="N" LeaID="125203" ReshID="76" SiteID="3631539" TransAmt="10.00" TransDate="2021-05-01" TransDesc="Resident Liability Compliance Fee (05/2021)" TransName="RESIDENTLIABILITYFEE" TransactionBatchID="1619538294139"/>
    <Transaction CatCode="C" FiscalPeriodEnd="N" LeaID="125599" ReshID="88" SiteID="3631539" TransAmt="10.00" TransDate="2021-05-01" TransDesc="Resident Liability Compliance Fee (05/2021)" TransName="RESIDENTLIABILITYFEE" TransactionBatchID="1619538294140"/>
    <Transaction CatCode="C" FiscalPeriodEnd="N" LeaID="135793" ReshID="106" SiteID="3631539" TransAmt="10.00" TransDate="2021-05-01" TransDesc="Resident Liability Compliance Fee (05/2021)" TransName="RESIDENTLIABILITYFEE" TransactionBatchID="1619538294141"/>
    <Transaction CatCode="C" FiscalPeriodEnd="N" LeaID="125327" ReshID="140" SiteID="3631539" TransAmt="10.00" TransDate="2021-05-01" TransDesc="Resident Liability Compliance Fee (05/2021)" TransName="RESIDENTLIABILITYFEE" TransactionBatchID="1619538294142"/>
    <Transaction CatCode="C" FiscalPeriodEnd="N" LeaID="125171" ReshID="171" SiteID="3631539" TransAmt="10.00" TransDate="2021-05-01" TransDesc="Resident Liability Compliance Fee (05/2021)" TransName="RESIDENTLIABILITYFEE" TransactionBatchID="1619538294143"/>
    <Transaction CatCode="C" FiscalPeriodEnd="N" LeaID="114967" ReshID="172" SiteID="3631539" TransAmt="10.00" TransDate="2021-05-01" TransDesc="Resident Liability Compliance Fee (05/2021)" TransName="RESIDENTLIABILITYFEE" TransactionBatchID="1619538294144"/>
    <Transaction CatCode="C" FiscalPeriodEnd="N" LeaID="125498" ReshID="220" SiteID="3631539" TransAmt="10.00" TransDate="2021-05-01" TransDesc="Resident Liability Compliance Fee (05/2021)" TransName="RESIDENTLIABILITYFEE" TransactionBatchID="1619538294145"/>
    <Transaction CatCode="C" FiscalPeriodEnd="N" LeaID="114875" ReshID="233" SiteID="3631539" TransAmt="10.00" TransDate="2021-05-01" TransDesc="Resident Liability Compliance Fee (05/2021)" TransName="RESIDENTLIABILITYFEE" TransactionBatchID="1619538294146"/>
    <Transaction CatCode="C" FiscalPeriodEnd="N" LeaID="125288" ReshID="245" SiteID="3631539" TransAmt="10.00" TransDate="2021-05-01" TransDesc="Resident Liability Compliance Fee (05/2021)" TransName="RESIDENTLIABILITYFEE" TransactionBatchID="1619538294147"/>
    <Transaction CatCode="C" FiscalPeriodEnd="N" LeaID="125335" ReshID="256" SiteID="3631539" TransAmt="10.00" TransDate="2021-05-01" TransDesc="Resident Liability Compliance Fee (05/2021)" TransName="RESIDENTLIABILITYFEE" TransactionBatchID="1619538294148"/>
    <Transaction CatCode="C" FiscalPeriodEnd="N" LeaID="125201" ReshID="296" SiteID="3631539" TransAmt="10.00" TransDate="2021-05-01" TransDesc="Resident Liability Compliance Fee (05/2021)" TransName="RESIDENTLIABILITYFEE" TransactionBatchID="1619538294149"/>
    <Transaction CatCode="C" FiscalPeriodEnd="N" LeaID="115024" ReshID="328" SiteID="3631539" TransAmt="10.00" TransDate="2021-05-01" TransDesc="Resident Liability Compliance Fee (05/2021)" TransName="RESIDENTLIABILITYFEE" TransactionBatchID="1619538294150"/>
    <Transaction CatCode="C" FiscalPeriodEnd="N" LeaID="11143" ReshID="407" SiteID="3631539" TransAmt="10.00" TransDate="2021-05-01" TransDesc="Resident Liability Compliance Fee (05/2021)" TransName="RESIDENTLIABILITYFEE" TransactionBatchID="1619538294151"/>
    <Transaction CatCode="C" FiscalPeriodEnd="N" LeaID="114834" ReshID="440" SiteID="3631539" TransAmt="10.00" TransDate="2021-05-01" TransDesc="Resident Liability Compliance Fee (05/2021)" TransName="RESIDENTLIABILITYFEE" TransactionBatchID="1619538294152"/>
    <Transaction CatCode="C" FiscalPeriodEnd="N" LeaID="114946" ReshID="450" SiteID="3631539" TransAmt="10.00" TransDate="2021-05-01" TransDesc="Resident Liability Compliance Fee (05/2021)" TransName="RESIDENTLIABILITYFEE" TransactionBatchID="1619538294153"/>
    <Transaction CatCode="C" FiscalPeriodEnd="N" LeaID="115058" ReshID="480" SiteID="3631539" TransAmt="10.00" TransDate="2021-05-01" TransDesc="Resident Liability Compliance Fee (05/2021)" TransName="RESIDENTLIABILITYFEE" TransactionBatchID="1619538294154"/>
    <Transaction CatCode="C" FiscalPeriodEnd="N" LeaID="125170" ReshID="560" SiteID="3631539" TransAmt="10.00" TransDate="2021-05-01" TransDesc="Resident Liability Compliance Fee (05/2021)" TransName="RESIDENTLIABILITYFEE" TransactionBatchID="1619538294155"/>
    <Transaction CatCode="C" FiscalPeriodEnd="N" LeaID="135885" ReshID="566" SiteID="3631539" TransAmt="10.00" TransDate="2021-05-01" TransDesc="Resident Liability Compliance Fee (05/2021)" TransName="RESIDENTLIABILITYFEE" TransactionBatchID="1619538294156"/>
    <Transaction CatCode="C" FiscalPeriodEnd="N" LeaID="125237" ReshID="590" SiteID="3631539" TransAmt="10.00" TransDate="2021-05-01" TransDesc="Resident Liability Compliance Fee (05/2021)" TransName="RESIDENTLIABILITYFEE" TransactionBatchID="1619538294157"/>
    <Transaction CatCode="C" FiscalPeriodEnd="N" LeaID="125296" ReshID="604" SiteID="3631539" TransAmt="10.00" TransDate="2021-05-01" TransDesc="Resident Liability Compliance Fee (05/2021)" TransName="RESIDENTLIABILITYFEE" TransactionBatchID="1619538294158"/>
    <Transaction CatCode="C" FiscalPeriodEnd="N" LeaID="125451" ReshID="672" SiteID="3631539" TransAmt="10.00" TransDate="2021-05-01" TransDesc="Resident Liability Compliance Fee (05/2021)" TransName="RESIDENTLIABILITYFEE" TransactionBatchID="1619538294159"/>
    <Transaction CatCode="C" FiscalPeriodEnd="N" LeaID="125446" ReshID="726" SiteID="3631539" TransAmt="10.00" TransDate="2021-05-01" TransDesc="Resident Liability Compliance Fee (05/2021)" TransName="RESIDENTLIABILITYFEE" TransactionBatchID="1619538294160"/>
    <Transaction CatCode="C" FiscalPeriodEnd="N" LeaID="125578" ReshID="883" SiteID="3631539" TransAmt="10.00" TransDate="2021-05-01" TransDesc="Resident Liability Compliance Fee (05/2021)" TransName="RESIDENTLIABILITYFEE" TransactionBatchID="1619538294161"/>
    <Transaction CatCode="C" FiscalPeriodEnd="N" LeaID="115077" ReshID="893" SiteID="3631539" TransAmt="10.00" TransDate="2021-05-01" TransDesc="Resident Liability Compliance Fee (05/2021)" TransName="RESIDENTLIABILITYFEE" TransactionBatchID="1619538294162"/>
    <Transaction CatCode="C" FiscalPeriodEnd="N" LeaID="115011" ReshID="949" SiteID="3631539" TransAmt="10.00" TransDate="2021-05-01" TransDesc="Resident Liability Compliance Fee (05/2021)" TransName="RESIDENTLIABILITYFEE" TransactionBatchID="1619538294163"/>
    <Transaction CatCode="C" FiscalPeriodEnd="N" LeaID="135865" ReshID="968" SiteID="3631539" TransAmt="10.00" TransDate="2021-05-01" TransDesc="Resident Liability Compliance Fee (05/2021)" TransName="RESIDENTLIABILITYFEE" TransactionBatchID="1619538294164"/>
    <Transaction CatCode="C" FiscalPeriodEnd="N" LeaID="115079" ReshID="11053" SiteID="3631539" TransAmt="10.00" TransDate="2021-05-01" TransDesc="Resident Liability Compliance Fee (05/2021)" TransName="RESIDENTLIABILITYFEE" TransactionBatchID="1619538294165"/>
    <Transaction CatCode="C" FiscalPeriodEnd="N" LeaID="135828" ReshID="11062" SiteID="3631539" TransAmt="10.00" TransDate="2021-05-01" TransDesc="Resident Liability Compliance Fee (05/2021)" TransName="RESIDENTLIABILITYFEE" TransactionBatchID="1619538294166"/>
    <Transaction CatCode="C" FiscalPeriodEnd="N" LeaID="125310" ReshID="11240" SiteID="3631539" TransAmt="10.00" TransDate="2021-05-01" TransDesc="Resident Liability Compliance Fee (05/2021)" TransName="RESIDENTLIABILITYFEE" TransactionBatchID="1619538294167"/>
    <Transaction CatCode="C" FiscalPeriodEnd="N" LeaID="125267" ReshID="11241" SiteID="3631539" TransAmt="10.00" TransDate="2021-05-01" TransDesc="Resident Liability Compliance Fee (05/2021)" TransName="RESIDENTLIABILITYFEE" TransactionBatchID="1619538294168"/>
    <Transaction CatCode="C" FiscalPeriodEnd="N" LeaID="125213" ReshID="21304" SiteID="3631539" TransAmt="10.00" TransDate="2021-05-01" TransDesc="Resident Liability Compliance Fee (05/2021)" TransName="RESIDENTLIABILITYFEE" TransactionBatchID="1619538294169"/>
    <Transaction CatCode="C" FiscalPeriodEnd="N" LeaID="125353" ReshID="21308" SiteID="3631539" TransAmt="10.00" TransDate="2021-05-01" TransDesc="Resident Liability Compliance Fee (05/2021)" TransName="RESIDENTLIABILITYFEE" TransactionBatchID="1619538294170"/>
    <Transaction CatCode="C" FiscalPeriodEnd="N" LeaID="135705" ReshID="31348" SiteID="3631539" TransAmt="10.00" TransDate="2021-05-01" TransDesc="Resident Liability Compliance Fee (05/2021)" TransName="RESIDENTLIABILITYFEE" TransactionBatchID="1619538294171"/>
    <Transaction CatCode="C" FiscalPeriodEnd="N" LeaID="125427" ReshID="41519" SiteID="3631539" TransAmt="10.00" TransDate="2021-05-01" TransDesc="Resident Liability Compliance Fee (05/2021)" TransName="RESIDENTLIABILITYFEE" TransactionBatchID="1619538294172"/>
    <Transaction CatCode="C" FiscalPeriodEnd="N" LeaID="135699" ReshID="41534" SiteID="3631539" TransAmt="10.00" TransDate="2021-05-01" TransDesc="Resident Liability Compliance Fee (05/2021)" TransName="RESIDENTLIABILITYFEE" TransactionBatchID="1619538294173"/>
    <Transaction CatCode="C" FiscalPeriodEnd="N" LeaID="135670" ReshID="41663" SiteID="3631539" TransAmt="10.00" TransDate="2021-05-01" TransDesc="Resident Liability Compliance Fee (05/2021)" TransName="RESIDENTLIABILITYFEE" TransactionBatchID="1619538294174"/>
    <Transaction CatCode="C" FiscalPeriodEnd="N" LeaID="125585" ReshID="41673" SiteID="3631539" TransAmt="10.00" TransDate="2021-05-01" TransDesc="Resident Liability Compliance Fee (05/2021)" TransName="RESIDENTLIABILITYFEE" TransactionBatchID="1619538294175"/>
    <Transaction CatCode="C" FiscalPeriodEnd="N" LeaID="125540" ReshID="41887" SiteID="3631539" TransAmt="10.00" TransDate="2021-05-01" TransDesc="Resident Liability Compliance Fee (05/2021)" TransName="RESIDENTLIABILITYFEE" TransactionBatchID="1619538294176"/>
    <Transaction CatCode="C" FiscalPeriodEnd="N" LeaID="135751" ReshID="41901" SiteID="3631539" TransAmt="10.00" TransDate="2021-05-01" TransDesc="Resident Liability Compliance Fee (05/2021)" TransName="RESIDENTLIABILITYFEE" TransactionBatchID="1619538294177"/>
    <Transaction CatCode="C" FiscalPeriodEnd="N" LeaID="125580" ReshID="41898" SiteID="3631539" TransAmt="10.00" TransDate="2021-05-01" TransDesc="Resident Liability Compliance Fee (05/2021)" TransName="RESIDENTLIABILITYFEE" TransactionBatchID="1619538294178"/>
    <Transaction CatCode="C" FiscalPeriodEnd="N" LeaID="125603" ReshID="41946" SiteID="3631539" TransAmt="10.00" TransDate="2021-05-01" TransDesc="Resident Liability Compliance Fee (05/2021)" TransName="RESIDENTLIABILITYFEE" TransactionBatchID="1619538294179"/>
    <Transaction CatCode="C" FiscalPeriodEnd="N" LeaID="114866" ReshID="41961" SiteID="3631539" TransAmt="10.00" TransDate="2021-05-01" TransDesc="Resident Liability Compliance Fee (05/2021)" TransName="RESIDENTLIABILITYFEE" TransactionBatchID="1619538294180"/>
    <Transaction CatCode="C" FiscalPeriodEnd="N" LeaID="114919" ReshID="41975" SiteID="3631539" TransAmt="10.00" TransDate="2021-05-01" TransDesc="Resident Liability Compliance Fee (05/2021)" TransName="RESIDENTLIABILITYFEE" TransactionBatchID="1619538294181"/>
    <Transaction CatCode="C" FiscalPeriodEnd="N" LeaID="135812" ReshID="42006" SiteID="3631539" TransAmt="10.00" TransDate="2021-05-01" TransDesc="Resident Liability Compliance Fee (05/2021)" TransName="RESIDENTLIABILITYFEE" TransactionBatchID="1619538294182"/>
    <Transaction CatCode="C" FiscalPeriodEnd="N" LeaID="114949" ReshID="42011" SiteID="3631539" TransAmt="10.00" TransDate="2021-05-01" TransDesc="Resident Liability Compliance Fee (05/2021)" TransName="RESIDENTLIABILITYFEE" TransactionBatchID="1619538294183"/>
    <Transaction CatCode="C" FiscalPeriodEnd="N" LeaID="135737" ReshID="42030" SiteID="3631539" TransAmt="10.00" TransDate="2021-05-01" TransDesc="Resident Liability Compliance Fee (05/2021)" TransName="RESIDENTLIABILITYFEE" TransactionBatchID="1619538294184"/>
    <Transaction CatCode="C" FiscalPeriodEnd="N" LeaID="135718" ReshID="52189" SiteID="3631539" TransAmt="10.00" TransDate="2021-05-01" TransDesc="Resident Liability Compliance Fee (05/2021)" TransName="RESIDENTLIABILITYFEE" TransactionBatchID="1619538294185"/>
    <Transaction CatCode="C" FiscalPeriodEnd="N" LeaID="135710" ReshID="52194" SiteID="3631539" TransAmt="10.00" TransDate="2021-05-01" TransDesc="Resident Liability Compliance Fee (05/2021)" TransName="RESIDENTLIABILITYFEE" TransactionBatchID="1619538294186"/>
    <Transaction CatCode="C" FiscalPeriodEnd="N" LeaID="125287" ReshID="52203" SiteID="3631539" TransAmt="10.00" TransDate="2021-05-01" TransDesc="Resident Liability Compliance Fee (05/2021)" TransName="RESIDENTLIABILITYFEE" TransactionBatchID="1619538294187"/>
    <Transaction CatCode="C" FiscalPeriodEnd="N" LeaID="125407" ReshID="62219" SiteID="3631539" TransAmt="10.00" TransDate="2021-05-01" TransDesc="Resident Liability Compliance Fee (05/2021)" TransName="RESIDENTLIABILITYFEE" TransactionBatchID="1619538294188"/>
    <Transaction CatCode="C" FiscalPeriodEnd="N" LeaID="135728" ReshID="62229" SiteID="3631539" TransAmt="10.00" TransDate="2021-05-01" TransDesc="Resident Liability Compliance Fee (05/2021)" TransName="RESIDENTLIABILITYFEE" TransactionBatchID="1619538294189"/>
    <Transaction CatCode="C" FiscalPeriodEnd="N" LeaID="125313" ReshID="62252" SiteID="3631539" TransAmt="10.00" TransDate="2021-05-01" TransDesc="Resident Liability Compliance Fee (05/2021)" TransName="RESIDENTLIABILITYFEE" TransactionBatchID="1619538294190"/>
    <Transaction CatCode="C" FiscalPeriodEnd="N" LeaID="125484" ReshID="62336" SiteID="3631539" TransAmt="10.00" TransDate="2021-05-01" TransDesc="Resident Liability Compliance Fee (05/2021)" TransName="RESIDENTLIABILITYFEE" TransactionBatchID="1619538294191"/>
    <Transaction CatCode="C" FiscalPeriodEnd="N" LeaID="115059" ReshID="62340" SiteID="3631539" TransAmt="10.00" TransDate="2021-05-01" TransDesc="Resident Liability Compliance Fee (05/2021)" TransName="RESIDENTLIABILITYFEE" TransactionBatchID="1619538294192"/>
    <Transaction CatCode="C" FiscalPeriodEnd="N" LeaID="125478" ReshID="62383" SiteID="3631539" TransAmt="10.00" TransDate="2021-05-01" TransDesc="Resident Liability Compliance Fee (05/2021)" TransName="RESIDENTLIABILITYFEE" TransactionBatchID="1619538294193"/>
    <Transaction CatCode="C" FiscalPeriodEnd="N" LeaID="125291" ReshID="62512" SiteID="3631539" TransAmt="10.00" TransDate="2021-05-01" TransDesc="Resident Liability Compliance Fee (05/2021)" TransName="RESIDENTLIABILITYFEE" TransactionBatchID="1619538294194"/>
    <Transaction CatCode="C" FiscalPeriodEnd="N" LeaID="135661" ReshID="62525" SiteID="3631539" TransAmt="10.00" TransDate="2021-05-01" TransDesc="Resident Liability Compliance Fee (05/2021)" TransName="RESIDENTLIABILITYFEE" TransactionBatchID="1619538294195"/>
    <Transaction CatCode="C" FiscalPeriodEnd="N" LeaID="135688" ReshID="62544" SiteID="3631539" TransAmt="10.00" TransDate="2021-05-01" TransDesc="Resident Liability Compliance Fee (05/2021)" TransName="RESIDENTLIABILITYFEE" TransactionBatchID="1619538294196"/>
    <Transaction CatCode="C" FiscalPeriodEnd="N" LeaID="135662" ReshID="62546" SiteID="3631539" TransAmt="10.00" TransDate="2021-05-01" TransDesc="Resident Liability Compliance Fee (05/2021)" TransName="RESIDENTLIABILITYFEE" TransactionBatchID="1619538294197"/>
    <Transaction CatCode="C" FiscalPeriodEnd="N" LeaID="125342" ReshID="62284" SiteID="3631539" TransAmt="10.00" TransDate="2021-05-01" TransDesc="Resident Liability Compliance Fee (05/2021)" TransName="RESIDENTLIABILITYFEE" TransactionBatchID="1619538294198"/>
    <Transaction CatCode="C" FiscalPeriodEnd="N" LeaID="135781" ReshID="62551" SiteID="3631539" TransAmt="10.00" TransDate="2021-05-01" TransDesc="Resident Liability Compliance Fee (05/2021)" TransName="RESIDENTLIABILITYFEE" TransactionBatchID="1619538294199"/>
    <Transaction CatCode="C" FiscalPeriodEnd="N" LeaID="125604" ReshID="72597" SiteID="3631539" TransAmt="10.00" TransDate="2021-05-01" TransDesc="Resident Liability Compliance Fee (05/2021)" TransName="RESIDENTLIABILITYFEE" TransactionBatchID="1619538294200"/>
    <Transaction CatCode="C" FiscalPeriodEnd="N" LeaID="135787" ReshID="72609" SiteID="3631539" TransAmt="10.00" TransDate="2021-05-01" TransDesc="Resident Liability Compliance Fee (05/2021)" TransName="RESIDENTLIABILITYFEE" TransactionBatchID="1619538294201"/>
    <Transaction CatCode="C" FiscalPeriodEnd="N" LeaID="114865" ReshID="72625" SiteID="3631539" TransAmt="10.00" TransDate="2021-05-01" TransDesc="Resident Liability Compliance Fee (05/2021)" TransName="RESIDENTLIABILITYFEE" TransactionBatchID="1619538294202"/>
    <Transaction CatCode="C" FiscalPeriodEnd="N" LeaID="125434" ReshID="72651" SiteID="3631539" TransAmt="10.00" TransDate="2021-05-01" TransDesc="Resident Liability Compliance Fee (05/2021)" TransName="RESIDENTLIABILITYFEE" TransactionBatchID="1619538294203"/>
    <Transaction CatCode="C" FiscalPeriodEnd="N" LeaID="115088" ReshID="72721" SiteID="3631539" TransAmt="10.00" TransDate="2021-05-01" TransDesc="Resident Liability Compliance Fee (05/2021)" TransName="RESIDENTLIABILITYFEE" TransactionBatchID="1619538294204"/>
    <Transaction CatCode="C" FiscalPeriodEnd="N" LeaID="125482" ReshID="92820" SiteID="3631539" TransAmt="10.00" TransDate="2021-05-01" TransDesc="Resident Liability Compliance Fee (05/2021)" TransName="RESIDENTLIABILITYFEE" TransactionBatchID="1619538294205"/>
    <Transaction CatCode="C" FiscalPeriodEnd="N" LeaID="135625" ReshID="92826" SiteID="3631539" TransAmt="10.00" TransDate="2021-05-01" TransDesc="Resident Liability Compliance Fee (05/2021)" TransName="RESIDENTLIABILITYFEE" TransactionBatchID="1619538294206"/>
    <Transaction CatCode="C" FiscalPeriodEnd="N" LeaID="115098" ReshID="92838" SiteID="3631539" TransAmt="10.00" TransDate="2021-05-01" TransDesc="Resident Liability Compliance Fee (05/2021)" TransName="RESIDENTLIABILITYFEE" TransactionBatchID="1619538294207"/>
    <Transaction CatCode="C" FiscalPeriodEnd="N" LeaID="125589" ReshID="102899" SiteID="3631539" TransAmt="10.00" TransDate="2021-05-01" TransDesc="Resident Liability Compliance Fee (05/2021)" TransName="RESIDENTLIABILITYFEE" TransactionBatchID="1619538294208"/>
    <Transaction CatCode="C" FiscalPeriodEnd="N" LeaID="115125" ReshID="102959" SiteID="3631539" TransAmt="10.00" TransDate="2021-05-01" TransDesc="Resident Liability Compliance Fee (05/2021)" TransName="RESIDENTLIABILITYFEE" TransactionBatchID="1619538294209"/>
    <Transaction CatCode="C" FiscalPeriodEnd="N" LeaID="125233" ReshID="102989" SiteID="3631539" TransAmt="10.00" TransDate="2021-05-01" TransDesc="Resident Liability Compliance Fee (05/2021)" TransName="RESIDENTLIABILITYFEE" TransactionBatchID="1619538294210"/>
    <Transaction CatCode="C" FiscalPeriodEnd="N" LeaID="125319" ReshID="103016" SiteID="3631539" TransAmt="10.00" TransDate="2021-05-01" TransDesc="Resident Liability Compliance Fee (05/2021)" TransName="RESIDENTLIABILITYFEE" TransactionBatchID="1619538294211"/>
    <Transaction CatCode="C" FiscalPeriodEnd="N" LeaID="125206" ReshID="103025" SiteID="3631539" TransAmt="10.00" TransDate="2021-05-01" TransDesc="Resident Liability Compliance Fee (05/2021)" TransName="RESIDENTLIABILITYFEE" TransactionBatchID="1619538294212"/>
    <Transaction CatCode="C" FiscalPeriodEnd="N" LeaID="125334" ReshID="103033" SiteID="3631539" TransAmt="10.00" TransDate="2021-05-01" TransDesc="Resident Liability Compliance Fee (05/2021)" TransName="RESIDENTLIABILITYFEE" TransactionBatchID="1619538294213"/>
    <Transaction CatCode="C" FiscalPeriodEnd="N" LeaID="114986" ReshID="103046" SiteID="3631539" TransAmt="10.00" TransDate="2021-05-01" TransDesc="Resident Liability Compliance Fee (05/2021)" TransName="RESIDENTLIABILITYFEE" TransactionBatchID="1619538294214"/>
    <Transaction CatCode="C" FiscalPeriodEnd="N" LeaID="125295" ReshID="103064" SiteID="3631539" TransAmt="10.00" TransDate="2021-05-01" TransDesc="Resident Liability Compliance Fee (05/2021)" TransName="RESIDENTLIABILITYFEE" TransactionBatchID="1619538294215"/>
    <Transaction CatCode="C" FiscalPeriodEnd="N" LeaID="125387" ReshID="103071" SiteID="3631539" TransAmt="10.00" TransDate="2021-05-01" TransDesc="Resident Liability Compliance Fee (05/2021)" TransName="RESIDENTLIABILITYFEE" TransactionBatchID="1619538294216"/>
    <Transaction CatCode="C" FiscalPeriodEnd="N" LeaID="125369" ReshID="103083" SiteID="3631539" TransAmt="10.00" TransDate="2021-05-01" TransDesc="Resident Liability Compliance Fee (05/2021)" TransName="RESIDENTLIABILITYFEE" TransactionBatchID="1619538294217"/>
    <Transaction CatCode="C" FiscalPeriodEnd="N" LeaID="125192" ReshID="103094" SiteID="3631539" TransAmt="10.00" TransDate="2021-05-01" TransDesc="Resident Liability Compliance Fee (05/2021)" TransName="RESIDENTLIABILITYFEE" TransactionBatchID="1619538294218"/>
    <Transaction CatCode="C" FiscalPeriodEnd="N" LeaID="125574" ReshID="103148" SiteID="3631539" TransAmt="10.00" TransDate="2021-05-01" TransDesc="Resident Liability Compliance Fee (05/2021)" TransName="RESIDENTLIABILITYFEE" TransactionBatchID="1619538294219"/>
    <Transaction CatCode="C" FiscalPeriodEnd="N" LeaID="135724" ReshID="103161" SiteID="3631539" TransAmt="10.00" TransDate="2021-05-01" TransDesc="Resident Liability Compliance Fee (05/2021)" TransName="RESIDENTLIABILITYFEE" TransactionBatchID="1619538294220"/>
    <Transaction CatCode="C" FiscalPeriodEnd="N" LeaID="114647" ReshID="103175" SiteID="3631539" TransAmt="10.00" TransDate="2021-05-01" TransDesc="Resident Liability Compliance Fee (05/2021)" TransName="RESIDENTLIABILITYFEE" TransactionBatchID="1619538294221"/>
    <Transaction CatCode="C" FiscalPeriodEnd="N" LeaID="125449" ReshID="103179" SiteID="3631539" TransAmt="10.00" TransDate="2021-05-01" TransDesc="Resident Liability Compliance Fee (05/2021)" TransName="RESIDENTLIABILITYFEE" TransactionBatchID="1619538294222"/>
    <Transaction CatCode="C" FiscalPeriodEnd="N" LeaID="125337" ReshID="103197" SiteID="3631539" TransAmt="10.00" TransDate="2021-05-01" TransDesc="Resident Liability Compliance Fee (05/2021)" TransName="RESIDENTLIABILITYFEE" TransactionBatchID="1619538294223"/>
    <Transaction CatCode="C" FiscalPeriodEnd="N" LeaID="125445" ReshID="103214" SiteID="3631539" TransAmt="10.00" TransDate="2021-05-01" TransDesc="Resident Liability Compliance Fee (05/2021)" TransName="RESIDENTLIABILITYFEE" TransactionBatchID="1619538294224"/>
    <Transaction CatCode="C" FiscalPeriodEnd="N" LeaID="125372" ReshID="103252" SiteID="3631539" TransAmt="10.00" TransDate="2021-05-01" TransDesc="Resident Liability Compliance Fee (05/2021)" TransName="RESIDENTLIABILITYFEE" TransactionBatchID="1619538294225"/>
    <Transaction CatCode="C" FiscalPeriodEnd="N" LeaID="135691" ReshID="103280" SiteID="3631539" TransAmt="10.00" TransDate="2021-05-01" TransDesc="Resident Liability Compliance Fee (05/2021)" TransName="RESIDENTLIABILITYFEE" TransactionBatchID="1619538294226"/>
    <Transaction CatCode="C" FiscalPeriodEnd="N" LeaID="125552" ReshID="103286" SiteID="3631539" TransAmt="10.00" TransDate="2021-05-01" TransDesc="Resident Liability Compliance Fee (05/2021)" TransName="RESIDENTLIABILITYFEE" TransactionBatchID="1619538294227"/>
    <Transaction CatCode="C" FiscalPeriodEnd="N" LeaID="135664" ReshID="103304" SiteID="3631539" TransAmt="10.00" TransDate="2021-05-01" TransDesc="Resident Liability Compliance Fee (05/2021)" TransName="RESIDENTLIABILITYFEE" TransactionBatchID="1619538294228"/>
    <Transaction CatCode="C" FiscalPeriodEnd="N" LeaID="135732" ReshID="103319" SiteID="3631539" TransAmt="10.00" TransDate="2021-05-01" TransDesc="Resident Liability Compliance Fee (05/2021)" TransName="RESIDENTLIABILITYFEE" TransactionBatchID="1619538294229"/>
    <Transaction CatCode="C" FiscalPeriodEnd="N" LeaID="115048" ReshID="103331" SiteID="3631539" TransAmt="10.00" TransDate="2021-05-01" TransDesc="Resident Liability Compliance Fee (05/2021)" TransName="RESIDENTLIABILITYFEE" TransactionBatchID="1619538294230"/>
    <Transaction CatCode="C" FiscalPeriodEnd="N" LeaID="125432" ReshID="103333" SiteID="3631539" TransAmt="10.00" TransDate="2021-05-01" TransDesc="Resident Liability Compliance Fee (05/2021)" TransName="RESIDENTLIABILITYFEE" TransactionBatchID="1619538294231"/>
    <Transaction CatCode="C" FiscalPeriodEnd="N" LeaID="125494" ReshID="103335" SiteID="3631539" TransAmt="10.00" TransDate="2021-05-01" TransDesc="Resident Liability Compliance Fee (05/2021)" TransName="RESIDENTLIABILITYFEE" TransactionBatchID="1619538294232"/>
    <Transaction CatCode="C" FiscalPeriodEnd="N" LeaID="115016" ReshID="103339" SiteID="3631539" TransAmt="10.00" TransDate="2021-05-01" TransDesc="Resident Liability Compliance Fee (05/2021)" TransName="RESIDENTLIABILITYFEE" TransactionBatchID="1619538294233"/>
    <Transaction CatCode="C" FiscalPeriodEnd="N" LeaID="135678" ReshID="103359" SiteID="3631539" TransAmt="10.00" TransDate="2021-05-01" TransDesc="Resident Liability Compliance Fee (05/2021)" TransName="RESIDENTLIABILITYFEE" TransactionBatchID="1619538294234"/>
    <Transaction CatCode="C" FiscalPeriodEnd="N" LeaID="135827" ReshID="103369" SiteID="3631539" TransAmt="10.00" TransDate="2021-05-01" TransDesc="Resident Liability Compliance Fee (05/2021)" TransName="RESIDENTLIABILITYFEE" TransactionBatchID="1619538294235"/>
    <Transaction CatCode="C" FiscalPeriodEnd="N" LeaID="125614" ReshID="103374" SiteID="3631539" TransAmt="10.00" TransDate="2021-05-01" TransDesc="Resident Liability Compliance Fee (05/2021)" TransName="RESIDENTLIABILITYFEE" TransactionBatchID="1619538294236"/>
    <Transaction CatCode="C" FiscalPeriodEnd="N" LeaID="135713" ReshID="103377" SiteID="3631539" TransAmt="10.00" TransDate="2021-05-01" TransDesc="Resident Liability Compliance Fee (05/2021)" TransName="RESIDENTLIABILITYFEE" TransactionBatchID="1619538294237"/>
    <Transaction CatCode="C" FiscalPeriodEnd="N" LeaID="135850" ReshID="103382" SiteID="3631539" TransAmt="10.00" TransDate="2021-05-01" TransDesc="Resident Liability Compliance Fee (05/2021)" TransName="RESIDENTLIABILITYFEE" TransactionBatchID="1619538294238"/>
    <Transaction CatCode="C" FiscalPeriodEnd="N" LeaID="115099" ReshID="103388" SiteID="3631539" TransAmt="10.00" TransDate="2021-05-01" TransDesc="Resident Liability Compliance Fee (05/2021)" TransName="RESIDENTLIABILITYFEE" TransactionBatchID="1619538294239"/>
    <Transaction CatCode="C" FiscalPeriodEnd="N" LeaID="135759" ReshID="103398" SiteID="3631539" TransAmt="10.00" TransDate="2021-05-01" TransDesc="Resident Liability Compliance Fee (05/2021)" TransName="RESIDENTLIABILITYFEE" TransactionBatchID="1619538294240"/>
    <Transaction CatCode="C" FiscalPeriodEnd="N" LeaID="115155" ReshID="103403" SiteID="3631539" TransAmt="10.00" TransDate="2021-05-01" TransDesc="Resident Liability Compliance Fee (05/2021)" TransName="RESIDENTLIABILITYFEE" TransactionBatchID="1619538294241"/>
    <Transaction CatCode="C" FiscalPeriodEnd="N" LeaID="135779" ReshID="103405" SiteID="3631539" TransAmt="10.00" TransDate="2021-05-01" TransDesc="Resident Liability Compliance Fee (05/2021)" TransName="RESIDENTLIABILITYFEE" TransactionBatchID="1619538294242"/>
    <Transaction CatCode="C" FiscalPeriodEnd="N" LeaID="135739" ReshID="103411" SiteID="3631539" TransAmt="10.00" TransDate="2021-05-01" TransDesc="Resident Liability Compliance Fee (05/2021)" TransName="RESIDENTLIABILITYFEE" TransactionBatchID="1619538294243"/>
    <Transaction CatCode="C" FiscalPeriodEnd="N" LeaID="135873" ReshID="103418" SiteID="3631539" TransAmt="10.00" TransDate="2021-05-01" TransDesc="Resident Liability Compliance Fee (05/2021)" TransName="RESIDENTLIABILITYFEE" TransactionBatchID="1619538294244"/>
    <Transaction CatCode="C" FiscalPeriodEnd="N" LeaID="135881" ReshID="103422" SiteID="3631539" TransAmt="10.00" TransDate="2021-05-01" TransDesc="Resident Liability Compliance Fee (05/2021)" TransName="RESIDENTLIABILITYFEE" TransactionBatchID="1619538294245"/>
    <Transaction CatCode="C" FiscalPeriodEnd="N" LeaID="135866" ReshID="103423" SiteID="3631539" TransAmt="10.00" TransDate="2021-05-01" TransDesc="Resident Liability Compliance Fee (05/2021)" TransName="RESIDENTLIABILITYFEE" TransactionBatchID="1619538294246"/>
    <Transaction CatCode="C" FiscalPeriodEnd="N" LeaID="135673" ReshID="103424" SiteID="3631539" TransAmt="10.00" TransDate="2021-05-01" TransDesc="Resident Liability Compliance Fee (05/2021)" TransName="RESIDENTLIABILITYFEE" TransactionBatchID="1619538294247"/>
    <Transaction CatCode="C" FiscalPeriodEnd="N" LeaID="125497" ReshID="103444" SiteID="3631539" TransAmt="10.00" TransDate="2021-05-01" TransDesc="Resident Liability Compliance Fee (05/2021)" TransName="RESIDENTLIABILITYFEE" TransactionBatchID="1619538294248"/>
    <Transaction CatCode="C" FiscalPeriodEnd="N" LeaID="115044" ReshID="103452" SiteID="3631539" TransAmt="10.00" TransDate="2021-05-01" TransDesc="Resident Liability Compliance Fee (05/2021)" TransName="RESIDENTLIABILITYFEE" TransactionBatchID="1619538294249"/>
    <Transaction CatCode="C" FiscalPeriodEnd="N" LeaID="135667" ReshID="103463" SiteID="3631539" TransAmt="10.00" TransDate="2021-05-01" TransDesc="Resident Liability Compliance Fee (05/2021)" TransName="RESIDENTLIABILITYFEE" TransactionBatchID="1619538294250"/>
    <Transaction CatCode="C" FiscalPeriodEnd="N" LeaID="114962" ReshID="103467" SiteID="3631539" TransAmt="10.00" TransDate="2021-05-01" TransDesc="Resident Liability Compliance Fee (05/2021)" TransName="RESIDENTLIABILITYFEE" TransactionBatchID="1619538294251"/>
    <Transaction CatCode="C" FiscalPeriodEnd="N" LeaID="114983" ReshID="103478" SiteID="3631539" TransAmt="10.00" TransDate="2021-05-01" TransDesc="Resident Liability Compliance Fee (05/2021)" TransName="RESIDENTLIABILITYFEE" TransactionBatchID="1619538294252"/>
    <Transaction CatCode="C" FiscalPeriodEnd="N" LeaID="115080" ReshID="103493" SiteID="3631539" TransAmt="10.00" TransDate="2021-05-01" TransDesc="Resident Liability Compliance Fee (05/2021)" TransName="RESIDENTLIABILITYFEE" TransactionBatchID="1619538294253"/>
    <Transaction CatCode="C" FiscalPeriodEnd="N" LeaID="115029" ReshID="103512" SiteID="3631539" TransAmt="10.00" TransDate="2021-05-01" TransDesc="Resident Liability Compliance Fee (05/2021)" TransName="RESIDENTLIABILITYFEE" TransactionBatchID="1619538294254"/>
    <Transaction CatCode="C" FiscalPeriodEnd="N" LeaID="135641" ReshID="103528" SiteID="3631539" TransAmt="10.00" TransDate="2021-05-01" TransDesc="Resident Liability Compliance Fee (05/2021)" TransName="RESIDENTLIABILITYFEE" TransactionBatchID="1619538294255"/>
    <Transaction CatCode="C" FiscalPeriodEnd="N" LeaID="114835" ReshID="103532" SiteID="3631539" TransAmt="10.00" TransDate="2021-05-01" TransDesc="Resident Liability Compliance Fee (05/2021)" TransName="RESIDENTLIABILITYFEE" TransactionBatchID="1619538294256"/>
    <Transaction CatCode="C" FiscalPeriodEnd="N" LeaID="115062" ReshID="92841" SiteID="3631539" TransAmt="10.00" TransDate="2021-05-01" TransDesc="Resident Liability Compliance Fee (05/2021)" TransName="RESIDENTLIABILITYFEE" TransactionBatchID="1619538294257"/>
    <Transaction CatCode="C" FiscalPeriodEnd="N" LeaID="115108" ReshID="11100" SiteID="3631539" TransAmt="10.00" TransDate="2021-05-01" TransDesc="Resident Liability Compliance Fee (05/2021)" TransName="RESIDENTLIABILITYFEE" TransactionBatchID="1619538294258"/>
    <Transaction CatCode="C" FiscalPeriodEnd="N" LeaID="115055" ReshID="82809" SiteID="3631539" TransAmt="10.00" TransDate="2021-05-01" TransDesc="Resident Liability Compliance Fee (05/2021)" TransName="RESIDENTLIABILITYFEE" TransactionBatchID="1619538294259"/>
    <Transaction CatCode="C" FiscalPeriodEnd="N" LeaID="114977" ReshID="72802" SiteID="3631539" TransAmt="10.00" TransDate="2021-05-01" TransDesc="Resident Liability Compliance Fee (05/2021)" TransName="RESIDENTLIABILITYFEE" TransactionBatchID="1619538294260"/>
    <Transaction CatCode="C" FiscalPeriodEnd="N" LeaID="115047" ReshID="103534" SiteID="3631539" TransAmt="10.00" TransDate="2021-05-01" TransDesc="Resident Liability Compliance Fee (05/2021)" TransName="RESIDENTLIABILITYFEE" TransactionBatchID="1619538294261"/>
    <Transaction CatCode="C" FiscalPeriodEnd="N" LeaID="115074" ReshID="52179" SiteID="3631539" TransAmt="10.00" TransDate="2021-05-01" TransDesc="Resident Liability Compliance Fee (05/2021)" TransName="RESIDENTLIABILITYFEE" TransactionBatchID="1619538294262"/>
    <Transaction CatCode="C" FiscalPeriodEnd="N" LeaID="114956" ReshID="103530" SiteID="3631539" TransAmt="10.00" TransDate="2021-05-01" TransDesc="Resident Liability Compliance Fee (05/2021)" TransName="RESIDENTLIABILITYFEE" TransactionBatchID="1619538294263"/>
    <Transaction CatCode="C" FiscalPeriodEnd="N" LeaID="115124" ReshID="103683" SiteID="3631539" TransAmt="10.00" TransDate="2021-05-01" TransDesc="Resident Liability Compliance Fee (05/2021)" TransName="RESIDENTLIABILITYFEE" TransactionBatchID="1619538294264"/>
    <Transaction CatCode="C" FiscalPeriodEnd="N" LeaID="115076" ReshID="103547" SiteID="3631539" TransAmt="10.00" TransDate="2021-05-01" TransDesc="Resident Liability Compliance Fee (05/2021)" TransName="RESIDENTLIABILITYFEE" TransactionBatchID="1619538294265"/>
    <Transaction CatCode="C" FiscalPeriodEnd="N" LeaID="115118" ReshID="103692" SiteID="3631539" TransAmt="10.00" TransDate="2021-05-01" TransDesc="Resident Liability Compliance Fee (05/2021)" TransName="RESIDENTLIABILITYFEE" TransactionBatchID="1619538294266"/>
    <Transaction CatCode="C" FiscalPeriodEnd="N" LeaID="115128" ReshID="103620" SiteID="3631539" TransAmt="10.00" TransDate="2021-05-01" TransDesc="Resident Liability Compliance Fee (05/2021)" TransName="RESIDENTLIABILITYFEE" TransactionBatchID="1619538294267"/>
    <Transaction CatCode="C" FiscalPeriodEnd="N" LeaID="125408" ReshID="103727" SiteID="3631539" TransAmt="10.00" TransDate="2021-05-01" TransDesc="Resident Liability Compliance Fee (05/2021)" TransName="RESIDENTLIABILITYFEE" TransactionBatchID="1619538294268"/>
    <Transaction CatCode="C" FiscalPeriodEnd="N" LeaID="125251" ReshID="103700" SiteID="3631539" TransAmt="10.00" TransDate="2021-05-01" TransDesc="Resident Liability Compliance Fee (05/2021)" TransName="RESIDENTLIABILITYFEE" TransactionBatchID="1619538294269"/>
    <Transaction CatCode="C" FiscalPeriodEnd="N" LeaID="135752" ReshID="103762" SiteID="3631539" TransAmt="10.00" TransDate="2021-05-01" TransDesc="Resident Liability Compliance Fee (05/2021)" TransName="RESIDENTLIABILITYFEE" TransactionBatchID="1619538294270"/>
    <Transaction CatCode="C" FiscalPeriodEnd="N" LeaID="125261" ReshID="103580" SiteID="3631539" TransAmt="10.00" TransDate="2021-05-01" TransDesc="Resident Liability Compliance Fee (05/2021)" TransName="RESIDENTLIABILITYFEE" TransactionBatchID="1619538294271"/>
    <Transaction CatCode="C" FiscalPeriodEnd="N" LeaID="125216" ReshID="103639" SiteID="3631539" TransAmt="10.00" TransDate="2021-05-01" TransDesc="Resident Liability Compliance Fee (05/2021)" TransName="RESIDENTLIABILITYFEE" TransactionBatchID="1619538294272"/>
    <Transaction CatCode="C" FiscalPeriodEnd="N" LeaID="125266" ReshID="103726" SiteID="3631539" TransAmt="10.00" TransDate="2021-05-01" TransDesc="Resident Liability Compliance Fee (05/2021)" TransName="RESIDENTLIABILITYFEE" TransactionBatchID="1619538294273"/>
    <Transaction CatCode="C" FiscalPeriodEnd="N" LeaID="125229" ReshID="103685" SiteID="3631539" TransAmt="10.00" TransDate="2021-05-01" TransDesc="Resident Liability Compliance Fee (05/2021)" TransName="RESIDENTLIABILITYFEE" TransactionBatchID="1619538294274"/>
    <Transaction CatCode="C" FiscalPeriodEnd="N" LeaID="115095" ReshID="103757" SiteID="3631539" TransAmt="10.00" TransDate="2021-05-01" TransDesc="Resident Liability Compliance Fee (05/2021)" TransName="RESIDENTLIABILITYFEE" TransactionBatchID="1619538294275"/>
    <Transaction CatCode="C" FiscalPeriodEnd="N" LeaID="125343" ReshID="103753" SiteID="3631539" TransAmt="10.00" TransDate="2021-05-01" TransDesc="Resident Liability Compliance Fee (05/2021)" TransName="RESIDENTLIABILITYFEE" TransactionBatchID="1619538294276"/>
    <Transaction CatCode="C" FiscalPeriodEnd="N" LeaID="125238" ReshID="103749" SiteID="3631539" TransAmt="10.00" TransDate="2021-05-01" TransDesc="Resident Liability Compliance Fee (05/2021)" TransName="RESIDENTLIABILITYFEE" TransactionBatchID="1619538294277"/>
    <Transaction CatCode="C" FiscalPeriodEnd="N" LeaID="125181" ReshID="103788" SiteID="3631539" TransAmt="10.00" TransDate="2021-05-01" TransDesc="Resident Liability Compliance Fee (05/2021)" TransName="RESIDENTLIABILITYFEE" TransactionBatchID="1619538294278"/>
    <Transaction CatCode="C" FiscalPeriodEnd="N" LeaID="125239" ReshID="103676" SiteID="3631539" TransAmt="10.00" TransDate="2021-05-01" TransDesc="Resident Liability Compliance Fee (05/2021)" TransName="RESIDENTLIABILITYFEE" TransactionBatchID="1619538294279"/>
    <Transaction CatCode="C" FiscalPeriodEnd="N" LeaID="125185" ReshID="103797" SiteID="3631539" TransAmt="10.00" TransDate="2021-05-01" TransDesc="Resident Liability Compliance Fee (05/2021)" TransName="RESIDENTLIABILITYFEE" TransactionBatchID="1619538294280"/>
    <Transaction CatCode="C" FiscalPeriodEnd="N" LeaID="125364" ReshID="103839" SiteID="3631539" TransAmt="10.00" TransDate="2021-05-01" TransDesc="Resident Liability Compliance Fee (05/2021)" TransName="RESIDENTLIABILITYFEE" TransactionBatchID="1619538294281"/>
    <Transaction CatCode="C" FiscalPeriodEnd="N" LeaID="125309" ReshID="103708" SiteID="3631539" TransAmt="10.00" TransDate="2021-05-01" TransDesc="Resident Liability Compliance Fee (05/2021)" TransName="RESIDENTLIABILITYFEE" TransactionBatchID="1619538294282"/>
    <Transaction CatCode="C" FiscalPeriodEnd="N" LeaID="125330" ReshID="103774" SiteID="3631539" TransAmt="10.00" TransDate="2021-05-01" TransDesc="Resident Liability Compliance Fee (05/2021)" TransName="RESIDENTLIABILITYFEE" TransactionBatchID="1619538294283"/>
    <Transaction CatCode="C" FiscalPeriodEnd="N" LeaID="125455" ReshID="103866" SiteID="3631539" TransAmt="10.00" TransDate="2021-05-01" TransDesc="Resident Liability Compliance Fee (05/2021)" TransName="RESIDENTLIABILITYFEE" TransactionBatchID="1619538294284"/>
    <Transaction CatCode="C" FiscalPeriodEnd="N" LeaID="125312" ReshID="104009" SiteID="3631539" TransAmt="10.00" TransDate="2021-05-01" TransDesc="Resident Liability Compliance Fee (05/2021)" TransName="RESIDENTLIABILITYFEE" TransactionBatchID="1619538294285"/>
    <Transaction CatCode="C" FiscalPeriodEnd="N" LeaID="125255" ReshID="104024" SiteID="3631539" TransAmt="10.00" TransDate="2021-05-01" TransDesc="Resident Liability Compliance Fee (05/2021)" TransName="RESIDENTLIABILITYFEE" TransactionBatchID="1619538294286"/>
    <Transaction CatCode="C" FiscalPeriodEnd="N" LeaID="125350" ReshID="103869" SiteID="3631539" TransAmt="10.00" TransDate="2021-05-01" TransDesc="Resident Liability Compliance Fee (05/2021)" TransName="RESIDENTLIABILITYFEE" TransactionBatchID="1619538294287"/>
    <Transaction CatCode="C" FiscalPeriodEnd="N" LeaID="125500" ReshID="103799" SiteID="3631539" TransAmt="10.00" TransDate="2021-05-01" TransDesc="Resident Liability Compliance Fee (05/2021)" TransName="RESIDENTLIABILITYFEE" TransactionBatchID="1619538294288"/>
    <Transaction CatCode="C" FiscalPeriodEnd="N" LeaID="114892" ReshID="103902" SiteID="3631539" TransAmt="10.00" TransDate="2021-05-01" TransDesc="Resident Liability Compliance Fee (05/2021)" TransName="RESIDENTLIABILITYFEE" TransactionBatchID="1619538294289"/>
    <Transaction CatCode="C" FiscalPeriodEnd="N" LeaID="125289" ReshID="104028" SiteID="3631539" TransAmt="10.00" TransDate="2021-05-01" TransDesc="Resident Liability Compliance Fee (05/2021)" TransName="RESIDENTLIABILITYFEE" TransactionBatchID="1619538294290"/>
    <Transaction CatCode="C" FiscalPeriodEnd="N" LeaID="115075" ReshID="104041" SiteID="3631539" TransAmt="10.00" TransDate="2021-05-01" TransDesc="Resident Liability Compliance Fee (05/2021)" TransName="RESIDENTLIABILITYFEE" TransactionBatchID="1619538294291"/>
    <Transaction CatCode="C" FiscalPeriodEnd="N" LeaID="125331" ReshID="104029" SiteID="3631539" TransAmt="10.00" TransDate="2021-05-01" TransDesc="Resident Liability Compliance Fee (05/2021)" TransName="RESIDENTLIABILITYFEE" TransactionBatchID="1619538294292"/>
    <Transaction CatCode="C" FiscalPeriodEnd="N" LeaID="125428" ReshID="103877" SiteID="3631539" TransAmt="10.00" TransDate="2021-05-01" TransDesc="Resident Liability Compliance Fee (05/2021)" TransName="RESIDENTLIABILITYFEE" TransactionBatchID="1619538294293"/>
    <Transaction CatCode="C" FiscalPeriodEnd="N" LeaID="135851" ReshID="104011" SiteID="3631539" TransAmt="10.00" TransDate="2021-05-01" TransDesc="Resident Liability Compliance Fee (05/2021)" TransName="RESIDENTLIABILITYFEE" TransactionBatchID="1619538294294"/>
    <Transaction CatCode="C" FiscalPeriodEnd="N" LeaID="125592" ReshID="104084" SiteID="3631539" TransAmt="10.00" TransDate="2021-05-01" TransDesc="Resident Liability Compliance Fee (05/2021)" TransName="RESIDENTLIABILITYFEE" TransactionBatchID="1619538294295"/>
    <Transaction CatCode="C" FiscalPeriodEnd="N" LeaID="125452" ReshID="104127" SiteID="3631539" TransAmt="10.00" TransDate="2021-05-01" TransDesc="Resident Liability Compliance Fee (05/2021)" TransName="RESIDENTLIABILITYFEE" TransactionBatchID="1619538294296"/>
    <Transaction CatCode="C" FiscalPeriodEnd="N" LeaID="125510" ReshID="104135" SiteID="3631539" TransAmt="10.00" TransDate="2021-05-01" TransDesc="Resident Liability Compliance Fee (05/2021)" TransName="RESIDENTLIABILITYFEE" TransactionBatchID="1619538294297"/>
    <Transaction CatCode="C" FiscalPeriodEnd="N" LeaID="125584" ReshID="103915" SiteID="3631539" TransAmt="10.00" TransDate="2021-05-01" TransDesc="Resident Liability Compliance Fee (05/2021)" TransName="RESIDENTLIABILITYFEE" TransactionBatchID="1619538294298"/>
    <Transaction CatCode="C" FiscalPeriodEnd="N" LeaID="135644" ReshID="104149" SiteID="3631539" TransAmt="10.00" TransDate="2021-05-01" TransDesc="Resident Liability Compliance Fee (05/2021)" TransName="RESIDENTLIABILITYFEE" TransactionBatchID="1619538294299"/>
    <Transaction CatCode="C" FiscalPeriodEnd="N" LeaID="125551" ReshID="104242" SiteID="3631539" TransAmt="10.00" TransDate="2021-05-01" TransDesc="Resident Liability Compliance Fee (05/2021)" TransName="RESIDENTLIABILITYFEE" TransactionBatchID="1619538294300"/>
    <Transaction CatCode="C" FiscalPeriodEnd="N" LeaID="125581" ReshID="104261" SiteID="3631539" TransAmt="10.00" TransDate="2021-05-01" TransDesc="Resident Liability Compliance Fee (05/2021)" TransName="RESIDENTLIABILITYFEE" TransactionBatchID="1619538294301"/>
    <Transaction CatCode="C" FiscalPeriodEnd="N" LeaID="135698" ReshID="103332" SiteID="3631539" TransAmt="10.00" TransDate="2021-05-01" TransDesc="Resident Liability Compliance Fee (05/2021)" TransName="RESIDENTLIABILITYFEE" TransactionBatchID="1619538294302"/>
    <Transaction CatCode="C" FiscalPeriodEnd="N" LeaID="135764" ReshID="104240" SiteID="3631539" TransAmt="10.00" TransDate="2021-05-01" TransDesc="Resident Liability Compliance Fee (05/2021)" TransName="RESIDENTLIABILITYFEE" TransactionBatchID="1619538294303"/>
    <Transaction CatCode="C" FiscalPeriodEnd="N" LeaID="125504" ReshID="104247" SiteID="3631539" TransAmt="10.00" TransDate="2021-05-01" TransDesc="Resident Liability Compliance Fee (05/2021)" TransName="RESIDENTLIABILITYFEE" TransactionBatchID="1619538294304"/>
    <Transaction CatCode="C" FiscalPeriodEnd="N" LeaID="135671" ReshID="104066" SiteID="3631539" TransAmt="10.00" TransDate="2021-05-01" TransDesc="Resident Liability Compliance Fee (05/2021)" TransName="RESIDENTLIABILITYFEE" TransactionBatchID="1619538294305"/>
    <Transaction CatCode="C" FiscalPeriodEnd="N" LeaID="125519" ReshID="104340" SiteID="3631539" TransAmt="10.00" TransDate="2021-05-01" TransDesc="Resident Liability Compliance Fee (05/2021)" TransName="RESIDENTLIABILITYFEE" TransactionBatchID="1619538294306"/>
    <Transaction CatCode="C" FiscalPeriodEnd="N" LeaID="135756" ReshID="104343" SiteID="3631539" TransAmt="10.00" TransDate="2021-05-01" TransDesc="Resident Liability Compliance Fee (05/2021)" TransName="RESIDENTLIABILITYFEE" TransactionBatchID="1619538294307"/>
    <Transaction CatCode="C" FiscalPeriodEnd="N" LeaID="135716" ReshID="990" SiteID="3631539" TransAmt="10.00" TransDate="2021-05-01" TransDesc="Resident Liability Compliance Fee (05/2021)" TransName="RESIDENTLIABILITYFEE" TransactionBatchID="1619538294308"/>
    <Transaction CatCode="C" FiscalPeriodEnd="N" LeaID="135677" ReshID="104405" SiteID="3631539" TransAmt="10.00" TransDate="2021-05-01" TransDesc="Resident Liability Compliance Fee (05/2021)" TransName="RESIDENTLIABILITYFEE" TransactionBatchID="1619538294309"/>
    <Transaction CatCode="C" FiscalPeriodEnd="N" LeaID="135643" ReshID="104306" SiteID="3631539" TransAmt="10.00" TransDate="2021-05-01" TransDesc="Resident Liability Compliance Fee (05/2021)" TransName="RESIDENTLIABILITYFEE" TransactionBatchID="1619538294310"/>
    <Transaction CatCode="C" FiscalPeriodEnd="N" LeaID="135745" ReshID="104245" SiteID="3631539" TransAmt="10.00" TransDate="2021-05-01" TransDesc="Resident Liability Compliance Fee (05/2021)" TransName="RESIDENTLIABILITYFEE" TransactionBatchID="1619538294311"/>
    <Transaction CatCode="C" FiscalPeriodEnd="N" LeaID="125618" ReshID="104328" SiteID="3631539" TransAmt="10.00" TransDate="2021-05-01" TransDesc="Resident Liability Compliance Fee (05/2021)" TransName="RESIDENTLIABILITYFEE" TransactionBatchID="1619538294312"/>
    <Transaction CatCode="C" FiscalPeriodEnd="N" LeaID="135706" ReshID="104455" SiteID="3631539" TransAmt="10.00" TransDate="2021-05-01" TransDesc="Resident Liability Compliance Fee (05/2021)" TransName="RESIDENTLIABILITYFEE" TransactionBatchID="1619538294313"/>
    <Transaction CatCode="C" FiscalPeriodEnd="N" LeaID="114738" ReshID="104262" SiteID="3631539" TransAmt="10.00" TransDate="2021-05-01" TransDesc="Resident Liability Compliance Fee (05/2021)" TransName="RESIDENTLIABILITYFEE" TransactionBatchID="1619538294314"/>
    <Transaction CatCode="C" FiscalPeriodEnd="N" LeaID="125269" ReshID="104471" SiteID="3631539" TransAmt="10.00" TransDate="2021-05-01" TransDesc="Resident Liability Compliance Fee (05/2021)" TransName="RESIDENTLIABILITYFEE" TransactionBatchID="1619538294315"/>
    <Transaction CatCode="C" FiscalPeriodEnd="N" LeaID="114989" ReshID="104470" SiteID="3631539" TransAmt="10.00" TransDate="2021-05-01" TransDesc="Resident Liability Compliance Fee (05/2021)" TransName="RESIDENTLIABILITYFEE" TransactionBatchID="1619538294316"/>
    <Transaction CatCode="C" FiscalPeriodEnd="N" LeaID="135767" ReshID="104479" SiteID="3631539" TransAmt="10.00" TransDate="2021-05-01" TransDesc="Resident Liability Compliance Fee (05/2021)" TransName="RESIDENTLIABILITYFEE" TransactionBatchID="1619538294317"/>
    <Transaction CatCode="C" FiscalPeriodEnd="N" LeaID="135757" ReshID="104490" SiteID="3631539" TransAmt="10.00" TransDate="2021-05-01" TransDesc="Resident Liability Compliance Fee (05/2021)" TransName="RESIDENTLIABILITYFEE" TransactionBatchID="1619538294318"/>
    <Transaction CatCode="C" FiscalPeriodEnd="N" LeaID="114846" ReshID="104440" SiteID="3631539" TransAmt="10.00" TransDate="2021-05-01" TransDesc="Resident Liability Compliance Fee (05/2021)" TransName="RESIDENTLIABILITYFEE" TransactionBatchID="1619538294319"/>
    <Transaction CatCode="C" FiscalPeriodEnd="N" LeaID="114928" ReshID="104494" SiteID="3631539" TransAmt="10.00" TransDate="2021-05-01" TransDesc="Resident Liability Compliance Fee (05/2021)" TransName="RESIDENTLIABILITYFEE" TransactionBatchID="1619538294320"/>
    <Transaction CatCode="C" FiscalPeriodEnd="N" LeaID="114810" ReshID="104351" SiteID="3631539" TransAmt="10.00" TransDate="2021-05-01" TransDesc="Resident Liability Compliance Fee (05/2021)" TransName="RESIDENTLIABILITYFEE" TransactionBatchID="1619538294321"/>
    <Transaction CatCode="C" FiscalPeriodEnd="N" LeaID="114944" ReshID="104507" SiteID="3631539" TransAmt="10.00" TransDate="2021-05-01" TransDesc="Resident Liability Compliance Fee (05/2021)" TransName="RESIDENTLIABILITYFEE" TransactionBatchID="1619538294322"/>
    <Transaction CatCode="C" FiscalPeriodEnd="N" LeaID="114960" ReshID="104516" SiteID="3631539" TransAmt="10.00" TransDate="2021-05-01" TransDesc="Resident Liability Compliance Fee (05/2021)" TransName="RESIDENTLIABILITYFEE" TransactionBatchID="1619538294323"/>
    <Transaction CatCode="C" FiscalPeriodEnd="N" LeaID="114978" ReshID="104526" SiteID="3631539" TransAmt="10.00" TransDate="2021-05-01" TransDesc="Resident Liability Compliance Fee (05/2021)" TransName="RESIDENTLIABILITYFEE" TransactionBatchID="1619538294324"/>
    <Transaction CatCode="C" FiscalPeriodEnd="N" LeaID="114911" ReshID="104484" SiteID="3631539" TransAmt="10.00" TransDate="2021-05-01" TransDesc="Resident Liability Compliance Fee (05/2021)" TransName="RESIDENTLIABILITYFEE" TransactionBatchID="1619538294325"/>
    <Transaction CatCode="C" FiscalPeriodEnd="N" LeaID="114995" ReshID="104537" SiteID="3631539" TransAmt="10.00" TransDate="2021-05-01" TransDesc="Resident Liability Compliance Fee (05/2021)" TransName="RESIDENTLIABILITYFEE" TransactionBatchID="1619538294326"/>
    <Transaction CatCode="C" FiscalPeriodEnd="N" LeaID="114999" ReshID="104541" SiteID="3631539" TransAmt="10.00" TransDate="2021-05-01" TransDesc="Resident Liability Compliance Fee (05/2021)" TransName="RESIDENTLIABILITYFEE" TransactionBatchID="1619538294327"/>
    <Transaction CatCode="C" FiscalPeriodEnd="N" LeaID="114945" ReshID="104508" SiteID="3631539" TransAmt="10.00" TransDate="2021-05-01" TransDesc="Resident Liability Compliance Fee (05/2021)" TransName="RESIDENTLIABILITYFEE" TransactionBatchID="1619538294328"/>
    <Transaction CatCode="C" FiscalPeriodEnd="N" LeaID="114943" ReshID="104506" SiteID="3631539" TransAmt="10.00" TransDate="2021-05-01" TransDesc="Resident Liability Compliance Fee (05/2021)" TransName="RESIDENTLIABILITYFEE" TransactionBatchID="1619538294329"/>
    <Transaction CatCode="C" FiscalPeriodEnd="N" LeaID="114881" ReshID="104463" SiteID="3631539" TransAmt="10.00" TransDate="2021-05-01" TransDesc="Resident Liability Compliance Fee (05/2021)" TransName="RESIDENTLIABILITYFEE" TransactionBatchID="1619538294330"/>
    <Transaction CatCode="C" FiscalPeriodEnd="N" LeaID="114958" ReshID="104514" SiteID="3631539" TransAmt="10.00" TransDate="2021-05-01" TransDesc="Resident Liability Compliance Fee (05/2021)" TransName="RESIDENTLIABILITYFEE" TransactionBatchID="1619538294331"/>
    <Transaction CatCode="C" FiscalPeriodEnd="N" LeaID="115041" ReshID="104574" SiteID="3631539" TransAmt="10.00" TransDate="2021-05-01" TransDesc="Resident Liability Compliance Fee (05/2021)" TransName="RESIDENTLIABILITYFEE" TransactionBatchID="1619538294332"/>
    <Transaction CatCode="C" FiscalPeriodEnd="N" LeaID="115003" ReshID="104546" SiteID="3631539" TransAmt="10.00" TransDate="2021-05-01" TransDesc="Resident Liability Compliance Fee (05/2021)" TransName="RESIDENTLIABILITYFEE" TransactionBatchID="1619538294333"/>
    <Transaction CatCode="C" FiscalPeriodEnd="N" LeaID="114905" ReshID="103475" SiteID="3631539" TransAmt="10.00" TransDate="2021-05-01" TransDesc="Resident Liability Compliance Fee (05/2021)" TransName="RESIDENTLIABILITYFEE" TransactionBatchID="1619538294334"/>
    <Transaction CatCode="C" FiscalPeriodEnd="N" LeaID="115066" ReshID="104589" SiteID="3631539" TransAmt="10.00" TransDate="2021-05-01" TransDesc="Resident Liability Compliance Fee (05/2021)" TransName="RESIDENTLIABILITYFEE" TransactionBatchID="1619538294335"/>
    <Transaction CatCode="C" FiscalPeriodEnd="N" LeaID="115025" ReshID="104564" SiteID="3631539" TransAmt="10.00" TransDate="2021-05-01" TransDesc="Resident Liability Compliance Fee (05/2021)" TransName="RESIDENTLIABILITYFEE" TransactionBatchID="1619538294336"/>
    <Transaction CatCode="C" FiscalPeriodEnd="N" LeaID="115053" ReshID="104581" SiteID="3631539" TransAmt="10.00" TransDate="2021-05-01" TransDesc="Resident Liability Compliance Fee (05/2021)" TransName="RESIDENTLIABILITYFEE" TransactionBatchID="1619538294337"/>
    <Transaction CatCode="C" FiscalPeriodEnd="N" LeaID="115068" ReshID="104591" SiteID="3631539" TransAmt="10.00" TransDate="2021-05-01" TransDesc="Resident Liability Compliance Fee (05/2021)" TransName="RESIDENTLIABILITYFEE" TransactionBatchID="1619538294338"/>
    <Transaction CatCode="C" FiscalPeriodEnd="N" LeaID="115086" ReshID="104600" SiteID="3631539" TransAmt="10.00" TransDate="2021-05-01" TransDesc="Resident Liability Compliance Fee (05/2021)" TransName="RESIDENTLIABILITYFEE" TransactionBatchID="1619538294339"/>
    <Transaction CatCode="C" FiscalPeriodEnd="N" LeaID="115107" ReshID="104615" SiteID="3631539" TransAmt="10.00" TransDate="2021-05-01" TransDesc="Resident Liability Compliance Fee (05/2021)" TransName="RESIDENTLIABILITYFEE" TransactionBatchID="1619538294340"/>
    <Transaction CatCode="C" FiscalPeriodEnd="N" LeaID="115090" ReshID="104602" SiteID="3631539" TransAmt="10.00" TransDate="2021-05-01" TransDesc="Resident Liability Compliance Fee (05/2021)" TransName="RESIDENTLIABILITYFEE" TransactionBatchID="1619538294341"/>
    <Transaction CatCode="C" FiscalPeriodEnd="N" LeaID="115116" ReshID="104619" SiteID="3631539" TransAmt="10.00" TransDate="2021-05-01" TransDesc="Resident Liability Compliance Fee (05/2021)" TransName="RESIDENTLIABILITYFEE" TransactionBatchID="1619538294342"/>
    <Transaction CatCode="C" FiscalPeriodEnd="N" LeaID="115064" ReshID="104587" SiteID="3631539" TransAmt="10.00" TransDate="2021-05-01" TransDesc="Resident Liability Compliance Fee (05/2021)" TransName="RESIDENTLIABILITYFEE" TransactionBatchID="1619538294343"/>
    <Transaction CatCode="C" FiscalPeriodEnd="N" LeaID="115169" ReshID="104670" SiteID="3631539" TransAmt="10.00" TransDate="2021-05-01" TransDesc="Resident Liability Compliance Fee (05/2021)" TransName="RESIDENTLIABILITYFEE" TransactionBatchID="1619538294344"/>
    <Transaction CatCode="C" FiscalPeriodEnd="N" LeaID="115114" ReshID="104617" SiteID="3631539" TransAmt="10.00" TransDate="2021-05-01" TransDesc="Resident Liability Compliance Fee (05/2021)" TransName="RESIDENTLIABILITYFEE" TransactionBatchID="1619538294345"/>
    <Transaction CatCode="C" FiscalPeriodEnd="N" LeaID="114970" ReshID="104521" SiteID="3631539" TransAmt="10.00" TransDate="2021-05-01" TransDesc="Resident Liability Compliance Fee (05/2021)" TransName="RESIDENTLIABILITYFEE" TransactionBatchID="1619538294346"/>
    <Transaction CatCode="C" FiscalPeriodEnd="N" LeaID="115052" ReshID="104580" SiteID="3631539" TransAmt="10.00" TransDate="2021-05-01" TransDesc="Resident Liability Compliance Fee (05/2021)" TransName="RESIDENTLIABILITYFEE" TransactionBatchID="1619538294347"/>
    <Transaction CatCode="C" FiscalPeriodEnd="N" LeaID="115083" ReshID="104597" SiteID="3631539" TransAmt="10.00" TransDate="2021-05-01" TransDesc="Resident Liability Compliance Fee (05/2021)" TransName="RESIDENTLIABILITYFEE" TransactionBatchID="1619538294348"/>
    <Transaction CatCode="C" FiscalPeriodEnd="N" LeaID="115100" ReshID="104608" SiteID="3631539" TransAmt="10.00" TransDate="2021-05-01" TransDesc="Resident Liability Compliance Fee (05/2021)" TransName="RESIDENTLIABILITYFEE" TransactionBatchID="1619538294349"/>
    <Transaction CatCode="C" FiscalPeriodEnd="N" LeaID="115153" ReshID="104658" SiteID="3631539" TransAmt="10.00" TransDate="2021-05-01" TransDesc="Resident Liability Compliance Fee (05/2021)" TransName="RESIDENTLIABILITYFEE" TransactionBatchID="1619538294350"/>
    <Transaction CatCode="C" FiscalPeriodEnd="N" LeaID="115150" ReshID="104656" SiteID="3631539" TransAmt="10.00" TransDate="2021-05-01" TransDesc="Resident Liability Compliance Fee (05/2021)" TransName="RESIDENTLIABILITYFEE" TransactionBatchID="1619538294351"/>
    <Transaction CatCode="C" FiscalPeriodEnd="N" LeaID="125172" ReshID="114671" SiteID="3631539" TransAmt="10.00" TransDate="2021-05-01" TransDesc="Resident Liability Compliance Fee (05/2021)" TransName="RESIDENTLIABILITYFEE" TransactionBatchID="1619538294352"/>
    <Transaction CatCode="C" FiscalPeriodEnd="N" LeaID="135871" ReshID="114692" SiteID="3631539" TransAmt="10.00" TransDate="2021-05-01" TransDesc="Resident Liability Compliance Fee (05/2021)" TransName="RESIDENTLIABILITYFEE" TransactionBatchID="1619538294353"/>
    <Transaction CatCode="C" FiscalPeriodEnd="N" LeaID="125227" ReshID="114704" SiteID="3631539" TransAmt="10.00" TransDate="2021-05-01" TransDesc="Resident Liability Compliance Fee (05/2021)" TransName="RESIDENTLIABILITYFEE" TransactionBatchID="1619538294354"/>
    <Transaction CatCode="C" FiscalPeriodEnd="N" LeaID="125228" ReshID="114705" SiteID="3631539" TransAmt="10.00" TransDate="2021-05-01" TransDesc="Resident Liability Compliance Fee (05/2021)" TransName="RESIDENTLIABILITYFEE" TransactionBatchID="1619538294355"/>
    <Transaction CatCode="C" FiscalPeriodEnd="N" LeaID="115051" ReshID="104579" SiteID="3631539" TransAmt="10.00" TransDate="2021-05-01" TransDesc="Resident Liability Compliance Fee (05/2021)" TransName="RESIDENTLIABILITYFEE" TransactionBatchID="1619538294356"/>
    <Transaction CatCode="C" FiscalPeriodEnd="N" LeaID="115073" ReshID="104594" SiteID="3631539" TransAmt="10.00" TransDate="2021-05-01" TransDesc="Resident Liability Compliance Fee (05/2021)" TransName="RESIDENTLIABILITYFEE" TransactionBatchID="1619538294357"/>
    <Transaction CatCode="C" FiscalPeriodEnd="N" LeaID="125221" ReshID="103317" SiteID="3631539" TransAmt="10.00" TransDate="2021-05-01" TransDesc="Resident Liability Compliance Fee (05/2021)" TransName="RESIDENTLIABILITYFEE" TransactionBatchID="1619538294358"/>
    <Transaction CatCode="C" FiscalPeriodEnd="N" LeaID="125187" ReshID="114681" SiteID="3631539" TransAmt="10.00" TransDate="2021-05-01" TransDesc="Resident Liability Compliance Fee (05/2021)" TransName="RESIDENTLIABILITYFEE" TransactionBatchID="1619538294359"/>
    <Transaction CatCode="C" FiscalPeriodEnd="N" LeaID="115061" ReshID="104585" SiteID="3631539" TransAmt="10.00" TransDate="2021-05-01" TransDesc="Resident Liability Compliance Fee (05/2021)" TransName="RESIDENTLIABILITYFEE" TransactionBatchID="1619538294360"/>
    <Transaction CatCode="C" FiscalPeriodEnd="N" LeaID="115071" ReshID="104593" SiteID="3631539" TransAmt="10.00" TransDate="2021-05-01" TransDesc="Resident Liability Compliance Fee (05/2021)" TransName="RESIDENTLIABILITYFEE" TransactionBatchID="1619538294361"/>
    <Transaction CatCode="C" FiscalPeriodEnd="N" LeaID="125264" ReshID="114722" SiteID="3631539" TransAmt="10.00" TransDate="2021-05-01" TransDesc="Resident Liability Compliance Fee (05/2021)" TransName="RESIDENTLIABILITYFEE" TransactionBatchID="1619538294362"/>
    <Transaction CatCode="C" FiscalPeriodEnd="N" LeaID="115084" ReshID="104598" SiteID="3631539" TransAmt="10.00" TransDate="2021-05-01" TransDesc="Resident Liability Compliance Fee (05/2021)" TransName="RESIDENTLIABILITYFEE" TransactionBatchID="1619538294363"/>
    <Transaction CatCode="C" FiscalPeriodEnd="N" LeaID="115152" ReshID="104657" SiteID="3631539" TransAmt="10.00" TransDate="2021-05-01" TransDesc="Resident Liability Compliance Fee (05/2021)" TransName="RESIDENTLIABILITYFEE" TransactionBatchID="1619538294364"/>
    <Transaction CatCode="C" FiscalPeriodEnd="N" LeaID="125223" ReshID="114700" SiteID="3631539" TransAmt="10.00" TransDate="2021-05-01" TransDesc="Resident Liability Compliance Fee (05/2021)" TransName="RESIDENTLIABILITYFEE" TransactionBatchID="1619538294365"/>
    <Transaction CatCode="C" FiscalPeriodEnd="N" LeaID="125250" ReshID="114716" SiteID="3631539" TransAmt="10.00" TransDate="2021-05-01" TransDesc="Resident Liability Compliance Fee (05/2021)" TransName="RESIDENTLIABILITYFEE" TransactionBatchID="1619538294366"/>
    <Transaction CatCode="C" FiscalPeriodEnd="N" LeaID="125176" ReshID="114674" SiteID="3631539" TransAmt="10.00" TransDate="2021-05-01" TransDesc="Resident Liability Compliance Fee (05/2021)" TransName="RESIDENTLIABILITYFEE" TransactionBatchID="1619538294367"/>
    <Transaction CatCode="C" FiscalPeriodEnd="N" LeaID="125300" ReshID="114738" SiteID="3631539" TransAmt="10.00" TransDate="2021-05-01" TransDesc="Resident Liability Compliance Fee (05/2021)" TransName="RESIDENTLIABILITYFEE" TransactionBatchID="1619538294368"/>
    <Transaction CatCode="C" FiscalPeriodEnd="N" LeaID="125320" ReshID="114748" SiteID="3631539" TransAmt="10.00" TransDate="2021-05-01" TransDesc="Resident Liability Compliance Fee (05/2021)" TransName="RESIDENTLIABILITYFEE" TransactionBatchID="1619538294369"/>
    <Transaction CatCode="C" FiscalPeriodEnd="N" LeaID="125204" ReshID="114690" SiteID="3631539" TransAmt="10.00" TransDate="2021-05-01" TransDesc="Resident Liability Compliance Fee (05/2021)" TransName="RESIDENTLIABILITYFEE" TransactionBatchID="1619538294370"/>
    <Transaction CatCode="C" FiscalPeriodEnd="N" LeaID="125254" ReshID="114718" SiteID="3631539" TransAmt="10.00" TransDate="2021-05-01" TransDesc="Resident Liability Compliance Fee (05/2021)" TransName="RESIDENTLIABILITYFEE" TransactionBatchID="1619538294371"/>
    <Transaction CatCode="C" FiscalPeriodEnd="N" LeaID="125285" ReshID="114733" SiteID="3631539" TransAmt="10.00" TransDate="2021-05-01" TransDesc="Resident Liability Compliance Fee (05/2021)" TransName="RESIDENTLIABILITYFEE" TransactionBatchID="1619538294372"/>
    <Transaction CatCode="C" FiscalPeriodEnd="N" LeaID="125301" ReshID="114739" SiteID="3631539" TransAmt="10.00" TransDate="2021-05-01" TransDesc="Resident Liability Compliance Fee (05/2021)" TransName="RESIDENTLIABILITYFEE" TransactionBatchID="1619538294373"/>
    <Transaction CatCode="C" FiscalPeriodEnd="N" LeaID="125220" ReshID="114699" SiteID="3631539" TransAmt="10.00" TransDate="2021-05-01" TransDesc="Resident Liability Compliance Fee (05/2021)" TransName="RESIDENTLIABILITYFEE" TransactionBatchID="1619538294374"/>
    <Transaction CatCode="C" FiscalPeriodEnd="N" LeaID="115121" ReshID="104622" SiteID="3631539" TransAmt="10.00" TransDate="2021-05-01" TransDesc="Resident Liability Compliance Fee (05/2021)" TransName="RESIDENTLIABILITYFEE" TransactionBatchID="1619538294375"/>
    <Transaction CatCode="C" FiscalPeriodEnd="N" LeaID="115141" ReshID="104638" SiteID="3631539" TransAmt="10.00" TransDate="2021-05-01" TransDesc="Resident Liability Compliance Fee (05/2021)" TransName="RESIDENTLIABILITYFEE" TransactionBatchID="1619538294376"/>
    <Transaction CatCode="C" FiscalPeriodEnd="N" LeaID="115154" ReshID="104659" SiteID="3631539" TransAmt="10.00" TransDate="2021-05-01" TransDesc="Resident Liability Compliance Fee (05/2021)" TransName="RESIDENTLIABILITYFEE" TransactionBatchID="1619538294377"/>
    <Transaction CatCode="C" FiscalPeriodEnd="N" LeaID="125202" ReshID="114689" SiteID="3631539" TransAmt="10.00" TransDate="2021-05-01" TransDesc="Resident Liability Compliance Fee (05/2021)" TransName="RESIDENTLIABILITYFEE" TransactionBatchID="1619538294378"/>
    <Transaction CatCode="C" FiscalPeriodEnd="N" LeaID="125249" ReshID="114715" SiteID="3631539" TransAmt="10.00" TransDate="2021-05-01" TransDesc="Resident Liability Compliance Fee (05/2021)" TransName="RESIDENTLIABILITYFEE" TransactionBatchID="1619538294379"/>
    <Transaction CatCode="C" FiscalPeriodEnd="N" LeaID="125393" ReshID="114783" SiteID="3631539" TransAmt="10.00" TransDate="2021-05-01" TransDesc="Resident Liability Compliance Fee (05/2021)" TransName="RESIDENTLIABILITYFEE" TransactionBatchID="1619538294380"/>
    <Transaction CatCode="C" FiscalPeriodEnd="N" LeaID="125378" ReshID="114774" SiteID="3631539" TransAmt="10.00" TransDate="2021-05-01" TransDesc="Resident Liability Compliance Fee (05/2021)" TransName="RESIDENTLIABILITYFEE" TransactionBatchID="1619538294381"/>
    <Transaction CatCode="C" FiscalPeriodEnd="N" LeaID="135669" ReshID="114780" SiteID="3631539" TransAmt="10.00" TransDate="2021-05-01" TransDesc="Resident Liability Compliance Fee (05/2021)" TransName="RESIDENTLIABILITYFEE" TransactionBatchID="1619538294382"/>
    <Transaction CatCode="C" FiscalPeriodEnd="N" LeaID="125418" ReshID="114803" SiteID="3631539" TransAmt="10.00" TransDate="2021-05-01" TransDesc="Resident Liability Compliance Fee (05/2021)" TransName="RESIDENTLIABILITYFEE" TransactionBatchID="1619538294383"/>
    <Transaction CatCode="C" FiscalPeriodEnd="N" LeaID="125425" ReshID="114809" SiteID="3631539" TransAmt="10.00" TransDate="2021-05-01" TransDesc="Resident Liability Compliance Fee (05/2021)" TransName="RESIDENTLIABILITYFEE" TransactionBatchID="1619538294384"/>
    <Transaction CatCode="C" FiscalPeriodEnd="N" LeaID="125423" ReshID="114808" SiteID="3631539" TransAmt="10.00" TransDate="2021-05-01" TransDesc="Resident Liability Compliance Fee (05/2021)" TransName="RESIDENTLIABILITYFEE" TransactionBatchID="1619538294385"/>
    <Transaction CatCode="C" FiscalPeriodEnd="N" LeaID="125436" ReshID="114815" SiteID="3631539" TransAmt="10.00" TransDate="2021-05-01" TransDesc="Resident Liability Compliance Fee (05/2021)" TransName="RESIDENTLIABILITYFEE" TransactionBatchID="1619538294386"/>
    <Transaction CatCode="C" FiscalPeriodEnd="N" LeaID="125195" ReshID="114684" SiteID="3631539" TransAmt="10.00" TransDate="2021-05-01" TransDesc="Resident Liability Compliance Fee (05/2021)" TransName="RESIDENTLIABILITYFEE" TransactionBatchID="1619538294387"/>
    <Transaction CatCode="C" FiscalPeriodEnd="N" LeaID="125419" ReshID="114804" SiteID="3631539" TransAmt="10.00" TransDate="2021-05-01" TransDesc="Resident Liability Compliance Fee (05/2021)" TransName="RESIDENTLIABILITYFEE" TransactionBatchID="1619538294388"/>
    <Transaction CatCode="C" FiscalPeriodEnd="N" LeaID="125438" ReshID="114816" SiteID="3631539" TransAmt="10.00" TransDate="2021-05-01" TransDesc="Resident Liability Compliance Fee (05/2021)" TransName="RESIDENTLIABILITYFEE" TransactionBatchID="1619538294389"/>
    <Transaction CatCode="C" FiscalPeriodEnd="N" LeaID="125440" ReshID="114818" SiteID="3631539" TransAmt="10.00" TransDate="2021-05-01" TransDesc="Resident Liability Compliance Fee (05/2021)" TransName="RESIDENTLIABILITYFEE" TransactionBatchID="1619538294390"/>
    <Transaction CatCode="C" FiscalPeriodEnd="N" LeaID="125441" ReshID="114819" SiteID="3631539" TransAmt="10.00" TransDate="2021-05-01" TransDesc="Resident Liability Compliance Fee (05/2021)" TransName="RESIDENTLIABILITYFEE" TransactionBatchID="1619538294391"/>
    <Transaction CatCode="C" FiscalPeriodEnd="N" LeaID="135860" ReshID="114821" SiteID="3631539" TransAmt="10.00" TransDate="2021-05-01" TransDesc="Resident Liability Compliance Fee (05/2021)" TransName="RESIDENTLIABILITYFEE" TransactionBatchID="1619538294392"/>
    <Transaction CatCode="C" FiscalPeriodEnd="N" LeaID="125454" ReshID="114822" SiteID="3631539" TransAmt="10.00" TransDate="2021-05-01" TransDesc="Resident Liability Compliance Fee (05/2021)" TransName="RESIDENTLIABILITYFEE" TransactionBatchID="1619538294393"/>
    <Transaction CatCode="C" FiscalPeriodEnd="N" LeaID="125457" ReshID="114824" SiteID="3631539" TransAmt="10.00" TransDate="2021-05-01" TransDesc="Resident Liability Compliance Fee (05/2021)" TransName="RESIDENTLIABILITYFEE" TransactionBatchID="1619538294394"/>
    <Transaction CatCode="C" FiscalPeriodEnd="N" LeaID="125481" ReshID="114837" SiteID="3631539" TransAmt="10.00" TransDate="2021-05-01" TransDesc="Resident Liability Compliance Fee (05/2021)" TransName="RESIDENTLIABILITYFEE" TransactionBatchID="1619538294395"/>
    <Transaction CatCode="C" FiscalPeriodEnd="N" LeaID="125381" ReshID="114776" SiteID="3631539" TransAmt="10.00" TransDate="2021-05-01" TransDesc="Resident Liability Compliance Fee (05/2021)" TransName="RESIDENTLIABILITYFEE" TransactionBatchID="1619538294396"/>
    <Transaction CatCode="C" FiscalPeriodEnd="N" LeaID="125488" ReshID="114840" SiteID="3631539" TransAmt="10.00" TransDate="2021-05-01" TransDesc="Resident Liability Compliance Fee (05/2021)" TransName="RESIDENTLIABILITYFEE" TransactionBatchID="1619538294397"/>
    <Transaction CatCode="C" FiscalPeriodEnd="N" LeaID="125297" ReshID="114735" SiteID="3631539" TransAmt="10.00" TransDate="2021-05-01" TransDesc="Resident Liability Compliance Fee (05/2021)" TransName="RESIDENTLIABILITYFEE" TransactionBatchID="1619538294398"/>
    <Transaction CatCode="C" FiscalPeriodEnd="N" LeaID="125476" ReshID="114834" SiteID="3631539" TransAmt="10.00" TransDate="2021-05-01" TransDesc="Resident Liability Compliance Fee (05/2021)" TransName="RESIDENTLIABILITYFEE" TransactionBatchID="1619538294399"/>
    <Transaction CatCode="C" FiscalPeriodEnd="N" LeaID="125516" ReshID="104332" SiteID="3631539" TransAmt="10.00" TransDate="2021-05-01" TransDesc="Resident Liability Compliance Fee (05/2021)" TransName="RESIDENTLIABILITYFEE" TransactionBatchID="1619538294400"/>
    <Transaction CatCode="C" FiscalPeriodEnd="N" LeaID="125522" ReshID="104334" SiteID="3631539" TransAmt="10.00" TransDate="2021-05-01" TransDesc="Resident Liability Compliance Fee (05/2021)" TransName="RESIDENTLIABILITYFEE" TransactionBatchID="1619538294401"/>
    <Transaction CatCode="C" FiscalPeriodEnd="N" LeaID="125520" ReshID="104341" SiteID="3631539" TransAmt="10.00" TransDate="2021-05-01" TransDesc="Resident Liability Compliance Fee (05/2021)" TransName="RESIDENTLIABILITYFEE" TransactionBatchID="1619538294402"/>
    <Transaction CatCode="C" FiscalPeriodEnd="N" LeaID="125518" ReshID="104392" SiteID="3631539" TransAmt="10.00" TransDate="2021-05-01" TransDesc="Resident Liability Compliance Fee (05/2021)" TransName="RESIDENTLIABILITYFEE" TransactionBatchID="1619538294403"/>
    <Transaction CatCode="C" FiscalPeriodEnd="N" LeaID="125521" ReshID="104394" SiteID="3631539" TransAmt="10.00" TransDate="2021-05-01" TransDesc="Resident Liability Compliance Fee (05/2021)" TransName="RESIDENTLIABILITYFEE" TransactionBatchID="1619538294404"/>
    <Transaction CatCode="C" FiscalPeriodEnd="N" LeaID="125523" ReshID="104395" SiteID="3631539" TransAmt="10.00" TransDate="2021-05-01" TransDesc="Resident Liability Compliance Fee (05/2021)" TransName="RESIDENTLIABILITYFEE" TransactionBatchID="1619538294405"/>
    <Transaction CatCode="C" FiscalPeriodEnd="N" LeaID="125538" ReshID="114872" SiteID="3631539" TransAmt="10.00" TransDate="2021-05-01" TransDesc="Resident Liability Compliance Fee (05/2021)" TransName="RESIDENTLIABILITYFEE" TransactionBatchID="1619538294406"/>
    <Transaction CatCode="C" FiscalPeriodEnd="N" LeaID="125426" ReshID="114810" SiteID="3631539" TransAmt="10.00" TransDate="2021-05-01" TransDesc="Resident Liability Compliance Fee (05/2021)" TransName="RESIDENTLIABILITYFEE" TransactionBatchID="1619538294407"/>
    <Transaction CatCode="C" FiscalPeriodEnd="N" LeaID="125474" ReshID="114833" SiteID="3631539" TransAmt="10.00" TransDate="2021-05-01" TransDesc="Resident Liability Compliance Fee (05/2021)" TransName="RESIDENTLIABILITYFEE" TransactionBatchID="1619538294408"/>
    <Transaction CatCode="C" FiscalPeriodEnd="N" LeaID="125513" ReshID="114858" SiteID="3631539" TransAmt="10.00" TransDate="2021-05-01" TransDesc="Resident Liability Compliance Fee (05/2021)" TransName="RESIDENTLIABILITYFEE" TransactionBatchID="1619538294409"/>
    <Transaction CatCode="C" FiscalPeriodEnd="N" LeaID="125527" ReshID="114861" SiteID="3631539" TransAmt="10.00" TransDate="2021-05-01" TransDesc="Resident Liability Compliance Fee (05/2021)" TransName="RESIDENTLIABILITYFEE" TransactionBatchID="1619538294410"/>
    <Transaction CatCode="C" FiscalPeriodEnd="N" LeaID="125456" ReshID="114823" SiteID="3631539" TransAmt="10.00" TransDate="2021-05-01" TransDesc="Resident Liability Compliance Fee (05/2021)" TransName="RESIDENTLIABILITYFEE" TransactionBatchID="1619538294411"/>
    <Transaction CatCode="C" FiscalPeriodEnd="N" LeaID="125529" ReshID="114863" SiteID="3631539" TransAmt="10.00" TransDate="2021-05-01" TransDesc="Resident Liability Compliance Fee (05/2021)" TransName="RESIDENTLIABILITYFEE" TransactionBatchID="1619538294412"/>
    <Transaction CatCode="C" FiscalPeriodEnd="N" LeaID="125430" ReshID="114813" SiteID="3631539" TransAmt="10.00" TransDate="2021-05-01" TransDesc="Resident Liability Compliance Fee (05/2021)" TransName="RESIDENTLIABILITYFEE" TransactionBatchID="1619538294413"/>
    <Transaction CatCode="C" FiscalPeriodEnd="N" LeaID="125545" ReshID="114878" SiteID="3631539" TransAmt="10.00" TransDate="2021-05-01" TransDesc="Resident Liability Compliance Fee (05/2021)" TransName="RESIDENTLIABILITYFEE" TransactionBatchID="1619538294414"/>
    <Transaction CatCode="C" FiscalPeriodEnd="N" LeaID="125546" ReshID="114879" SiteID="3631539" TransAmt="10.00" TransDate="2021-05-01" TransDesc="Resident Liability Compliance Fee (05/2021)" TransName="RESIDENTLIABILITYFEE" TransactionBatchID="1619538294415"/>
    <Transaction CatCode="C" FiscalPeriodEnd="N" LeaID="125561" ReshID="114892" SiteID="3631539" TransAmt="10.00" TransDate="2021-05-01" TransDesc="Resident Liability Compliance Fee (05/2021)" TransName="RESIDENTLIABILITYFEE" TransactionBatchID="1619538294416"/>
    <Transaction CatCode="C" FiscalPeriodEnd="N" LeaID="135709" ReshID="114902" SiteID="3631539" TransAmt="10.00" TransDate="2021-05-01" TransDesc="Resident Liability Compliance Fee (05/2021)" TransName="RESIDENTLIABILITYFEE" TransactionBatchID="1619538294417"/>
    <Transaction CatCode="C" FiscalPeriodEnd="N" LeaID="125339" ReshID="114752" SiteID="3631539" TransAmt="10.00" TransDate="2021-05-01" TransDesc="Resident Liability Compliance Fee (05/2021)" TransName="RESIDENTLIABILITYFEE" TransactionBatchID="1619538294418"/>
    <Transaction CatCode="C" FiscalPeriodEnd="N" LeaID="125495" ReshID="114844" SiteID="3631539" TransAmt="10.00" TransDate="2021-05-01" TransDesc="Resident Liability Compliance Fee (05/2021)" TransName="RESIDENTLIABILITYFEE" TransactionBatchID="1619538294419"/>
    <Transaction CatCode="C" FiscalPeriodEnd="N" LeaID="125541" ReshID="114874" SiteID="3631539" TransAmt="10.00" TransDate="2021-05-01" TransDesc="Resident Liability Compliance Fee (05/2021)" TransName="RESIDENTLIABILITYFEE" TransactionBatchID="1619538294420"/>
    <Transaction CatCode="C" FiscalPeriodEnd="N" LeaID="125554" ReshID="114885" SiteID="3631539" TransAmt="10.00" TransDate="2021-05-01" TransDesc="Resident Liability Compliance Fee (05/2021)" TransName="RESIDENTLIABILITYFEE" TransactionBatchID="1619538294421"/>
    <Transaction CatCode="C" FiscalPeriodEnd="N" LeaID="125557" ReshID="114888" SiteID="3631539" TransAmt="10.00" TransDate="2021-05-01" TransDesc="Resident Liability Compliance Fee (05/2021)" TransName="RESIDENTLIABILITYFEE" TransactionBatchID="1619538294422"/>
    <Transaction CatCode="C" FiscalPeriodEnd="N" LeaID="125496" ReshID="114849" SiteID="3631539" TransAmt="10.00" TransDate="2021-05-01" TransDesc="Resident Liability Compliance Fee (05/2021)" TransName="RESIDENTLIABILITYFEE" TransactionBatchID="1619538294423"/>
    <Transaction CatCode="C" FiscalPeriodEnd="N" LeaID="125607" ReshID="115011" SiteID="3631539" TransAmt="10.00" TransDate="2021-05-01" TransDesc="Resident Liability Compliance Fee (05/2021)" TransName="RESIDENTLIABILITYFEE" TransactionBatchID="1619538294424"/>
    <Transaction CatCode="C" FiscalPeriodEnd="N" LeaID="125619" ReshID="104396" SiteID="3631539" TransAmt="10.00" TransDate="2021-05-01" TransDesc="Resident Liability Compliance Fee (05/2021)" TransName="RESIDENTLIABILITYFEE" TransactionBatchID="1619538294425"/>
    <Transaction CatCode="C" FiscalPeriodEnd="N" LeaID="125595" ReshID="115004" SiteID="3631539" TransAmt="10.00" TransDate="2021-05-01" TransDesc="Resident Liability Compliance Fee (05/2021)" TransName="RESIDENTLIABILITYFEE" TransactionBatchID="1619538294426"/>
    <Transaction CatCode="C" FiscalPeriodEnd="N" LeaID="125547" ReshID="114880" SiteID="3631539" TransAmt="10.00" TransDate="2021-05-01" TransDesc="Resident Liability Compliance Fee (05/2021)" TransName="RESIDENTLIABILITYFEE" TransactionBatchID="1619538294427"/>
    <Transaction CatCode="C" FiscalPeriodEnd="N" LeaID="125582" ReshID="114938" SiteID="3631539" TransAmt="10.00" TransDate="2021-05-01" TransDesc="Resident Liability Compliance Fee (05/2021)" TransName="RESIDENTLIABILITYFEE" TransactionBatchID="1619538294428"/>
    <Transaction CatCode="C" FiscalPeriodEnd="N" LeaID="125536" ReshID="114870" SiteID="3631539" TransAmt="10.00" TransDate="2021-05-01" TransDesc="Resident Liability Compliance Fee (05/2021)" TransName="RESIDENTLIABILITYFEE" TransactionBatchID="1619538294429"/>
    <Transaction CatCode="C" FiscalPeriodEnd="N" LeaID="125564" ReshID="114895" SiteID="3631539" TransAmt="10.00" TransDate="2021-05-01" TransDesc="Resident Liability Compliance Fee (05/2021)" TransName="RESIDENTLIABILITYFEE" TransactionBatchID="1619538294430"/>
    <Transaction CatCode="C" FiscalPeriodEnd="N" LeaID="125594" ReshID="115003" SiteID="3631539" TransAmt="10.00" TransDate="2021-05-01" TransDesc="Resident Liability Compliance Fee (05/2021)" TransName="RESIDENTLIABILITYFEE" TransactionBatchID="1619538294431"/>
    <Transaction CatCode="C" FiscalPeriodEnd="N" LeaID="135628" ReshID="125022" SiteID="3631539" TransAmt="10.00" TransDate="2021-05-01" TransDesc="Resident Liability Compliance Fee (05/2021)" TransName="RESIDENTLIABILITYFEE" TransactionBatchID="1619538294432"/>
    <Transaction CatCode="C" FiscalPeriodEnd="N" LeaID="125569" ReshID="114899" SiteID="3631539" TransAmt="10.00" TransDate="2021-05-01" TransDesc="Resident Liability Compliance Fee (05/2021)" TransName="RESIDENTLIABILITYFEE" TransactionBatchID="1619538294433"/>
    <Transaction CatCode="C" FiscalPeriodEnd="N" LeaID="125606" ReshID="115010" SiteID="3631539" TransAmt="10.00" TransDate="2021-05-01" TransDesc="Resident Liability Compliance Fee (05/2021)" TransName="RESIDENTLIABILITYFEE" TransactionBatchID="1619538294434"/>
    <Transaction CatCode="C" FiscalPeriodEnd="N" LeaID="135634" ReshID="125027" SiteID="3631539" TransAmt="10.00" TransDate="2021-05-01" TransDesc="Resident Liability Compliance Fee (05/2021)" TransName="RESIDENTLIABILITYFEE" TransactionBatchID="1619538294435"/>
    <Transaction CatCode="C" FiscalPeriodEnd="N" LeaID="135640" ReshID="125033" SiteID="3631539" TransAmt="10.00" TransDate="2021-05-01" TransDesc="Resident Liability Compliance Fee (05/2021)" TransName="RESIDENTLIABILITYFEE" TransactionBatchID="1619538294436"/>
    <Transaction CatCode="C" FiscalPeriodEnd="N" LeaID="135642" ReshID="125034" SiteID="3631539" TransAmt="10.00" TransDate="2021-05-01" TransDesc="Resident Liability Compliance Fee (05/2021)" TransName="RESIDENTLIABILITYFEE" TransactionBatchID="1619538294437"/>
    <Transaction CatCode="C" FiscalPeriodEnd="N" LeaID="135676" ReshID="125100" SiteID="3631539" TransAmt="10.00" TransDate="2021-05-01" TransDesc="Resident Liability Compliance Fee (05/2021)" TransName="RESIDENTLIABILITYFEE" TransactionBatchID="1619538294438"/>
    <Transaction CatCode="C" FiscalPeriodEnd="N" LeaID="135636" ReshID="125029" SiteID="3631539" TransAmt="10.00" TransDate="2021-05-01" TransDesc="Resident Liability Compliance Fee (05/2021)" TransName="RESIDENTLIABILITYFEE" TransactionBatchID="1619538294439"/>
    <Transaction CatCode="C" FiscalPeriodEnd="N" LeaID="135652" ReshID="125041" SiteID="3631539" TransAmt="10.00" TransDate="2021-05-01" TransDesc="Resident Liability Compliance Fee (05/2021)" TransName="RESIDENTLIABILITYFEE" TransactionBatchID="1619538294440"/>
    <Transaction CatCode="C" FiscalPeriodEnd="N" LeaID="125611" ReshID="115017" SiteID="3631539" TransAmt="10.00" TransDate="2021-05-01" TransDesc="Resident Liability Compliance Fee (05/2021)" TransName="RESIDENTLIABILITYFEE" TransactionBatchID="1619538294441"/>
    <Transaction CatCode="C" FiscalPeriodEnd="N" LeaID="135653" ReshID="125042" SiteID="3631539" TransAmt="10.00" TransDate="2021-05-01" TransDesc="Resident Liability Compliance Fee (05/2021)" TransName="RESIDENTLIABILITYFEE" TransactionBatchID="1619538294442"/>
    <Transaction CatCode="C" FiscalPeriodEnd="N" LeaID="125625" ReshID="115021" SiteID="3631539" TransAmt="10.00" TransDate="2021-05-01" TransDesc="Resident Liability Compliance Fee (05/2021)" TransName="RESIDENTLIABILITYFEE" TransactionBatchID="1619538294443"/>
    <Transaction CatCode="C" FiscalPeriodEnd="N" LeaID="135686" ReshID="125115" SiteID="3631539" TransAmt="10.00" TransDate="2021-05-01" TransDesc="Resident Liability Compliance Fee (05/2021)" TransName="RESIDENTLIABILITYFEE" TransactionBatchID="1619538294444"/>
    <Transaction CatCode="C" FiscalPeriodEnd="N" LeaID="135697" ReshID="125124" SiteID="3631539" TransAmt="10.00" TransDate="2021-05-01" TransDesc="Resident Liability Compliance Fee (05/2021)" TransName="RESIDENTLIABILITYFEE" TransactionBatchID="1619538294445"/>
    <Transaction CatCode="C" FiscalPeriodEnd="N" LeaID="135701" ReshID="125126" SiteID="3631539" TransAmt="10.00" TransDate="2021-05-01" TransDesc="Resident Liability Compliance Fee (05/2021)" TransName="RESIDENTLIABILITYFEE" TransactionBatchID="1619538294446"/>
    <Transaction CatCode="C" FiscalPeriodEnd="N" LeaID="135696" ReshID="125123" SiteID="3631539" TransAmt="10.00" TransDate="2021-05-01" TransDesc="Resident Liability Compliance Fee (05/2021)" TransName="RESIDENTLIABILITYFEE" TransactionBatchID="1619538294447"/>
    <Transaction CatCode="C" FiscalPeriodEnd="N" LeaID="135720" ReshID="125134" SiteID="3631539" TransAmt="10.00" TransDate="2021-05-01" TransDesc="Resident Liability Compliance Fee (05/2021)" TransName="RESIDENTLIABILITYFEE" TransactionBatchID="1619538294448"/>
    <Transaction CatCode="C" FiscalPeriodEnd="N" LeaID="135723" ReshID="125137" SiteID="3631539" TransAmt="10.00" TransDate="2021-05-01" TransDesc="Resident Liability Compliance Fee (05/2021)" TransName="RESIDENTLIABILITYFEE" TransactionBatchID="1619538294449"/>
    <Transaction CatCode="C" FiscalPeriodEnd="N" LeaID="135646" ReshID="125036" SiteID="3631539" TransAmt="10.00" TransDate="2021-05-01" TransDesc="Resident Liability Compliance Fee (05/2021)" TransName="RESIDENTLIABILITYFEE" TransactionBatchID="1619538294450"/>
    <Transaction CatCode="C" FiscalPeriodEnd="N" LeaID="135637" ReshID="125030" SiteID="3631539" TransAmt="10.00" TransDate="2021-05-01" TransDesc="Resident Liability Compliance Fee (05/2021)" TransName="RESIDENTLIABILITYFEE" TransactionBatchID="1619538294451"/>
    <Transaction CatCode="C" FiscalPeriodEnd="N" LeaID="135758" ReshID="125039" SiteID="3631539" TransAmt="10.00" TransDate="2021-05-01" TransDesc="Resident Liability Compliance Fee (05/2021)" TransName="RESIDENTLIABILITYFEE" TransactionBatchID="1619538294452"/>
    <Transaction CatCode="C" FiscalPeriodEnd="N" LeaID="135715" ReshID="125132" SiteID="3631539" TransAmt="10.00" TransDate="2021-05-01" TransDesc="Resident Liability Compliance Fee (05/2021)" TransName="RESIDENTLIABILITYFEE" TransactionBatchID="1619538294453"/>
    <Transaction CatCode="C" FiscalPeriodEnd="N" LeaID="135729" ReshID="125140" SiteID="3631539" TransAmt="10.00" TransDate="2021-05-01" TransDesc="Resident Liability Compliance Fee (05/2021)" TransName="RESIDENTLIABILITYFEE" TransactionBatchID="1619538294454"/>
    <Transaction CatCode="C" FiscalPeriodEnd="N" LeaID="135772" ReshID="115019" SiteID="3631539" TransAmt="10.00" TransDate="2021-05-01" TransDesc="Resident Liability Compliance Fee (05/2021)" TransName="RESIDENTLIABILITYFEE" TransactionBatchID="1619538294455"/>
    <Transaction CatCode="C" FiscalPeriodEnd="N" LeaID="135645" ReshID="125035" SiteID="3631539" TransAmt="10.00" TransDate="2021-05-01" TransDesc="Resident Liability Compliance Fee (05/2021)" TransName="RESIDENTLIABILITYFEE" TransactionBatchID="1619538294456"/>
    <Transaction CatCode="C" FiscalPeriodEnd="N" LeaID="135714" ReshID="125131" SiteID="3631539" TransAmt="10.00" TransDate="2021-05-01" TransDesc="Resident Liability Compliance Fee (05/2021)" TransName="RESIDENTLIABILITYFEE" TransactionBatchID="1619538294457"/>
    <Transaction CatCode="C" FiscalPeriodEnd="N" LeaID="125517" ReshID="104333" SiteID="3631539" TransAmt="10.00" TransDate="2021-05-01" TransDesc="Resident Liability Compliance Fee (05/2021)" TransName="RESIDENTLIABILITYFEE" TransactionBatchID="1619538294458"/>
    <Transaction CatCode="C" FiscalPeriodEnd="N" LeaID="135633" ReshID="125026" SiteID="3631539" TransAmt="10.00" TransDate="2021-05-01" TransDesc="Resident Liability Compliance Fee (05/2021)" TransName="RESIDENTLIABILITYFEE" TransactionBatchID="1619538294459"/>
    <Transaction CatCode="C" FiscalPeriodEnd="N" LeaID="135680" ReshID="125102" SiteID="3631539" TransAmt="10.00" TransDate="2021-05-01" TransDesc="Resident Liability Compliance Fee (05/2021)" TransName="RESIDENTLIABILITYFEE" TransactionBatchID="1619538294460"/>
    <Transaction CatCode="C" FiscalPeriodEnd="N" LeaID="135700" ReshID="125125" SiteID="3631539" TransAmt="10.00" TransDate="2021-05-01" TransDesc="Resident Liability Compliance Fee (05/2021)" TransName="RESIDENTLIABILITYFEE" TransactionBatchID="1619538294461"/>
    <Transaction CatCode="C" FiscalPeriodEnd="N" LeaID="135685" ReshID="125107" SiteID="3631539" TransAmt="10.00" TransDate="2021-05-01" TransDesc="Resident Liability Compliance Fee (05/2021)" TransName="RESIDENTLIABILITYFEE" TransactionBatchID="1619538294462"/>
    <Transaction CatCode="C" FiscalPeriodEnd="N" LeaID="135679" ReshID="125101" SiteID="3631539" TransAmt="10.00" TransDate="2021-05-01" TransDesc="Resident Liability Compliance Fee (05/2021)" TransName="RESIDENTLIABILITYFEE" TransactionBatchID="1619538294463"/>
    <Transaction CatCode="C" FiscalPeriodEnd="N" LeaID="135749" ReshID="125157" SiteID="3631539" TransAmt="10.00" TransDate="2021-05-01" TransDesc="Resident Liability Compliance Fee (05/2021)" TransName="RESIDENTLIABILITYFEE" TransactionBatchID="1619538294464"/>
    <Transaction CatCode="C" FiscalPeriodEnd="N" LeaID="135769" ReshID="125193" SiteID="3631539" TransAmt="10.00" TransDate="2021-05-01" TransDesc="Resident Liability Compliance Fee (05/2021)" TransName="RESIDENTLIABILITYFEE" TransactionBatchID="1619538294465"/>
    <Transaction CatCode="C" FiscalPeriodEnd="N" LeaID="135690" ReshID="125118" SiteID="3631539" TransAmt="10.00" TransDate="2021-05-01" TransDesc="Resident Liability Compliance Fee (05/2021)" TransName="RESIDENTLIABILITYFEE" TransactionBatchID="1619538294466"/>
    <Transaction CatCode="C" FiscalPeriodEnd="N" LeaID="135731" ReshID="125142" SiteID="3631539" TransAmt="10.00" TransDate="2021-05-01" TransDesc="Resident Liability Compliance Fee (05/2021)" TransName="RESIDENTLIABILITYFEE" TransactionBatchID="1619538294467"/>
    <Transaction CatCode="C" FiscalPeriodEnd="N" LeaID="135773" ReshID="125196" SiteID="3631539" TransAmt="10.00" TransDate="2021-05-01" TransDesc="Resident Liability Compliance Fee (05/2021)" TransName="RESIDENTLIABILITYFEE" TransactionBatchID="1619538294468"/>
    <Transaction CatCode="C" FiscalPeriodEnd="N" LeaID="135778" ReshID="125200" SiteID="3631539" TransAmt="10.00" TransDate="2021-05-01" TransDesc="Resident Liability Compliance Fee (05/2021)" TransName="RESIDENTLIABILITYFEE" TransactionBatchID="1619538294469"/>
    <Transaction CatCode="C" FiscalPeriodEnd="N" LeaID="135786" ReshID="125238" SiteID="3631539" TransAmt="10.00" TransDate="2021-05-01" TransDesc="Resident Liability Compliance Fee (05/2021)" TransName="RESIDENTLIABILITYFEE" TransactionBatchID="1619538294470"/>
    <Transaction CatCode="C" FiscalPeriodEnd="N" LeaID="135826" ReshID="125291" SiteID="3631539" TransAmt="10.00" TransDate="2021-05-01" TransDesc="Resident Liability Compliance Fee (05/2021)" TransName="RESIDENTLIABILITYFEE" TransactionBatchID="1619538294471"/>
    <Transaction CatCode="C" FiscalPeriodEnd="N" LeaID="135862" ReshID="125317" SiteID="3631539" TransAmt="10.00" TransDate="2021-05-01" TransDesc="Resident Liability Compliance Fee (05/2021)" TransName="RESIDENTLIABILITYFEE" TransactionBatchID="1619538294472"/>
    <Transaction CatCode="C" FiscalPeriodEnd="N" LeaID="114767" ReshID="104331" SiteID="3631539" TransAmt="10.00" TransDate="2021-05-01" TransDesc="Resident Liability Compliance Fee (05/2021)" TransName="RESIDENTLIABILITYFEE" TransactionBatchID="1619538294473"/>
    <Transaction CatCode="C" FiscalPeriodEnd="N" LeaID="135684" ReshID="125106" SiteID="3631539" TransAmt="10.00" TransDate="2021-05-01" TransDesc="Resident Liability Compliance Fee (05/2021)" TransName="RESIDENTLIABILITYFEE" TransactionBatchID="1619538294474"/>
    <Transaction CatCode="C" FiscalPeriodEnd="N" LeaID="135840" ReshID="125294" SiteID="3631539" TransAmt="10.00" TransDate="2021-05-01" TransDesc="Resident Liability Compliance Fee (05/2021)" TransName="RESIDENTLIABILITYFEE" TransactionBatchID="1619538294475"/>
    <Transaction CatCode="C" FiscalPeriodEnd="N" LeaID="135874" ReshID="125322" SiteID="3631539" TransAmt="10.00" TransDate="2021-05-01" TransDesc="Resident Liability Compliance Fee (05/2021)" TransName="RESIDENTLIABILITYFEE" TransactionBatchID="1619538294476"/>
    <Transaction CatCode="C" FiscalPeriodEnd="N" LeaID="135893" ReshID="125340" SiteID="3631539" TransAmt="10.00" TransDate="2021-05-01" TransDesc="Resident Liability Compliance Fee (05/2021)" TransName="RESIDENTLIABILITYFEE" TransactionBatchID="1619538294477"/>
    <Transaction CatCode="C" FiscalPeriodEnd="N" LeaID="135819" ReshID="125269" SiteID="3631539" TransAmt="10.00" TransDate="2021-05-01" TransDesc="Resident Liability Compliance Fee (05/2021)" TransName="RESIDENTLIABILITYFEE" TransactionBatchID="1619538294478"/>
    <Transaction CatCode="C" FiscalPeriodEnd="N" LeaID="135902" ReshID="125348" SiteID="3631539" TransAmt="10.00" TransDate="2021-05-01" TransDesc="Resident Liability Compliance Fee (05/2021)" TransName="RESIDENTLIABILITYFEE" TransactionBatchID="1619538294479"/>
</TransactionList>
