<TransactionList>
    <Validation>
        <Audit Count="168" Node="Transaction" Sum="1680.00"/>
    </Validation>
    <Transaction CatCode="C" FiscalPeriodEnd="N" LeaID="32478" ReshID="22" SiteID="3720740" TransAmt="10.00" TransDate="2021-05-01" TransDesc="Resident Liability Compliance Fee (05/2021)" TransName="RESIDENTLIABILITYFEE" TransactionBatchID="1619538294864"/>
    <Transaction CatCode="C" FiscalPeriodEnd="N" LeaID="32318" ReshID="103" SiteID="3720740" TransAmt="10.00" TransDate="2021-05-01" TransDesc="Resident Liability Compliance Fee (05/2021)" TransName="RESIDENTLIABILITYFEE" TransactionBatchID="1619538294865"/>
    <Transaction CatCode="C" FiscalPeriodEnd="N" LeaID="32664" ReshID="182" SiteID="3720740" TransAmt="10.00" TransDate="2021-05-01" TransDesc="Resident Liability Compliance Fee (05/2021)" TransName="RESIDENTLIABILITYFEE" TransactionBatchID="1619538294866"/>
    <Transaction CatCode="C" FiscalPeriodEnd="N" LeaID="32417" ReshID="432" SiteID="3720740" TransAmt="10.00" TransDate="2021-05-01" TransDesc="Resident Liability Compliance Fee (05/2021)" TransName="RESIDENTLIABILITYFEE" TransactionBatchID="1619538294867"/>
    <Transaction CatCode="C" FiscalPeriodEnd="N" LeaID="32626" ReshID="591" SiteID="3720740" TransAmt="10.00" TransDate="2021-05-01" TransDesc="Resident Liability Compliance Fee (05/2021)" TransName="RESIDENTLIABILITYFEE" TransactionBatchID="1619538294868"/>
    <Transaction CatCode="C" FiscalPeriodEnd="N" LeaID="32325" ReshID="724" SiteID="3720740" TransAmt="10.00" TransDate="2021-05-01" TransDesc="Resident Liability Compliance Fee (05/2021)" TransName="RESIDENTLIABILITYFEE" TransactionBatchID="1619538294869"/>
    <Transaction CatCode="C" FiscalPeriodEnd="N" LeaID="32335" ReshID="10856" SiteID="3720740" TransAmt="10.00" TransDate="2021-05-01" TransDesc="Resident Liability Compliance Fee (05/2021)" TransName="RESIDENTLIABILITYFEE" TransactionBatchID="1619538294870"/>
    <Transaction CatCode="C" FiscalPeriodEnd="N" LeaID="32661" ReshID="20960" SiteID="3720740" TransAmt="10.00" TransDate="2021-05-01" TransDesc="Resident Liability Compliance Fee (05/2021)" TransName="RESIDENTLIABILITYFEE" TransactionBatchID="1619538294871"/>
    <Transaction CatCode="C" FiscalPeriodEnd="N" LeaID="32533" ReshID="30982" SiteID="3720740" TransAmt="10.00" TransDate="2021-05-01" TransDesc="Resident Liability Compliance Fee (05/2021)" TransName="RESIDENTLIABILITYFEE" TransactionBatchID="1619538294872"/>
    <Transaction CatCode="C" FiscalPeriodEnd="N" LeaID="32598" ReshID="30999" SiteID="3720740" TransAmt="10.00" TransDate="2021-05-01" TransDesc="Resident Liability Compliance Fee (05/2021)" TransName="RESIDENTLIABILITYFEE" TransactionBatchID="1619538294873"/>
    <Transaction CatCode="C" FiscalPeriodEnd="N" LeaID="32720" ReshID="31003" SiteID="3720740" TransAmt="10.00" TransDate="2021-05-01" TransDesc="Resident Liability Compliance Fee (05/2021)" TransName="RESIDENTLIABILITYFEE" TransactionBatchID="1619538294874"/>
    <Transaction CatCode="C" FiscalPeriodEnd="N" LeaID="32430" ReshID="31083" SiteID="3720740" TransAmt="10.00" TransDate="2021-05-01" TransDesc="Resident Liability Compliance Fee (05/2021)" TransName="RESIDENTLIABILITYFEE" TransactionBatchID="1619538294875"/>
    <Transaction CatCode="C" FiscalPeriodEnd="N" LeaID="32629" ReshID="31108" SiteID="3720740" TransAmt="10.00" TransDate="2021-05-01" TransDesc="Resident Liability Compliance Fee (05/2021)" TransName="RESIDENTLIABILITYFEE" TransactionBatchID="1619538294876"/>
    <Transaction CatCode="C" FiscalPeriodEnd="N" LeaID="32546" ReshID="31124" SiteID="3720740" TransAmt="10.00" TransDate="2021-05-01" TransDesc="Resident Liability Compliance Fee (05/2021)" TransName="RESIDENTLIABILITYFEE" TransactionBatchID="1619538294877"/>
    <Transaction CatCode="C" FiscalPeriodEnd="N" LeaID="32531" ReshID="31125" SiteID="3720740" TransAmt="10.00" TransDate="2021-05-01" TransDesc="Resident Liability Compliance Fee (05/2021)" TransName="RESIDENTLIABILITYFEE" TransactionBatchID="1619538294878"/>
    <Transaction CatCode="C" FiscalPeriodEnd="N" LeaID="32517" ReshID="31129" SiteID="3720740" TransAmt="10.00" TransDate="2021-05-01" TransDesc="Resident Liability Compliance Fee (05/2021)" TransName="RESIDENTLIABILITYFEE" TransactionBatchID="1619538294879"/>
    <Transaction CatCode="C" FiscalPeriodEnd="N" LeaID="32635" ReshID="31210" SiteID="3720740" TransAmt="10.00" TransDate="2021-05-01" TransDesc="Resident Liability Compliance Fee (05/2021)" TransName="RESIDENTLIABILITYFEE" TransactionBatchID="1619538294880"/>
    <Transaction CatCode="C" FiscalPeriodEnd="N" LeaID="32347" ReshID="31214" SiteID="3720740" TransAmt="10.00" TransDate="2021-05-01" TransDesc="Resident Liability Compliance Fee (05/2021)" TransName="RESIDENTLIABILITYFEE" TransactionBatchID="1619538294881"/>
    <Transaction CatCode="C" FiscalPeriodEnd="N" LeaID="32609" ReshID="31226" SiteID="3720740" TransAmt="10.00" TransDate="2021-05-01" TransDesc="Resident Liability Compliance Fee (05/2021)" TransName="RESIDENTLIABILITYFEE" TransactionBatchID="1619538294882"/>
    <Transaction CatCode="C" FiscalPeriodEnd="N" LeaID="32304" ReshID="31271" SiteID="3720740" TransAmt="10.00" TransDate="2021-05-01" TransDesc="Resident Liability Compliance Fee (05/2021)" TransName="RESIDENTLIABILITYFEE" TransactionBatchID="1619538294883"/>
    <Transaction CatCode="C" FiscalPeriodEnd="N" LeaID="32442" ReshID="31284" SiteID="3720740" TransAmt="10.00" TransDate="2021-05-01" TransDesc="Resident Liability Compliance Fee (05/2021)" TransName="RESIDENTLIABILITYFEE" TransactionBatchID="1619538294884"/>
    <Transaction CatCode="C" FiscalPeriodEnd="N" LeaID="32399" ReshID="31314" SiteID="3720740" TransAmt="10.00" TransDate="2021-05-01" TransDesc="Resident Liability Compliance Fee (05/2021)" TransName="RESIDENTLIABILITYFEE" TransactionBatchID="1619538294885"/>
    <Transaction CatCode="C" FiscalPeriodEnd="N" LeaID="32444" ReshID="31111" SiteID="3720740" TransAmt="10.00" TransDate="2021-05-01" TransDesc="Resident Liability Compliance Fee (05/2021)" TransName="RESIDENTLIABILITYFEE" TransactionBatchID="1619538294886"/>
    <Transaction CatCode="C" FiscalPeriodEnd="N" LeaID="32459" ReshID="31343" SiteID="3720740" TransAmt="10.00" TransDate="2021-05-01" TransDesc="Resident Liability Compliance Fee (05/2021)" TransName="RESIDENTLIABILITYFEE" TransactionBatchID="1619538294887"/>
    <Transaction CatCode="C" FiscalPeriodEnd="N" LeaID="32465" ReshID="31344" SiteID="3720740" TransAmt="10.00" TransDate="2021-05-01" TransDesc="Resident Liability Compliance Fee (05/2021)" TransName="RESIDENTLIABILITYFEE" TransactionBatchID="1619538294888"/>
    <Transaction CatCode="C" FiscalPeriodEnd="N" LeaID="32498" ReshID="31346" SiteID="3720740" TransAmt="10.00" TransDate="2021-05-01" TransDesc="Resident Liability Compliance Fee (05/2021)" TransName="RESIDENTLIABILITYFEE" TransactionBatchID="1619538294889"/>
    <Transaction CatCode="C" FiscalPeriodEnd="N" LeaID="32435" ReshID="31367" SiteID="3720740" TransAmt="10.00" TransDate="2021-05-01" TransDesc="Resident Liability Compliance Fee (05/2021)" TransName="RESIDENTLIABILITYFEE" TransactionBatchID="1619538294890"/>
    <Transaction CatCode="C" FiscalPeriodEnd="N" LeaID="32520" ReshID="31386" SiteID="3720740" TransAmt="10.00" TransDate="2021-05-01" TransDesc="Resident Liability Compliance Fee (05/2021)" TransName="RESIDENTLIABILITYFEE" TransactionBatchID="1619538294891"/>
    <Transaction CatCode="C" FiscalPeriodEnd="N" LeaID="32372" ReshID="31391" SiteID="3720740" TransAmt="10.00" TransDate="2021-05-01" TransDesc="Resident Liability Compliance Fee (05/2021)" TransName="RESIDENTLIABILITYFEE" TransactionBatchID="1619538294892"/>
    <Transaction CatCode="C" FiscalPeriodEnd="N" LeaID="32580" ReshID="31394" SiteID="3720740" TransAmt="10.00" TransDate="2021-05-01" TransDesc="Resident Liability Compliance Fee (05/2021)" TransName="RESIDENTLIABILITYFEE" TransactionBatchID="1619538294893"/>
    <Transaction CatCode="C" FiscalPeriodEnd="N" LeaID="32547" ReshID="31407" SiteID="3720740" TransAmt="10.00" TransDate="2021-05-01" TransDesc="Resident Liability Compliance Fee (05/2021)" TransName="RESIDENTLIABILITYFEE" TransactionBatchID="1619538294894"/>
    <Transaction CatCode="C" FiscalPeriodEnd="N" LeaID="32367" ReshID="31423" SiteID="3720740" TransAmt="10.00" TransDate="2021-05-01" TransDesc="Resident Liability Compliance Fee (05/2021)" TransName="RESIDENTLIABILITYFEE" TransactionBatchID="1619538294895"/>
    <Transaction CatCode="C" FiscalPeriodEnd="N" LeaID="32587" ReshID="31436" SiteID="3720740" TransAmt="10.00" TransDate="2021-05-01" TransDesc="Resident Liability Compliance Fee (05/2021)" TransName="RESIDENTLIABILITYFEE" TransactionBatchID="1619538294896"/>
    <Transaction CatCode="C" FiscalPeriodEnd="N" LeaID="32592" ReshID="31442" SiteID="3720740" TransAmt="10.00" TransDate="2021-05-01" TransDesc="Resident Liability Compliance Fee (05/2021)" TransName="RESIDENTLIABILITYFEE" TransactionBatchID="1619538294897"/>
    <Transaction CatCode="C" FiscalPeriodEnd="N" LeaID="32663" ReshID="198" SiteID="3720740" TransAmt="10.00" TransDate="2021-05-01" TransDesc="Resident Liability Compliance Fee (05/2021)" TransName="RESIDENTLIABILITYFEE" TransactionBatchID="1619538294898"/>
    <Transaction CatCode="C" FiscalPeriodEnd="N" LeaID="32727" ReshID="31455" SiteID="3720740" TransAmt="10.00" TransDate="2021-05-01" TransDesc="Resident Liability Compliance Fee (05/2021)" TransName="RESIDENTLIABILITYFEE" TransactionBatchID="1619538294899"/>
    <Transaction CatCode="C" FiscalPeriodEnd="N" LeaID="32644" ReshID="31457" SiteID="3720740" TransAmt="10.00" TransDate="2021-05-01" TransDesc="Resident Liability Compliance Fee (05/2021)" TransName="RESIDENTLIABILITYFEE" TransactionBatchID="1619538294900"/>
    <Transaction CatCode="C" FiscalPeriodEnd="N" LeaID="32468" ReshID="31462" SiteID="3720740" TransAmt="10.00" TransDate="2021-05-01" TransDesc="Resident Liability Compliance Fee (05/2021)" TransName="RESIDENTLIABILITYFEE" TransactionBatchID="1619538294901"/>
    <Transaction CatCode="C" FiscalPeriodEnd="N" LeaID="32636" ReshID="31463" SiteID="3720740" TransAmt="10.00" TransDate="2021-05-01" TransDesc="Resident Liability Compliance Fee (05/2021)" TransName="RESIDENTLIABILITYFEE" TransactionBatchID="1619538294902"/>
    <Transaction CatCode="C" FiscalPeriodEnd="N" LeaID="32669" ReshID="31485" SiteID="3720740" TransAmt="10.00" TransDate="2021-05-01" TransDesc="Resident Liability Compliance Fee (05/2021)" TransName="RESIDENTLIABILITYFEE" TransactionBatchID="1619538294903"/>
    <Transaction CatCode="C" FiscalPeriodEnd="N" LeaID="32721" ReshID="31490" SiteID="3720740" TransAmt="10.00" TransDate="2021-05-01" TransDesc="Resident Liability Compliance Fee (05/2021)" TransName="RESIDENTLIABILITYFEE" TransactionBatchID="1619538294904"/>
    <Transaction CatCode="C" FiscalPeriodEnd="N" LeaID="32282" ReshID="31491" SiteID="3720740" TransAmt="10.00" TransDate="2021-05-01" TransDesc="Resident Liability Compliance Fee (05/2021)" TransName="RESIDENTLIABILITYFEE" TransactionBatchID="1619538294905"/>
    <Transaction CatCode="C" FiscalPeriodEnd="N" LeaID="32570" ReshID="31492" SiteID="3720740" TransAmt="10.00" TransDate="2021-05-01" TransDesc="Resident Liability Compliance Fee (05/2021)" TransName="RESIDENTLIABILITYFEE" TransactionBatchID="1619538294906"/>
    <Transaction CatCode="C" FiscalPeriodEnd="N" LeaID="32586" ReshID="31523" SiteID="3720740" TransAmt="10.00" TransDate="2021-05-01" TransDesc="Resident Liability Compliance Fee (05/2021)" TransName="RESIDENTLIABILITYFEE" TransactionBatchID="1619538294907"/>
    <Transaction CatCode="C" FiscalPeriodEnd="N" LeaID="32307" ReshID="31525" SiteID="3720740" TransAmt="10.00" TransDate="2021-05-01" TransDesc="Resident Liability Compliance Fee (05/2021)" TransName="RESIDENTLIABILITYFEE" TransactionBatchID="1619538294908"/>
    <Transaction CatCode="C" FiscalPeriodEnd="N" LeaID="32352" ReshID="31562" SiteID="3720740" TransAmt="10.00" TransDate="2021-05-01" TransDesc="Resident Liability Compliance Fee (05/2021)" TransName="RESIDENTLIABILITYFEE" TransactionBatchID="1619538294909"/>
    <Transaction CatCode="C" FiscalPeriodEnd="N" LeaID="32450" ReshID="24" SiteID="3720740" TransAmt="10.00" TransDate="2021-05-01" TransDesc="Resident Liability Compliance Fee (05/2021)" TransName="RESIDENTLIABILITYFEE" TransactionBatchID="1619538294910"/>
    <Transaction CatCode="C" FiscalPeriodEnd="N" LeaID="32376" ReshID="829" SiteID="3720740" TransAmt="10.00" TransDate="2021-05-01" TransDesc="Resident Liability Compliance Fee (05/2021)" TransName="RESIDENTLIABILITYFEE" TransactionBatchID="1619538294911"/>
    <Transaction CatCode="C" FiscalPeriodEnd="N" LeaID="32350" ReshID="31023" SiteID="3720740" TransAmt="10.00" TransDate="2021-05-01" TransDesc="Resident Liability Compliance Fee (05/2021)" TransName="RESIDENTLIABILITYFEE" TransactionBatchID="1619538294912"/>
    <Transaction CatCode="C" FiscalPeriodEnd="N" LeaID="32384" ReshID="31539" SiteID="3720740" TransAmt="10.00" TransDate="2021-05-01" TransDesc="Resident Liability Compliance Fee (05/2021)" TransName="RESIDENTLIABILITYFEE" TransactionBatchID="1619538294913"/>
    <Transaction CatCode="C" FiscalPeriodEnd="N" LeaID="32401" ReshID="31544" SiteID="3720740" TransAmt="10.00" TransDate="2021-05-01" TransDesc="Resident Liability Compliance Fee (05/2021)" TransName="RESIDENTLIABILITYFEE" TransactionBatchID="1619538294914"/>
    <Transaction CatCode="C" FiscalPeriodEnd="N" LeaID="32389" ReshID="31567" SiteID="3720740" TransAmt="10.00" TransDate="2021-05-01" TransDesc="Resident Liability Compliance Fee (05/2021)" TransName="RESIDENTLIABILITYFEE" TransactionBatchID="1619538294915"/>
    <Transaction CatCode="C" FiscalPeriodEnd="N" LeaID="32414" ReshID="31582" SiteID="3720740" TransAmt="10.00" TransDate="2021-05-01" TransDesc="Resident Liability Compliance Fee (05/2021)" TransName="RESIDENTLIABILITYFEE" TransactionBatchID="1619538294916"/>
    <Transaction CatCode="C" FiscalPeriodEnd="N" LeaID="32394" ReshID="31541" SiteID="3720740" TransAmt="10.00" TransDate="2021-05-01" TransDesc="Resident Liability Compliance Fee (05/2021)" TransName="RESIDENTLIABILITYFEE" TransactionBatchID="1619538294917"/>
    <Transaction CatCode="C" FiscalPeriodEnd="N" LeaID="32409" ReshID="31580" SiteID="3720740" TransAmt="10.00" TransDate="2021-05-01" TransDesc="Resident Liability Compliance Fee (05/2021)" TransName="RESIDENTLIABILITYFEE" TransactionBatchID="1619538294918"/>
    <Transaction CatCode="C" FiscalPeriodEnd="N" LeaID="32449" ReshID="9" SiteID="3720740" TransAmt="10.00" TransDate="2021-05-01" TransDesc="Resident Liability Compliance Fee (05/2021)" TransName="RESIDENTLIABILITYFEE" TransactionBatchID="1619538294919"/>
    <Transaction CatCode="C" FiscalPeriodEnd="N" LeaID="32677" ReshID="31553" SiteID="3720740" TransAmt="10.00" TransDate="2021-05-01" TransDesc="Resident Liability Compliance Fee (05/2021)" TransName="RESIDENTLIABILITYFEE" TransactionBatchID="1619538294920"/>
    <Transaction CatCode="C" FiscalPeriodEnd="N" LeaID="32415" ReshID="31535" SiteID="3720740" TransAmt="10.00" TransDate="2021-05-01" TransDesc="Resident Liability Compliance Fee (05/2021)" TransName="RESIDENTLIABILITYFEE" TransactionBatchID="1619538294921"/>
    <Transaction CatCode="C" FiscalPeriodEnd="N" LeaID="32462" ReshID="31572" SiteID="3720740" TransAmt="10.00" TransDate="2021-05-01" TransDesc="Resident Liability Compliance Fee (05/2021)" TransName="RESIDENTLIABILITYFEE" TransactionBatchID="1619538294922"/>
    <Transaction CatCode="C" FiscalPeriodEnd="N" LeaID="32407" ReshID="31599" SiteID="3720740" TransAmt="10.00" TransDate="2021-05-01" TransDesc="Resident Liability Compliance Fee (05/2021)" TransName="RESIDENTLIABILITYFEE" TransactionBatchID="1619538294923"/>
    <Transaction CatCode="C" FiscalPeriodEnd="N" LeaID="32691" ReshID="31592" SiteID="3720740" TransAmt="10.00" TransDate="2021-05-01" TransDesc="Resident Liability Compliance Fee (05/2021)" TransName="RESIDENTLIABILITYFEE" TransactionBatchID="1619538294924"/>
    <Transaction CatCode="C" FiscalPeriodEnd="N" LeaID="32387" ReshID="31619" SiteID="3720740" TransAmt="10.00" TransDate="2021-05-01" TransDesc="Resident Liability Compliance Fee (05/2021)" TransName="RESIDENTLIABILITYFEE" TransactionBatchID="1619538294925"/>
    <Transaction CatCode="C" FiscalPeriodEnd="N" LeaID="32460" ReshID="31579" SiteID="3720740" TransAmt="10.00" TransDate="2021-05-01" TransDesc="Resident Liability Compliance Fee (05/2021)" TransName="RESIDENTLIABILITYFEE" TransactionBatchID="1619538294926"/>
    <Transaction CatCode="C" FiscalPeriodEnd="N" LeaID="32447" ReshID="31590" SiteID="3720740" TransAmt="10.00" TransDate="2021-05-01" TransDesc="Resident Liability Compliance Fee (05/2021)" TransName="RESIDENTLIABILITYFEE" TransactionBatchID="1619538294927"/>
    <Transaction CatCode="C" FiscalPeriodEnd="N" LeaID="32443" ReshID="31550" SiteID="3720740" TransAmt="10.00" TransDate="2021-05-01" TransDesc="Resident Liability Compliance Fee (05/2021)" TransName="RESIDENTLIABILITYFEE" TransactionBatchID="1619538294928"/>
    <Transaction CatCode="C" FiscalPeriodEnd="N" LeaID="32142" ReshID="31627" SiteID="3720740" TransAmt="10.00" TransDate="2021-05-01" TransDesc="Resident Liability Compliance Fee (05/2021)" TransName="RESIDENTLIABILITYFEE" TransactionBatchID="1619538294929"/>
    <Transaction CatCode="C" FiscalPeriodEnd="N" LeaID="32532" ReshID="31618" SiteID="3720740" TransAmt="10.00" TransDate="2021-05-01" TransDesc="Resident Liability Compliance Fee (05/2021)" TransName="RESIDENTLIABILITYFEE" TransactionBatchID="1619538294930"/>
    <Transaction CatCode="C" FiscalPeriodEnd="N" LeaID="32534" ReshID="31608" SiteID="3720740" TransAmt="10.00" TransDate="2021-05-01" TransDesc="Resident Liability Compliance Fee (05/2021)" TransName="RESIDENTLIABILITYFEE" TransactionBatchID="1619538294931"/>
    <Transaction CatCode="C" FiscalPeriodEnd="N" LeaID="32549" ReshID="31635" SiteID="3720740" TransAmt="10.00" TransDate="2021-05-01" TransDesc="Resident Liability Compliance Fee (05/2021)" TransName="RESIDENTLIABILITYFEE" TransactionBatchID="1619538294932"/>
    <Transaction CatCode="C" FiscalPeriodEnd="N" LeaID="32469" ReshID="31636" SiteID="3720740" TransAmt="10.00" TransDate="2021-05-01" TransDesc="Resident Liability Compliance Fee (05/2021)" TransName="RESIDENTLIABILITYFEE" TransactionBatchID="1619538294933"/>
    <Transaction CatCode="C" FiscalPeriodEnd="N" LeaID="32558" ReshID="31641" SiteID="3720740" TransAmt="10.00" TransDate="2021-05-01" TransDesc="Resident Liability Compliance Fee (05/2021)" TransName="RESIDENTLIABILITYFEE" TransactionBatchID="1619538294934"/>
    <Transaction CatCode="C" FiscalPeriodEnd="N" LeaID="32565" ReshID="31648" SiteID="3720740" TransAmt="10.00" TransDate="2021-05-01" TransDesc="Resident Liability Compliance Fee (05/2021)" TransName="RESIDENTLIABILITYFEE" TransactionBatchID="1619538294935"/>
    <Transaction CatCode="C" FiscalPeriodEnd="N" LeaID="32536" ReshID="31632" SiteID="3720740" TransAmt="10.00" TransDate="2021-05-01" TransDesc="Resident Liability Compliance Fee (05/2021)" TransName="RESIDENTLIABILITYFEE" TransactionBatchID="1619538294936"/>
    <Transaction CatCode="C" FiscalPeriodEnd="N" LeaID="32569" ReshID="31634" SiteID="3720740" TransAmt="10.00" TransDate="2021-05-01" TransDesc="Resident Liability Compliance Fee (05/2021)" TransName="RESIDENTLIABILITYFEE" TransactionBatchID="1619538294937"/>
    <Transaction CatCode="C" FiscalPeriodEnd="N" LeaID="32518" ReshID="31657" SiteID="3720740" TransAmt="10.00" TransDate="2021-05-01" TransDesc="Resident Liability Compliance Fee (05/2021)" TransName="RESIDENTLIABILITYFEE" TransactionBatchID="1619538294938"/>
    <Transaction CatCode="C" FiscalPeriodEnd="N" LeaID="32603" ReshID="31667" SiteID="3720740" TransAmt="10.00" TransDate="2021-05-01" TransDesc="Resident Liability Compliance Fee (05/2021)" TransName="RESIDENTLIABILITYFEE" TransactionBatchID="1619538294939"/>
    <Transaction CatCode="C" FiscalPeriodEnd="N" LeaID="32571" ReshID="31668" SiteID="3720740" TransAmt="10.00" TransDate="2021-05-01" TransDesc="Resident Liability Compliance Fee (05/2021)" TransName="RESIDENTLIABILITYFEE" TransactionBatchID="1619538294940"/>
    <Transaction CatCode="C" FiscalPeriodEnd="N" LeaID="32551" ReshID="31683" SiteID="3720740" TransAmt="10.00" TransDate="2021-05-01" TransDesc="Resident Liability Compliance Fee (05/2021)" TransName="RESIDENTLIABILITYFEE" TransactionBatchID="1619538294941"/>
    <Transaction CatCode="C" FiscalPeriodEnd="N" LeaID="32588" ReshID="31690" SiteID="3720740" TransAmt="10.00" TransDate="2021-05-01" TransDesc="Resident Liability Compliance Fee (05/2021)" TransName="RESIDENTLIABILITYFEE" TransactionBatchID="1619538294942"/>
    <Transaction CatCode="C" FiscalPeriodEnd="N" LeaID="32526" ReshID="31666" SiteID="3720740" TransAmt="10.00" TransDate="2021-05-01" TransDesc="Resident Liability Compliance Fee (05/2021)" TransName="RESIDENTLIABILITYFEE" TransactionBatchID="1619538294943"/>
    <Transaction CatCode="C" FiscalPeriodEnd="N" LeaID="32612" ReshID="31660" SiteID="3720740" TransAmt="10.00" TransDate="2021-05-01" TransDesc="Resident Liability Compliance Fee (05/2021)" TransName="RESIDENTLIABILITYFEE" TransactionBatchID="1619538294944"/>
    <Transaction CatCode="C" FiscalPeriodEnd="N" LeaID="32630" ReshID="31718" SiteID="3720740" TransAmt="10.00" TransDate="2021-05-01" TransDesc="Resident Liability Compliance Fee (05/2021)" TransName="RESIDENTLIABILITYFEE" TransactionBatchID="1619538294945"/>
    <Transaction CatCode="C" FiscalPeriodEnd="N" LeaID="32643" ReshID="31901" SiteID="3720740" TransAmt="10.00" TransDate="2021-05-01" TransDesc="Resident Liability Compliance Fee (05/2021)" TransName="RESIDENTLIABILITYFEE" TransactionBatchID="1619538294946"/>
    <Transaction CatCode="C" FiscalPeriodEnd="N" LeaID="32671" ReshID="31698" SiteID="3720740" TransAmt="10.00" TransDate="2021-05-01" TransDesc="Resident Liability Compliance Fee (05/2021)" TransName="RESIDENTLIABILITYFEE" TransactionBatchID="1619538294947"/>
    <Transaction CatCode="C" FiscalPeriodEnd="N" LeaID="32674" ReshID="31702" SiteID="3720740" TransAmt="10.00" TransDate="2021-05-01" TransDesc="Resident Liability Compliance Fee (05/2021)" TransName="RESIDENTLIABILITYFEE" TransactionBatchID="1619538294948"/>
    <Transaction CatCode="C" FiscalPeriodEnd="N" LeaID="32662" ReshID="31723" SiteID="3720740" TransAmt="10.00" TransDate="2021-05-01" TransDesc="Resident Liability Compliance Fee (05/2021)" TransName="RESIDENTLIABILITYFEE" TransactionBatchID="1619538294949"/>
    <Transaction CatCode="C" FiscalPeriodEnd="N" LeaID="32653" ReshID="31734" SiteID="3720740" TransAmt="10.00" TransDate="2021-05-01" TransDesc="Resident Liability Compliance Fee (05/2021)" TransName="RESIDENTLIABILITYFEE" TransactionBatchID="1619538294950"/>
    <Transaction CatCode="C" FiscalPeriodEnd="N" LeaID="32690" ReshID="31738" SiteID="3720740" TransAmt="10.00" TransDate="2021-05-01" TransDesc="Resident Liability Compliance Fee (05/2021)" TransName="RESIDENTLIABILITYFEE" TransactionBatchID="1619538294951"/>
    <Transaction CatCode="C" FiscalPeriodEnd="N" LeaID="32277" ReshID="31705" SiteID="3720740" TransAmt="10.00" TransDate="2021-05-01" TransDesc="Resident Liability Compliance Fee (05/2021)" TransName="RESIDENTLIABILITYFEE" TransactionBatchID="1619538294952"/>
    <Transaction CatCode="C" FiscalPeriodEnd="N" LeaID="32279" ReshID="31707" SiteID="3720740" TransAmt="10.00" TransDate="2021-05-01" TransDesc="Resident Liability Compliance Fee (05/2021)" TransName="RESIDENTLIABILITYFEE" TransactionBatchID="1619538294953"/>
    <Transaction CatCode="C" FiscalPeriodEnd="N" LeaID="32617" ReshID="31755" SiteID="3720740" TransAmt="10.00" TransDate="2021-05-01" TransDesc="Resident Liability Compliance Fee (05/2021)" TransName="RESIDENTLIABILITYFEE" TransactionBatchID="1619538294954"/>
    <Transaction CatCode="C" FiscalPeriodEnd="N" LeaID="32321" ReshID="31741" SiteID="3720740" TransAmt="10.00" TransDate="2021-05-01" TransDesc="Resident Liability Compliance Fee (05/2021)" TransName="RESIDENTLIABILITYFEE" TransactionBatchID="1619538294955"/>
    <Transaction CatCode="C" FiscalPeriodEnd="N" LeaID="32340" ReshID="31751" SiteID="3720740" TransAmt="10.00" TransDate="2021-05-01" TransDesc="Resident Liability Compliance Fee (05/2021)" TransName="RESIDENTLIABILITYFEE" TransactionBatchID="1619538294956"/>
    <Transaction CatCode="C" FiscalPeriodEnd="N" LeaID="32383" ReshID="31528" SiteID="3720740" TransAmt="10.00" TransDate="2021-05-01" TransDesc="Resident Liability Compliance Fee (05/2021)" TransName="RESIDENTLIABILITYFEE" TransactionBatchID="1619538294957"/>
    <Transaction CatCode="C" FiscalPeriodEnd="N" LeaID="32382" ReshID="31767" SiteID="3720740" TransAmt="10.00" TransDate="2021-05-01" TransDesc="Resident Liability Compliance Fee (05/2021)" TransName="RESIDENTLIABILITYFEE" TransactionBatchID="1619538294958"/>
    <Transaction CatCode="C" FiscalPeriodEnd="N" LeaID="32345" ReshID="31754" SiteID="3720740" TransAmt="10.00" TransDate="2021-05-01" TransDesc="Resident Liability Compliance Fee (05/2021)" TransName="RESIDENTLIABILITYFEE" TransactionBatchID="1619538294959"/>
    <Transaction CatCode="C" FiscalPeriodEnd="N" LeaID="32386" ReshID="31768" SiteID="3720740" TransAmt="10.00" TransDate="2021-05-01" TransDesc="Resident Liability Compliance Fee (05/2021)" TransName="RESIDENTLIABILITYFEE" TransactionBatchID="1619538294960"/>
    <Transaction CatCode="C" FiscalPeriodEnd="N" LeaID="32373" ReshID="31764" SiteID="3720740" TransAmt="10.00" TransDate="2021-05-01" TransDesc="Resident Liability Compliance Fee (05/2021)" TransName="RESIDENTLIABILITYFEE" TransactionBatchID="1619538294961"/>
    <Transaction CatCode="C" FiscalPeriodEnd="N" LeaID="32342" ReshID="31753" SiteID="3720740" TransAmt="10.00" TransDate="2021-05-01" TransDesc="Resident Liability Compliance Fee (05/2021)" TransName="RESIDENTLIABILITYFEE" TransactionBatchID="1619538294962"/>
    <Transaction CatCode="C" FiscalPeriodEnd="N" LeaID="32608" ReshID="31744" SiteID="3720740" TransAmt="10.00" TransDate="2021-05-01" TransDesc="Resident Liability Compliance Fee (05/2021)" TransName="RESIDENTLIABILITYFEE" TransactionBatchID="1619538294963"/>
    <Transaction CatCode="C" FiscalPeriodEnd="N" LeaID="32411" ReshID="31779" SiteID="3720740" TransAmt="10.00" TransDate="2021-05-01" TransDesc="Resident Liability Compliance Fee (05/2021)" TransName="RESIDENTLIABILITYFEE" TransactionBatchID="1619538294964"/>
    <Transaction CatCode="C" FiscalPeriodEnd="N" LeaID="32412" ReshID="31780" SiteID="3720740" TransAmt="10.00" TransDate="2021-05-01" TransDesc="Resident Liability Compliance Fee (05/2021)" TransName="RESIDENTLIABILITYFEE" TransactionBatchID="1619538294965"/>
    <Transaction CatCode="C" FiscalPeriodEnd="N" LeaID="32439" ReshID="31044" SiteID="3720740" TransAmt="10.00" TransDate="2021-05-01" TransDesc="Resident Liability Compliance Fee (05/2021)" TransName="RESIDENTLIABILITYFEE" TransactionBatchID="1619538294966"/>
    <Transaction CatCode="C" FiscalPeriodEnd="N" LeaID="32429" ReshID="31791" SiteID="3720740" TransAmt="10.00" TransDate="2021-05-01" TransDesc="Resident Liability Compliance Fee (05/2021)" TransName="RESIDENTLIABILITYFEE" TransactionBatchID="1619538294967"/>
    <Transaction CatCode="C" FiscalPeriodEnd="N" LeaID="32391" ReshID="31769" SiteID="3720740" TransAmt="10.00" TransDate="2021-05-01" TransDesc="Resident Liability Compliance Fee (05/2021)" TransName="RESIDENTLIABILITYFEE" TransactionBatchID="1619538294968"/>
    <Transaction CatCode="C" FiscalPeriodEnd="N" LeaID="32457" ReshID="31802" SiteID="3720740" TransAmt="10.00" TransDate="2021-05-01" TransDesc="Resident Liability Compliance Fee (05/2021)" TransName="RESIDENTLIABILITYFEE" TransactionBatchID="1619538294969"/>
    <Transaction CatCode="C" FiscalPeriodEnd="N" LeaID="32441" ReshID="31794" SiteID="3720740" TransAmt="10.00" TransDate="2021-05-01" TransDesc="Resident Liability Compliance Fee (05/2021)" TransName="RESIDENTLIABILITYFEE" TransactionBatchID="1619538294970"/>
    <Transaction CatCode="C" FiscalPeriodEnd="N" LeaID="32452" ReshID="31798" SiteID="3720740" TransAmt="10.00" TransDate="2021-05-01" TransDesc="Resident Liability Compliance Fee (05/2021)" TransName="RESIDENTLIABILITYFEE" TransactionBatchID="1619538294971"/>
    <Transaction CatCode="C" FiscalPeriodEnd="N" LeaID="32427" ReshID="31789" SiteID="3720740" TransAmt="10.00" TransDate="2021-05-01" TransDesc="Resident Liability Compliance Fee (05/2021)" TransName="RESIDENTLIABILITYFEE" TransactionBatchID="1619538294972"/>
    <Transaction CatCode="C" FiscalPeriodEnd="N" LeaID="32482" ReshID="31813" SiteID="3720740" TransAmt="10.00" TransDate="2021-05-01" TransDesc="Resident Liability Compliance Fee (05/2021)" TransName="RESIDENTLIABILITYFEE" TransactionBatchID="1619538294973"/>
    <Transaction CatCode="C" FiscalPeriodEnd="N" LeaID="32500" ReshID="31828" SiteID="3720740" TransAmt="10.00" TransDate="2021-05-01" TransDesc="Resident Liability Compliance Fee (05/2021)" TransName="RESIDENTLIABILITYFEE" TransactionBatchID="1619538294974"/>
    <Transaction CatCode="C" FiscalPeriodEnd="N" LeaID="32495" ReshID="31824" SiteID="3720740" TransAmt="10.00" TransDate="2021-05-01" TransDesc="Resident Liability Compliance Fee (05/2021)" TransName="RESIDENTLIABILITYFEE" TransactionBatchID="1619538294975"/>
    <Transaction CatCode="C" FiscalPeriodEnd="N" LeaID="32489" ReshID="31350" SiteID="3720740" TransAmt="10.00" TransDate="2021-05-01" TransDesc="Resident Liability Compliance Fee (05/2021)" TransName="RESIDENTLIABILITYFEE" TransactionBatchID="1619538294976"/>
    <Transaction CatCode="C" FiscalPeriodEnd="N" LeaID="32421" ReshID="31784" SiteID="3720740" TransAmt="10.00" TransDate="2021-05-01" TransDesc="Resident Liability Compliance Fee (05/2021)" TransName="RESIDENTLIABILITYFEE" TransactionBatchID="1619538294977"/>
    <Transaction CatCode="C" FiscalPeriodEnd="N" LeaID="32485" ReshID="31815" SiteID="3720740" TransAmt="10.00" TransDate="2021-05-01" TransDesc="Resident Liability Compliance Fee (05/2021)" TransName="RESIDENTLIABILITYFEE" TransactionBatchID="1619538294978"/>
    <Transaction CatCode="C" FiscalPeriodEnd="N" LeaID="32490" ReshID="31819" SiteID="3720740" TransAmt="10.00" TransDate="2021-05-01" TransDesc="Resident Liability Compliance Fee (05/2021)" TransName="RESIDENTLIABILITYFEE" TransactionBatchID="1619538294979"/>
    <Transaction CatCode="C" FiscalPeriodEnd="N" LeaID="32494" ReshID="31823" SiteID="3720740" TransAmt="10.00" TransDate="2021-05-01" TransDesc="Resident Liability Compliance Fee (05/2021)" TransName="RESIDENTLIABILITYFEE" TransactionBatchID="1619538294980"/>
    <Transaction CatCode="C" FiscalPeriodEnd="N" LeaID="32497" ReshID="31826" SiteID="3720740" TransAmt="10.00" TransDate="2021-05-01" TransDesc="Resident Liability Compliance Fee (05/2021)" TransName="RESIDENTLIABILITYFEE" TransactionBatchID="1619538294981"/>
    <Transaction CatCode="C" FiscalPeriodEnd="N" LeaID="32509" ReshID="31835" SiteID="3720740" TransAmt="10.00" TransDate="2021-05-01" TransDesc="Resident Liability Compliance Fee (05/2021)" TransName="RESIDENTLIABILITYFEE" TransactionBatchID="1619538294982"/>
    <Transaction CatCode="C" FiscalPeriodEnd="N" LeaID="32355" ReshID="31760" SiteID="3720740" TransAmt="10.00" TransDate="2021-05-01" TransDesc="Resident Liability Compliance Fee (05/2021)" TransName="RESIDENTLIABILITYFEE" TransactionBatchID="1619538294983"/>
    <Transaction CatCode="C" FiscalPeriodEnd="N" LeaID="32529" ReshID="31847" SiteID="3720740" TransAmt="10.00" TransDate="2021-05-01" TransDesc="Resident Liability Compliance Fee (05/2021)" TransName="RESIDENTLIABILITYFEE" TransactionBatchID="1619538294984"/>
    <Transaction CatCode="C" FiscalPeriodEnd="N" LeaID="32537" ReshID="31849" SiteID="3720740" TransAmt="10.00" TransDate="2021-05-01" TransDesc="Resident Liability Compliance Fee (05/2021)" TransName="RESIDENTLIABILITYFEE" TransactionBatchID="1619538294985"/>
    <Transaction CatCode="C" FiscalPeriodEnd="N" LeaID="32541" ReshID="31852" SiteID="3720740" TransAmt="10.00" TransDate="2021-05-01" TransDesc="Resident Liability Compliance Fee (05/2021)" TransName="RESIDENTLIABILITYFEE" TransactionBatchID="1619538294986"/>
    <Transaction CatCode="C" FiscalPeriodEnd="N" LeaID="32544" ReshID="31855" SiteID="3720740" TransAmt="10.00" TransDate="2021-05-01" TransDesc="Resident Liability Compliance Fee (05/2021)" TransName="RESIDENTLIABILITYFEE" TransactionBatchID="1619538294987"/>
    <Transaction CatCode="C" FiscalPeriodEnd="N" LeaID="32555" ReshID="31860" SiteID="3720740" TransAmt="10.00" TransDate="2021-05-01" TransDesc="Resident Liability Compliance Fee (05/2021)" TransName="RESIDENTLIABILITYFEE" TransactionBatchID="1619538294988"/>
    <Transaction CatCode="C" FiscalPeriodEnd="N" LeaID="32503" ReshID="31831" SiteID="3720740" TransAmt="10.00" TransDate="2021-05-01" TransDesc="Resident Liability Compliance Fee (05/2021)" TransName="RESIDENTLIABILITYFEE" TransactionBatchID="1619538294989"/>
    <Transaction CatCode="C" FiscalPeriodEnd="N" LeaID="32548" ReshID="31857" SiteID="3720740" TransAmt="10.00" TransDate="2021-05-01" TransDesc="Resident Liability Compliance Fee (05/2021)" TransName="RESIDENTLIABILITYFEE" TransactionBatchID="1619538294990"/>
    <Transaction CatCode="C" FiscalPeriodEnd="N" LeaID="32556" ReshID="31861" SiteID="3720740" TransAmt="10.00" TransDate="2021-05-01" TransDesc="Resident Liability Compliance Fee (05/2021)" TransName="RESIDENTLIABILITYFEE" TransactionBatchID="1619538294991"/>
    <Transaction CatCode="C" FiscalPeriodEnd="N" LeaID="32561" ReshID="31863" SiteID="3720740" TransAmt="10.00" TransDate="2021-05-01" TransDesc="Resident Liability Compliance Fee (05/2021)" TransName="RESIDENTLIABILITYFEE" TransactionBatchID="1619538294992"/>
    <Transaction CatCode="C" FiscalPeriodEnd="N" LeaID="32471" ReshID="31807" SiteID="3720740" TransAmt="10.00" TransDate="2021-05-01" TransDesc="Resident Liability Compliance Fee (05/2021)" TransName="RESIDENTLIABILITYFEE" TransactionBatchID="1619538294993"/>
    <Transaction CatCode="C" FiscalPeriodEnd="N" LeaID="32689" ReshID="31839" SiteID="3720740" TransAmt="10.00" TransDate="2021-05-01" TransDesc="Resident Liability Compliance Fee (05/2021)" TransName="RESIDENTLIABILITYFEE" TransactionBatchID="1619538294994"/>
    <Transaction CatCode="C" FiscalPeriodEnd="N" LeaID="32523" ReshID="31843" SiteID="3720740" TransAmt="10.00" TransDate="2021-05-01" TransDesc="Resident Liability Compliance Fee (05/2021)" TransName="RESIDENTLIABILITYFEE" TransactionBatchID="1619538294995"/>
    <Transaction CatCode="C" FiscalPeriodEnd="N" LeaID="32566" ReshID="31864" SiteID="3720740" TransAmt="10.00" TransDate="2021-05-01" TransDesc="Resident Liability Compliance Fee (05/2021)" TransName="RESIDENTLIABILITYFEE" TransactionBatchID="1619538294996"/>
    <Transaction CatCode="C" FiscalPeriodEnd="N" LeaID="32607" ReshID="31552" SiteID="3720740" TransAmt="10.00" TransDate="2021-05-01" TransDesc="Resident Liability Compliance Fee (05/2021)" TransName="RESIDENTLIABILITYFEE" TransactionBatchID="1619538294997"/>
    <Transaction CatCode="C" FiscalPeriodEnd="N" LeaID="32550" ReshID="31858" SiteID="3720740" TransAmt="10.00" TransDate="2021-05-01" TransDesc="Resident Liability Compliance Fee (05/2021)" TransName="RESIDENTLIABILITYFEE" TransactionBatchID="1619538294998"/>
    <Transaction CatCode="C" FiscalPeriodEnd="N" LeaID="32567" ReshID="31865" SiteID="3720740" TransAmt="10.00" TransDate="2021-05-01" TransDesc="Resident Liability Compliance Fee (05/2021)" TransName="RESIDENTLIABILITYFEE" TransactionBatchID="1619538294999"/>
    <Transaction CatCode="C" FiscalPeriodEnd="N" LeaID="32605" ReshID="31879" SiteID="3720740" TransAmt="10.00" TransDate="2021-05-01" TransDesc="Resident Liability Compliance Fee (05/2021)" TransName="RESIDENTLIABILITYFEE" TransactionBatchID="1619538295000"/>
    <Transaction CatCode="C" FiscalPeriodEnd="N" LeaID="32604" ReshID="31878" SiteID="3720740" TransAmt="10.00" TransDate="2021-05-01" TransDesc="Resident Liability Compliance Fee (05/2021)" TransName="RESIDENTLIABILITYFEE" TransactionBatchID="1619538295001"/>
    <Transaction CatCode="C" FiscalPeriodEnd="N" LeaID="32610" ReshID="31881" SiteID="3720740" TransAmt="10.00" TransDate="2021-05-01" TransDesc="Resident Liability Compliance Fee (05/2021)" TransName="RESIDENTLIABILITYFEE" TransactionBatchID="1619538295002"/>
    <Transaction CatCode="C" FiscalPeriodEnd="N" LeaID="32699" ReshID="31868" SiteID="3720740" TransAmt="10.00" TransDate="2021-05-01" TransDesc="Resident Liability Compliance Fee (05/2021)" TransName="RESIDENTLIABILITYFEE" TransactionBatchID="1619538295003"/>
    <Transaction CatCode="C" FiscalPeriodEnd="N" LeaID="32596" ReshID="31875" SiteID="3720740" TransAmt="10.00" TransDate="2021-05-01" TransDesc="Resident Liability Compliance Fee (05/2021)" TransName="RESIDENTLIABILITYFEE" TransactionBatchID="1619538295004"/>
    <Transaction CatCode="C" FiscalPeriodEnd="N" LeaID="32606" ReshID="31880" SiteID="3720740" TransAmt="10.00" TransDate="2021-05-01" TransDesc="Resident Liability Compliance Fee (05/2021)" TransName="RESIDENTLIABILITYFEE" TransactionBatchID="1619538295005"/>
    <Transaction CatCode="C" FiscalPeriodEnd="N" LeaID="32613" ReshID="31882" SiteID="3720740" TransAmt="10.00" TransDate="2021-05-01" TransDesc="Resident Liability Compliance Fee (05/2021)" TransName="RESIDENTLIABILITYFEE" TransactionBatchID="1619538295006"/>
    <Transaction CatCode="C" FiscalPeriodEnd="N" LeaID="32615" ReshID="31884" SiteID="3720740" TransAmt="10.00" TransDate="2021-05-01" TransDesc="Resident Liability Compliance Fee (05/2021)" TransName="RESIDENTLIABILITYFEE" TransactionBatchID="1619538295007"/>
    <Transaction CatCode="C" FiscalPeriodEnd="N" LeaID="32620" ReshID="31888" SiteID="3720740" TransAmt="10.00" TransDate="2021-05-01" TransDesc="Resident Liability Compliance Fee (05/2021)" TransName="RESIDENTLIABILITYFEE" TransactionBatchID="1619538295008"/>
    <Transaction CatCode="C" FiscalPeriodEnd="N" LeaID="32623" ReshID="31891" SiteID="3720740" TransAmt="10.00" TransDate="2021-05-01" TransDesc="Resident Liability Compliance Fee (05/2021)" TransName="RESIDENTLIABILITYFEE" TransactionBatchID="1619538295009"/>
    <Transaction CatCode="C" FiscalPeriodEnd="N" LeaID="32624" ReshID="31892" SiteID="3720740" TransAmt="10.00" TransDate="2021-05-01" TransDesc="Resident Liability Compliance Fee (05/2021)" TransName="RESIDENTLIABILITYFEE" TransactionBatchID="1619538295010"/>
    <Transaction CatCode="C" FiscalPeriodEnd="N" LeaID="32632" ReshID="31894" SiteID="3720740" TransAmt="10.00" TransDate="2021-05-01" TransDesc="Resident Liability Compliance Fee (05/2021)" TransName="RESIDENTLIABILITYFEE" TransactionBatchID="1619538295011"/>
    <Transaction CatCode="C" FiscalPeriodEnd="N" LeaID="32652" ReshID="31907" SiteID="3720740" TransAmt="10.00" TransDate="2021-05-01" TransDesc="Resident Liability Compliance Fee (05/2021)" TransName="RESIDENTLIABILITYFEE" TransactionBatchID="1619538295012"/>
    <Transaction CatCode="C" FiscalPeriodEnd="N" LeaID="32659" ReshID="31910" SiteID="3720740" TransAmt="10.00" TransDate="2021-05-01" TransDesc="Resident Liability Compliance Fee (05/2021)" TransName="RESIDENTLIABILITYFEE" TransactionBatchID="1619538295013"/>
    <Transaction CatCode="C" FiscalPeriodEnd="N" LeaID="32660" ReshID="31911" SiteID="3720740" TransAmt="10.00" TransDate="2021-05-01" TransDesc="Resident Liability Compliance Fee (05/2021)" TransName="RESIDENTLIABILITYFEE" TransactionBatchID="1619538295014"/>
    <Transaction CatCode="C" FiscalPeriodEnd="N" LeaID="32638" ReshID="31898" SiteID="3720740" TransAmt="10.00" TransDate="2021-05-01" TransDesc="Resident Liability Compliance Fee (05/2021)" TransName="RESIDENTLIABILITYFEE" TransactionBatchID="1619538295015"/>
    <Transaction CatCode="C" FiscalPeriodEnd="N" LeaID="32665" ReshID="31912" SiteID="3720740" TransAmt="10.00" TransDate="2021-05-01" TransDesc="Resident Liability Compliance Fee (05/2021)" TransName="RESIDENTLIABILITYFEE" TransactionBatchID="1619538295016"/>
    <Transaction CatCode="C" FiscalPeriodEnd="N" LeaID="32645" ReshID="31902" SiteID="3720740" TransAmt="10.00" TransDate="2021-05-01" TransDesc="Resident Liability Compliance Fee (05/2021)" TransName="RESIDENTLIABILITYFEE" TransactionBatchID="1619538295017"/>
    <Transaction CatCode="C" FiscalPeriodEnd="N" LeaID="32672" ReshID="31917" SiteID="3720740" TransAmt="10.00" TransDate="2021-05-01" TransDesc="Resident Liability Compliance Fee (05/2021)" TransName="RESIDENTLIABILITYFEE" TransactionBatchID="1619538295018"/>
    <Transaction CatCode="C" FiscalPeriodEnd="N" LeaID="32682" ReshID="31922" SiteID="3720740" TransAmt="10.00" TransDate="2021-05-01" TransDesc="Resident Liability Compliance Fee (05/2021)" TransName="RESIDENTLIABILITYFEE" TransactionBatchID="1619538295019"/>
    <Transaction CatCode="C" FiscalPeriodEnd="N" LeaID="32684" ReshID="31923" SiteID="3720740" TransAmt="10.00" TransDate="2021-05-01" TransDesc="Resident Liability Compliance Fee (05/2021)" TransName="RESIDENTLIABILITYFEE" TransactionBatchID="1619538295020"/>
    <Transaction CatCode="C" FiscalPeriodEnd="N" LeaID="32673" ReshID="31918" SiteID="3720740" TransAmt="10.00" TransDate="2021-05-01" TransDesc="Resident Liability Compliance Fee (05/2021)" TransName="RESIDENTLIABILITYFEE" TransactionBatchID="1619538295021"/>
    <Transaction CatCode="C" FiscalPeriodEnd="N" LeaID="32323" ReshID="31494" SiteID="3720740" TransAmt="10.00" TransDate="2021-05-01" TransDesc="Resident Liability Compliance Fee (05/2021)" TransName="RESIDENTLIABILITYFEE" TransactionBatchID="1619538295022"/>
    <Transaction CatCode="C" FiscalPeriodEnd="N" LeaID="32700" ReshID="31931" SiteID="3720740" TransAmt="10.00" TransDate="2021-05-01" TransDesc="Resident Liability Compliance Fee (05/2021)" TransName="RESIDENTLIABILITYFEE" TransactionBatchID="1619538295023"/>
    <Transaction CatCode="C" FiscalPeriodEnd="N" LeaID="32696" ReshID="31929" SiteID="3720740" TransAmt="10.00" TransDate="2021-05-01" TransDesc="Resident Liability Compliance Fee (05/2021)" TransName="RESIDENTLIABILITYFEE" TransactionBatchID="1619538295024"/>
    <Transaction CatCode="C" FiscalPeriodEnd="N" LeaID="32697" ReshID="31930" SiteID="3720740" TransAmt="10.00" TransDate="2021-05-01" TransDesc="Resident Liability Compliance Fee (05/2021)" TransName="RESIDENTLIABILITYFEE" TransactionBatchID="1619538295025"/>
    <Transaction CatCode="C" FiscalPeriodEnd="N" LeaID="32713" ReshID="31943" SiteID="3720740" TransAmt="10.00" TransDate="2021-05-01" TransDesc="Resident Liability Compliance Fee (05/2021)" TransName="RESIDENTLIABILITYFEE" TransactionBatchID="1619538295026"/>
    <Transaction CatCode="C" FiscalPeriodEnd="N" LeaID="32722" ReshID="31948" SiteID="3720740" TransAmt="10.00" TransDate="2021-05-01" TransDesc="Resident Liability Compliance Fee (05/2021)" TransName="RESIDENTLIABILITYFEE" TransactionBatchID="1619538295027"/>
    <Transaction CatCode="C" FiscalPeriodEnd="N" LeaID="32599" ReshID="31876" SiteID="3720740" TransAmt="10.00" TransDate="2021-05-01" TransDesc="Resident Liability Compliance Fee (05/2021)" TransName="RESIDENTLIABILITYFEE" TransactionBatchID="1619538295028"/>
    <Transaction CatCode="C" FiscalPeriodEnd="N" LeaID="32716" ReshID="31945" SiteID="3720740" TransAmt="10.00" TransDate="2021-05-01" TransDesc="Resident Liability Compliance Fee (05/2021)" TransName="RESIDENTLIABILITYFEE" TransactionBatchID="1619538295029"/>
    <Transaction CatCode="C" FiscalPeriodEnd="N" LeaID="32708" ReshID="31938" SiteID="3720740" TransAmt="10.00" TransDate="2021-05-01" TransDesc="Resident Liability Compliance Fee (05/2021)" TransName="RESIDENTLIABILITYFEE" TransactionBatchID="1619538295030"/>
    <Transaction CatCode="C" FiscalPeriodEnd="N" LeaID="32572" ReshID="31662" SiteID="3720740" TransAmt="10.00" TransDate="2021-05-01" TransDesc="Resident Liability Compliance Fee (05/2021)" TransName="RESIDENTLIABILITYFEE" TransactionBatchID="1619538295031"/>
</TransactionList>
