<TransactionList>
    <Validation>
        <Audit Count="46" Node="Transaction" Sum="460.00"/>
    </Validation>
    <Transaction CatCode="C" FiscalPeriodEnd="N" LeaID="61364" ReshID="58" SiteID="3720712" TransAmt="10.00" TransDate="2021-05-01" TransDesc="Resident Liability Compliance Fee (05/2021)" TransName="RESIDENTLIABILITYFEE" TransactionBatchID="1619538298477"/>
    <Transaction CatCode="C" FiscalPeriodEnd="N" LeaID="51244" ReshID="203" SiteID="3720712" TransAmt="10.00" TransDate="2021-05-01" TransDesc="Resident Liability Compliance Fee (05/2021)" TransName="RESIDENTLIABILITYFEE" TransactionBatchID="1619538298478"/>
    <Transaction CatCode="C" FiscalPeriodEnd="N" LeaID="51262" ReshID="10438" SiteID="3720712" TransAmt="10.00" TransDate="2021-05-01" TransDesc="Resident Liability Compliance Fee (05/2021)" TransName="RESIDENTLIABILITYFEE" TransactionBatchID="1619538298479"/>
    <Transaction CatCode="C" FiscalPeriodEnd="N" LeaID="51357" ReshID="10443" SiteID="3720712" TransAmt="10.00" TransDate="2021-05-01" TransDesc="Resident Liability Compliance Fee (05/2021)" TransName="RESIDENTLIABILITYFEE" TransactionBatchID="1619538298480"/>
    <Transaction CatCode="C" FiscalPeriodEnd="N" LeaID="51212" ReshID="10481" SiteID="3720712" TransAmt="10.00" TransDate="2021-05-01" TransDesc="Resident Liability Compliance Fee (05/2021)" TransName="RESIDENTLIABILITYFEE" TransactionBatchID="1619538298481"/>
    <Transaction CatCode="C" FiscalPeriodEnd="N" LeaID="51229" ReshID="10483" SiteID="3720712" TransAmt="10.00" TransDate="2021-05-01" TransDesc="Resident Liability Compliance Fee (05/2021)" TransName="RESIDENTLIABILITYFEE" TransactionBatchID="1619538298482"/>
    <Transaction CatCode="C" FiscalPeriodEnd="N" LeaID="51258" ReshID="10488" SiteID="3720712" TransAmt="10.00" TransDate="2021-05-01" TransDesc="Resident Liability Compliance Fee (05/2021)" TransName="RESIDENTLIABILITYFEE" TransactionBatchID="1619538298483"/>
    <Transaction CatCode="C" FiscalPeriodEnd="N" LeaID="51286" ReshID="30562" SiteID="3720712" TransAmt="10.00" TransDate="2021-05-01" TransDesc="Resident Liability Compliance Fee (05/2021)" TransName="RESIDENTLIABILITYFEE" TransactionBatchID="1619538298484"/>
    <Transaction CatCode="C" FiscalPeriodEnd="N" LeaID="51346" ReshID="30577" SiteID="3720712" TransAmt="10.00" TransDate="2021-05-01" TransDesc="Resident Liability Compliance Fee (05/2021)" TransName="RESIDENTLIABILITYFEE" TransactionBatchID="1619538298485"/>
    <Transaction CatCode="C" FiscalPeriodEnd="N" LeaID="51188" ReshID="30625" SiteID="3720712" TransAmt="10.00" TransDate="2021-05-01" TransDesc="Resident Liability Compliance Fee (05/2021)" TransName="RESIDENTLIABILITYFEE" TransactionBatchID="1619538298486"/>
    <Transaction CatCode="C" FiscalPeriodEnd="N" LeaID="51329" ReshID="30652" SiteID="3720712" TransAmt="10.00" TransDate="2021-05-01" TransDesc="Resident Liability Compliance Fee (05/2021)" TransName="RESIDENTLIABILITYFEE" TransactionBatchID="1619538298487"/>
    <Transaction CatCode="C" FiscalPeriodEnd="N" LeaID="51297" ReshID="30669" SiteID="3720712" TransAmt="10.00" TransDate="2021-05-01" TransDesc="Resident Liability Compliance Fee (05/2021)" TransName="RESIDENTLIABILITYFEE" TransactionBatchID="1619538298488"/>
    <Transaction CatCode="C" FiscalPeriodEnd="N" LeaID="51342" ReshID="30700" SiteID="3720712" TransAmt="10.00" TransDate="2021-05-01" TransDesc="Resident Liability Compliance Fee (05/2021)" TransName="RESIDENTLIABILITYFEE" TransactionBatchID="1619538298489"/>
    <Transaction CatCode="C" FiscalPeriodEnd="N" LeaID="61382" ReshID="30706" SiteID="3720712" TransAmt="10.00" TransDate="2021-05-01" TransDesc="Resident Liability Compliance Fee (05/2021)" TransName="RESIDENTLIABILITYFEE" TransactionBatchID="1619538298490"/>
    <Transaction CatCode="C" FiscalPeriodEnd="N" LeaID="61399" ReshID="30707" SiteID="3720712" TransAmt="10.00" TransDate="2021-05-01" TransDesc="Resident Liability Compliance Fee (05/2021)" TransName="RESIDENTLIABILITYFEE" TransactionBatchID="1619538298491"/>
    <Transaction CatCode="C" FiscalPeriodEnd="N" LeaID="61394" ReshID="30724" SiteID="3720712" TransAmt="10.00" TransDate="2021-05-01" TransDesc="Resident Liability Compliance Fee (05/2021)" TransName="RESIDENTLIABILITYFEE" TransactionBatchID="1619538298492"/>
    <Transaction CatCode="C" FiscalPeriodEnd="N" LeaID="51313" ReshID="30764" SiteID="3720712" TransAmt="10.00" TransDate="2021-05-01" TransDesc="Resident Liability Compliance Fee (05/2021)" TransName="RESIDENTLIABILITYFEE" TransactionBatchID="1619538298493"/>
    <Transaction CatCode="C" FiscalPeriodEnd="N" LeaID="51254" ReshID="30791" SiteID="3720712" TransAmt="10.00" TransDate="2021-05-01" TransDesc="Resident Liability Compliance Fee (05/2021)" TransName="RESIDENTLIABILITYFEE" TransactionBatchID="1619538298494"/>
    <Transaction CatCode="C" FiscalPeriodEnd="N" LeaID="51238" ReshID="20524" SiteID="3720712" TransAmt="10.00" TransDate="2021-05-01" TransDesc="Resident Liability Compliance Fee (05/2021)" TransName="RESIDENTLIABILITYFEE" TransactionBatchID="1619538298495"/>
    <Transaction CatCode="C" FiscalPeriodEnd="N" LeaID="61401" ReshID="30796" SiteID="3720712" TransAmt="10.00" TransDate="2021-05-01" TransDesc="Resident Liability Compliance Fee (05/2021)" TransName="RESIDENTLIABILITYFEE" TransactionBatchID="1619538298496"/>
    <Transaction CatCode="C" FiscalPeriodEnd="N" LeaID="51246" ReshID="30808" SiteID="3720712" TransAmt="10.00" TransDate="2021-05-01" TransDesc="Resident Liability Compliance Fee (05/2021)" TransName="RESIDENTLIABILITYFEE" TransactionBatchID="1619538298497"/>
    <Transaction CatCode="C" FiscalPeriodEnd="N" LeaID="51325" ReshID="30841" SiteID="3720712" TransAmt="10.00" TransDate="2021-05-01" TransDesc="Resident Liability Compliance Fee (05/2021)" TransName="RESIDENTLIABILITYFEE" TransactionBatchID="1619538298498"/>
    <Transaction CatCode="C" FiscalPeriodEnd="N" LeaID="51157" ReshID="30853" SiteID="3720712" TransAmt="10.00" TransDate="2021-05-01" TransDesc="Resident Liability Compliance Fee (05/2021)" TransName="RESIDENTLIABILITYFEE" TransactionBatchID="1619538298499"/>
    <Transaction CatCode="C" FiscalPeriodEnd="N" LeaID="61412" ReshID="30865" SiteID="3720712" TransAmt="10.00" TransDate="2021-05-01" TransDesc="Resident Liability Compliance Fee (05/2021)" TransName="RESIDENTLIABILITYFEE" TransactionBatchID="1619538298500"/>
    <Transaction CatCode="C" FiscalPeriodEnd="N" LeaID="61400" ReshID="30869" SiteID="3720712" TransAmt="10.00" TransDate="2021-05-01" TransDesc="Resident Liability Compliance Fee (05/2021)" TransName="RESIDENTLIABILITYFEE" TransactionBatchID="1619538298501"/>
    <Transaction CatCode="C" FiscalPeriodEnd="N" LeaID="51211" ReshID="30873" SiteID="3720712" TransAmt="10.00" TransDate="2021-05-01" TransDesc="Resident Liability Compliance Fee (05/2021)" TransName="RESIDENTLIABILITYFEE" TransactionBatchID="1619538298502"/>
    <Transaction CatCode="C" FiscalPeriodEnd="N" LeaID="61395" ReshID="30874" SiteID="3720712" TransAmt="10.00" TransDate="2021-05-01" TransDesc="Resident Liability Compliance Fee (05/2021)" TransName="RESIDENTLIABILITYFEE" TransactionBatchID="1619538298503"/>
    <Transaction CatCode="C" FiscalPeriodEnd="N" LeaID="51196" ReshID="30868" SiteID="3720712" TransAmt="10.00" TransDate="2021-05-01" TransDesc="Resident Liability Compliance Fee (05/2021)" TransName="RESIDENTLIABILITYFEE" TransactionBatchID="1619538298504"/>
    <Transaction CatCode="C" FiscalPeriodEnd="N" LeaID="51260" ReshID="30897" SiteID="3720712" TransAmt="10.00" TransDate="2021-05-01" TransDesc="Resident Liability Compliance Fee (05/2021)" TransName="RESIDENTLIABILITYFEE" TransactionBatchID="1619538298505"/>
    <Transaction CatCode="C" FiscalPeriodEnd="N" LeaID="51247" ReshID="30894" SiteID="3720712" TransAmt="10.00" TransDate="2021-05-01" TransDesc="Resident Liability Compliance Fee (05/2021)" TransName="RESIDENTLIABILITYFEE" TransactionBatchID="1619538298506"/>
    <Transaction CatCode="C" FiscalPeriodEnd="N" LeaID="51240" ReshID="30889" SiteID="3720712" TransAmt="10.00" TransDate="2021-05-01" TransDesc="Resident Liability Compliance Fee (05/2021)" TransName="RESIDENTLIABILITYFEE" TransactionBatchID="1619538298507"/>
    <Transaction CatCode="C" FiscalPeriodEnd="N" LeaID="51276" ReshID="30907" SiteID="3720712" TransAmt="10.00" TransDate="2021-05-01" TransDesc="Resident Liability Compliance Fee (05/2021)" TransName="RESIDENTLIABILITYFEE" TransactionBatchID="1619538298508"/>
    <Transaction CatCode="C" FiscalPeriodEnd="N" LeaID="51298" ReshID="30918" SiteID="3720712" TransAmt="10.00" TransDate="2021-05-01" TransDesc="Resident Liability Compliance Fee (05/2021)" TransName="RESIDENTLIABILITYFEE" TransactionBatchID="1619538298509"/>
    <Transaction CatCode="C" FiscalPeriodEnd="N" LeaID="51311" ReshID="30927" SiteID="3720712" TransAmt="10.00" TransDate="2021-05-01" TransDesc="Resident Liability Compliance Fee (05/2021)" TransName="RESIDENTLIABILITYFEE" TransactionBatchID="1619538298510"/>
    <Transaction CatCode="C" FiscalPeriodEnd="N" LeaID="51303" ReshID="30921" SiteID="3720712" TransAmt="10.00" TransDate="2021-05-01" TransDesc="Resident Liability Compliance Fee (05/2021)" TransName="RESIDENTLIABILITYFEE" TransactionBatchID="1619538298511"/>
    <Transaction CatCode="C" FiscalPeriodEnd="N" LeaID="51315" ReshID="30928" SiteID="3720712" TransAmt="10.00" TransDate="2021-05-01" TransDesc="Resident Liability Compliance Fee (05/2021)" TransName="RESIDENTLIABILITYFEE" TransactionBatchID="1619538298512"/>
    <Transaction CatCode="C" FiscalPeriodEnd="N" LeaID="51333" ReshID="30933" SiteID="3720712" TransAmt="10.00" TransDate="2021-05-01" TransDesc="Resident Liability Compliance Fee (05/2021)" TransName="RESIDENTLIABILITYFEE" TransactionBatchID="1619538298513"/>
    <Transaction CatCode="C" FiscalPeriodEnd="N" LeaID="51345" ReshID="30938" SiteID="3720712" TransAmt="10.00" TransDate="2021-05-01" TransDesc="Resident Liability Compliance Fee (05/2021)" TransName="RESIDENTLIABILITYFEE" TransactionBatchID="1619538298514"/>
    <Transaction CatCode="C" FiscalPeriodEnd="N" LeaID="51347" ReshID="30939" SiteID="3720712" TransAmt="10.00" TransDate="2021-05-01" TransDesc="Resident Liability Compliance Fee (05/2021)" TransName="RESIDENTLIABILITYFEE" TransactionBatchID="1619538298515"/>
    <Transaction CatCode="C" FiscalPeriodEnd="N" LeaID="61366" ReshID="40952" SiteID="3720712" TransAmt="10.00" TransDate="2021-05-01" TransDesc="Resident Liability Compliance Fee (05/2021)" TransName="RESIDENTLIABILITYFEE" TransactionBatchID="1619538298516"/>
    <Transaction CatCode="C" FiscalPeriodEnd="N" LeaID="61372" ReshID="40956" SiteID="3720712" TransAmt="10.00" TransDate="2021-05-01" TransDesc="Resident Liability Compliance Fee (05/2021)" TransName="RESIDENTLIABILITYFEE" TransactionBatchID="1619538298517"/>
    <Transaction CatCode="C" FiscalPeriodEnd="N" LeaID="61385" ReshID="40963" SiteID="3720712" TransAmt="10.00" TransDate="2021-05-01" TransDesc="Resident Liability Compliance Fee (05/2021)" TransName="RESIDENTLIABILITYFEE" TransactionBatchID="1619538298518"/>
    <Transaction CatCode="C" FiscalPeriodEnd="N" LeaID="61407" ReshID="40955" SiteID="3720712" TransAmt="10.00" TransDate="2021-05-01" TransDesc="Resident Liability Compliance Fee (05/2021)" TransName="RESIDENTLIABILITYFEE" TransactionBatchID="1619538298519"/>
    <Transaction CatCode="C" FiscalPeriodEnd="N" LeaID="61390" ReshID="40965" SiteID="3720712" TransAmt="10.00" TransDate="2021-05-01" TransDesc="Resident Liability Compliance Fee (05/2021)" TransName="RESIDENTLIABILITYFEE" TransactionBatchID="1619538298520"/>
    <Transaction CatCode="C" FiscalPeriodEnd="N" LeaID="61414" ReshID="40979" SiteID="3720712" TransAmt="10.00" TransDate="2021-05-01" TransDesc="Resident Liability Compliance Fee (05/2021)" TransName="RESIDENTLIABILITYFEE" TransactionBatchID="1619538298521"/>
    <Transaction CatCode="C" FiscalPeriodEnd="N" LeaID="61418" ReshID="40983" SiteID="3720712" TransAmt="10.00" TransDate="2021-05-01" TransDesc="Resident Liability Compliance Fee (05/2021)" TransName="RESIDENTLIABILITYFEE" TransactionBatchID="1619538298522"/>
</TransactionList>
