<TransactionList>
    <Validation>
        <Audit Count="109" Node="Transaction" Sum="1090.00"/>
    </Validation>
    <Transaction CatCode="C" FiscalPeriodEnd="N" LeaID="82594" ReshID="207" SiteID="3763932" TransAmt="10.00" TransDate="2021-05-01" TransDesc="Resident Liability Compliance Fee (05/2021)" TransName="RESIDENTLIABILITYFEE" TransactionBatchID="1619538295158"/>
    <Transaction CatCode="C" FiscalPeriodEnd="N" LeaID="82675" ReshID="386" SiteID="3763932" TransAmt="10.00" TransDate="2021-05-01" TransDesc="Resident Liability Compliance Fee (05/2021)" TransName="RESIDENTLIABILITYFEE" TransactionBatchID="1619538295159"/>
    <Transaction CatCode="C" FiscalPeriodEnd="N" LeaID="82827" ReshID="10567" SiteID="3763932" TransAmt="10.00" TransDate="2021-05-01" TransDesc="Resident Liability Compliance Fee (05/2021)" TransName="RESIDENTLIABILITYFEE" TransactionBatchID="1619538295160"/>
    <Transaction CatCode="C" FiscalPeriodEnd="N" LeaID="82592" ReshID="20628" SiteID="3763932" TransAmt="10.00" TransDate="2021-05-01" TransDesc="Resident Liability Compliance Fee (05/2021)" TransName="RESIDENTLIABILITYFEE" TransactionBatchID="1619538295161"/>
    <Transaction CatCode="C" FiscalPeriodEnd="N" LeaID="82802" ReshID="20659" SiteID="3763932" TransAmt="10.00" TransDate="2021-05-01" TransDesc="Resident Liability Compliance Fee (05/2021)" TransName="RESIDENTLIABILITYFEE" TransactionBatchID="1619538295162"/>
    <Transaction CatCode="C" FiscalPeriodEnd="N" LeaID="82342" ReshID="20686" SiteID="3763932" TransAmt="10.00" TransDate="2021-05-01" TransDesc="Resident Liability Compliance Fee (05/2021)" TransName="RESIDENTLIABILITYFEE" TransactionBatchID="1619538295163"/>
    <Transaction CatCode="C" FiscalPeriodEnd="N" LeaID="82764" ReshID="20690" SiteID="3763932" TransAmt="10.00" TransDate="2021-05-01" TransDesc="Resident Liability Compliance Fee (05/2021)" TransName="RESIDENTLIABILITYFEE" TransactionBatchID="1619538295164"/>
    <Transaction CatCode="C" FiscalPeriodEnd="N" LeaID="82546" ReshID="30734" SiteID="3763932" TransAmt="10.00" TransDate="2021-05-01" TransDesc="Resident Liability Compliance Fee (05/2021)" TransName="RESIDENTLIABILITYFEE" TransactionBatchID="1619538295165"/>
    <Transaction CatCode="C" FiscalPeriodEnd="N" LeaID="82516" ReshID="30816" SiteID="3763932" TransAmt="10.00" TransDate="2021-05-01" TransDesc="Resident Liability Compliance Fee (05/2021)" TransName="RESIDENTLIABILITYFEE" TransactionBatchID="1619538295166"/>
    <Transaction CatCode="C" FiscalPeriodEnd="N" LeaID="82473" ReshID="30834" SiteID="3763932" TransAmt="10.00" TransDate="2021-05-01" TransDesc="Resident Liability Compliance Fee (05/2021)" TransName="RESIDENTLIABILITYFEE" TransactionBatchID="1619538295167"/>
    <Transaction CatCode="C" FiscalPeriodEnd="N" LeaID="82694" ReshID="30916" SiteID="3763932" TransAmt="10.00" TransDate="2021-05-01" TransDesc="Resident Liability Compliance Fee (05/2021)" TransName="RESIDENTLIABILITYFEE" TransactionBatchID="1619538295168"/>
    <Transaction CatCode="C" FiscalPeriodEnd="N" LeaID="82698" ReshID="40957" SiteID="3763932" TransAmt="10.00" TransDate="2021-05-01" TransDesc="Resident Liability Compliance Fee (05/2021)" TransName="RESIDENTLIABILITYFEE" TransactionBatchID="1619538295169"/>
    <Transaction CatCode="C" FiscalPeriodEnd="N" LeaID="82236" ReshID="50985" SiteID="3763932" TransAmt="10.00" TransDate="2021-05-01" TransDesc="Resident Liability Compliance Fee (05/2021)" TransName="RESIDENTLIABILITYFEE" TransactionBatchID="1619538295170"/>
    <Transaction CatCode="C" FiscalPeriodEnd="N" LeaID="82770" ReshID="50993" SiteID="3763932" TransAmt="10.00" TransDate="2021-05-01" TransDesc="Resident Liability Compliance Fee (05/2021)" TransName="RESIDENTLIABILITYFEE" TransactionBatchID="1619538295171"/>
    <Transaction CatCode="C" FiscalPeriodEnd="N" LeaID="82277" ReshID="51015" SiteID="3763932" TransAmt="10.00" TransDate="2021-05-01" TransDesc="Resident Liability Compliance Fee (05/2021)" TransName="RESIDENTLIABILITYFEE" TransactionBatchID="1619538295172"/>
    <Transaction CatCode="C" FiscalPeriodEnd="N" LeaID="82367" ReshID="51031" SiteID="3763932" TransAmt="10.00" TransDate="2021-05-01" TransDesc="Resident Liability Compliance Fee (05/2021)" TransName="RESIDENTLIABILITYFEE" TransactionBatchID="1619538295173"/>
    <Transaction CatCode="C" FiscalPeriodEnd="N" LeaID="82370" ReshID="51060" SiteID="3763932" TransAmt="10.00" TransDate="2021-05-01" TransDesc="Resident Liability Compliance Fee (05/2021)" TransName="RESIDENTLIABILITYFEE" TransactionBatchID="1619538295174"/>
    <Transaction CatCode="C" FiscalPeriodEnd="N" LeaID="82450" ReshID="61120" SiteID="3763932" TransAmt="10.00" TransDate="2021-05-01" TransDesc="Resident Liability Compliance Fee (05/2021)" TransName="RESIDENTLIABILITYFEE" TransactionBatchID="1619538295175"/>
    <Transaction CatCode="C" FiscalPeriodEnd="N" LeaID="82561" ReshID="61137" SiteID="3763932" TransAmt="10.00" TransDate="2021-05-01" TransDesc="Resident Liability Compliance Fee (05/2021)" TransName="RESIDENTLIABILITYFEE" TransactionBatchID="1619538295176"/>
    <Transaction CatCode="C" FiscalPeriodEnd="N" LeaID="82421" ReshID="61152" SiteID="3763932" TransAmt="10.00" TransDate="2021-05-01" TransDesc="Resident Liability Compliance Fee (05/2021)" TransName="RESIDENTLIABILITYFEE" TransactionBatchID="1619538295177"/>
    <Transaction CatCode="C" FiscalPeriodEnd="N" LeaID="82376" ReshID="61153" SiteID="3763932" TransAmt="10.00" TransDate="2021-05-01" TransDesc="Resident Liability Compliance Fee (05/2021)" TransName="RESIDENTLIABILITYFEE" TransactionBatchID="1619538295178"/>
    <Transaction CatCode="C" FiscalPeriodEnd="N" LeaID="82457" ReshID="61183" SiteID="3763932" TransAmt="10.00" TransDate="2021-05-01" TransDesc="Resident Liability Compliance Fee (05/2021)" TransName="RESIDENTLIABILITYFEE" TransactionBatchID="1619538295179"/>
    <Transaction CatCode="C" FiscalPeriodEnd="N" LeaID="82709" ReshID="61263" SiteID="3763932" TransAmt="10.00" TransDate="2021-05-01" TransDesc="Resident Liability Compliance Fee (05/2021)" TransName="RESIDENTLIABILITYFEE" TransactionBatchID="1619538295180"/>
    <Transaction CatCode="C" FiscalPeriodEnd="N" LeaID="82835" ReshID="61313" SiteID="3763932" TransAmt="10.00" TransDate="2021-05-01" TransDesc="Resident Liability Compliance Fee (05/2021)" TransName="RESIDENTLIABILITYFEE" TransactionBatchID="1619538295181"/>
    <Transaction CatCode="C" FiscalPeriodEnd="N" LeaID="82734" ReshID="61318" SiteID="3763932" TransAmt="10.00" TransDate="2021-05-01" TransDesc="Resident Liability Compliance Fee (05/2021)" TransName="RESIDENTLIABILITYFEE" TransactionBatchID="1619538295182"/>
    <Transaction CatCode="C" FiscalPeriodEnd="N" LeaID="82324" ReshID="61338" SiteID="3763932" TransAmt="10.00" TransDate="2021-05-01" TransDesc="Resident Liability Compliance Fee (05/2021)" TransName="RESIDENTLIABILITYFEE" TransactionBatchID="1619538295183"/>
    <Transaction CatCode="C" FiscalPeriodEnd="N" LeaID="82348" ReshID="61349" SiteID="3763932" TransAmt="10.00" TransDate="2021-05-01" TransDesc="Resident Liability Compliance Fee (05/2021)" TransName="RESIDENTLIABILITYFEE" TransactionBatchID="1619538295184"/>
    <Transaction CatCode="C" FiscalPeriodEnd="N" LeaID="82310" ReshID="61377" SiteID="3763932" TransAmt="10.00" TransDate="2021-05-01" TransDesc="Resident Liability Compliance Fee (05/2021)" TransName="RESIDENTLIABILITYFEE" TransactionBatchID="1619538295185"/>
    <Transaction CatCode="C" FiscalPeriodEnd="N" LeaID="82339" ReshID="61395" SiteID="3763932" TransAmt="10.00" TransDate="2021-05-01" TransDesc="Resident Liability Compliance Fee (05/2021)" TransName="RESIDENTLIABILITYFEE" TransactionBatchID="1619538295186"/>
    <Transaction CatCode="C" FiscalPeriodEnd="N" LeaID="82385" ReshID="61409" SiteID="3763932" TransAmt="10.00" TransDate="2021-05-01" TransDesc="Resident Liability Compliance Fee (05/2021)" TransName="RESIDENTLIABILITYFEE" TransactionBatchID="1619538295187"/>
    <Transaction CatCode="C" FiscalPeriodEnd="N" LeaID="82445" ReshID="61434" SiteID="3763932" TransAmt="10.00" TransDate="2021-05-01" TransDesc="Resident Liability Compliance Fee (05/2021)" TransName="RESIDENTLIABILITYFEE" TransactionBatchID="1619538295188"/>
    <Transaction CatCode="C" FiscalPeriodEnd="N" LeaID="82425" ReshID="61447" SiteID="3763932" TransAmt="10.00" TransDate="2021-05-01" TransDesc="Resident Liability Compliance Fee (05/2021)" TransName="RESIDENTLIABILITYFEE" TransactionBatchID="1619538295189"/>
    <Transaction CatCode="C" FiscalPeriodEnd="N" LeaID="82396" ReshID="61451" SiteID="3763932" TransAmt="10.00" TransDate="2021-05-01" TransDesc="Resident Liability Compliance Fee (05/2021)" TransName="RESIDENTLIABILITYFEE" TransactionBatchID="1619538295190"/>
    <Transaction CatCode="C" FiscalPeriodEnd="N" LeaID="82341" ReshID="51059" SiteID="3763932" TransAmt="10.00" TransDate="2021-05-01" TransDesc="Resident Liability Compliance Fee (05/2021)" TransName="RESIDENTLIABILITYFEE" TransactionBatchID="1619538295191"/>
    <Transaction CatCode="C" FiscalPeriodEnd="N" LeaID="82701" ReshID="51037" SiteID="3763932" TransAmt="10.00" TransDate="2021-05-01" TransDesc="Resident Liability Compliance Fee (05/2021)" TransName="RESIDENTLIABILITYFEE" TransactionBatchID="1619538295192"/>
    <Transaction CatCode="C" FiscalPeriodEnd="N" LeaID="82508" ReshID="61491" SiteID="3763932" TransAmt="10.00" TransDate="2021-05-01" TransDesc="Resident Liability Compliance Fee (05/2021)" TransName="RESIDENTLIABILITYFEE" TransactionBatchID="1619538295193"/>
    <Transaction CatCode="C" FiscalPeriodEnd="N" LeaID="82580" ReshID="61501" SiteID="3763932" TransAmt="10.00" TransDate="2021-05-01" TransDesc="Resident Liability Compliance Fee (05/2021)" TransName="RESIDENTLIABILITYFEE" TransactionBatchID="1619538295194"/>
    <Transaction CatCode="C" FiscalPeriodEnd="N" LeaID="82559" ReshID="61520" SiteID="3763932" TransAmt="10.00" TransDate="2021-05-01" TransDesc="Resident Liability Compliance Fee (05/2021)" TransName="RESIDENTLIABILITYFEE" TransactionBatchID="1619538295195"/>
    <Transaction CatCode="C" FiscalPeriodEnd="N" LeaID="82728" ReshID="61546" SiteID="3763932" TransAmt="10.00" TransDate="2021-05-01" TransDesc="Resident Liability Compliance Fee (05/2021)" TransName="RESIDENTLIABILITYFEE" TransactionBatchID="1619538295196"/>
    <Transaction CatCode="C" FiscalPeriodEnd="N" LeaID="82780" ReshID="61528" SiteID="3763932" TransAmt="10.00" TransDate="2021-05-01" TransDesc="Resident Liability Compliance Fee (05/2021)" TransName="RESIDENTLIABILITYFEE" TransactionBatchID="1619538295197"/>
    <Transaction CatCode="C" FiscalPeriodEnd="N" LeaID="82611" ReshID="61561" SiteID="3763932" TransAmt="10.00" TransDate="2021-05-01" TransDesc="Resident Liability Compliance Fee (05/2021)" TransName="RESIDENTLIABILITYFEE" TransactionBatchID="1619538295198"/>
    <Transaction CatCode="C" FiscalPeriodEnd="N" LeaID="82603" ReshID="61481" SiteID="3763932" TransAmt="10.00" TransDate="2021-05-01" TransDesc="Resident Liability Compliance Fee (05/2021)" TransName="RESIDENTLIABILITYFEE" TransactionBatchID="1619538295199"/>
    <Transaction CatCode="C" FiscalPeriodEnd="N" LeaID="82470" ReshID="61567" SiteID="3763932" TransAmt="10.00" TransDate="2021-05-01" TransDesc="Resident Liability Compliance Fee (05/2021)" TransName="RESIDENTLIABILITYFEE" TransactionBatchID="1619538295200"/>
    <Transaction CatCode="C" FiscalPeriodEnd="N" LeaID="82685" ReshID="61575" SiteID="3763932" TransAmt="10.00" TransDate="2021-05-01" TransDesc="Resident Liability Compliance Fee (05/2021)" TransName="RESIDENTLIABILITYFEE" TransactionBatchID="1619538295201"/>
    <Transaction CatCode="C" FiscalPeriodEnd="N" LeaID="82606" ReshID="61205" SiteID="3763932" TransAmt="10.00" TransDate="2021-05-01" TransDesc="Resident Liability Compliance Fee (05/2021)" TransName="RESIDENTLIABILITYFEE" TransactionBatchID="1619538295202"/>
    <Transaction CatCode="C" FiscalPeriodEnd="N" LeaID="82530" ReshID="61573" SiteID="3763932" TransAmt="10.00" TransDate="2021-05-01" TransDesc="Resident Liability Compliance Fee (05/2021)" TransName="RESIDENTLIABILITYFEE" TransactionBatchID="1619538295203"/>
    <Transaction CatCode="C" FiscalPeriodEnd="N" LeaID="82732" ReshID="61582" SiteID="3763932" TransAmt="10.00" TransDate="2021-05-01" TransDesc="Resident Liability Compliance Fee (05/2021)" TransName="RESIDENTLIABILITYFEE" TransactionBatchID="1619538295204"/>
    <Transaction CatCode="C" FiscalPeriodEnd="N" LeaID="82418" ReshID="61594" SiteID="3763932" TransAmt="10.00" TransDate="2021-05-01" TransDesc="Resident Liability Compliance Fee (05/2021)" TransName="RESIDENTLIABILITYFEE" TransactionBatchID="1619538295205"/>
    <Transaction CatCode="C" FiscalPeriodEnd="N" LeaID="82318" ReshID="61596" SiteID="3763932" TransAmt="10.00" TransDate="2021-05-01" TransDesc="Resident Liability Compliance Fee (05/2021)" TransName="RESIDENTLIABILITYFEE" TransactionBatchID="1619538295206"/>
    <Transaction CatCode="C" FiscalPeriodEnd="N" LeaID="72146" ReshID="61603" SiteID="3763932" TransAmt="10.00" TransDate="2021-05-01" TransDesc="Resident Liability Compliance Fee (05/2021)" TransName="RESIDENTLIABILITYFEE" TransactionBatchID="1619538295207"/>
    <Transaction CatCode="C" FiscalPeriodEnd="N" LeaID="82695" ReshID="61587" SiteID="3763932" TransAmt="10.00" TransDate="2021-05-01" TransDesc="Resident Liability Compliance Fee (05/2021)" TransName="RESIDENTLIABILITYFEE" TransactionBatchID="1619538295208"/>
    <Transaction CatCode="C" FiscalPeriodEnd="N" LeaID="82368" ReshID="61602" SiteID="3763932" TransAmt="10.00" TransDate="2021-05-01" TransDesc="Resident Liability Compliance Fee (05/2021)" TransName="RESIDENTLIABILITYFEE" TransactionBatchID="1619538295209"/>
    <Transaction CatCode="C" FiscalPeriodEnd="N" LeaID="82700" ReshID="61585" SiteID="3763932" TransAmt="10.00" TransDate="2021-05-01" TransDesc="Resident Liability Compliance Fee (05/2021)" TransName="RESIDENTLIABILITYFEE" TransactionBatchID="1619538295210"/>
    <Transaction CatCode="C" FiscalPeriodEnd="N" LeaID="82651" ReshID="71622" SiteID="3763932" TransAmt="10.00" TransDate="2021-05-01" TransDesc="Resident Liability Compliance Fee (05/2021)" TransName="RESIDENTLIABILITYFEE" TransactionBatchID="1619538295211"/>
    <Transaction CatCode="C" FiscalPeriodEnd="N" LeaID="82652" ReshID="71633" SiteID="3763932" TransAmt="10.00" TransDate="2021-05-01" TransDesc="Resident Liability Compliance Fee (05/2021)" TransName="RESIDENTLIABILITYFEE" TransactionBatchID="1619538295212"/>
    <Transaction CatCode="C" FiscalPeriodEnd="N" LeaID="82710" ReshID="71642" SiteID="3763932" TransAmt="10.00" TransDate="2021-05-01" TransDesc="Resident Liability Compliance Fee (05/2021)" TransName="RESIDENTLIABILITYFEE" TransactionBatchID="1619538295213"/>
    <Transaction CatCode="C" FiscalPeriodEnd="N" LeaID="82172" ReshID="71618" SiteID="3763932" TransAmt="10.00" TransDate="2021-05-01" TransDesc="Resident Liability Compliance Fee (05/2021)" TransName="RESIDENTLIABILITYFEE" TransactionBatchID="1619538295214"/>
    <Transaction CatCode="C" FiscalPeriodEnd="N" LeaID="82815" ReshID="71638" SiteID="3763932" TransAmt="10.00" TransDate="2021-05-01" TransDesc="Resident Liability Compliance Fee (05/2021)" TransName="RESIDENTLIABILITYFEE" TransactionBatchID="1619538295215"/>
    <Transaction CatCode="C" FiscalPeriodEnd="N" LeaID="82227" ReshID="71663" SiteID="3763932" TransAmt="10.00" TransDate="2021-05-01" TransDesc="Resident Liability Compliance Fee (05/2021)" TransName="RESIDENTLIABILITYFEE" TransactionBatchID="1619538295216"/>
    <Transaction CatCode="C" FiscalPeriodEnd="N" LeaID="82206" ReshID="71654" SiteID="3763932" TransAmt="10.00" TransDate="2021-05-01" TransDesc="Resident Liability Compliance Fee (05/2021)" TransName="RESIDENTLIABILITYFEE" TransactionBatchID="1619538295217"/>
    <Transaction CatCode="C" FiscalPeriodEnd="N" LeaID="82848" ReshID="50958" SiteID="3763932" TransAmt="10.00" TransDate="2021-05-01" TransDesc="Resident Liability Compliance Fee (05/2021)" TransName="RESIDENTLIABILITYFEE" TransactionBatchID="1619538295218"/>
    <Transaction CatCode="C" FiscalPeriodEnd="N" LeaID="82198" ReshID="71646" SiteID="3763932" TransAmt="10.00" TransDate="2021-05-01" TransDesc="Resident Liability Compliance Fee (05/2021)" TransName="RESIDENTLIABILITYFEE" TransactionBatchID="1619538295219"/>
    <Transaction CatCode="C" FiscalPeriodEnd="N" LeaID="82681" ReshID="71639" SiteID="3763932" TransAmt="10.00" TransDate="2021-05-01" TransDesc="Resident Liability Compliance Fee (05/2021)" TransName="RESIDENTLIABILITYFEE" TransactionBatchID="1619538295220"/>
    <Transaction CatCode="C" FiscalPeriodEnd="N" LeaID="82223" ReshID="71661" SiteID="3763932" TransAmt="10.00" TransDate="2021-05-01" TransDesc="Resident Liability Compliance Fee (05/2021)" TransName="RESIDENTLIABILITYFEE" TransactionBatchID="1619538295221"/>
    <Transaction CatCode="C" FiscalPeriodEnd="N" LeaID="82264" ReshID="71684" SiteID="3763932" TransAmt="10.00" TransDate="2021-05-01" TransDesc="Resident Liability Compliance Fee (05/2021)" TransName="RESIDENTLIABILITYFEE" TransactionBatchID="1619538295222"/>
    <Transaction CatCode="C" FiscalPeriodEnd="N" LeaID="82275" ReshID="71692" SiteID="3763932" TransAmt="10.00" TransDate="2021-05-01" TransDesc="Resident Liability Compliance Fee (05/2021)" TransName="RESIDENTLIABILITYFEE" TransactionBatchID="1619538295223"/>
    <Transaction CatCode="C" FiscalPeriodEnd="N" LeaID="82280" ReshID="71695" SiteID="3763932" TransAmt="10.00" TransDate="2021-05-01" TransDesc="Resident Liability Compliance Fee (05/2021)" TransName="RESIDENTLIABILITYFEE" TransactionBatchID="1619538295224"/>
    <Transaction CatCode="C" FiscalPeriodEnd="N" LeaID="82306" ReshID="71710" SiteID="3763932" TransAmt="10.00" TransDate="2021-05-01" TransDesc="Resident Liability Compliance Fee (05/2021)" TransName="RESIDENTLIABILITYFEE" TransactionBatchID="1619538295225"/>
    <Transaction CatCode="C" FiscalPeriodEnd="N" LeaID="82286" ReshID="71700" SiteID="3763932" TransAmt="10.00" TransDate="2021-05-01" TransDesc="Resident Liability Compliance Fee (05/2021)" TransName="RESIDENTLIABILITYFEE" TransactionBatchID="1619538295226"/>
    <Transaction CatCode="C" FiscalPeriodEnd="N" LeaID="82267" ReshID="71686" SiteID="3763932" TransAmt="10.00" TransDate="2021-05-01" TransDesc="Resident Liability Compliance Fee (05/2021)" TransName="RESIDENTLIABILITYFEE" TransactionBatchID="1619538295227"/>
    <Transaction CatCode="C" FiscalPeriodEnd="N" LeaID="82788" ReshID="71718" SiteID="3763932" TransAmt="10.00" TransDate="2021-05-01" TransDesc="Resident Liability Compliance Fee (05/2021)" TransName="RESIDENTLIABILITYFEE" TransactionBatchID="1619538295228"/>
    <Transaction CatCode="C" FiscalPeriodEnd="N" LeaID="82366" ReshID="71732" SiteID="3763932" TransAmt="10.00" TransDate="2021-05-01" TransDesc="Resident Liability Compliance Fee (05/2021)" TransName="RESIDENTLIABILITYFEE" TransactionBatchID="1619538295229"/>
    <Transaction CatCode="C" FiscalPeriodEnd="N" LeaID="82431" ReshID="61444" SiteID="3763932" TransAmt="10.00" TransDate="2021-05-01" TransDesc="Resident Liability Compliance Fee (05/2021)" TransName="RESIDENTLIABILITYFEE" TransactionBatchID="1619538295230"/>
    <Transaction CatCode="C" FiscalPeriodEnd="N" LeaID="82475" ReshID="409" SiteID="3763932" TransAmt="10.00" TransDate="2021-05-01" TransDesc="Resident Liability Compliance Fee (05/2021)" TransName="RESIDENTLIABILITYFEE" TransactionBatchID="1619538295231"/>
    <Transaction CatCode="C" FiscalPeriodEnd="N" LeaID="82404" ReshID="71753" SiteID="3763932" TransAmt="10.00" TransDate="2021-05-01" TransDesc="Resident Liability Compliance Fee (05/2021)" TransName="RESIDENTLIABILITYFEE" TransactionBatchID="1619538295232"/>
    <Transaction CatCode="C" FiscalPeriodEnd="N" LeaID="82331" ReshID="71715" SiteID="3763932" TransAmt="10.00" TransDate="2021-05-01" TransDesc="Resident Liability Compliance Fee (05/2021)" TransName="RESIDENTLIABILITYFEE" TransactionBatchID="1619538295233"/>
    <Transaction CatCode="C" FiscalPeriodEnd="N" LeaID="82673" ReshID="71789" SiteID="3763932" TransAmt="10.00" TransDate="2021-05-01" TransDesc="Resident Liability Compliance Fee (05/2021)" TransName="RESIDENTLIABILITYFEE" TransactionBatchID="1619538295234"/>
    <Transaction CatCode="C" FiscalPeriodEnd="N" LeaID="82477" ReshID="71796" SiteID="3763932" TransAmt="10.00" TransDate="2021-05-01" TransDesc="Resident Liability Compliance Fee (05/2021)" TransName="RESIDENTLIABILITYFEE" TransactionBatchID="1619538295235"/>
    <Transaction CatCode="C" FiscalPeriodEnd="N" LeaID="82466" ReshID="71791" SiteID="3763932" TransAmt="10.00" TransDate="2021-05-01" TransDesc="Resident Liability Compliance Fee (05/2021)" TransName="RESIDENTLIABILITYFEE" TransactionBatchID="1619538295236"/>
    <Transaction CatCode="C" FiscalPeriodEnd="N" LeaID="82505" ReshID="61559" SiteID="3763932" TransAmt="10.00" TransDate="2021-05-01" TransDesc="Resident Liability Compliance Fee (05/2021)" TransName="RESIDENTLIABILITYFEE" TransactionBatchID="1619538295237"/>
    <Transaction CatCode="C" FiscalPeriodEnd="N" LeaID="82506" ReshID="71818" SiteID="3763932" TransAmt="10.00" TransDate="2021-05-01" TransDesc="Resident Liability Compliance Fee (05/2021)" TransName="RESIDENTLIABILITYFEE" TransactionBatchID="1619538295238"/>
    <Transaction CatCode="C" FiscalPeriodEnd="N" LeaID="82415" ReshID="71769" SiteID="3763932" TransAmt="10.00" TransDate="2021-05-01" TransDesc="Resident Liability Compliance Fee (05/2021)" TransName="RESIDENTLIABILITYFEE" TransactionBatchID="1619538295239"/>
    <Transaction CatCode="C" FiscalPeriodEnd="N" LeaID="82444" ReshID="71779" SiteID="3763932" TransAmt="10.00" TransDate="2021-05-01" TransDesc="Resident Liability Compliance Fee (05/2021)" TransName="RESIDENTLIABILITYFEE" TransactionBatchID="1619538295240"/>
    <Transaction CatCode="C" FiscalPeriodEnd="N" LeaID="82515" ReshID="71824" SiteID="3763932" TransAmt="10.00" TransDate="2021-05-01" TransDesc="Resident Liability Compliance Fee (05/2021)" TransName="RESIDENTLIABILITYFEE" TransactionBatchID="1619538295241"/>
    <Transaction CatCode="C" FiscalPeriodEnd="N" LeaID="82536" ReshID="71843" SiteID="3763932" TransAmt="10.00" TransDate="2021-05-01" TransDesc="Resident Liability Compliance Fee (05/2021)" TransName="RESIDENTLIABILITYFEE" TransactionBatchID="1619538295242"/>
    <Transaction CatCode="C" FiscalPeriodEnd="N" LeaID="82549" ReshID="71855" SiteID="3763932" TransAmt="10.00" TransDate="2021-05-01" TransDesc="Resident Liability Compliance Fee (05/2021)" TransName="RESIDENTLIABILITYFEE" TransactionBatchID="1619538295243"/>
    <Transaction CatCode="C" FiscalPeriodEnd="N" LeaID="82521" ReshID="71827" SiteID="3763932" TransAmt="10.00" TransDate="2021-05-01" TransDesc="Resident Liability Compliance Fee (05/2021)" TransName="RESIDENTLIABILITYFEE" TransactionBatchID="1619538295244"/>
    <Transaction CatCode="C" FiscalPeriodEnd="N" LeaID="82544" ReshID="71851" SiteID="3763932" TransAmt="10.00" TransDate="2021-05-01" TransDesc="Resident Liability Compliance Fee (05/2021)" TransName="RESIDENTLIABILITYFEE" TransactionBatchID="1619538295245"/>
    <Transaction CatCode="C" FiscalPeriodEnd="N" LeaID="82562" ReshID="71862" SiteID="3763932" TransAmt="10.00" TransDate="2021-05-01" TransDesc="Resident Liability Compliance Fee (05/2021)" TransName="RESIDENTLIABILITYFEE" TransactionBatchID="1619538295246"/>
    <Transaction CatCode="C" FiscalPeriodEnd="N" LeaID="82479" ReshID="71798" SiteID="3763932" TransAmt="10.00" TransDate="2021-05-01" TransDesc="Resident Liability Compliance Fee (05/2021)" TransName="RESIDENTLIABILITYFEE" TransactionBatchID="1619538295247"/>
    <Transaction CatCode="C" FiscalPeriodEnd="N" LeaID="82555" ReshID="71861" SiteID="3763932" TransAmt="10.00" TransDate="2021-05-01" TransDesc="Resident Liability Compliance Fee (05/2021)" TransName="RESIDENTLIABILITYFEE" TransactionBatchID="1619538295248"/>
    <Transaction CatCode="C" FiscalPeriodEnd="N" LeaID="82583" ReshID="71882" SiteID="3763932" TransAmt="10.00" TransDate="2021-05-01" TransDesc="Resident Liability Compliance Fee (05/2021)" TransName="RESIDENTLIABILITYFEE" TransactionBatchID="1619538295249"/>
    <Transaction CatCode="C" FiscalPeriodEnd="N" LeaID="82541" ReshID="71848" SiteID="3763932" TransAmt="10.00" TransDate="2021-05-01" TransDesc="Resident Liability Compliance Fee (05/2021)" TransName="RESIDENTLIABILITYFEE" TransactionBatchID="1619538295250"/>
    <Transaction CatCode="C" FiscalPeriodEnd="N" LeaID="82547" ReshID="71853" SiteID="3763932" TransAmt="10.00" TransDate="2021-05-01" TransDesc="Resident Liability Compliance Fee (05/2021)" TransName="RESIDENTLIABILITYFEE" TransactionBatchID="1619538295251"/>
    <Transaction CatCode="C" FiscalPeriodEnd="N" LeaID="82570" ReshID="71870" SiteID="3763932" TransAmt="10.00" TransDate="2021-05-01" TransDesc="Resident Liability Compliance Fee (05/2021)" TransName="RESIDENTLIABILITYFEE" TransactionBatchID="1619538295252"/>
    <Transaction CatCode="C" FiscalPeriodEnd="N" LeaID="82150" ReshID="71607" SiteID="3763932" TransAmt="10.00" TransDate="2021-05-01" TransDesc="Resident Liability Compliance Fee (05/2021)" TransName="RESIDENTLIABILITYFEE" TransactionBatchID="1619538295253"/>
    <Transaction CatCode="C" FiscalPeriodEnd="N" LeaID="82647" ReshID="71932" SiteID="3763932" TransAmt="10.00" TransDate="2021-05-01" TransDesc="Resident Liability Compliance Fee (05/2021)" TransName="RESIDENTLIABILITYFEE" TransactionBatchID="1619538295254"/>
    <Transaction CatCode="C" FiscalPeriodEnd="N" LeaID="82623" ReshID="71912" SiteID="3763932" TransAmt="10.00" TransDate="2021-05-01" TransDesc="Resident Liability Compliance Fee (05/2021)" TransName="RESIDENTLIABILITYFEE" TransactionBatchID="1619538295255"/>
    <Transaction CatCode="C" FiscalPeriodEnd="N" LeaID="82655" ReshID="71938" SiteID="3763932" TransAmt="10.00" TransDate="2021-05-01" TransDesc="Resident Liability Compliance Fee (05/2021)" TransName="RESIDENTLIABILITYFEE" TransactionBatchID="1619538295256"/>
    <Transaction CatCode="C" FiscalPeriodEnd="N" LeaID="82660" ReshID="71943" SiteID="3763932" TransAmt="10.00" TransDate="2021-05-01" TransDesc="Resident Liability Compliance Fee (05/2021)" TransName="RESIDENTLIABILITYFEE" TransactionBatchID="1619538295257"/>
    <Transaction CatCode="C" FiscalPeriodEnd="N" LeaID="82717" ReshID="71977" SiteID="3763932" TransAmt="10.00" TransDate="2021-05-01" TransDesc="Resident Liability Compliance Fee (05/2021)" TransName="RESIDENTLIABILITYFEE" TransactionBatchID="1619538295258"/>
    <Transaction CatCode="C" FiscalPeriodEnd="N" LeaID="82748" ReshID="71999" SiteID="3763932" TransAmt="10.00" TransDate="2021-05-01" TransDesc="Resident Liability Compliance Fee (05/2021)" TransName="RESIDENTLIABILITYFEE" TransactionBatchID="1619538295259"/>
    <Transaction CatCode="C" FiscalPeriodEnd="N" LeaID="82749" ReshID="72000" SiteID="3763932" TransAmt="10.00" TransDate="2021-05-01" TransDesc="Resident Liability Compliance Fee (05/2021)" TransName="RESIDENTLIABILITYFEE" TransactionBatchID="1619538295260"/>
    <Transaction CatCode="C" FiscalPeriodEnd="N" LeaID="82765" ReshID="72014" SiteID="3763932" TransAmt="10.00" TransDate="2021-05-01" TransDesc="Resident Liability Compliance Fee (05/2021)" TransName="RESIDENTLIABILITYFEE" TransactionBatchID="1619538295261"/>
    <Transaction CatCode="C" FiscalPeriodEnd="N" LeaID="82812" ReshID="72051" SiteID="3763932" TransAmt="10.00" TransDate="2021-05-01" TransDesc="Resident Liability Compliance Fee (05/2021)" TransName="RESIDENTLIABILITYFEE" TransactionBatchID="1619538295262"/>
    <Transaction CatCode="C" FiscalPeriodEnd="N" LeaID="82814" ReshID="72053" SiteID="3763932" TransAmt="10.00" TransDate="2021-05-01" TransDesc="Resident Liability Compliance Fee (05/2021)" TransName="RESIDENTLIABILITYFEE" TransactionBatchID="1619538295263"/>
    <Transaction CatCode="C" FiscalPeriodEnd="N" LeaID="82813" ReshID="72052" SiteID="3763932" TransAmt="10.00" TransDate="2021-05-01" TransDesc="Resident Liability Compliance Fee (05/2021)" TransName="RESIDENTLIABILITYFEE" TransactionBatchID="1619538295264"/>
    <Transaction CatCode="C" FiscalPeriodEnd="N" LeaID="82781" ReshID="72026" SiteID="3763932" TransAmt="10.00" TransDate="2021-05-01" TransDesc="Resident Liability Compliance Fee (05/2021)" TransName="RESIDENTLIABILITYFEE" TransactionBatchID="1619538295265"/>
    <Transaction CatCode="C" FiscalPeriodEnd="N" LeaID="82816" ReshID="72060" SiteID="3763932" TransAmt="10.00" TransDate="2021-05-01" TransDesc="Resident Liability Compliance Fee (05/2021)" TransName="RESIDENTLIABILITYFEE" TransactionBatchID="1619538295266"/>
</TransactionList>
