<TransactionList>
    <Validation>
        <Audit Count="50" Node="Transaction" Sum="500.00"/>
    </Validation>
    <Transaction CatCode="C" FiscalPeriodEnd="N" LeaID="11265" ReshID="10472" SiteID="3816457" TransAmt="10.00" TransDate="2021-05-01" TransDesc="Resident Liability Compliance Fee (05/2021)" TransName="RESIDENTLIABILITYFEE" TransactionBatchID="1619538298059"/>
    <Transaction CatCode="C" FiscalPeriodEnd="N" LeaID="11276" ReshID="10510" SiteID="3816457" TransAmt="10.00" TransDate="2021-05-01" TransDesc="Resident Liability Compliance Fee (05/2021)" TransName="RESIDENTLIABILITYFEE" TransactionBatchID="1619538298060"/>
    <Transaction CatCode="C" FiscalPeriodEnd="N" LeaID="11334" ReshID="10548" SiteID="3816457" TransAmt="10.00" TransDate="2021-05-01" TransDesc="Resident Liability Compliance Fee (05/2021)" TransName="RESIDENTLIABILITYFEE" TransactionBatchID="1619538298061"/>
    <Transaction CatCode="C" FiscalPeriodEnd="N" LeaID="11191" ReshID="10580" SiteID="3816457" TransAmt="10.00" TransDate="2021-05-01" TransDesc="Resident Liability Compliance Fee (05/2021)" TransName="RESIDENTLIABILITYFEE" TransactionBatchID="1619538298062"/>
    <Transaction CatCode="C" FiscalPeriodEnd="N" LeaID="11248" ReshID="10605" SiteID="3816457" TransAmt="10.00" TransDate="2021-05-01" TransDesc="Resident Liability Compliance Fee (05/2021)" TransName="RESIDENTLIABILITYFEE" TransactionBatchID="1619538298063"/>
    <Transaction CatCode="C" FiscalPeriodEnd="N" LeaID="11205" ReshID="10623" SiteID="3816457" TransAmt="10.00" TransDate="2021-05-01" TransDesc="Resident Liability Compliance Fee (05/2021)" TransName="RESIDENTLIABILITYFEE" TransactionBatchID="1619538298064"/>
    <Transaction CatCode="C" FiscalPeriodEnd="N" LeaID="11326" ReshID="10663" SiteID="3816457" TransAmt="10.00" TransDate="2021-05-01" TransDesc="Resident Liability Compliance Fee (05/2021)" TransName="RESIDENTLIABILITYFEE" TransactionBatchID="1619538298065"/>
    <Transaction CatCode="C" FiscalPeriodEnd="N" LeaID="11329" ReshID="10665" SiteID="3816457" TransAmt="10.00" TransDate="2021-05-01" TransDesc="Resident Liability Compliance Fee (05/2021)" TransName="RESIDENTLIABILITYFEE" TransactionBatchID="1619538298066"/>
    <Transaction CatCode="C" FiscalPeriodEnd="N" LeaID="11263" ReshID="10670" SiteID="3816457" TransAmt="10.00" TransDate="2021-05-01" TransDesc="Resident Liability Compliance Fee (05/2021)" TransName="RESIDENTLIABILITYFEE" TransactionBatchID="1619538298067"/>
    <Transaction CatCode="C" FiscalPeriodEnd="N" LeaID="11193" ReshID="10686" SiteID="3816457" TransAmt="10.00" TransDate="2021-05-01" TransDesc="Resident Liability Compliance Fee (05/2021)" TransName="RESIDENTLIABILITYFEE" TransactionBatchID="1619538298068"/>
    <Transaction CatCode="C" FiscalPeriodEnd="N" LeaID="11187" ReshID="10700" SiteID="3816457" TransAmt="10.00" TransDate="2021-05-01" TransDesc="Resident Liability Compliance Fee (05/2021)" TransName="RESIDENTLIABILITYFEE" TransactionBatchID="1619538298069"/>
    <Transaction CatCode="C" FiscalPeriodEnd="N" LeaID="11387" ReshID="10511" SiteID="3816457" TransAmt="10.00" TransDate="2021-05-01" TransDesc="Resident Liability Compliance Fee (05/2021)" TransName="RESIDENTLIABILITYFEE" TransactionBatchID="1619538298070"/>
    <Transaction CatCode="C" FiscalPeriodEnd="N" LeaID="11261" ReshID="383" SiteID="3816457" TransAmt="10.00" TransDate="2021-05-01" TransDesc="Resident Liability Compliance Fee (05/2021)" TransName="RESIDENTLIABILITYFEE" TransactionBatchID="1619538298071"/>
    <Transaction CatCode="C" FiscalPeriodEnd="N" LeaID="11234" ReshID="10702" SiteID="3816457" TransAmt="10.00" TransDate="2021-05-01" TransDesc="Resident Liability Compliance Fee (05/2021)" TransName="RESIDENTLIABILITYFEE" TransactionBatchID="1619538298072"/>
    <Transaction CatCode="C" FiscalPeriodEnd="N" LeaID="11278" ReshID="10486" SiteID="3816457" TransAmt="10.00" TransDate="2021-05-01" TransDesc="Resident Liability Compliance Fee (05/2021)" TransName="RESIDENTLIABILITYFEE" TransactionBatchID="1619538298073"/>
    <Transaction CatCode="C" FiscalPeriodEnd="N" LeaID="11227" ReshID="10707" SiteID="3816457" TransAmt="10.00" TransDate="2021-05-01" TransDesc="Resident Liability Compliance Fee (05/2021)" TransName="RESIDENTLIABILITYFEE" TransactionBatchID="1619538298074"/>
    <Transaction CatCode="C" FiscalPeriodEnd="N" LeaID="11239" ReshID="10722" SiteID="3816457" TransAmt="10.00" TransDate="2021-05-01" TransDesc="Resident Liability Compliance Fee (05/2021)" TransName="RESIDENTLIABILITYFEE" TransactionBatchID="1619538298075"/>
    <Transaction CatCode="C" FiscalPeriodEnd="N" LeaID="11226" ReshID="10753" SiteID="3816457" TransAmt="10.00" TransDate="2021-05-01" TransDesc="Resident Liability Compliance Fee (05/2021)" TransName="RESIDENTLIABILITYFEE" TransactionBatchID="1619538298076"/>
    <Transaction CatCode="C" FiscalPeriodEnd="N" LeaID="11325" ReshID="10785" SiteID="3816457" TransAmt="10.00" TransDate="2021-05-01" TransDesc="Resident Liability Compliance Fee (05/2021)" TransName="RESIDENTLIABILITYFEE" TransactionBatchID="1619538298077"/>
    <Transaction CatCode="C" FiscalPeriodEnd="N" LeaID="11332" ReshID="10786" SiteID="3816457" TransAmt="10.00" TransDate="2021-05-01" TransDesc="Resident Liability Compliance Fee (05/2021)" TransName="RESIDENTLIABILITYFEE" TransactionBatchID="1619538298078"/>
    <Transaction CatCode="C" FiscalPeriodEnd="N" LeaID="11348" ReshID="10803" SiteID="3816457" TransAmt="10.00" TransDate="2021-05-01" TransDesc="Resident Liability Compliance Fee (05/2021)" TransName="RESIDENTLIABILITYFEE" TransactionBatchID="1619538298079"/>
    <Transaction CatCode="C" FiscalPeriodEnd="N" LeaID="11179" ReshID="10809" SiteID="3816457" TransAmt="10.00" TransDate="2021-05-01" TransDesc="Resident Liability Compliance Fee (05/2021)" TransName="RESIDENTLIABILITYFEE" TransactionBatchID="1619538298080"/>
    <Transaction CatCode="C" FiscalPeriodEnd="N" LeaID="11176" ReshID="10806" SiteID="3816457" TransAmt="10.00" TransDate="2021-05-01" TransDesc="Resident Liability Compliance Fee (05/2021)" TransName="RESIDENTLIABILITYFEE" TransactionBatchID="1619538298081"/>
    <Transaction CatCode="C" FiscalPeriodEnd="N" LeaID="11297" ReshID="10811" SiteID="3816457" TransAmt="10.00" TransDate="2021-05-01" TransDesc="Resident Liability Compliance Fee (05/2021)" TransName="RESIDENTLIABILITYFEE" TransactionBatchID="1619538298082"/>
    <Transaction CatCode="C" FiscalPeriodEnd="N" LeaID="11208" ReshID="10821" SiteID="3816457" TransAmt="10.00" TransDate="2021-05-01" TransDesc="Resident Liability Compliance Fee (05/2021)" TransName="RESIDENTLIABILITYFEE" TransactionBatchID="1619538298083"/>
    <Transaction CatCode="C" FiscalPeriodEnd="N" LeaID="11244" ReshID="10843" SiteID="3816457" TransAmt="10.00" TransDate="2021-05-01" TransDesc="Resident Liability Compliance Fee (05/2021)" TransName="RESIDENTLIABILITYFEE" TransactionBatchID="1619538298084"/>
    <Transaction CatCode="C" FiscalPeriodEnd="N" LeaID="11279" ReshID="10866" SiteID="3816457" TransAmt="10.00" TransDate="2021-05-01" TransDesc="Resident Liability Compliance Fee (05/2021)" TransName="RESIDENTLIABILITYFEE" TransactionBatchID="1619538298085"/>
    <Transaction CatCode="C" FiscalPeriodEnd="N" LeaID="11235" ReshID="10837" SiteID="3816457" TransAmt="10.00" TransDate="2021-05-01" TransDesc="Resident Liability Compliance Fee (05/2021)" TransName="RESIDENTLIABILITYFEE" TransactionBatchID="1619538298086"/>
    <Transaction CatCode="C" FiscalPeriodEnd="N" LeaID="11364" ReshID="10873" SiteID="3816457" TransAmt="10.00" TransDate="2021-05-01" TransDesc="Resident Liability Compliance Fee (05/2021)" TransName="RESIDENTLIABILITYFEE" TransactionBatchID="1619538298087"/>
    <Transaction CatCode="C" FiscalPeriodEnd="N" LeaID="11322" ReshID="10875" SiteID="3816457" TransAmt="10.00" TransDate="2021-05-01" TransDesc="Resident Liability Compliance Fee (05/2021)" TransName="RESIDENTLIABILITYFEE" TransactionBatchID="1619538298088"/>
    <Transaction CatCode="C" FiscalPeriodEnd="N" LeaID="11342" ReshID="10885" SiteID="3816457" TransAmt="10.00" TransDate="2021-05-01" TransDesc="Resident Liability Compliance Fee (05/2021)" TransName="RESIDENTLIABILITYFEE" TransactionBatchID="1619538298089"/>
    <Transaction CatCode="C" FiscalPeriodEnd="N" LeaID="11333" ReshID="10878" SiteID="3816457" TransAmt="10.00" TransDate="2021-05-01" TransDesc="Resident Liability Compliance Fee (05/2021)" TransName="RESIDENTLIABILITYFEE" TransactionBatchID="1619538298090"/>
    <Transaction CatCode="C" FiscalPeriodEnd="N" LeaID="11341" ReshID="10884" SiteID="3816457" TransAmt="10.00" TransDate="2021-05-01" TransDesc="Resident Liability Compliance Fee (05/2021)" TransName="RESIDENTLIABILITYFEE" TransactionBatchID="1619538298091"/>
    <Transaction CatCode="C" FiscalPeriodEnd="N" LeaID="11343" ReshID="10886" SiteID="3816457" TransAmt="10.00" TransDate="2021-05-01" TransDesc="Resident Liability Compliance Fee (05/2021)" TransName="RESIDENTLIABILITYFEE" TransactionBatchID="1619538298092"/>
    <Transaction CatCode="C" FiscalPeriodEnd="N" LeaID="11346" ReshID="10892" SiteID="3816457" TransAmt="10.00" TransDate="2021-05-01" TransDesc="Resident Liability Compliance Fee (05/2021)" TransName="RESIDENTLIABILITYFEE" TransactionBatchID="1619538298093"/>
    <Transaction CatCode="C" FiscalPeriodEnd="N" LeaID="11350" ReshID="10895" SiteID="3816457" TransAmt="10.00" TransDate="2021-05-01" TransDesc="Resident Liability Compliance Fee (05/2021)" TransName="RESIDENTLIABILITYFEE" TransactionBatchID="1619538298094"/>
    <Transaction CatCode="C" FiscalPeriodEnd="N" LeaID="11355" ReshID="10894" SiteID="3816457" TransAmt="10.00" TransDate="2021-05-01" TransDesc="Resident Liability Compliance Fee (05/2021)" TransName="RESIDENTLIABILITYFEE" TransactionBatchID="1619538298095"/>
    <Transaction CatCode="C" FiscalPeriodEnd="N" LeaID="11352" ReshID="10896" SiteID="3816457" TransAmt="10.00" TransDate="2021-05-01" TransDesc="Resident Liability Compliance Fee (05/2021)" TransName="RESIDENTLIABILITYFEE" TransactionBatchID="1619538298096"/>
    <Transaction CatCode="C" FiscalPeriodEnd="N" LeaID="11356" ReshID="10907" SiteID="3816457" TransAmt="10.00" TransDate="2021-05-01" TransDesc="Resident Liability Compliance Fee (05/2021)" TransName="RESIDENTLIABILITYFEE" TransactionBatchID="1619538298097"/>
    <Transaction CatCode="C" FiscalPeriodEnd="N" LeaID="11353" ReshID="10897" SiteID="3816457" TransAmt="10.00" TransDate="2021-05-01" TransDesc="Resident Liability Compliance Fee (05/2021)" TransName="RESIDENTLIABILITYFEE" TransactionBatchID="1619538298098"/>
    <Transaction CatCode="C" FiscalPeriodEnd="N" LeaID="11360" ReshID="10910" SiteID="3816457" TransAmt="10.00" TransDate="2021-05-01" TransDesc="Resident Liability Compliance Fee (05/2021)" TransName="RESIDENTLIABILITYFEE" TransactionBatchID="1619538298099"/>
    <Transaction CatCode="C" FiscalPeriodEnd="N" LeaID="11367" ReshID="10913" SiteID="3816457" TransAmt="10.00" TransDate="2021-05-01" TransDesc="Resident Liability Compliance Fee (05/2021)" TransName="RESIDENTLIABILITYFEE" TransactionBatchID="1619538298100"/>
    <Transaction CatCode="C" FiscalPeriodEnd="N" LeaID="11368" ReshID="10914" SiteID="3816457" TransAmt="10.00" TransDate="2021-05-01" TransDesc="Resident Liability Compliance Fee (05/2021)" TransName="RESIDENTLIABILITYFEE" TransactionBatchID="1619538298101"/>
    <Transaction CatCode="C" FiscalPeriodEnd="N" LeaID="11369" ReshID="10916" SiteID="3816457" TransAmt="10.00" TransDate="2021-05-01" TransDesc="Resident Liability Compliance Fee (05/2021)" TransName="RESIDENTLIABILITYFEE" TransactionBatchID="1619538298102"/>
    <Transaction CatCode="C" FiscalPeriodEnd="N" LeaID="11370" ReshID="10917" SiteID="3816457" TransAmt="10.00" TransDate="2021-05-01" TransDesc="Resident Liability Compliance Fee (05/2021)" TransName="RESIDENTLIABILITYFEE" TransactionBatchID="1619538298103"/>
    <Transaction CatCode="C" FiscalPeriodEnd="N" LeaID="11371" ReshID="10918" SiteID="3816457" TransAmt="10.00" TransDate="2021-05-01" TransDesc="Resident Liability Compliance Fee (05/2021)" TransName="RESIDENTLIABILITYFEE" TransactionBatchID="1619538298104"/>
    <Transaction CatCode="C" FiscalPeriodEnd="N" LeaID="11372" ReshID="10920" SiteID="3816457" TransAmt="10.00" TransDate="2021-05-01" TransDesc="Resident Liability Compliance Fee (05/2021)" TransName="RESIDENTLIABILITYFEE" TransactionBatchID="1619538298105"/>
    <Transaction CatCode="C" FiscalPeriodEnd="N" LeaID="11373" ReshID="10921" SiteID="3816457" TransAmt="10.00" TransDate="2021-05-01" TransDesc="Resident Liability Compliance Fee (05/2021)" TransName="RESIDENTLIABILITYFEE" TransactionBatchID="1619538298106"/>
    <Transaction CatCode="C" FiscalPeriodEnd="N" LeaID="11374" ReshID="10922" SiteID="3816457" TransAmt="10.00" TransDate="2021-05-01" TransDesc="Resident Liability Compliance Fee (05/2021)" TransName="RESIDENTLIABILITYFEE" TransactionBatchID="1619538298107"/>
    <Transaction CatCode="C" FiscalPeriodEnd="N" LeaID="11366" ReshID="10912" SiteID="3816457" TransAmt="10.00" TransDate="2021-05-01" TransDesc="Resident Liability Compliance Fee (05/2021)" TransName="RESIDENTLIABILITYFEE" TransactionBatchID="1619538298108"/>
</TransactionList>
