<TransactionList>
    <Validation>
        <Audit Count="22" Node="Transaction" Sum="220.00"/>
    </Validation>
    <Transaction CatCode="C" FiscalPeriodEnd="N" LeaID="41497" ReshID="50" SiteID="3834245" TransAmt="10.00" TransDate="2021-05-01" TransDesc="Resident Liability Compliance Fee (05/2021)" TransName="RESIDENTLIABILITYFEE" TransactionBatchID="1619538298343"/>
    <Transaction CatCode="C" FiscalPeriodEnd="N" LeaID="41461" ReshID="183" SiteID="3834245" TransAmt="10.00" TransDate="2021-05-01" TransDesc="Resident Liability Compliance Fee (05/2021)" TransName="RESIDENTLIABILITYFEE" TransactionBatchID="1619538298344"/>
    <Transaction CatCode="C" FiscalPeriodEnd="N" LeaID="41333" ReshID="315" SiteID="3834245" TransAmt="10.00" TransDate="2021-05-01" TransDesc="Resident Liability Compliance Fee (05/2021)" TransName="RESIDENTLIABILITYFEE" TransactionBatchID="1619538298345"/>
    <Transaction CatCode="C" FiscalPeriodEnd="N" LeaID="41275" ReshID="400" SiteID="3834245" TransAmt="10.00" TransDate="2021-05-01" TransDesc="Resident Liability Compliance Fee (05/2021)" TransName="RESIDENTLIABILITYFEE" TransactionBatchID="1619538298346"/>
    <Transaction CatCode="C" FiscalPeriodEnd="N" LeaID="41409" ReshID="491" SiteID="3834245" TransAmt="10.00" TransDate="2021-05-01" TransDesc="Resident Liability Compliance Fee (05/2021)" TransName="RESIDENTLIABILITYFEE" TransactionBatchID="1619538298347"/>
    <Transaction CatCode="C" FiscalPeriodEnd="N" LeaID="41382" ReshID="493" SiteID="3834245" TransAmt="10.00" TransDate="2021-05-01" TransDesc="Resident Liability Compliance Fee (05/2021)" TransName="RESIDENTLIABILITYFEE" TransactionBatchID="1619538298348"/>
    <Transaction CatCode="C" FiscalPeriodEnd="N" LeaID="41462" ReshID="20604" SiteID="3834245" TransAmt="10.00" TransDate="2021-05-01" TransDesc="Resident Liability Compliance Fee (05/2021)" TransName="RESIDENTLIABILITYFEE" TransactionBatchID="1619538298349"/>
    <Transaction CatCode="C" FiscalPeriodEnd="N" LeaID="41241" ReshID="40732" SiteID="3834245" TransAmt="10.00" TransDate="2021-05-01" TransDesc="Resident Liability Compliance Fee (05/2021)" TransName="RESIDENTLIABILITYFEE" TransactionBatchID="1619538298350"/>
    <Transaction CatCode="C" FiscalPeriodEnd="N" LeaID="41319" ReshID="54" SiteID="3834245" TransAmt="10.00" TransDate="2021-05-01" TransDesc="Resident Liability Compliance Fee (05/2021)" TransName="RESIDENTLIABILITYFEE" TransactionBatchID="1619538298351"/>
    <Transaction CatCode="C" FiscalPeriodEnd="N" LeaID="41136" ReshID="40792" SiteID="3834245" TransAmt="10.00" TransDate="2021-05-01" TransDesc="Resident Liability Compliance Fee (05/2021)" TransName="RESIDENTLIABILITYFEE" TransactionBatchID="1619538298352"/>
    <Transaction CatCode="C" FiscalPeriodEnd="N" LeaID="41230" ReshID="40796" SiteID="3834245" TransAmt="10.00" TransDate="2021-05-01" TransDesc="Resident Liability Compliance Fee (05/2021)" TransName="RESIDENTLIABILITYFEE" TransactionBatchID="1619538298353"/>
    <Transaction CatCode="C" FiscalPeriodEnd="N" LeaID="41384" ReshID="40821" SiteID="3834245" TransAmt="10.00" TransDate="2021-05-01" TransDesc="Resident Liability Compliance Fee (05/2021)" TransName="RESIDENTLIABILITYFEE" TransactionBatchID="1619538298354"/>
    <Transaction CatCode="C" FiscalPeriodEnd="N" LeaID="41401" ReshID="40842" SiteID="3834245" TransAmt="10.00" TransDate="2021-05-01" TransDesc="Resident Liability Compliance Fee (05/2021)" TransName="RESIDENTLIABILITYFEE" TransactionBatchID="1619538298355"/>
    <Transaction CatCode="C" FiscalPeriodEnd="N" LeaID="41453" ReshID="40841" SiteID="3834245" TransAmt="10.00" TransDate="2021-05-01" TransDesc="Resident Liability Compliance Fee (05/2021)" TransName="RESIDENTLIABILITYFEE" TransactionBatchID="1619538298356"/>
    <Transaction CatCode="C" FiscalPeriodEnd="N" LeaID="41467" ReshID="40860" SiteID="3834245" TransAmt="10.00" TransDate="2021-05-01" TransDesc="Resident Liability Compliance Fee (05/2021)" TransName="RESIDENTLIABILITYFEE" TransactionBatchID="1619538298357"/>
    <Transaction CatCode="C" FiscalPeriodEnd="N" LeaID="41252" ReshID="40866" SiteID="3834245" TransAmt="10.00" TransDate="2021-05-01" TransDesc="Resident Liability Compliance Fee (05/2021)" TransName="RESIDENTLIABILITYFEE" TransactionBatchID="1619538298358"/>
    <Transaction CatCode="C" FiscalPeriodEnd="N" LeaID="41361" ReshID="40854" SiteID="3834245" TransAmt="10.00" TransDate="2021-05-01" TransDesc="Resident Liability Compliance Fee (05/2021)" TransName="RESIDENTLIABILITYFEE" TransactionBatchID="1619538298359"/>
    <Transaction CatCode="C" FiscalPeriodEnd="N" LeaID="41294" ReshID="40891" SiteID="3834245" TransAmt="10.00" TransDate="2021-05-01" TransDesc="Resident Liability Compliance Fee (05/2021)" TransName="RESIDENTLIABILITYFEE" TransactionBatchID="1619538298360"/>
    <Transaction CatCode="C" FiscalPeriodEnd="N" LeaID="41378" ReshID="40929" SiteID="3834245" TransAmt="10.00" TransDate="2021-05-01" TransDesc="Resident Liability Compliance Fee (05/2021)" TransName="RESIDENTLIABILITYFEE" TransactionBatchID="1619538298361"/>
    <Transaction CatCode="C" FiscalPeriodEnd="N" LeaID="41416" ReshID="40946" SiteID="3834245" TransAmt="10.00" TransDate="2021-05-01" TransDesc="Resident Liability Compliance Fee (05/2021)" TransName="RESIDENTLIABILITYFEE" TransactionBatchID="1619538298362"/>
    <Transaction CatCode="C" FiscalPeriodEnd="N" LeaID="41444" ReshID="40970" SiteID="3834245" TransAmt="10.00" TransDate="2021-05-01" TransDesc="Resident Liability Compliance Fee (05/2021)" TransName="RESIDENTLIABILITYFEE" TransactionBatchID="1619538298363"/>
    <Transaction CatCode="C" FiscalPeriodEnd="N" LeaID="41513" ReshID="41008" SiteID="3834245" TransAmt="10.00" TransDate="2021-05-01" TransDesc="Resident Liability Compliance Fee (05/2021)" TransName="RESIDENTLIABILITYFEE" TransactionBatchID="1619538298364"/>
</TransactionList>
