<TransactionList>
    <Validation>
        <Audit Count="180" Node="Transaction" Sum="1800.00"/>
    </Validation>
    <Transaction CatCode="C" FiscalPeriodEnd="N" LeaID="22365" ReshID="15" SiteID="3892325" TransAmt="10.00" TransDate="2021-05-01" TransDesc="Resident Liability Compliance Fee (05/2021)" TransName="RESIDENTLIABILITYFEE" TransactionBatchID="1619538295304"/>
    <Transaction CatCode="C" FiscalPeriodEnd="N" LeaID="22333" ReshID="23" SiteID="3892325" TransAmt="10.00" TransDate="2021-05-01" TransDesc="Resident Liability Compliance Fee (05/2021)" TransName="RESIDENTLIABILITYFEE" TransactionBatchID="1619538295305"/>
    <Transaction CatCode="C" FiscalPeriodEnd="N" LeaID="22423" ReshID="37" SiteID="3892325" TransAmt="10.00" TransDate="2021-05-01" TransDesc="Resident Liability Compliance Fee (05/2021)" TransName="RESIDENTLIABILITYFEE" TransactionBatchID="1619538295306"/>
    <Transaction CatCode="C" FiscalPeriodEnd="N" LeaID="22281" ReshID="50" SiteID="3892325" TransAmt="10.00" TransDate="2021-05-01" TransDesc="Resident Liability Compliance Fee (05/2021)" TransName="RESIDENTLIABILITYFEE" TransactionBatchID="1619538295307"/>
    <Transaction CatCode="C" FiscalPeriodEnd="N" LeaID="22619" ReshID="87" SiteID="3892325" TransAmt="10.00" TransDate="2021-05-01" TransDesc="Resident Liability Compliance Fee (05/2021)" TransName="RESIDENTLIABILITYFEE" TransactionBatchID="1619538295308"/>
    <Transaction CatCode="C" FiscalPeriodEnd="N" LeaID="22427" ReshID="103" SiteID="3892325" TransAmt="10.00" TransDate="2021-05-01" TransDesc="Resident Liability Compliance Fee (05/2021)" TransName="RESIDENTLIABILITYFEE" TransactionBatchID="1619538295309"/>
    <Transaction CatCode="C" FiscalPeriodEnd="N" LeaID="22574" ReshID="108" SiteID="3892325" TransAmt="10.00" TransDate="2021-05-01" TransDesc="Resident Liability Compliance Fee (05/2021)" TransName="RESIDENTLIABILITYFEE" TransactionBatchID="1619538295310"/>
    <Transaction CatCode="C" FiscalPeriodEnd="N" LeaID="110" ReshID="110" SiteID="3892325" TransAmt="10.00" TransDate="2021-05-01" TransDesc="Resident Liability Compliance Fee (05/2021)" TransName="RESIDENTLIABILITYFEE" TransactionBatchID="1619538295311"/>
    <Transaction CatCode="C" FiscalPeriodEnd="N" LeaID="22227" ReshID="149" SiteID="3892325" TransAmt="10.00" TransDate="2021-05-01" TransDesc="Resident Liability Compliance Fee (05/2021)" TransName="RESIDENTLIABILITYFEE" TransactionBatchID="1619538295312"/>
    <Transaction CatCode="C" FiscalPeriodEnd="N" LeaID="22172" ReshID="151" SiteID="3892325" TransAmt="10.00" TransDate="2021-05-01" TransDesc="Resident Liability Compliance Fee (05/2021)" TransName="RESIDENTLIABILITYFEE" TransactionBatchID="1619538295313"/>
    <Transaction CatCode="C" FiscalPeriodEnd="N" LeaID="22498" ReshID="245" SiteID="3892325" TransAmt="10.00" TransDate="2021-05-01" TransDesc="Resident Liability Compliance Fee (05/2021)" TransName="RESIDENTLIABILITYFEE" TransactionBatchID="1619538295314"/>
    <Transaction CatCode="C" FiscalPeriodEnd="N" LeaID="22218" ReshID="323" SiteID="3892325" TransAmt="10.00" TransDate="2021-05-01" TransDesc="Resident Liability Compliance Fee (05/2021)" TransName="RESIDENTLIABILITYFEE" TransactionBatchID="1619538295315"/>
    <Transaction CatCode="C" FiscalPeriodEnd="N" LeaID="22511" ReshID="348" SiteID="3892325" TransAmt="10.00" TransDate="2021-05-01" TransDesc="Resident Liability Compliance Fee (05/2021)" TransName="RESIDENTLIABILITYFEE" TransactionBatchID="1619538295316"/>
    <Transaction CatCode="C" FiscalPeriodEnd="N" LeaID="22433" ReshID="229" SiteID="3892325" TransAmt="10.00" TransDate="2021-05-01" TransDesc="Resident Liability Compliance Fee (05/2021)" TransName="RESIDENTLIABILITYFEE" TransactionBatchID="1619538295317"/>
    <Transaction CatCode="C" FiscalPeriodEnd="N" LeaID="22279" ReshID="550" SiteID="3892325" TransAmt="10.00" TransDate="2021-05-01" TransDesc="Resident Liability Compliance Fee (05/2021)" TransName="RESIDENTLIABILITYFEE" TransactionBatchID="1619538295318"/>
    <Transaction CatCode="C" FiscalPeriodEnd="N" LeaID="22558" ReshID="589" SiteID="3892325" TransAmt="10.00" TransDate="2021-05-01" TransDesc="Resident Liability Compliance Fee (05/2021)" TransName="RESIDENTLIABILITYFEE" TransactionBatchID="1619538295319"/>
    <Transaction CatCode="C" FiscalPeriodEnd="N" LeaID="11764" ReshID="590" SiteID="3892325" TransAmt="10.00" TransDate="2021-05-01" TransDesc="Resident Liability Compliance Fee (05/2021)" TransName="RESIDENTLIABILITYFEE" TransactionBatchID="1619538295320"/>
    <Transaction CatCode="C" FiscalPeriodEnd="N" LeaID="22484" ReshID="598" SiteID="3892325" TransAmt="10.00" TransDate="2021-05-01" TransDesc="Resident Liability Compliance Fee (05/2021)" TransName="RESIDENTLIABILITYFEE" TransactionBatchID="1619538295321"/>
    <Transaction CatCode="C" FiscalPeriodEnd="N" LeaID="22543" ReshID="621" SiteID="3892325" TransAmt="10.00" TransDate="2021-05-01" TransDesc="Resident Liability Compliance Fee (05/2021)" TransName="RESIDENTLIABILITYFEE" TransactionBatchID="1619538295322"/>
    <Transaction CatCode="C" FiscalPeriodEnd="N" LeaID="22284" ReshID="681" SiteID="3892325" TransAmt="10.00" TransDate="2021-05-01" TransDesc="Resident Liability Compliance Fee (05/2021)" TransName="RESIDENTLIABILITYFEE" TransactionBatchID="1619538295323"/>
    <Transaction CatCode="C" FiscalPeriodEnd="N" LeaID="22470" ReshID="722" SiteID="3892325" TransAmt="10.00" TransDate="2021-05-01" TransDesc="Resident Liability Compliance Fee (05/2021)" TransName="RESIDENTLIABILITYFEE" TransactionBatchID="1619538295324"/>
    <Transaction CatCode="C" FiscalPeriodEnd="N" LeaID="22480" ReshID="784" SiteID="3892325" TransAmt="10.00" TransDate="2021-05-01" TransDesc="Resident Liability Compliance Fee (05/2021)" TransName="RESIDENTLIABILITYFEE" TransactionBatchID="1619538295325"/>
    <Transaction CatCode="C" FiscalPeriodEnd="N" LeaID="22552" ReshID="803" SiteID="3892325" TransAmt="10.00" TransDate="2021-05-01" TransDesc="Resident Liability Compliance Fee (05/2021)" TransName="RESIDENTLIABILITYFEE" TransactionBatchID="1619538295326"/>
    <Transaction CatCode="C" FiscalPeriodEnd="N" LeaID="22452" ReshID="805" SiteID="3892325" TransAmt="10.00" TransDate="2021-05-01" TransDesc="Resident Liability Compliance Fee (05/2021)" TransName="RESIDENTLIABILITYFEE" TransactionBatchID="1619538295327"/>
    <Transaction CatCode="C" FiscalPeriodEnd="N" LeaID="22614" ReshID="865" SiteID="3892325" TransAmt="10.00" TransDate="2021-05-01" TransDesc="Resident Liability Compliance Fee (05/2021)" TransName="RESIDENTLIABILITYFEE" TransactionBatchID="1619538295328"/>
    <Transaction CatCode="C" FiscalPeriodEnd="N" LeaID="22645" ReshID="871" SiteID="3892325" TransAmt="10.00" TransDate="2021-05-01" TransDesc="Resident Liability Compliance Fee (05/2021)" TransName="RESIDENTLIABILITYFEE" TransactionBatchID="1619538295329"/>
    <Transaction CatCode="C" FiscalPeriodEnd="N" LeaID="22630" ReshID="877" SiteID="3892325" TransAmt="10.00" TransDate="2021-05-01" TransDesc="Resident Liability Compliance Fee (05/2021)" TransName="RESIDENTLIABILITYFEE" TransactionBatchID="1619538295330"/>
    <Transaction CatCode="C" FiscalPeriodEnd="N" LeaID="22531" ReshID="882" SiteID="3892325" TransAmt="10.00" TransDate="2021-05-01" TransDesc="Resident Liability Compliance Fee (05/2021)" TransName="RESIDENTLIABILITYFEE" TransactionBatchID="1619538295331"/>
    <Transaction CatCode="C" FiscalPeriodEnd="N" LeaID="22628" ReshID="887" SiteID="3892325" TransAmt="10.00" TransDate="2021-05-01" TransDesc="Resident Liability Compliance Fee (05/2021)" TransName="RESIDENTLIABILITYFEE" TransactionBatchID="1619538295332"/>
    <Transaction CatCode="C" FiscalPeriodEnd="N" LeaID="22598" ReshID="10920" SiteID="3892325" TransAmt="10.00" TransDate="2021-05-01" TransDesc="Resident Liability Compliance Fee (05/2021)" TransName="RESIDENTLIABILITYFEE" TransactionBatchID="1619538295333"/>
    <Transaction CatCode="C" FiscalPeriodEnd="N" LeaID="22356" ReshID="671" SiteID="3892325" TransAmt="10.00" TransDate="2021-05-01" TransDesc="Resident Liability Compliance Fee (05/2021)" TransName="RESIDENTLIABILITYFEE" TransactionBatchID="1619538295334"/>
    <Transaction CatCode="C" FiscalPeriodEnd="N" LeaID="22278" ReshID="10952" SiteID="3892325" TransAmt="10.00" TransDate="2021-05-01" TransDesc="Resident Liability Compliance Fee (05/2021)" TransName="RESIDENTLIABILITYFEE" TransactionBatchID="1619538295335"/>
    <Transaction CatCode="C" FiscalPeriodEnd="N" LeaID="22203" ReshID="10985" SiteID="3892325" TransAmt="10.00" TransDate="2021-05-01" TransDesc="Resident Liability Compliance Fee (05/2021)" TransName="RESIDENTLIABILITYFEE" TransactionBatchID="1619538295336"/>
    <Transaction CatCode="C" FiscalPeriodEnd="N" LeaID="22643" ReshID="11061" SiteID="3892325" TransAmt="10.00" TransDate="2021-05-01" TransDesc="Resident Liability Compliance Fee (05/2021)" TransName="RESIDENTLIABILITYFEE" TransactionBatchID="1619538295337"/>
    <Transaction CatCode="C" FiscalPeriodEnd="N" LeaID="22413" ReshID="11065" SiteID="3892325" TransAmt="10.00" TransDate="2021-05-01" TransDesc="Resident Liability Compliance Fee (05/2021)" TransName="RESIDENTLIABILITYFEE" TransactionBatchID="1619538295338"/>
    <Transaction CatCode="C" FiscalPeriodEnd="N" LeaID="22386" ReshID="11081" SiteID="3892325" TransAmt="10.00" TransDate="2021-05-01" TransDesc="Resident Liability Compliance Fee (05/2021)" TransName="RESIDENTLIABILITYFEE" TransactionBatchID="1619538295339"/>
    <Transaction CatCode="C" FiscalPeriodEnd="N" LeaID="22313" ReshID="11112" SiteID="3892325" TransAmt="10.00" TransDate="2021-05-01" TransDesc="Resident Liability Compliance Fee (05/2021)" TransName="RESIDENTLIABILITYFEE" TransactionBatchID="1619538295340"/>
    <Transaction CatCode="C" FiscalPeriodEnd="N" LeaID="22283" ReshID="11125" SiteID="3892325" TransAmt="10.00" TransDate="2021-05-01" TransDesc="Resident Liability Compliance Fee (05/2021)" TransName="RESIDENTLIABILITYFEE" TransactionBatchID="1619538295341"/>
    <Transaction CatCode="C" FiscalPeriodEnd="N" LeaID="22084" ReshID="11136" SiteID="3892325" TransAmt="10.00" TransDate="2021-05-01" TransDesc="Resident Liability Compliance Fee (05/2021)" TransName="RESIDENTLIABILITYFEE" TransactionBatchID="1619538295342"/>
    <Transaction CatCode="C" FiscalPeriodEnd="N" LeaID="22430" ReshID="11140" SiteID="3892325" TransAmt="10.00" TransDate="2021-05-01" TransDesc="Resident Liability Compliance Fee (05/2021)" TransName="RESIDENTLIABILITYFEE" TransactionBatchID="1619538295343"/>
    <Transaction CatCode="C" FiscalPeriodEnd="N" LeaID="22562" ReshID="11171" SiteID="3892325" TransAmt="10.00" TransDate="2021-05-01" TransDesc="Resident Liability Compliance Fee (05/2021)" TransName="RESIDENTLIABILITYFEE" TransactionBatchID="1619538295344"/>
    <Transaction CatCode="C" FiscalPeriodEnd="N" LeaID="22336" ReshID="11177" SiteID="3892325" TransAmt="10.00" TransDate="2021-05-01" TransDesc="Resident Liability Compliance Fee (05/2021)" TransName="RESIDENTLIABILITYFEE" TransactionBatchID="1619538295345"/>
    <Transaction CatCode="C" FiscalPeriodEnd="N" LeaID="22325" ReshID="11182" SiteID="3892325" TransAmt="10.00" TransDate="2021-05-01" TransDesc="Resident Liability Compliance Fee (05/2021)" TransName="RESIDENTLIABILITYFEE" TransactionBatchID="1619538295346"/>
    <Transaction CatCode="C" FiscalPeriodEnd="N" LeaID="22419" ReshID="11183" SiteID="3892325" TransAmt="10.00" TransDate="2021-05-01" TransDesc="Resident Liability Compliance Fee (05/2021)" TransName="RESIDENTLIABILITYFEE" TransactionBatchID="1619538295347"/>
    <Transaction CatCode="C" FiscalPeriodEnd="N" LeaID="22537" ReshID="11186" SiteID="3892325" TransAmt="10.00" TransDate="2021-05-01" TransDesc="Resident Liability Compliance Fee (05/2021)" TransName="RESIDENTLIABILITYFEE" TransactionBatchID="1619538295348"/>
    <Transaction CatCode="C" FiscalPeriodEnd="N" LeaID="22605" ReshID="11199" SiteID="3892325" TransAmt="10.00" TransDate="2021-05-01" TransDesc="Resident Liability Compliance Fee (05/2021)" TransName="RESIDENTLIABILITYFEE" TransactionBatchID="1619538295349"/>
    <Transaction CatCode="C" FiscalPeriodEnd="N" LeaID="22563" ReshID="11205" SiteID="3892325" TransAmt="10.00" TransDate="2021-05-01" TransDesc="Resident Liability Compliance Fee (05/2021)" TransName="RESIDENTLIABILITYFEE" TransactionBatchID="1619538295350"/>
    <Transaction CatCode="C" FiscalPeriodEnd="N" LeaID="22615" ReshID="11206" SiteID="3892325" TransAmt="10.00" TransDate="2021-05-01" TransDesc="Resident Liability Compliance Fee (05/2021)" TransName="RESIDENTLIABILITYFEE" TransactionBatchID="1619538295351"/>
    <Transaction CatCode="C" FiscalPeriodEnd="N" LeaID="22569" ReshID="11221" SiteID="3892325" TransAmt="10.00" TransDate="2021-05-01" TransDesc="Resident Liability Compliance Fee (05/2021)" TransName="RESIDENTLIABILITYFEE" TransactionBatchID="1619538295352"/>
    <Transaction CatCode="C" FiscalPeriodEnd="N" LeaID="22431" ReshID="11222" SiteID="3892325" TransAmt="10.00" TransDate="2021-05-01" TransDesc="Resident Liability Compliance Fee (05/2021)" TransName="RESIDENTLIABILITYFEE" TransactionBatchID="1619538295353"/>
    <Transaction CatCode="C" FiscalPeriodEnd="N" LeaID="22160" ReshID="11230" SiteID="3892325" TransAmt="10.00" TransDate="2021-05-01" TransDesc="Resident Liability Compliance Fee (05/2021)" TransName="RESIDENTLIABILITYFEE" TransactionBatchID="1619538295354"/>
    <Transaction CatCode="C" FiscalPeriodEnd="N" LeaID="22570" ReshID="11231" SiteID="3892325" TransAmt="10.00" TransDate="2021-05-01" TransDesc="Resident Liability Compliance Fee (05/2021)" TransName="RESIDENTLIABILITYFEE" TransactionBatchID="1619538295355"/>
    <Transaction CatCode="C" FiscalPeriodEnd="N" LeaID="22692" ReshID="11237" SiteID="3892325" TransAmt="10.00" TransDate="2021-05-01" TransDesc="Resident Liability Compliance Fee (05/2021)" TransName="RESIDENTLIABILITYFEE" TransactionBatchID="1619538295356"/>
    <Transaction CatCode="C" FiscalPeriodEnd="N" LeaID="22568" ReshID="11239" SiteID="3892325" TransAmt="10.00" TransDate="2021-05-01" TransDesc="Resident Liability Compliance Fee (05/2021)" TransName="RESIDENTLIABILITYFEE" TransactionBatchID="1619538295357"/>
    <Transaction CatCode="C" FiscalPeriodEnd="N" LeaID="22609" ReshID="11242" SiteID="3892325" TransAmt="10.00" TransDate="2021-05-01" TransDesc="Resident Liability Compliance Fee (05/2021)" TransName="RESIDENTLIABILITYFEE" TransactionBatchID="1619538295358"/>
    <Transaction CatCode="C" FiscalPeriodEnd="N" LeaID="22197" ReshID="11249" SiteID="3892325" TransAmt="10.00" TransDate="2021-05-01" TransDesc="Resident Liability Compliance Fee (05/2021)" TransName="RESIDENTLIABILITYFEE" TransactionBatchID="1619538295359"/>
    <Transaction CatCode="C" FiscalPeriodEnd="N" LeaID="22169" ReshID="11255" SiteID="3892325" TransAmt="10.00" TransDate="2021-05-01" TransDesc="Resident Liability Compliance Fee (05/2021)" TransName="RESIDENTLIABILITYFEE" TransactionBatchID="1619538295360"/>
    <Transaction CatCode="C" FiscalPeriodEnd="N" LeaID="22234" ReshID="11256" SiteID="3892325" TransAmt="10.00" TransDate="2021-05-01" TransDesc="Resident Liability Compliance Fee (05/2021)" TransName="RESIDENTLIABILITYFEE" TransactionBatchID="1619538295361"/>
    <Transaction CatCode="C" FiscalPeriodEnd="N" LeaID="22198" ReshID="21267" SiteID="3892325" TransAmt="10.00" TransDate="2021-05-01" TransDesc="Resident Liability Compliance Fee (05/2021)" TransName="RESIDENTLIABILITYFEE" TransactionBatchID="1619538295362"/>
    <Transaction CatCode="C" FiscalPeriodEnd="N" LeaID="22397" ReshID="21276" SiteID="3892325" TransAmt="10.00" TransDate="2021-05-01" TransDesc="Resident Liability Compliance Fee (05/2021)" TransName="RESIDENTLIABILITYFEE" TransactionBatchID="1619538295363"/>
    <Transaction CatCode="C" FiscalPeriodEnd="N" LeaID="22221" ReshID="21279" SiteID="3892325" TransAmt="10.00" TransDate="2021-05-01" TransDesc="Resident Liability Compliance Fee (05/2021)" TransName="RESIDENTLIABILITYFEE" TransactionBatchID="1619538295364"/>
    <Transaction CatCode="C" FiscalPeriodEnd="N" LeaID="22251" ReshID="21280" SiteID="3892325" TransAmt="10.00" TransDate="2021-05-01" TransDesc="Resident Liability Compliance Fee (05/2021)" TransName="RESIDENTLIABILITYFEE" TransactionBatchID="1619538295365"/>
    <Transaction CatCode="C" FiscalPeriodEnd="N" LeaID="22240" ReshID="186" SiteID="3892325" TransAmt="10.00" TransDate="2021-05-01" TransDesc="Resident Liability Compliance Fee (05/2021)" TransName="RESIDENTLIABILITYFEE" TransactionBatchID="1619538295366"/>
    <Transaction CatCode="C" FiscalPeriodEnd="N" LeaID="22241" ReshID="11028" SiteID="3892325" TransAmt="10.00" TransDate="2021-05-01" TransDesc="Resident Liability Compliance Fee (05/2021)" TransName="RESIDENTLIABILITYFEE" TransactionBatchID="1619538295367"/>
    <Transaction CatCode="C" FiscalPeriodEnd="N" LeaID="22317" ReshID="21292" SiteID="3892325" TransAmt="10.00" TransDate="2021-05-01" TransDesc="Resident Liability Compliance Fee (05/2021)" TransName="RESIDENTLIABILITYFEE" TransactionBatchID="1619538295368"/>
    <Transaction CatCode="C" FiscalPeriodEnd="N" LeaID="22239" ReshID="21296" SiteID="3892325" TransAmt="10.00" TransDate="2021-05-01" TransDesc="Resident Liability Compliance Fee (05/2021)" TransName="RESIDENTLIABILITYFEE" TransactionBatchID="1619538295369"/>
    <Transaction CatCode="C" FiscalPeriodEnd="N" LeaID="22315" ReshID="10984" SiteID="3892325" TransAmt="10.00" TransDate="2021-05-01" TransDesc="Resident Liability Compliance Fee (05/2021)" TransName="RESIDENTLIABILITYFEE" TransactionBatchID="1619538295370"/>
    <Transaction CatCode="C" FiscalPeriodEnd="N" LeaID="22341" ReshID="11035" SiteID="3892325" TransAmt="10.00" TransDate="2021-05-01" TransDesc="Resident Liability Compliance Fee (05/2021)" TransName="RESIDENTLIABILITYFEE" TransactionBatchID="1619538295371"/>
    <Transaction CatCode="C" FiscalPeriodEnd="N" LeaID="22276" ReshID="21287" SiteID="3892325" TransAmt="10.00" TransDate="2021-05-01" TransDesc="Resident Liability Compliance Fee (05/2021)" TransName="RESIDENTLIABILITYFEE" TransactionBatchID="1619538295372"/>
    <Transaction CatCode="C" FiscalPeriodEnd="N" LeaID="22297" ReshID="21290" SiteID="3892325" TransAmt="10.00" TransDate="2021-05-01" TransDesc="Resident Liability Compliance Fee (05/2021)" TransName="RESIDENTLIABILITYFEE" TransactionBatchID="1619538295373"/>
    <Transaction CatCode="C" FiscalPeriodEnd="N" LeaID="22205" ReshID="21311" SiteID="3892325" TransAmt="10.00" TransDate="2021-05-01" TransDesc="Resident Liability Compliance Fee (05/2021)" TransName="RESIDENTLIABILITYFEE" TransactionBatchID="1619538295374"/>
    <Transaction CatCode="C" FiscalPeriodEnd="N" LeaID="22225" ReshID="21306" SiteID="3892325" TransAmt="10.00" TransDate="2021-05-01" TransDesc="Resident Liability Compliance Fee (05/2021)" TransName="RESIDENTLIABILITYFEE" TransactionBatchID="1619538295375"/>
    <Transaction CatCode="C" FiscalPeriodEnd="N" LeaID="22286" ReshID="21317" SiteID="3892325" TransAmt="10.00" TransDate="2021-05-01" TransDesc="Resident Liability Compliance Fee (05/2021)" TransName="RESIDENTLIABILITYFEE" TransactionBatchID="1619538295376"/>
    <Transaction CatCode="C" FiscalPeriodEnd="N" LeaID="22291" ReshID="11007" SiteID="3892325" TransAmt="10.00" TransDate="2021-05-01" TransDesc="Resident Liability Compliance Fee (05/2021)" TransName="RESIDENTLIABILITYFEE" TransactionBatchID="1619538295377"/>
    <Transaction CatCode="C" FiscalPeriodEnd="N" LeaID="22229" ReshID="11055" SiteID="3892325" TransAmt="10.00" TransDate="2021-05-01" TransDesc="Resident Liability Compliance Fee (05/2021)" TransName="RESIDENTLIABILITYFEE" TransactionBatchID="1619538295378"/>
    <Transaction CatCode="C" FiscalPeriodEnd="N" LeaID="22298" ReshID="11101" SiteID="3892325" TransAmt="10.00" TransDate="2021-05-01" TransDesc="Resident Liability Compliance Fee (05/2021)" TransName="RESIDENTLIABILITYFEE" TransactionBatchID="1619538295379"/>
    <Transaction CatCode="C" FiscalPeriodEnd="N" LeaID="22272" ReshID="21345" SiteID="3892325" TransAmt="10.00" TransDate="2021-05-01" TransDesc="Resident Liability Compliance Fee (05/2021)" TransName="RESIDENTLIABILITYFEE" TransactionBatchID="1619538295380"/>
    <Transaction CatCode="C" FiscalPeriodEnd="N" LeaID="22289" ReshID="21312" SiteID="3892325" TransAmt="10.00" TransDate="2021-05-01" TransDesc="Resident Liability Compliance Fee (05/2021)" TransName="RESIDENTLIABILITYFEE" TransactionBatchID="1619538295381"/>
    <Transaction CatCode="C" FiscalPeriodEnd="N" LeaID="22242" ReshID="21332" SiteID="3892325" TransAmt="10.00" TransDate="2021-05-01" TransDesc="Resident Liability Compliance Fee (05/2021)" TransName="RESIDENTLIABILITYFEE" TransactionBatchID="1619538295382"/>
    <Transaction CatCode="C" FiscalPeriodEnd="N" LeaID="22354" ReshID="21314" SiteID="3892325" TransAmt="10.00" TransDate="2021-05-01" TransDesc="Resident Liability Compliance Fee (05/2021)" TransName="RESIDENTLIABILITYFEE" TransactionBatchID="1619538295383"/>
    <Transaction CatCode="C" FiscalPeriodEnd="N" LeaID="22275" ReshID="21362" SiteID="3892325" TransAmt="10.00" TransDate="2021-05-01" TransDesc="Resident Liability Compliance Fee (05/2021)" TransName="RESIDENTLIABILITYFEE" TransactionBatchID="1619538295384"/>
    <Transaction CatCode="C" FiscalPeriodEnd="N" LeaID="22342" ReshID="21343" SiteID="3892325" TransAmt="10.00" TransDate="2021-05-01" TransDesc="Resident Liability Compliance Fee (05/2021)" TransName="RESIDENTLIABILITYFEE" TransactionBatchID="1619538295385"/>
    <Transaction CatCode="C" FiscalPeriodEnd="N" LeaID="22551" ReshID="21370" SiteID="3892325" TransAmt="10.00" TransDate="2021-05-01" TransDesc="Resident Liability Compliance Fee (05/2021)" TransName="RESIDENTLIABILITYFEE" TransactionBatchID="1619538295386"/>
    <Transaction CatCode="C" FiscalPeriodEnd="N" LeaID="22405" ReshID="21356" SiteID="3892325" TransAmt="10.00" TransDate="2021-05-01" TransDesc="Resident Liability Compliance Fee (05/2021)" TransName="RESIDENTLIABILITYFEE" TransactionBatchID="1619538295387"/>
    <Transaction CatCode="C" FiscalPeriodEnd="N" LeaID="22346" ReshID="21357" SiteID="3892325" TransAmt="10.00" TransDate="2021-05-01" TransDesc="Resident Liability Compliance Fee (05/2021)" TransName="RESIDENTLIABILITYFEE" TransactionBatchID="1619538295388"/>
    <Transaction CatCode="C" FiscalPeriodEnd="N" LeaID="22666" ReshID="21385" SiteID="3892325" TransAmt="10.00" TransDate="2021-05-01" TransDesc="Resident Liability Compliance Fee (05/2021)" TransName="RESIDENTLIABILITYFEE" TransactionBatchID="1619538295389"/>
    <Transaction CatCode="C" FiscalPeriodEnd="N" LeaID="22314" ReshID="21384" SiteID="3892325" TransAmt="10.00" TransDate="2021-05-01" TransDesc="Resident Liability Compliance Fee (05/2021)" TransName="RESIDENTLIABILITYFEE" TransactionBatchID="1619538295390"/>
    <Transaction CatCode="C" FiscalPeriodEnd="N" LeaID="22222" ReshID="21375" SiteID="3892325" TransAmt="10.00" TransDate="2021-05-01" TransDesc="Resident Liability Compliance Fee (05/2021)" TransName="RESIDENTLIABILITYFEE" TransactionBatchID="1619538295391"/>
    <Transaction CatCode="C" FiscalPeriodEnd="N" LeaID="22334" ReshID="21386" SiteID="3892325" TransAmt="10.00" TransDate="2021-05-01" TransDesc="Resident Liability Compliance Fee (05/2021)" TransName="RESIDENTLIABILITYFEE" TransactionBatchID="1619538295392"/>
    <Transaction CatCode="C" FiscalPeriodEnd="N" LeaID="22265" ReshID="21393" SiteID="3892325" TransAmt="10.00" TransDate="2021-05-01" TransDesc="Resident Liability Compliance Fee (05/2021)" TransName="RESIDENTLIABILITYFEE" TransactionBatchID="1619538295393"/>
    <Transaction CatCode="C" FiscalPeriodEnd="N" LeaID="22392" ReshID="21361" SiteID="3892325" TransAmt="10.00" TransDate="2021-05-01" TransDesc="Resident Liability Compliance Fee (05/2021)" TransName="RESIDENTLIABILITYFEE" TransactionBatchID="1619538295394"/>
    <Transaction CatCode="C" FiscalPeriodEnd="N" LeaID="22457" ReshID="21359" SiteID="3892325" TransAmt="10.00" TransDate="2021-05-01" TransDesc="Resident Liability Compliance Fee (05/2021)" TransName="RESIDENTLIABILITYFEE" TransactionBatchID="1619538295395"/>
    <Transaction CatCode="C" FiscalPeriodEnd="N" LeaID="22453" ReshID="21420" SiteID="3892325" TransAmt="10.00" TransDate="2021-05-01" TransDesc="Resident Liability Compliance Fee (05/2021)" TransName="RESIDENTLIABILITYFEE" TransactionBatchID="1619538295396"/>
    <Transaction CatCode="C" FiscalPeriodEnd="N" LeaID="22428" ReshID="21421" SiteID="3892325" TransAmt="10.00" TransDate="2021-05-01" TransDesc="Resident Liability Compliance Fee (05/2021)" TransName="RESIDENTLIABILITYFEE" TransactionBatchID="1619538295397"/>
    <Transaction CatCode="C" FiscalPeriodEnd="N" LeaID="22495" ReshID="21427" SiteID="3892325" TransAmt="10.00" TransDate="2021-05-01" TransDesc="Resident Liability Compliance Fee (05/2021)" TransName="RESIDENTLIABILITYFEE" TransactionBatchID="1619538295398"/>
    <Transaction CatCode="C" FiscalPeriodEnd="N" LeaID="22513" ReshID="21403" SiteID="3892325" TransAmt="10.00" TransDate="2021-05-01" TransDesc="Resident Liability Compliance Fee (05/2021)" TransName="RESIDENTLIABILITYFEE" TransactionBatchID="1619538295399"/>
    <Transaction CatCode="C" FiscalPeriodEnd="N" LeaID="22476" ReshID="21415" SiteID="3892325" TransAmt="10.00" TransDate="2021-05-01" TransDesc="Resident Liability Compliance Fee (05/2021)" TransName="RESIDENTLIABILITYFEE" TransactionBatchID="1619538295400"/>
    <Transaction CatCode="C" FiscalPeriodEnd="N" LeaID="22521" ReshID="21436" SiteID="3892325" TransAmt="10.00" TransDate="2021-05-01" TransDesc="Resident Liability Compliance Fee (05/2021)" TransName="RESIDENTLIABILITYFEE" TransactionBatchID="1619538295401"/>
    <Transaction CatCode="C" FiscalPeriodEnd="N" LeaID="22496" ReshID="21434" SiteID="3892325" TransAmt="10.00" TransDate="2021-05-01" TransDesc="Resident Liability Compliance Fee (05/2021)" TransName="RESIDENTLIABILITYFEE" TransactionBatchID="1619538295402"/>
    <Transaction CatCode="C" FiscalPeriodEnd="N" LeaID="22599" ReshID="21445" SiteID="3892325" TransAmt="10.00" TransDate="2021-05-01" TransDesc="Resident Liability Compliance Fee (05/2021)" TransName="RESIDENTLIABILITYFEE" TransactionBatchID="1619538295403"/>
    <Transaction CatCode="C" FiscalPeriodEnd="N" LeaID="22542" ReshID="21460" SiteID="3892325" TransAmt="10.00" TransDate="2021-05-01" TransDesc="Resident Liability Compliance Fee (05/2021)" TransName="RESIDENTLIABILITYFEE" TransactionBatchID="1619538295404"/>
    <Transaction CatCode="C" FiscalPeriodEnd="N" LeaID="22583" ReshID="21425" SiteID="3892325" TransAmt="10.00" TransDate="2021-05-01" TransDesc="Resident Liability Compliance Fee (05/2021)" TransName="RESIDENTLIABILITYFEE" TransactionBatchID="1619538295405"/>
    <Transaction CatCode="C" FiscalPeriodEnd="N" LeaID="22546" ReshID="21465" SiteID="3892325" TransAmt="10.00" TransDate="2021-05-01" TransDesc="Resident Liability Compliance Fee (05/2021)" TransName="RESIDENTLIABILITYFEE" TransactionBatchID="1619538295406"/>
    <Transaction CatCode="C" FiscalPeriodEnd="N" LeaID="22559" ReshID="21467" SiteID="3892325" TransAmt="10.00" TransDate="2021-05-01" TransDesc="Resident Liability Compliance Fee (05/2021)" TransName="RESIDENTLIABILITYFEE" TransactionBatchID="1619538295407"/>
    <Transaction CatCode="C" FiscalPeriodEnd="N" LeaID="22594" ReshID="21469" SiteID="3892325" TransAmt="10.00" TransDate="2021-05-01" TransDesc="Resident Liability Compliance Fee (05/2021)" TransName="RESIDENTLIABILITYFEE" TransactionBatchID="1619538295408"/>
    <Transaction CatCode="C" FiscalPeriodEnd="N" LeaID="22585" ReshID="21470" SiteID="3892325" TransAmt="10.00" TransDate="2021-05-01" TransDesc="Resident Liability Compliance Fee (05/2021)" TransName="RESIDENTLIABILITYFEE" TransactionBatchID="1619538295409"/>
    <Transaction CatCode="C" FiscalPeriodEnd="N" LeaID="22676" ReshID="21486" SiteID="3892325" TransAmt="10.00" TransDate="2021-05-01" TransDesc="Resident Liability Compliance Fee (05/2021)" TransName="RESIDENTLIABILITYFEE" TransactionBatchID="1619538295410"/>
    <Transaction CatCode="C" FiscalPeriodEnd="N" LeaID="22406" ReshID="615" SiteID="3892325" TransAmt="10.00" TransDate="2021-05-01" TransDesc="Resident Liability Compliance Fee (05/2021)" TransName="RESIDENTLIABILITYFEE" TransactionBatchID="1619538295411"/>
    <Transaction CatCode="C" FiscalPeriodEnd="N" LeaID="22633" ReshID="21485" SiteID="3892325" TransAmt="10.00" TransDate="2021-05-01" TransDesc="Resident Liability Compliance Fee (05/2021)" TransName="RESIDENTLIABILITYFEE" TransactionBatchID="1619538295412"/>
    <Transaction CatCode="C" FiscalPeriodEnd="N" LeaID="22214" ReshID="21523" SiteID="3892325" TransAmt="10.00" TransDate="2021-05-01" TransDesc="Resident Liability Compliance Fee (05/2021)" TransName="RESIDENTLIABILITYFEE" TransactionBatchID="1619538295413"/>
    <Transaction CatCode="C" FiscalPeriodEnd="N" LeaID="22193" ReshID="21491" SiteID="3892325" TransAmt="10.00" TransDate="2021-05-01" TransDesc="Resident Liability Compliance Fee (05/2021)" TransName="RESIDENTLIABILITYFEE" TransactionBatchID="1619538295414"/>
    <Transaction CatCode="C" FiscalPeriodEnd="N" LeaID="22213" ReshID="21522" SiteID="3892325" TransAmt="10.00" TransDate="2021-05-01" TransDesc="Resident Liability Compliance Fee (05/2021)" TransName="RESIDENTLIABILITYFEE" TransactionBatchID="1619538295415"/>
    <Transaction CatCode="C" FiscalPeriodEnd="N" LeaID="22248" ReshID="21548" SiteID="3892325" TransAmt="10.00" TransDate="2021-05-01" TransDesc="Resident Liability Compliance Fee (05/2021)" TransName="RESIDENTLIABILITYFEE" TransactionBatchID="1619538295416"/>
    <Transaction CatCode="C" FiscalPeriodEnd="N" LeaID="22226" ReshID="21536" SiteID="3892325" TransAmt="10.00" TransDate="2021-05-01" TransDesc="Resident Liability Compliance Fee (05/2021)" TransName="RESIDENTLIABILITYFEE" TransactionBatchID="1619538295417"/>
    <Transaction CatCode="C" FiscalPeriodEnd="N" LeaID="22211" ReshID="21520" SiteID="3892325" TransAmt="10.00" TransDate="2021-05-01" TransDesc="Resident Liability Compliance Fee (05/2021)" TransName="RESIDENTLIABILITYFEE" TransactionBatchID="1619538295418"/>
    <Transaction CatCode="C" FiscalPeriodEnd="N" LeaID="22287" ReshID="21560" SiteID="3892325" TransAmt="10.00" TransDate="2021-05-01" TransDesc="Resident Liability Compliance Fee (05/2021)" TransName="RESIDENTLIABILITYFEE" TransactionBatchID="1619538295419"/>
    <Transaction CatCode="C" FiscalPeriodEnd="N" LeaID="22188" ReshID="21489" SiteID="3892325" TransAmt="10.00" TransDate="2021-05-01" TransDesc="Resident Liability Compliance Fee (05/2021)" TransName="RESIDENTLIABILITYFEE" TransactionBatchID="1619538295420"/>
    <Transaction CatCode="C" FiscalPeriodEnd="N" LeaID="22612" ReshID="21568" SiteID="3892325" TransAmt="10.00" TransDate="2021-05-01" TransDesc="Resident Liability Compliance Fee (05/2021)" TransName="RESIDENTLIABILITYFEE" TransactionBatchID="1619538295421"/>
    <Transaction CatCode="C" FiscalPeriodEnd="N" LeaID="22309" ReshID="21573" SiteID="3892325" TransAmt="10.00" TransDate="2021-05-01" TransDesc="Resident Liability Compliance Fee (05/2021)" TransName="RESIDENTLIABILITYFEE" TransactionBatchID="1619538295422"/>
    <Transaction CatCode="C" FiscalPeriodEnd="N" LeaID="22323" ReshID="21305" SiteID="3892325" TransAmt="10.00" TransDate="2021-05-01" TransDesc="Resident Liability Compliance Fee (05/2021)" TransName="RESIDENTLIABILITYFEE" TransactionBatchID="1619538295423"/>
    <Transaction CatCode="C" FiscalPeriodEnd="N" LeaID="22185" ReshID="21487" SiteID="3892325" TransAmt="10.00" TransDate="2021-05-01" TransDesc="Resident Liability Compliance Fee (05/2021)" TransName="RESIDENTLIABILITYFEE" TransactionBatchID="1619538295424"/>
    <Transaction CatCode="C" FiscalPeriodEnd="N" LeaID="22302" ReshID="21567" SiteID="3892325" TransAmt="10.00" TransDate="2021-05-01" TransDesc="Resident Liability Compliance Fee (05/2021)" TransName="RESIDENTLIABILITYFEE" TransactionBatchID="1619538295425"/>
    <Transaction CatCode="C" FiscalPeriodEnd="N" LeaID="22330" ReshID="21580" SiteID="3892325" TransAmt="10.00" TransDate="2021-05-01" TransDesc="Resident Liability Compliance Fee (05/2021)" TransName="RESIDENTLIABILITYFEE" TransactionBatchID="1619538295426"/>
    <Transaction CatCode="C" FiscalPeriodEnd="N" LeaID="22624" ReshID="841" SiteID="3892325" TransAmt="10.00" TransDate="2021-05-01" TransDesc="Resident Liability Compliance Fee (05/2021)" TransName="RESIDENTLIABILITYFEE" TransactionBatchID="1619538295427"/>
    <Transaction CatCode="C" FiscalPeriodEnd="N" LeaID="22300" ReshID="21566" SiteID="3892325" TransAmt="10.00" TransDate="2021-05-01" TransDesc="Resident Liability Compliance Fee (05/2021)" TransName="RESIDENTLIABILITYFEE" TransactionBatchID="1619538295428"/>
    <Transaction CatCode="C" FiscalPeriodEnd="N" LeaID="22190" ReshID="11008" SiteID="3892325" TransAmt="10.00" TransDate="2021-05-01" TransDesc="Resident Liability Compliance Fee (05/2021)" TransName="RESIDENTLIABILITYFEE" TransactionBatchID="1619538295429"/>
    <Transaction CatCode="C" FiscalPeriodEnd="N" LeaID="22383" ReshID="21608" SiteID="3892325" TransAmt="10.00" TransDate="2021-05-01" TransDesc="Resident Liability Compliance Fee (05/2021)" TransName="RESIDENTLIABILITYFEE" TransactionBatchID="1619538295430"/>
    <Transaction CatCode="C" FiscalPeriodEnd="N" LeaID="22372" ReshID="21602" SiteID="3892325" TransAmt="10.00" TransDate="2021-05-01" TransDesc="Resident Liability Compliance Fee (05/2021)" TransName="RESIDENTLIABILITYFEE" TransactionBatchID="1619538295431"/>
    <Transaction CatCode="C" FiscalPeriodEnd="N" LeaID="22393" ReshID="21614" SiteID="3892325" TransAmt="10.00" TransDate="2021-05-01" TransDesc="Resident Liability Compliance Fee (05/2021)" TransName="RESIDENTLIABILITYFEE" TransactionBatchID="1619538295432"/>
    <Transaction CatCode="C" FiscalPeriodEnd="N" LeaID="22417" ReshID="21632" SiteID="3892325" TransAmt="10.00" TransDate="2021-05-01" TransDesc="Resident Liability Compliance Fee (05/2021)" TransName="RESIDENTLIABILITYFEE" TransactionBatchID="1619538295433"/>
    <Transaction CatCode="C" FiscalPeriodEnd="N" LeaID="22401" ReshID="21621" SiteID="3892325" TransAmt="10.00" TransDate="2021-05-01" TransDesc="Resident Liability Compliance Fee (05/2021)" TransName="RESIDENTLIABILITYFEE" TransactionBatchID="1619538295434"/>
    <Transaction CatCode="C" FiscalPeriodEnd="N" LeaID="22448" ReshID="21662" SiteID="3892325" TransAmt="10.00" TransDate="2021-05-01" TransDesc="Resident Liability Compliance Fee (05/2021)" TransName="RESIDENTLIABILITYFEE" TransactionBatchID="1619538295435"/>
    <Transaction CatCode="C" FiscalPeriodEnd="N" LeaID="22556" ReshID="21455" SiteID="3892325" TransAmt="10.00" TransDate="2021-05-01" TransDesc="Resident Liability Compliance Fee (05/2021)" TransName="RESIDENTLIABILITYFEE" TransactionBatchID="1619538295436"/>
    <Transaction CatCode="C" FiscalPeriodEnd="N" LeaID="22318" ReshID="21575" SiteID="3892325" TransAmt="10.00" TransDate="2021-05-01" TransDesc="Resident Liability Compliance Fee (05/2021)" TransName="RESIDENTLIABILITYFEE" TransactionBatchID="1619538295437"/>
    <Transaction CatCode="C" FiscalPeriodEnd="N" LeaID="22377" ReshID="21605" SiteID="3892325" TransAmt="10.00" TransDate="2021-05-01" TransDesc="Resident Liability Compliance Fee (05/2021)" TransName="RESIDENTLIABILITYFEE" TransactionBatchID="1619538295438"/>
    <Transaction CatCode="C" FiscalPeriodEnd="N" LeaID="22437" ReshID="21643" SiteID="3892325" TransAmt="10.00" TransDate="2021-05-01" TransDesc="Resident Liability Compliance Fee (05/2021)" TransName="RESIDENTLIABILITYFEE" TransactionBatchID="1619538295439"/>
    <Transaction CatCode="C" FiscalPeriodEnd="N" LeaID="22446" ReshID="21660" SiteID="3892325" TransAmt="10.00" TransDate="2021-05-01" TransDesc="Resident Liability Compliance Fee (05/2021)" TransName="RESIDENTLIABILITYFEE" TransactionBatchID="1619538295440"/>
    <Transaction CatCode="C" FiscalPeriodEnd="N" LeaID="22468" ReshID="21676" SiteID="3892325" TransAmt="10.00" TransDate="2021-05-01" TransDesc="Resident Liability Compliance Fee (05/2021)" TransName="RESIDENTLIABILITYFEE" TransactionBatchID="1619538295441"/>
    <Transaction CatCode="C" FiscalPeriodEnd="N" LeaID="22246" ReshID="21546" SiteID="3892325" TransAmt="10.00" TransDate="2021-05-01" TransDesc="Resident Liability Compliance Fee (05/2021)" TransName="RESIDENTLIABILITYFEE" TransactionBatchID="1619538295442"/>
    <Transaction CatCode="C" FiscalPeriodEnd="N" LeaID="22425" ReshID="21639" SiteID="3892325" TransAmt="10.00" TransDate="2021-05-01" TransDesc="Resident Liability Compliance Fee (05/2021)" TransName="RESIDENTLIABILITYFEE" TransactionBatchID="1619538295443"/>
    <Transaction CatCode="C" FiscalPeriodEnd="N" LeaID="22449" ReshID="21663" SiteID="3892325" TransAmt="10.00" TransDate="2021-05-01" TransDesc="Resident Liability Compliance Fee (05/2021)" TransName="RESIDENTLIABILITYFEE" TransactionBatchID="1619538295444"/>
    <Transaction CatCode="C" FiscalPeriodEnd="N" LeaID="22421" ReshID="21635" SiteID="3892325" TransAmt="10.00" TransDate="2021-05-01" TransDesc="Resident Liability Compliance Fee (05/2021)" TransName="RESIDENTLIABILITYFEE" TransactionBatchID="1619538295445"/>
    <Transaction CatCode="C" FiscalPeriodEnd="N" LeaID="22458" ReshID="21668" SiteID="3892325" TransAmt="10.00" TransDate="2021-05-01" TransDesc="Resident Liability Compliance Fee (05/2021)" TransName="RESIDENTLIABILITYFEE" TransactionBatchID="1619538295446"/>
    <Transaction CatCode="C" FiscalPeriodEnd="N" LeaID="22471" ReshID="21677" SiteID="3892325" TransAmt="10.00" TransDate="2021-05-01" TransDesc="Resident Liability Compliance Fee (05/2021)" TransName="RESIDENTLIABILITYFEE" TransactionBatchID="1619538295447"/>
    <Transaction CatCode="C" FiscalPeriodEnd="N" LeaID="22481" ReshID="21684" SiteID="3892325" TransAmt="10.00" TransDate="2021-05-01" TransDesc="Resident Liability Compliance Fee (05/2021)" TransName="RESIDENTLIABILITYFEE" TransactionBatchID="1619538295448"/>
    <Transaction CatCode="C" FiscalPeriodEnd="N" LeaID="22465" ReshID="21673" SiteID="3892325" TransAmt="10.00" TransDate="2021-05-01" TransDesc="Resident Liability Compliance Fee (05/2021)" TransName="RESIDENTLIABILITYFEE" TransactionBatchID="1619538295449"/>
    <Transaction CatCode="C" FiscalPeriodEnd="N" LeaID="22474" ReshID="21680" SiteID="3892325" TransAmt="10.00" TransDate="2021-05-01" TransDesc="Resident Liability Compliance Fee (05/2021)" TransName="RESIDENTLIABILITYFEE" TransactionBatchID="1619538295450"/>
    <Transaction CatCode="C" FiscalPeriodEnd="N" LeaID="22504" ReshID="21694" SiteID="3892325" TransAmt="10.00" TransDate="2021-05-01" TransDesc="Resident Liability Compliance Fee (05/2021)" TransName="RESIDENTLIABILITYFEE" TransactionBatchID="1619538295451"/>
    <Transaction CatCode="C" FiscalPeriodEnd="N" LeaID="22515" ReshID="21700" SiteID="3892325" TransAmt="10.00" TransDate="2021-05-01" TransDesc="Resident Liability Compliance Fee (05/2021)" TransName="RESIDENTLIABILITYFEE" TransactionBatchID="1619538295452"/>
    <Transaction CatCode="C" FiscalPeriodEnd="N" LeaID="22530" ReshID="21712" SiteID="3892325" TransAmt="10.00" TransDate="2021-05-01" TransDesc="Resident Liability Compliance Fee (05/2021)" TransName="RESIDENTLIABILITYFEE" TransactionBatchID="1619538295453"/>
    <Transaction CatCode="C" FiscalPeriodEnd="N" LeaID="22533" ReshID="21713" SiteID="3892325" TransAmt="10.00" TransDate="2021-05-01" TransDesc="Resident Liability Compliance Fee (05/2021)" TransName="RESIDENTLIABILITYFEE" TransactionBatchID="1619538295454"/>
    <Transaction CatCode="C" FiscalPeriodEnd="N" LeaID="22536" ReshID="21715" SiteID="3892325" TransAmt="10.00" TransDate="2021-05-01" TransDesc="Resident Liability Compliance Fee (05/2021)" TransName="RESIDENTLIABILITYFEE" TransactionBatchID="1619538295455"/>
    <Transaction CatCode="C" FiscalPeriodEnd="N" LeaID="22540" ReshID="21718" SiteID="3892325" TransAmt="10.00" TransDate="2021-05-01" TransDesc="Resident Liability Compliance Fee (05/2021)" TransName="RESIDENTLIABILITYFEE" TransactionBatchID="1619538295456"/>
    <Transaction CatCode="C" FiscalPeriodEnd="N" LeaID="22508" ReshID="21698" SiteID="3892325" TransAmt="10.00" TransDate="2021-05-01" TransDesc="Resident Liability Compliance Fee (05/2021)" TransName="RESIDENTLIABILITYFEE" TransactionBatchID="1619538295457"/>
    <Transaction CatCode="C" FiscalPeriodEnd="N" LeaID="22547" ReshID="21722" SiteID="3892325" TransAmt="10.00" TransDate="2021-05-01" TransDesc="Resident Liability Compliance Fee (05/2021)" TransName="RESIDENTLIABILITYFEE" TransactionBatchID="1619538295458"/>
    <Transaction CatCode="C" FiscalPeriodEnd="N" LeaID="22561" ReshID="21730" SiteID="3892325" TransAmt="10.00" TransDate="2021-05-01" TransDesc="Resident Liability Compliance Fee (05/2021)" TransName="RESIDENTLIABILITYFEE" TransactionBatchID="1619538295459"/>
    <Transaction CatCode="C" FiscalPeriodEnd="N" LeaID="22541" ReshID="21719" SiteID="3892325" TransAmt="10.00" TransDate="2021-05-01" TransDesc="Resident Liability Compliance Fee (05/2021)" TransName="RESIDENTLIABILITYFEE" TransactionBatchID="1619538295460"/>
    <Transaction CatCode="C" FiscalPeriodEnd="N" LeaID="22549" ReshID="21726" SiteID="3892325" TransAmt="10.00" TransDate="2021-05-01" TransDesc="Resident Liability Compliance Fee (05/2021)" TransName="RESIDENTLIABILITYFEE" TransactionBatchID="1619538295461"/>
    <Transaction CatCode="C" FiscalPeriodEnd="N" LeaID="22579" ReshID="21740" SiteID="3892325" TransAmt="10.00" TransDate="2021-05-01" TransDesc="Resident Liability Compliance Fee (05/2021)" TransName="RESIDENTLIABILITYFEE" TransactionBatchID="1619538295462"/>
    <Transaction CatCode="C" FiscalPeriodEnd="N" LeaID="22539" ReshID="21717" SiteID="3892325" TransAmt="10.00" TransDate="2021-05-01" TransDesc="Resident Liability Compliance Fee (05/2021)" TransName="RESIDENTLIABILITYFEE" TransactionBatchID="1619538295463"/>
    <Transaction CatCode="C" FiscalPeriodEnd="N" LeaID="22578" ReshID="21739" SiteID="3892325" TransAmt="10.00" TransDate="2021-05-01" TransDesc="Resident Liability Compliance Fee (05/2021)" TransName="RESIDENTLIABILITYFEE" TransactionBatchID="1619538295464"/>
    <Transaction CatCode="C" FiscalPeriodEnd="N" LeaID="22555" ReshID="21727" SiteID="3892325" TransAmt="10.00" TransDate="2021-05-01" TransDesc="Resident Liability Compliance Fee (05/2021)" TransName="RESIDENTLIABILITYFEE" TransactionBatchID="1619538295465"/>
    <Transaction CatCode="C" FiscalPeriodEnd="N" LeaID="22604" ReshID="21754" SiteID="3892325" TransAmt="10.00" TransDate="2021-05-01" TransDesc="Resident Liability Compliance Fee (05/2021)" TransName="RESIDENTLIABILITYFEE" TransactionBatchID="1619538295466"/>
    <Transaction CatCode="C" FiscalPeriodEnd="N" LeaID="22596" ReshID="21748" SiteID="3892325" TransAmt="10.00" TransDate="2021-05-01" TransDesc="Resident Liability Compliance Fee (05/2021)" TransName="RESIDENTLIABILITYFEE" TransactionBatchID="1619538295467"/>
    <Transaction CatCode="C" FiscalPeriodEnd="N" LeaID="22573" ReshID="21737" SiteID="3892325" TransAmt="10.00" TransDate="2021-05-01" TransDesc="Resident Liability Compliance Fee (05/2021)" TransName="RESIDENTLIABILITYFEE" TransactionBatchID="1619538295468"/>
    <Transaction CatCode="C" FiscalPeriodEnd="N" LeaID="22607" ReshID="21755" SiteID="3892325" TransAmt="10.00" TransDate="2021-05-01" TransDesc="Resident Liability Compliance Fee (05/2021)" TransName="RESIDENTLIABILITYFEE" TransactionBatchID="1619538295469"/>
    <Transaction CatCode="C" FiscalPeriodEnd="N" LeaID="22634" ReshID="21771" SiteID="3892325" TransAmt="10.00" TransDate="2021-05-01" TransDesc="Resident Liability Compliance Fee (05/2021)" TransName="RESIDENTLIABILITYFEE" TransactionBatchID="1619538295470"/>
    <Transaction CatCode="C" FiscalPeriodEnd="N" LeaID="22654" ReshID="21782" SiteID="3892325" TransAmt="10.00" TransDate="2021-05-01" TransDesc="Resident Liability Compliance Fee (05/2021)" TransName="RESIDENTLIABILITYFEE" TransactionBatchID="1619538295471"/>
    <Transaction CatCode="C" FiscalPeriodEnd="N" LeaID="22638" ReshID="21773" SiteID="3892325" TransAmt="10.00" TransDate="2021-05-01" TransDesc="Resident Liability Compliance Fee (05/2021)" TransName="RESIDENTLIABILITYFEE" TransactionBatchID="1619538295472"/>
    <Transaction CatCode="C" FiscalPeriodEnd="N" LeaID="22653" ReshID="21781" SiteID="3892325" TransAmt="10.00" TransDate="2021-05-01" TransDesc="Resident Liability Compliance Fee (05/2021)" TransName="RESIDENTLIABILITYFEE" TransactionBatchID="1619538295473"/>
    <Transaction CatCode="C" FiscalPeriodEnd="N" LeaID="22663" ReshID="21786" SiteID="3892325" TransAmt="10.00" TransDate="2021-05-01" TransDesc="Resident Liability Compliance Fee (05/2021)" TransName="RESIDENTLIABILITYFEE" TransactionBatchID="1619538295474"/>
    <Transaction CatCode="C" FiscalPeriodEnd="N" LeaID="22662" ReshID="21731" SiteID="3892325" TransAmt="10.00" TransDate="2021-05-01" TransDesc="Resident Liability Compliance Fee (05/2021)" TransName="RESIDENTLIABILITYFEE" TransactionBatchID="1619538295475"/>
    <Transaction CatCode="C" FiscalPeriodEnd="N" LeaID="22684" ReshID="21800" SiteID="3892325" TransAmt="10.00" TransDate="2021-05-01" TransDesc="Resident Liability Compliance Fee (05/2021)" TransName="RESIDENTLIABILITYFEE" TransactionBatchID="1619538295476"/>
    <Transaction CatCode="C" FiscalPeriodEnd="N" LeaID="22670" ReshID="21790" SiteID="3892325" TransAmt="10.00" TransDate="2021-05-01" TransDesc="Resident Liability Compliance Fee (05/2021)" TransName="RESIDENTLIABILITYFEE" TransactionBatchID="1619538295477"/>
    <Transaction CatCode="C" FiscalPeriodEnd="N" LeaID="22672" ReshID="21792" SiteID="3892325" TransAmt="10.00" TransDate="2021-05-01" TransDesc="Resident Liability Compliance Fee (05/2021)" TransName="RESIDENTLIABILITYFEE" TransactionBatchID="1619538295478"/>
    <Transaction CatCode="C" FiscalPeriodEnd="N" LeaID="22661" ReshID="21785" SiteID="3892325" TransAmt="10.00" TransDate="2021-05-01" TransDesc="Resident Liability Compliance Fee (05/2021)" TransName="RESIDENTLIABILITYFEE" TransactionBatchID="1619538295479"/>
    <Transaction CatCode="C" FiscalPeriodEnd="N" LeaID="22689" ReshID="21810" SiteID="3892325" TransAmt="10.00" TransDate="2021-05-01" TransDesc="Resident Liability Compliance Fee (05/2021)" TransName="RESIDENTLIABILITYFEE" TransactionBatchID="1619538295480"/>
    <Transaction CatCode="C" FiscalPeriodEnd="N" LeaID="22683" ReshID="21799" SiteID="3892325" TransAmt="10.00" TransDate="2021-05-01" TransDesc="Resident Liability Compliance Fee (05/2021)" TransName="RESIDENTLIABILITYFEE" TransactionBatchID="1619538295481"/>
    <Transaction CatCode="C" FiscalPeriodEnd="N" LeaID="22706" ReshID="21825" SiteID="3892325" TransAmt="10.00" TransDate="2021-05-01" TransDesc="Resident Liability Compliance Fee (05/2021)" TransName="RESIDENTLIABILITYFEE" TransactionBatchID="1619538295482"/>
    <Transaction CatCode="C" FiscalPeriodEnd="N" LeaID="22695" ReshID="21815" SiteID="3892325" TransAmt="10.00" TransDate="2021-05-01" TransDesc="Resident Liability Compliance Fee (05/2021)" TransName="RESIDENTLIABILITYFEE" TransactionBatchID="1619538295483"/>
</TransactionList>
