<TransactionList>
    <Validation>
        <Audit Count="120" Node="Transaction" Sum="1200.00"/>
    </Validation>
    <Transaction CatCode="C" FiscalPeriodEnd="N" LeaID="12801" ReshID="64" SiteID="3982756" TransAmt="10.00" TransDate="2021-05-01" TransDesc="Resident Liability Compliance Fee (05/2021)" TransName="RESIDENTLIABILITYFEE" TransactionBatchID="1619538298200"/>
    <Transaction CatCode="C" FiscalPeriodEnd="N" LeaID="87" ReshID="86" SiteID="3982756" TransAmt="10.00" TransDate="2021-05-01" TransDesc="Resident Liability Compliance Fee (05/2021)" TransName="RESIDENTLIABILITYFEE" TransactionBatchID="1619538298201"/>
    <Transaction CatCode="C" FiscalPeriodEnd="N" LeaID="12307" ReshID="112" SiteID="3982756" TransAmt="10.00" TransDate="2021-05-01" TransDesc="Resident Liability Compliance Fee (05/2021)" TransName="RESIDENTLIABILITYFEE" TransactionBatchID="1619538298202"/>
    <Transaction CatCode="C" FiscalPeriodEnd="N" LeaID="12505" ReshID="164" SiteID="3982756" TransAmt="10.00" TransDate="2021-05-01" TransDesc="Resident Liability Compliance Fee (05/2021)" TransName="RESIDENTLIABILITYFEE" TransactionBatchID="1619538298203"/>
    <Transaction CatCode="C" FiscalPeriodEnd="N" LeaID="12524" ReshID="207" SiteID="3982756" TransAmt="10.00" TransDate="2021-05-01" TransDesc="Resident Liability Compliance Fee (05/2021)" TransName="RESIDENTLIABILITYFEE" TransactionBatchID="1619538298204"/>
    <Transaction CatCode="C" FiscalPeriodEnd="N" LeaID="12449" ReshID="208" SiteID="3982756" TransAmt="10.00" TransDate="2021-05-01" TransDesc="Resident Liability Compliance Fee (05/2021)" TransName="RESIDENTLIABILITYFEE" TransactionBatchID="1619538298205"/>
    <Transaction CatCode="C" FiscalPeriodEnd="N" LeaID="12448" ReshID="282" SiteID="3982756" TransAmt="10.00" TransDate="2021-05-01" TransDesc="Resident Liability Compliance Fee (05/2021)" TransName="RESIDENTLIABILITYFEE" TransactionBatchID="1619538298206"/>
    <Transaction CatCode="C" FiscalPeriodEnd="N" LeaID="12842" ReshID="485" SiteID="3982756" TransAmt="10.00" TransDate="2021-05-01" TransDesc="Resident Liability Compliance Fee (05/2021)" TransName="RESIDENTLIABILITYFEE" TransactionBatchID="1619538298207"/>
    <Transaction CatCode="C" FiscalPeriodEnd="N" LeaID="12709" ReshID="768" SiteID="3982756" TransAmt="10.00" TransDate="2021-05-01" TransDesc="Resident Liability Compliance Fee (05/2021)" TransName="RESIDENTLIABILITYFEE" TransactionBatchID="1619538298208"/>
    <Transaction CatCode="C" FiscalPeriodEnd="N" LeaID="12631" ReshID="906" SiteID="3982756" TransAmt="10.00" TransDate="2021-05-01" TransDesc="Resident Liability Compliance Fee (05/2021)" TransName="RESIDENTLIABILITYFEE" TransactionBatchID="1619538298209"/>
    <Transaction CatCode="C" FiscalPeriodEnd="N" LeaID="12805" ReshID="941" SiteID="3982756" TransAmt="10.00" TransDate="2021-05-01" TransDesc="Resident Liability Compliance Fee (05/2021)" TransName="RESIDENTLIABILITYFEE" TransactionBatchID="1619538298210"/>
    <Transaction CatCode="C" FiscalPeriodEnd="N" LeaID="12566" ReshID="11058" SiteID="3982756" TransAmt="10.00" TransDate="2021-05-01" TransDesc="Resident Liability Compliance Fee (05/2021)" TransName="RESIDENTLIABILITYFEE" TransactionBatchID="1619538298211"/>
    <Transaction CatCode="C" FiscalPeriodEnd="N" LeaID="12565" ReshID="11120" SiteID="3982756" TransAmt="10.00" TransDate="2021-05-01" TransDesc="Resident Liability Compliance Fee (05/2021)" TransName="RESIDENTLIABILITYFEE" TransactionBatchID="1619538298212"/>
    <Transaction CatCode="C" FiscalPeriodEnd="N" LeaID="12753" ReshID="11126" SiteID="3982756" TransAmt="10.00" TransDate="2021-05-01" TransDesc="Resident Liability Compliance Fee (05/2021)" TransName="RESIDENTLIABILITYFEE" TransactionBatchID="1619538298213"/>
    <Transaction CatCode="C" FiscalPeriodEnd="N" LeaID="12751" ReshID="11131" SiteID="3982756" TransAmt="10.00" TransDate="2021-05-01" TransDesc="Resident Liability Compliance Fee (05/2021)" TransName="RESIDENTLIABILITYFEE" TransactionBatchID="1619538298214"/>
    <Transaction CatCode="C" FiscalPeriodEnd="N" LeaID="12816" ReshID="11148" SiteID="3982756" TransAmt="10.00" TransDate="2021-05-01" TransDesc="Resident Liability Compliance Fee (05/2021)" TransName="RESIDENTLIABILITYFEE" TransactionBatchID="1619538298215"/>
    <Transaction CatCode="C" FiscalPeriodEnd="N" LeaID="12835" ReshID="11153" SiteID="3982756" TransAmt="10.00" TransDate="2021-05-01" TransDesc="Resident Liability Compliance Fee (05/2021)" TransName="RESIDENTLIABILITYFEE" TransactionBatchID="1619538298216"/>
    <Transaction CatCode="C" FiscalPeriodEnd="N" LeaID="12802" ReshID="11163" SiteID="3982756" TransAmt="10.00" TransDate="2021-05-01" TransDesc="Resident Liability Compliance Fee (05/2021)" TransName="RESIDENTLIABILITYFEE" TransactionBatchID="1619538298217"/>
    <Transaction CatCode="C" FiscalPeriodEnd="N" LeaID="12772" ReshID="11166" SiteID="3982756" TransAmt="10.00" TransDate="2021-05-01" TransDesc="Resident Liability Compliance Fee (05/2021)" TransName="RESIDENTLIABILITYFEE" TransactionBatchID="1619538298218"/>
    <Transaction CatCode="C" FiscalPeriodEnd="N" LeaID="12415" ReshID="11168" SiteID="3982756" TransAmt="10.00" TransDate="2021-05-01" TransDesc="Resident Liability Compliance Fee (05/2021)" TransName="RESIDENTLIABILITYFEE" TransactionBatchID="1619538298219"/>
    <Transaction CatCode="C" FiscalPeriodEnd="N" LeaID="12343" ReshID="11182" SiteID="3982756" TransAmt="10.00" TransDate="2021-05-01" TransDesc="Resident Liability Compliance Fee (05/2021)" TransName="RESIDENTLIABILITYFEE" TransactionBatchID="1619538298220"/>
    <Transaction CatCode="C" FiscalPeriodEnd="N" LeaID="12560" ReshID="11196" SiteID="3982756" TransAmt="10.00" TransDate="2021-05-01" TransDesc="Resident Liability Compliance Fee (05/2021)" TransName="RESIDENTLIABILITYFEE" TransactionBatchID="1619538298221"/>
    <Transaction CatCode="C" FiscalPeriodEnd="N" LeaID="12338" ReshID="11201" SiteID="3982756" TransAmt="10.00" TransDate="2021-05-01" TransDesc="Resident Liability Compliance Fee (05/2021)" TransName="RESIDENTLIABILITYFEE" TransactionBatchID="1619538298222"/>
    <Transaction CatCode="C" FiscalPeriodEnd="N" LeaID="12419" ReshID="11203" SiteID="3982756" TransAmt="10.00" TransDate="2021-05-01" TransDesc="Resident Liability Compliance Fee (05/2021)" TransName="RESIDENTLIABILITYFEE" TransactionBatchID="1619538298223"/>
    <Transaction CatCode="C" FiscalPeriodEnd="N" LeaID="12299" ReshID="11209" SiteID="3982756" TransAmt="10.00" TransDate="2021-05-01" TransDesc="Resident Liability Compliance Fee (05/2021)" TransName="RESIDENTLIABILITYFEE" TransactionBatchID="1619538298224"/>
    <Transaction CatCode="C" FiscalPeriodEnd="N" LeaID="12302" ReshID="11210" SiteID="3982756" TransAmt="10.00" TransDate="2021-05-01" TransDesc="Resident Liability Compliance Fee (05/2021)" TransName="RESIDENTLIABILITYFEE" TransactionBatchID="1619538298225"/>
    <Transaction CatCode="C" FiscalPeriodEnd="N" LeaID="12394" ReshID="11223" SiteID="3982756" TransAmt="10.00" TransDate="2021-05-01" TransDesc="Resident Liability Compliance Fee (05/2021)" TransName="RESIDENTLIABILITYFEE" TransactionBatchID="1619538298226"/>
    <Transaction CatCode="C" FiscalPeriodEnd="N" LeaID="12506" ReshID="11240" SiteID="3982756" TransAmt="10.00" TransDate="2021-05-01" TransDesc="Resident Liability Compliance Fee (05/2021)" TransName="RESIDENTLIABILITYFEE" TransactionBatchID="1619538298227"/>
    <Transaction CatCode="C" FiscalPeriodEnd="N" LeaID="12483" ReshID="11241" SiteID="3982756" TransAmt="10.00" TransDate="2021-05-01" TransDesc="Resident Liability Compliance Fee (05/2021)" TransName="RESIDENTLIABILITYFEE" TransactionBatchID="1619538298228"/>
    <Transaction CatCode="C" FiscalPeriodEnd="N" LeaID="12460" ReshID="11276" SiteID="3982756" TransAmt="10.00" TransDate="2021-05-01" TransDesc="Resident Liability Compliance Fee (05/2021)" TransName="RESIDENTLIABILITYFEE" TransactionBatchID="1619538298229"/>
    <Transaction CatCode="C" FiscalPeriodEnd="N" LeaID="12489" ReshID="11280" SiteID="3982756" TransAmt="10.00" TransDate="2021-05-01" TransDesc="Resident Liability Compliance Fee (05/2021)" TransName="RESIDENTLIABILITYFEE" TransactionBatchID="1619538298230"/>
    <Transaction CatCode="C" FiscalPeriodEnd="N" LeaID="12519" ReshID="11281" SiteID="3982756" TransAmt="10.00" TransDate="2021-05-01" TransDesc="Resident Liability Compliance Fee (05/2021)" TransName="RESIDENTLIABILITYFEE" TransactionBatchID="1619538298231"/>
    <Transaction CatCode="C" FiscalPeriodEnd="N" LeaID="12480" ReshID="11284" SiteID="3982756" TransAmt="10.00" TransDate="2021-05-01" TransDesc="Resident Liability Compliance Fee (05/2021)" TransName="RESIDENTLIABILITYFEE" TransactionBatchID="1619538298232"/>
    <Transaction CatCode="C" FiscalPeriodEnd="N" LeaID="12407" ReshID="11301" SiteID="3982756" TransAmt="10.00" TransDate="2021-05-01" TransDesc="Resident Liability Compliance Fee (05/2021)" TransName="RESIDENTLIABILITYFEE" TransactionBatchID="1619538298233"/>
    <Transaction CatCode="C" FiscalPeriodEnd="N" LeaID="12823" ReshID="11305" SiteID="3982756" TransAmt="10.00" TransDate="2021-05-01" TransDesc="Resident Liability Compliance Fee (05/2021)" TransName="RESIDENTLIABILITYFEE" TransactionBatchID="1619538298234"/>
    <Transaction CatCode="C" FiscalPeriodEnd="N" LeaID="12620" ReshID="11316" SiteID="3982756" TransAmt="10.00" TransDate="2021-05-01" TransDesc="Resident Liability Compliance Fee (05/2021)" TransName="RESIDENTLIABILITYFEE" TransactionBatchID="1619538298235"/>
    <Transaction CatCode="C" FiscalPeriodEnd="N" LeaID="12534" ReshID="11345" SiteID="3982756" TransAmt="10.00" TransDate="2021-05-01" TransDesc="Resident Liability Compliance Fee (05/2021)" TransName="RESIDENTLIABILITYFEE" TransactionBatchID="1619538298236"/>
    <Transaction CatCode="C" FiscalPeriodEnd="N" LeaID="12652" ReshID="11348" SiteID="3982756" TransAmt="10.00" TransDate="2021-05-01" TransDesc="Resident Liability Compliance Fee (05/2021)" TransName="RESIDENTLIABILITYFEE" TransactionBatchID="1619538298237"/>
    <Transaction CatCode="C" FiscalPeriodEnd="N" LeaID="12513" ReshID="11352" SiteID="3982756" TransAmt="10.00" TransDate="2021-05-01" TransDesc="Resident Liability Compliance Fee (05/2021)" TransName="RESIDENTLIABILITYFEE" TransactionBatchID="1619538298238"/>
    <Transaction CatCode="C" FiscalPeriodEnd="N" LeaID="12712" ReshID="11418" SiteID="3982756" TransAmt="10.00" TransDate="2021-05-01" TransDesc="Resident Liability Compliance Fee (05/2021)" TransName="RESIDENTLIABILITYFEE" TransactionBatchID="1619538298239"/>
    <Transaction CatCode="C" FiscalPeriodEnd="N" LeaID="12683" ReshID="11427" SiteID="3982756" TransAmt="10.00" TransDate="2021-05-01" TransDesc="Resident Liability Compliance Fee (05/2021)" TransName="RESIDENTLIABILITYFEE" TransactionBatchID="1619538298240"/>
    <Transaction CatCode="C" FiscalPeriodEnd="N" LeaID="12701" ReshID="11428" SiteID="3982756" TransAmt="10.00" TransDate="2021-05-01" TransDesc="Resident Liability Compliance Fee (05/2021)" TransName="RESIDENTLIABILITYFEE" TransactionBatchID="1619538298241"/>
    <Transaction CatCode="C" FiscalPeriodEnd="N" LeaID="12800" ReshID="11439" SiteID="3982756" TransAmt="10.00" TransDate="2021-05-01" TransDesc="Resident Liability Compliance Fee (05/2021)" TransName="RESIDENTLIABILITYFEE" TransactionBatchID="1619538298242"/>
    <Transaction CatCode="C" FiscalPeriodEnd="N" LeaID="12686" ReshID="11444" SiteID="3982756" TransAmt="10.00" TransDate="2021-05-01" TransDesc="Resident Liability Compliance Fee (05/2021)" TransName="RESIDENTLIABILITYFEE" TransactionBatchID="1619538298243"/>
    <Transaction CatCode="C" FiscalPeriodEnd="N" LeaID="12648" ReshID="11446" SiteID="3982756" TransAmt="10.00" TransDate="2021-05-01" TransDesc="Resident Liability Compliance Fee (05/2021)" TransName="RESIDENTLIABILITYFEE" TransactionBatchID="1619538298244"/>
    <Transaction CatCode="C" FiscalPeriodEnd="N" LeaID="12784" ReshID="11461" SiteID="3982756" TransAmt="10.00" TransDate="2021-05-01" TransDesc="Resident Liability Compliance Fee (05/2021)" TransName="RESIDENTLIABILITYFEE" TransactionBatchID="1619538298245"/>
    <Transaction CatCode="C" FiscalPeriodEnd="N" LeaID="12326" ReshID="11497" SiteID="3982756" TransAmt="10.00" TransDate="2021-05-01" TransDesc="Resident Liability Compliance Fee (05/2021)" TransName="RESIDENTLIABILITYFEE" TransactionBatchID="1619538298246"/>
    <Transaction CatCode="C" FiscalPeriodEnd="N" LeaID="12391" ReshID="11498" SiteID="3982756" TransAmt="10.00" TransDate="2021-05-01" TransDesc="Resident Liability Compliance Fee (05/2021)" TransName="RESIDENTLIABILITYFEE" TransactionBatchID="1619538298247"/>
    <Transaction CatCode="C" FiscalPeriodEnd="N" LeaID="12665" ReshID="11505" SiteID="3982756" TransAmt="10.00" TransDate="2021-05-01" TransDesc="Resident Liability Compliance Fee (05/2021)" TransName="RESIDENTLIABILITYFEE" TransactionBatchID="1619538298248"/>
    <Transaction CatCode="C" FiscalPeriodEnd="N" LeaID="12374" ReshID="11512" SiteID="3982756" TransAmt="10.00" TransDate="2021-05-01" TransDesc="Resident Liability Compliance Fee (05/2021)" TransName="RESIDENTLIABILITYFEE" TransactionBatchID="1619538298249"/>
    <Transaction CatCode="C" FiscalPeriodEnd="N" LeaID="12459" ReshID="11519" SiteID="3982756" TransAmt="10.00" TransDate="2021-05-01" TransDesc="Resident Liability Compliance Fee (05/2021)" TransName="RESIDENTLIABILITYFEE" TransactionBatchID="1619538298250"/>
    <Transaction CatCode="C" FiscalPeriodEnd="N" LeaID="12378" ReshID="11527" SiteID="3982756" TransAmt="10.00" TransDate="2021-05-01" TransDesc="Resident Liability Compliance Fee (05/2021)" TransName="RESIDENTLIABILITYFEE" TransactionBatchID="1619538298251"/>
    <Transaction CatCode="C" FiscalPeriodEnd="N" LeaID="12427" ReshID="11548" SiteID="3982756" TransAmt="10.00" TransDate="2021-05-01" TransDesc="Resident Liability Compliance Fee (05/2021)" TransName="RESIDENTLIABILITYFEE" TransactionBatchID="1619538298252"/>
    <Transaction CatCode="C" FiscalPeriodEnd="N" LeaID="12464" ReshID="11551" SiteID="3982756" TransAmt="10.00" TransDate="2021-05-01" TransDesc="Resident Liability Compliance Fee (05/2021)" TransName="RESIDENTLIABILITYFEE" TransactionBatchID="1619538298253"/>
    <Transaction CatCode="C" FiscalPeriodEnd="N" LeaID="12346" ReshID="929" SiteID="3982756" TransAmt="10.00" TransDate="2021-05-01" TransDesc="Resident Liability Compliance Fee (05/2021)" TransName="RESIDENTLIABILITYFEE" TransactionBatchID="1619538298254"/>
    <Transaction CatCode="C" FiscalPeriodEnd="N" LeaID="12402" ReshID="11572" SiteID="3982756" TransAmt="10.00" TransDate="2021-05-01" TransDesc="Resident Liability Compliance Fee (05/2021)" TransName="RESIDENTLIABILITYFEE" TransactionBatchID="1619538298255"/>
    <Transaction CatCode="C" FiscalPeriodEnd="N" LeaID="12383" ReshID="11573" SiteID="3982756" TransAmt="10.00" TransDate="2021-05-01" TransDesc="Resident Liability Compliance Fee (05/2021)" TransName="RESIDENTLIABILITYFEE" TransactionBatchID="1619538298256"/>
    <Transaction CatCode="C" FiscalPeriodEnd="N" LeaID="12412" ReshID="689" SiteID="3982756" TransAmt="10.00" TransDate="2021-05-01" TransDesc="Resident Liability Compliance Fee (05/2021)" TransName="RESIDENTLIABILITYFEE" TransactionBatchID="1619538298257"/>
    <Transaction CatCode="C" FiscalPeriodEnd="N" LeaID="12331" ReshID="11578" SiteID="3982756" TransAmt="10.00" TransDate="2021-05-01" TransDesc="Resident Liability Compliance Fee (05/2021)" TransName="RESIDENTLIABILITYFEE" TransactionBatchID="1619538298258"/>
    <Transaction CatCode="C" FiscalPeriodEnd="N" LeaID="12369" ReshID="903" SiteID="3982756" TransAmt="10.00" TransDate="2021-05-01" TransDesc="Resident Liability Compliance Fee (05/2021)" TransName="RESIDENTLIABILITYFEE" TransactionBatchID="1619538298259"/>
    <Transaction CatCode="C" FiscalPeriodEnd="N" LeaID="12441" ReshID="11580" SiteID="3982756" TransAmt="10.00" TransDate="2021-05-01" TransDesc="Resident Liability Compliance Fee (05/2021)" TransName="RESIDENTLIABILITYFEE" TransactionBatchID="1619538298260"/>
    <Transaction CatCode="C" FiscalPeriodEnd="N" LeaID="12423" ReshID="11585" SiteID="3982756" TransAmt="10.00" TransDate="2021-05-01" TransDesc="Resident Liability Compliance Fee (05/2021)" TransName="RESIDENTLIABILITYFEE" TransactionBatchID="1619538298261"/>
    <Transaction CatCode="C" FiscalPeriodEnd="N" LeaID="12455" ReshID="560" SiteID="3982756" TransAmt="10.00" TransDate="2021-05-01" TransDesc="Resident Liability Compliance Fee (05/2021)" TransName="RESIDENTLIABILITYFEE" TransactionBatchID="1619538298262"/>
    <Transaction CatCode="C" FiscalPeriodEnd="N" LeaID="12694" ReshID="11246" SiteID="3982756" TransAmt="10.00" TransDate="2021-05-01" TransDesc="Resident Liability Compliance Fee (05/2021)" TransName="RESIDENTLIABILITYFEE" TransactionBatchID="1619538298263"/>
    <Transaction CatCode="C" FiscalPeriodEnd="N" LeaID="12440" ReshID="11331" SiteID="3982756" TransAmt="10.00" TransDate="2021-05-01" TransDesc="Resident Liability Compliance Fee (05/2021)" TransName="RESIDENTLIABILITYFEE" TransactionBatchID="1619538298264"/>
    <Transaction CatCode="C" FiscalPeriodEnd="N" LeaID="12771" ReshID="11612" SiteID="3982756" TransAmt="10.00" TransDate="2021-05-01" TransDesc="Resident Liability Compliance Fee (05/2021)" TransName="RESIDENTLIABILITYFEE" TransactionBatchID="1619538298265"/>
    <Transaction CatCode="C" FiscalPeriodEnd="N" LeaID="12450" ReshID="11605" SiteID="3982756" TransAmt="10.00" TransDate="2021-05-01" TransDesc="Resident Liability Compliance Fee (05/2021)" TransName="RESIDENTLIABILITYFEE" TransactionBatchID="1619538298266"/>
    <Transaction CatCode="C" FiscalPeriodEnd="N" LeaID="12495" ReshID="11624" SiteID="3982756" TransAmt="10.00" TransDate="2021-05-01" TransDesc="Resident Liability Compliance Fee (05/2021)" TransName="RESIDENTLIABILITYFEE" TransactionBatchID="1619538298267"/>
    <Transaction CatCode="C" FiscalPeriodEnd="N" LeaID="12581" ReshID="11637" SiteID="3982756" TransAmt="10.00" TransDate="2021-05-01" TransDesc="Resident Liability Compliance Fee (05/2021)" TransName="RESIDENTLIABILITYFEE" TransactionBatchID="1619538298268"/>
    <Transaction CatCode="C" FiscalPeriodEnd="N" LeaID="12504" ReshID="11643" SiteID="3982756" TransAmt="10.00" TransDate="2021-05-01" TransDesc="Resident Liability Compliance Fee (05/2021)" TransName="RESIDENTLIABILITYFEE" TransactionBatchID="1619538298269"/>
    <Transaction CatCode="C" FiscalPeriodEnd="N" LeaID="12583" ReshID="11614" SiteID="3982756" TransAmt="10.00" TransDate="2021-05-01" TransDesc="Resident Liability Compliance Fee (05/2021)" TransName="RESIDENTLIABILITYFEE" TransactionBatchID="1619538298270"/>
    <Transaction CatCode="C" FiscalPeriodEnd="N" LeaID="12630" ReshID="11645" SiteID="3982756" TransAmt="10.00" TransDate="2021-05-01" TransDesc="Resident Liability Compliance Fee (05/2021)" TransName="RESIDENTLIABILITYFEE" TransactionBatchID="1619538298271"/>
    <Transaction CatCode="C" FiscalPeriodEnd="N" LeaID="12643" ReshID="11646" SiteID="3982756" TransAmt="10.00" TransDate="2021-05-01" TransDesc="Resident Liability Compliance Fee (05/2021)" TransName="RESIDENTLIABILITYFEE" TransactionBatchID="1619538298272"/>
    <Transaction CatCode="C" FiscalPeriodEnd="N" LeaID="12706" ReshID="11668" SiteID="3982756" TransAmt="10.00" TransDate="2021-05-01" TransDesc="Resident Liability Compliance Fee (05/2021)" TransName="RESIDENTLIABILITYFEE" TransactionBatchID="1619538298273"/>
    <Transaction CatCode="C" FiscalPeriodEnd="N" LeaID="12714" ReshID="11681" SiteID="3982756" TransAmt="10.00" TransDate="2021-05-01" TransDesc="Resident Liability Compliance Fee (05/2021)" TransName="RESIDENTLIABILITYFEE" TransactionBatchID="1619538298274"/>
    <Transaction CatCode="C" FiscalPeriodEnd="N" LeaID="12211" ReshID="11674" SiteID="3982756" TransAmt="10.00" TransDate="2021-05-01" TransDesc="Resident Liability Compliance Fee (05/2021)" TransName="RESIDENTLIABILITYFEE" TransactionBatchID="1619538298275"/>
    <Transaction CatCode="C" FiscalPeriodEnd="N" LeaID="12531" ReshID="11690" SiteID="3982756" TransAmt="10.00" TransDate="2021-05-01" TransDesc="Resident Liability Compliance Fee (05/2021)" TransName="RESIDENTLIABILITYFEE" TransactionBatchID="1619538298276"/>
    <Transaction CatCode="C" FiscalPeriodEnd="N" LeaID="12836" ReshID="11701" SiteID="3982756" TransAmt="10.00" TransDate="2021-05-01" TransDesc="Resident Liability Compliance Fee (05/2021)" TransName="RESIDENTLIABILITYFEE" TransactionBatchID="1619538298277"/>
    <Transaction CatCode="C" FiscalPeriodEnd="N" LeaID="12752" ReshID="11727" SiteID="3982756" TransAmt="10.00" TransDate="2021-05-01" TransDesc="Resident Liability Compliance Fee (05/2021)" TransName="RESIDENTLIABILITYFEE" TransactionBatchID="1619538298278"/>
    <Transaction CatCode="C" FiscalPeriodEnd="N" LeaID="12868" ReshID="11740" SiteID="3982756" TransAmt="10.00" TransDate="2021-05-01" TransDesc="Resident Liability Compliance Fee (05/2021)" TransName="RESIDENTLIABILITYFEE" TransactionBatchID="1619538298279"/>
    <Transaction CatCode="C" FiscalPeriodEnd="N" LeaID="12291" ReshID="11721" SiteID="3982756" TransAmt="10.00" TransDate="2021-05-01" TransDesc="Resident Liability Compliance Fee (05/2021)" TransName="RESIDENTLIABILITYFEE" TransactionBatchID="1619538298280"/>
    <Transaction CatCode="C" FiscalPeriodEnd="N" LeaID="12324" ReshID="11734" SiteID="3982756" TransAmt="10.00" TransDate="2021-05-01" TransDesc="Resident Liability Compliance Fee (05/2021)" TransName="RESIDENTLIABILITYFEE" TransactionBatchID="1619538298281"/>
    <Transaction CatCode="C" FiscalPeriodEnd="N" LeaID="12403" ReshID="11766" SiteID="3982756" TransAmt="10.00" TransDate="2021-05-01" TransDesc="Resident Liability Compliance Fee (05/2021)" TransName="RESIDENTLIABILITYFEE" TransactionBatchID="1619538298282"/>
    <Transaction CatCode="C" FiscalPeriodEnd="N" LeaID="12431" ReshID="11780" SiteID="3982756" TransAmt="10.00" TransDate="2021-05-01" TransDesc="Resident Liability Compliance Fee (05/2021)" TransName="RESIDENTLIABILITYFEE" TransactionBatchID="1619538298283"/>
    <Transaction CatCode="C" FiscalPeriodEnd="N" LeaID="12442" ReshID="11782" SiteID="3982756" TransAmt="10.00" TransDate="2021-05-01" TransDesc="Resident Liability Compliance Fee (05/2021)" TransName="RESIDENTLIABILITYFEE" TransactionBatchID="1619538298284"/>
    <Transaction CatCode="C" FiscalPeriodEnd="N" LeaID="12465" ReshID="11793" SiteID="3982756" TransAmt="10.00" TransDate="2021-05-01" TransDesc="Resident Liability Compliance Fee (05/2021)" TransName="RESIDENTLIABILITYFEE" TransactionBatchID="1619538298285"/>
    <Transaction CatCode="C" FiscalPeriodEnd="N" LeaID="12490" ReshID="11429" SiteID="3982756" TransAmt="10.00" TransDate="2021-05-01" TransDesc="Resident Liability Compliance Fee (05/2021)" TransName="RESIDENTLIABILITYFEE" TransactionBatchID="1619538298286"/>
    <Transaction CatCode="C" FiscalPeriodEnd="N" LeaID="12478" ReshID="11802" SiteID="3982756" TransAmt="10.00" TransDate="2021-05-01" TransDesc="Resident Liability Compliance Fee (05/2021)" TransName="RESIDENTLIABILITYFEE" TransactionBatchID="1619538298287"/>
    <Transaction CatCode="C" FiscalPeriodEnd="N" LeaID="12487" ReshID="11805" SiteID="3982756" TransAmt="10.00" TransDate="2021-05-01" TransDesc="Resident Liability Compliance Fee (05/2021)" TransName="RESIDENTLIABILITYFEE" TransactionBatchID="1619538298288"/>
    <Transaction CatCode="C" FiscalPeriodEnd="N" LeaID="12508" ReshID="11811" SiteID="3982756" TransAmt="10.00" TransDate="2021-05-01" TransDesc="Resident Liability Compliance Fee (05/2021)" TransName="RESIDENTLIABILITYFEE" TransactionBatchID="1619538298289"/>
    <Transaction CatCode="C" FiscalPeriodEnd="N" LeaID="12561" ReshID="11632" SiteID="3982756" TransAmt="10.00" TransDate="2021-05-01" TransDesc="Resident Liability Compliance Fee (05/2021)" TransName="RESIDENTLIABILITYFEE" TransactionBatchID="1619538298290"/>
    <Transaction CatCode="C" FiscalPeriodEnd="N" LeaID="12452" ReshID="11788" SiteID="3982756" TransAmt="10.00" TransDate="2021-05-01" TransDesc="Resident Liability Compliance Fee (05/2021)" TransName="RESIDENTLIABILITYFEE" TransactionBatchID="1619538298291"/>
    <Transaction CatCode="C" FiscalPeriodEnd="N" LeaID="12536" ReshID="11824" SiteID="3982756" TransAmt="10.00" TransDate="2021-05-01" TransDesc="Resident Liability Compliance Fee (05/2021)" TransName="RESIDENTLIABILITYFEE" TransactionBatchID="1619538298292"/>
    <Transaction CatCode="C" FiscalPeriodEnd="N" LeaID="12553" ReshID="11832" SiteID="3982756" TransAmt="10.00" TransDate="2021-05-01" TransDesc="Resident Liability Compliance Fee (05/2021)" TransName="RESIDENTLIABILITYFEE" TransactionBatchID="1619538298293"/>
    <Transaction CatCode="C" FiscalPeriodEnd="N" LeaID="12579" ReshID="11850" SiteID="3982756" TransAmt="10.00" TransDate="2021-05-01" TransDesc="Resident Liability Compliance Fee (05/2021)" TransName="RESIDENTLIABILITYFEE" TransactionBatchID="1619538298294"/>
    <Transaction CatCode="C" FiscalPeriodEnd="N" LeaID="12636" ReshID="11885" SiteID="3982756" TransAmt="10.00" TransDate="2021-05-01" TransDesc="Resident Liability Compliance Fee (05/2021)" TransName="RESIDENTLIABILITYFEE" TransactionBatchID="1619538298295"/>
    <Transaction CatCode="C" FiscalPeriodEnd="N" LeaID="12638" ReshID="11886" SiteID="3982756" TransAmt="10.00" TransDate="2021-05-01" TransDesc="Resident Liability Compliance Fee (05/2021)" TransName="RESIDENTLIABILITYFEE" TransactionBatchID="1619538298296"/>
    <Transaction CatCode="C" FiscalPeriodEnd="N" LeaID="12680" ReshID="11911" SiteID="3982756" TransAmt="10.00" TransDate="2021-05-01" TransDesc="Resident Liability Compliance Fee (05/2021)" TransName="RESIDENTLIABILITYFEE" TransactionBatchID="1619538298297"/>
    <Transaction CatCode="C" FiscalPeriodEnd="N" LeaID="12640" ReshID="11887" SiteID="3982756" TransAmt="10.00" TransDate="2021-05-01" TransDesc="Resident Liability Compliance Fee (05/2021)" TransName="RESIDENTLIABILITYFEE" TransactionBatchID="1619538298298"/>
    <Transaction CatCode="C" FiscalPeriodEnd="N" LeaID="12704" ReshID="11923" SiteID="3982756" TransAmt="10.00" TransDate="2021-05-01" TransDesc="Resident Liability Compliance Fee (05/2021)" TransName="RESIDENTLIABILITYFEE" TransactionBatchID="1619538298299"/>
    <Transaction CatCode="C" FiscalPeriodEnd="N" LeaID="12685" ReshID="11913" SiteID="3982756" TransAmt="10.00" TransDate="2021-05-01" TransDesc="Resident Liability Compliance Fee (05/2021)" TransName="RESIDENTLIABILITYFEE" TransactionBatchID="1619538298300"/>
    <Transaction CatCode="C" FiscalPeriodEnd="N" LeaID="12687" ReshID="11914" SiteID="3982756" TransAmt="10.00" TransDate="2021-05-01" TransDesc="Resident Liability Compliance Fee (05/2021)" TransName="RESIDENTLIABILITYFEE" TransactionBatchID="1619538298301"/>
    <Transaction CatCode="C" FiscalPeriodEnd="N" LeaID="12661" ReshID="11899" SiteID="3982756" TransAmt="10.00" TransDate="2021-05-01" TransDesc="Resident Liability Compliance Fee (05/2021)" TransName="RESIDENTLIABILITYFEE" TransactionBatchID="1619538298302"/>
    <Transaction CatCode="C" FiscalPeriodEnd="N" LeaID="12710" ReshID="11927" SiteID="3982756" TransAmt="10.00" TransDate="2021-05-01" TransDesc="Resident Liability Compliance Fee (05/2021)" TransName="RESIDENTLIABILITYFEE" TransactionBatchID="1619538298303"/>
    <Transaction CatCode="C" FiscalPeriodEnd="N" LeaID="12739" ReshID="11945" SiteID="3982756" TransAmt="10.00" TransDate="2021-05-01" TransDesc="Resident Liability Compliance Fee (05/2021)" TransName="RESIDENTLIABILITYFEE" TransactionBatchID="1619538298304"/>
    <Transaction CatCode="C" FiscalPeriodEnd="N" LeaID="12717" ReshID="11930" SiteID="3982756" TransAmt="10.00" TransDate="2021-05-01" TransDesc="Resident Liability Compliance Fee (05/2021)" TransName="RESIDENTLIABILITYFEE" TransactionBatchID="1619538298305"/>
    <Transaction CatCode="C" FiscalPeriodEnd="N" LeaID="12755" ReshID="11953" SiteID="3982756" TransAmt="10.00" TransDate="2021-05-01" TransDesc="Resident Liability Compliance Fee (05/2021)" TransName="RESIDENTLIABILITYFEE" TransactionBatchID="1619538298306"/>
    <Transaction CatCode="C" FiscalPeriodEnd="N" LeaID="12764" ReshID="11962" SiteID="3982756" TransAmt="10.00" TransDate="2021-05-01" TransDesc="Resident Liability Compliance Fee (05/2021)" TransName="RESIDENTLIABILITYFEE" TransactionBatchID="1619538298307"/>
    <Transaction CatCode="C" FiscalPeriodEnd="N" LeaID="12780" ReshID="11970" SiteID="3982756" TransAmt="10.00" TransDate="2021-05-01" TransDesc="Resident Liability Compliance Fee (05/2021)" TransName="RESIDENTLIABILITYFEE" TransactionBatchID="1619538298308"/>
    <Transaction CatCode="C" FiscalPeriodEnd="N" LeaID="12787" ReshID="11973" SiteID="3982756" TransAmt="10.00" TransDate="2021-05-01" TransDesc="Resident Liability Compliance Fee (05/2021)" TransName="RESIDENTLIABILITYFEE" TransactionBatchID="1619538298309"/>
    <Transaction CatCode="C" FiscalPeriodEnd="N" LeaID="12796" ReshID="11981" SiteID="3982756" TransAmt="10.00" TransDate="2021-05-01" TransDesc="Resident Liability Compliance Fee (05/2021)" TransName="RESIDENTLIABILITYFEE" TransactionBatchID="1619538298310"/>
    <Transaction CatCode="C" FiscalPeriodEnd="N" LeaID="12818" ReshID="11993" SiteID="3982756" TransAmt="10.00" TransDate="2021-05-01" TransDesc="Resident Liability Compliance Fee (05/2021)" TransName="RESIDENTLIABILITYFEE" TransactionBatchID="1619538298311"/>
    <Transaction CatCode="C" FiscalPeriodEnd="N" LeaID="12781" ReshID="11971" SiteID="3982756" TransAmt="10.00" TransDate="2021-05-01" TransDesc="Resident Liability Compliance Fee (05/2021)" TransName="RESIDENTLIABILITYFEE" TransactionBatchID="1619538298312"/>
    <Transaction CatCode="C" FiscalPeriodEnd="N" LeaID="12814" ReshID="11990" SiteID="3982756" TransAmt="10.00" TransDate="2021-05-01" TransDesc="Resident Liability Compliance Fee (05/2021)" TransName="RESIDENTLIABILITYFEE" TransactionBatchID="1619538298313"/>
    <Transaction CatCode="C" FiscalPeriodEnd="N" LeaID="12834" ReshID="12008" SiteID="3982756" TransAmt="10.00" TransDate="2021-05-01" TransDesc="Resident Liability Compliance Fee (05/2021)" TransName="RESIDENTLIABILITYFEE" TransactionBatchID="1619538298314"/>
    <Transaction CatCode="C" FiscalPeriodEnd="N" LeaID="12765" ReshID="11963" SiteID="3982756" TransAmt="10.00" TransDate="2021-05-01" TransDesc="Resident Liability Compliance Fee (05/2021)" TransName="RESIDENTLIABILITYFEE" TransactionBatchID="1619538298315"/>
    <Transaction CatCode="C" FiscalPeriodEnd="N" LeaID="12844" ReshID="12011" SiteID="3982756" TransAmt="10.00" TransDate="2021-05-01" TransDesc="Resident Liability Compliance Fee (05/2021)" TransName="RESIDENTLIABILITYFEE" TransactionBatchID="1619538298316"/>
    <Transaction CatCode="C" FiscalPeriodEnd="N" LeaID="12853" ReshID="12014" SiteID="3982756" TransAmt="10.00" TransDate="2021-05-01" TransDesc="Resident Liability Compliance Fee (05/2021)" TransName="RESIDENTLIABILITYFEE" TransactionBatchID="1619538298317"/>
    <Transaction CatCode="C" FiscalPeriodEnd="N" LeaID="12763" ReshID="11961" SiteID="3982756" TransAmt="10.00" TransDate="2021-05-01" TransDesc="Resident Liability Compliance Fee (05/2021)" TransName="RESIDENTLIABILITYFEE" TransactionBatchID="1619538298318"/>
    <Transaction CatCode="C" FiscalPeriodEnd="N" LeaID="12741" ReshID="11947" SiteID="3982756" TransAmt="10.00" TransDate="2021-05-01" TransDesc="Resident Liability Compliance Fee (05/2021)" TransName="RESIDENTLIABILITYFEE" TransactionBatchID="1619538298319"/>
</TransactionList>
