<TransactionList>
    <Validation>
        <Audit Count="123" Node="Transaction" Sum="1230.00"/>
    </Validation>
    <Transaction CatCode="C" FiscalPeriodEnd="N" LeaID="32219" ReshID="24" SiteID="4007854" TransAmt="10.00" TransDate="2021-05-01" TransDesc="Resident Liability Compliance Fee (05/2021)" TransName="RESIDENTLIABILITYFEE" TransactionBatchID="1619538295014"/>
    <Transaction CatCode="C" FiscalPeriodEnd="N" LeaID="32316" ReshID="78" SiteID="4007854" TransAmt="10.00" TransDate="2021-05-01" TransDesc="Resident Liability Compliance Fee (05/2021)" TransName="RESIDENTLIABILITYFEE" TransactionBatchID="1619538295015"/>
    <Transaction CatCode="C" FiscalPeriodEnd="N" LeaID="32573" ReshID="99" SiteID="4007854" TransAmt="10.00" TransDate="2021-05-01" TransDesc="Resident Liability Compliance Fee (05/2021)" TransName="RESIDENTLIABILITYFEE" TransactionBatchID="1619538295016"/>
    <Transaction CatCode="C" FiscalPeriodEnd="N" LeaID="32538" ReshID="140" SiteID="4007854" TransAmt="10.00" TransDate="2021-05-01" TransDesc="Resident Liability Compliance Fee (05/2021)" TransName="RESIDENTLIABILITYFEE" TransactionBatchID="1619538295017"/>
    <Transaction CatCode="C" FiscalPeriodEnd="N" LeaID="31759" ReshID="257" SiteID="4007854" TransAmt="10.00" TransDate="2021-05-01" TransDesc="Resident Liability Compliance Fee (05/2021)" TransName="RESIDENTLIABILITYFEE" TransactionBatchID="1619538295018"/>
    <Transaction CatCode="C" FiscalPeriodEnd="N" LeaID="31728" ReshID="259" SiteID="4007854" TransAmt="10.00" TransDate="2021-05-01" TransDesc="Resident Liability Compliance Fee (05/2021)" TransName="RESIDENTLIABILITYFEE" TransactionBatchID="1619538295019"/>
    <Transaction CatCode="C" FiscalPeriodEnd="N" LeaID="32533" ReshID="321" SiteID="4007854" TransAmt="10.00" TransDate="2021-05-01" TransDesc="Resident Liability Compliance Fee (05/2021)" TransName="RESIDENTLIABILITYFEE" TransactionBatchID="1619538295020"/>
    <Transaction CatCode="C" FiscalPeriodEnd="N" LeaID="32357" ReshID="346" SiteID="4007854" TransAmt="10.00" TransDate="2021-05-01" TransDesc="Resident Liability Compliance Fee (05/2021)" TransName="RESIDENTLIABILITYFEE" TransactionBatchID="1619538295021"/>
    <Transaction CatCode="C" FiscalPeriodEnd="N" LeaID="32417" ReshID="364" SiteID="4007854" TransAmt="10.00" TransDate="2021-05-01" TransDesc="Resident Liability Compliance Fee (05/2021)" TransName="RESIDENTLIABILITYFEE" TransactionBatchID="1619538295022"/>
    <Transaction CatCode="C" FiscalPeriodEnd="N" LeaID="32222" ReshID="559" SiteID="4007854" TransAmt="10.00" TransDate="2021-05-01" TransDesc="Resident Liability Compliance Fee (05/2021)" TransName="RESIDENTLIABILITYFEE" TransactionBatchID="1619538295023"/>
    <Transaction CatCode="C" FiscalPeriodEnd="N" LeaID="32472" ReshID="570" SiteID="4007854" TransAmt="10.00" TransDate="2021-05-01" TransDesc="Resident Liability Compliance Fee (05/2021)" TransName="RESIDENTLIABILITYFEE" TransactionBatchID="1619538295024"/>
    <Transaction CatCode="C" FiscalPeriodEnd="N" LeaID="32298" ReshID="646" SiteID="4007854" TransAmt="10.00" TransDate="2021-05-01" TransDesc="Resident Liability Compliance Fee (05/2021)" TransName="RESIDENTLIABILITYFEE" TransactionBatchID="1619538295025"/>
    <Transaction CatCode="C" FiscalPeriodEnd="N" LeaID="32242" ReshID="677" SiteID="4007854" TransAmt="10.00" TransDate="2021-05-01" TransDesc="Resident Liability Compliance Fee (05/2021)" TransName="RESIDENTLIABILITYFEE" TransactionBatchID="1619538295026"/>
    <Transaction CatCode="C" FiscalPeriodEnd="N" LeaID="32380" ReshID="693" SiteID="4007854" TransAmt="10.00" TransDate="2021-05-01" TransDesc="Resident Liability Compliance Fee (05/2021)" TransName="RESIDENTLIABILITYFEE" TransactionBatchID="1619538295027"/>
    <Transaction CatCode="C" FiscalPeriodEnd="N" LeaID="32269" ReshID="718" SiteID="4007854" TransAmt="10.00" TransDate="2021-05-01" TransDesc="Resident Liability Compliance Fee (05/2021)" TransName="RESIDENTLIABILITYFEE" TransactionBatchID="1619538295028"/>
    <Transaction CatCode="C" FiscalPeriodEnd="N" LeaID="32388" ReshID="728" SiteID="4007854" TransAmt="10.00" TransDate="2021-05-01" TransDesc="Resident Liability Compliance Fee (05/2021)" TransName="RESIDENTLIABILITYFEE" TransactionBatchID="1619538295029"/>
    <Transaction CatCode="C" FiscalPeriodEnd="N" LeaID="32439" ReshID="739" SiteID="4007854" TransAmt="10.00" TransDate="2021-05-01" TransDesc="Resident Liability Compliance Fee (05/2021)" TransName="RESIDENTLIABILITYFEE" TransactionBatchID="1619538295030"/>
    <Transaction CatCode="C" FiscalPeriodEnd="N" LeaID="32488" ReshID="755" SiteID="4007854" TransAmt="10.00" TransDate="2021-05-01" TransDesc="Resident Liability Compliance Fee (05/2021)" TransName="RESIDENTLIABILITYFEE" TransactionBatchID="1619538295031"/>
    <Transaction CatCode="C" FiscalPeriodEnd="N" LeaID="32485" ReshID="757" SiteID="4007854" TransAmt="10.00" TransDate="2021-05-01" TransDesc="Resident Liability Compliance Fee (05/2021)" TransName="RESIDENTLIABILITYFEE" TransactionBatchID="1619538295032"/>
    <Transaction CatCode="C" FiscalPeriodEnd="N" LeaID="32145" ReshID="10829" SiteID="4007854" TransAmt="10.00" TransDate="2021-05-01" TransDesc="Resident Liability Compliance Fee (05/2021)" TransName="RESIDENTLIABILITYFEE" TransactionBatchID="1619538295033"/>
    <Transaction CatCode="C" FiscalPeriodEnd="N" LeaID="32135" ReshID="10858" SiteID="4007854" TransAmt="10.00" TransDate="2021-05-01" TransDesc="Resident Liability Compliance Fee (05/2021)" TransName="RESIDENTLIABILITYFEE" TransactionBatchID="1619538295034"/>
    <Transaction CatCode="C" FiscalPeriodEnd="N" LeaID="32136" ReshID="10864" SiteID="4007854" TransAmt="10.00" TransDate="2021-05-01" TransDesc="Resident Liability Compliance Fee (05/2021)" TransName="RESIDENTLIABILITYFEE" TransactionBatchID="1619538295035"/>
    <Transaction CatCode="C" FiscalPeriodEnd="N" LeaID="32482" ReshID="20894" SiteID="4007854" TransAmt="10.00" TransDate="2021-05-01" TransDesc="Resident Liability Compliance Fee (05/2021)" TransName="RESIDENTLIABILITYFEE" TransactionBatchID="1619538295036"/>
    <Transaction CatCode="C" FiscalPeriodEnd="N" LeaID="32489" ReshID="20952" SiteID="4007854" TransAmt="10.00" TransDate="2021-05-01" TransDesc="Resident Liability Compliance Fee (05/2021)" TransName="RESIDENTLIABILITYFEE" TransactionBatchID="1619538295037"/>
    <Transaction CatCode="C" FiscalPeriodEnd="N" LeaID="32268" ReshID="21000" SiteID="4007854" TransAmt="10.00" TransDate="2021-05-01" TransDesc="Resident Liability Compliance Fee (05/2021)" TransName="RESIDENTLIABILITYFEE" TransactionBatchID="1619538295038"/>
    <Transaction CatCode="C" FiscalPeriodEnd="N" LeaID="32394" ReshID="21013" SiteID="4007854" TransAmt="10.00" TransDate="2021-05-01" TransDesc="Resident Liability Compliance Fee (05/2021)" TransName="RESIDENTLIABILITYFEE" TransactionBatchID="1619538295039"/>
    <Transaction CatCode="C" FiscalPeriodEnd="N" LeaID="32457" ReshID="31088" SiteID="4007854" TransAmt="10.00" TransDate="2021-05-01" TransDesc="Resident Liability Compliance Fee (05/2021)" TransName="RESIDENTLIABILITYFEE" TransactionBatchID="1619538295040"/>
    <Transaction CatCode="C" FiscalPeriodEnd="N" LeaID="32603" ReshID="31096" SiteID="4007854" TransAmt="10.00" TransDate="2021-05-01" TransDesc="Resident Liability Compliance Fee (05/2021)" TransName="RESIDENTLIABILITYFEE" TransactionBatchID="1619538295041"/>
    <Transaction CatCode="C" FiscalPeriodEnd="N" LeaID="32387" ReshID="31101" SiteID="4007854" TransAmt="10.00" TransDate="2021-05-01" TransDesc="Resident Liability Compliance Fee (05/2021)" TransName="RESIDENTLIABILITYFEE" TransactionBatchID="1619538295042"/>
    <Transaction CatCode="C" FiscalPeriodEnd="N" LeaID="32466" ReshID="31103" SiteID="4007854" TransAmt="10.00" TransDate="2021-05-01" TransDesc="Resident Liability Compliance Fee (05/2021)" TransName="RESIDENTLIABILITYFEE" TransactionBatchID="1619538295043"/>
    <Transaction CatCode="C" FiscalPeriodEnd="N" LeaID="32542" ReshID="31104" SiteID="4007854" TransAmt="10.00" TransDate="2021-05-01" TransDesc="Resident Liability Compliance Fee (05/2021)" TransName="RESIDENTLIABILITYFEE" TransactionBatchID="1619538295044"/>
    <Transaction CatCode="C" FiscalPeriodEnd="N" LeaID="32651" ReshID="31123" SiteID="4007854" TransAmt="10.00" TransDate="2021-05-01" TransDesc="Resident Liability Compliance Fee (05/2021)" TransName="RESIDENTLIABILITYFEE" TransactionBatchID="1619538295045"/>
    <Transaction CatCode="C" FiscalPeriodEnd="N" LeaID="32500" ReshID="31126" SiteID="4007854" TransAmt="10.00" TransDate="2021-05-01" TransDesc="Resident Liability Compliance Fee (05/2021)" TransName="RESIDENTLIABILITYFEE" TransactionBatchID="1619538295046"/>
    <Transaction CatCode="C" FiscalPeriodEnd="N" LeaID="32568" ReshID="31128" SiteID="4007854" TransAmt="10.00" TransDate="2021-05-01" TransDesc="Resident Liability Compliance Fee (05/2021)" TransName="RESIDENTLIABILITYFEE" TransactionBatchID="1619538295047"/>
    <Transaction CatCode="C" FiscalPeriodEnd="N" LeaID="32160" ReshID="31129" SiteID="4007854" TransAmt="10.00" TransDate="2021-05-01" TransDesc="Resident Liability Compliance Fee (05/2021)" TransName="RESIDENTLIABILITYFEE" TransactionBatchID="1619538295048"/>
    <Transaction CatCode="C" FiscalPeriodEnd="N" LeaID="32591" ReshID="31133" SiteID="4007854" TransAmt="10.00" TransDate="2021-05-01" TransDesc="Resident Liability Compliance Fee (05/2021)" TransName="RESIDENTLIABILITYFEE" TransactionBatchID="1619538295049"/>
    <Transaction CatCode="C" FiscalPeriodEnd="N" LeaID="32133" ReshID="31136" SiteID="4007854" TransAmt="10.00" TransDate="2021-05-01" TransDesc="Resident Liability Compliance Fee (05/2021)" TransName="RESIDENTLIABILITYFEE" TransactionBatchID="1619538295050"/>
    <Transaction CatCode="C" FiscalPeriodEnd="N" LeaID="32618" ReshID="31139" SiteID="4007854" TransAmt="10.00" TransDate="2021-05-01" TransDesc="Resident Liability Compliance Fee (05/2021)" TransName="RESIDENTLIABILITYFEE" TransactionBatchID="1619538295051"/>
    <Transaction CatCode="C" FiscalPeriodEnd="N" LeaID="32617" ReshID="31143" SiteID="4007854" TransAmt="10.00" TransDate="2021-05-01" TransDesc="Resident Liability Compliance Fee (05/2021)" TransName="RESIDENTLIABILITYFEE" TransactionBatchID="1619538295052"/>
    <Transaction CatCode="C" FiscalPeriodEnd="N" LeaID="32098" ReshID="31144" SiteID="4007854" TransAmt="10.00" TransDate="2021-05-01" TransDesc="Resident Liability Compliance Fee (05/2021)" TransName="RESIDENTLIABILITYFEE" TransactionBatchID="1619538295053"/>
    <Transaction CatCode="C" FiscalPeriodEnd="N" LeaID="32123" ReshID="31159" SiteID="4007854" TransAmt="10.00" TransDate="2021-05-01" TransDesc="Resident Liability Compliance Fee (05/2021)" TransName="RESIDENTLIABILITYFEE" TransactionBatchID="1619538295054"/>
    <Transaction CatCode="C" FiscalPeriodEnd="N" LeaID="32139" ReshID="31161" SiteID="4007854" TransAmt="10.00" TransDate="2021-05-01" TransDesc="Resident Liability Compliance Fee (05/2021)" TransName="RESIDENTLIABILITYFEE" TransactionBatchID="1619538295055"/>
    <Transaction CatCode="C" FiscalPeriodEnd="N" LeaID="32339" ReshID="291" SiteID="4007854" TransAmt="10.00" TransDate="2021-05-01" TransDesc="Resident Liability Compliance Fee (05/2021)" TransName="RESIDENTLIABILITYFEE" TransactionBatchID="1619538295056"/>
    <Transaction CatCode="C" FiscalPeriodEnd="N" LeaID="32120" ReshID="488" SiteID="4007854" TransAmt="10.00" TransDate="2021-05-01" TransDesc="Resident Liability Compliance Fee (05/2021)" TransName="RESIDENTLIABILITYFEE" TransactionBatchID="1619538295057"/>
    <Transaction CatCode="C" FiscalPeriodEnd="N" LeaID="32223" ReshID="31197" SiteID="4007854" TransAmt="10.00" TransDate="2021-05-01" TransDesc="Resident Liability Compliance Fee (05/2021)" TransName="RESIDENTLIABILITYFEE" TransactionBatchID="1619538295058"/>
    <Transaction CatCode="C" FiscalPeriodEnd="N" LeaID="32397" ReshID="31194" SiteID="4007854" TransAmt="10.00" TransDate="2021-05-01" TransDesc="Resident Liability Compliance Fee (05/2021)" TransName="RESIDENTLIABILITYFEE" TransactionBatchID="1619538295059"/>
    <Transaction CatCode="C" FiscalPeriodEnd="N" LeaID="32318" ReshID="31200" SiteID="4007854" TransAmt="10.00" TransDate="2021-05-01" TransDesc="Resident Liability Compliance Fee (05/2021)" TransName="RESIDENTLIABILITYFEE" TransactionBatchID="1619538295060"/>
    <Transaction CatCode="C" FiscalPeriodEnd="N" LeaID="32497" ReshID="31172" SiteID="4007854" TransAmt="10.00" TransDate="2021-05-01" TransDesc="Resident Liability Compliance Fee (05/2021)" TransName="RESIDENTLIABILITYFEE" TransactionBatchID="1619538295061"/>
    <Transaction CatCode="C" FiscalPeriodEnd="N" LeaID="32379" ReshID="31235" SiteID="4007854" TransAmt="10.00" TransDate="2021-05-01" TransDesc="Resident Liability Compliance Fee (05/2021)" TransName="RESIDENTLIABILITYFEE" TransactionBatchID="1619538295062"/>
    <Transaction CatCode="C" FiscalPeriodEnd="N" LeaID="32565" ReshID="31224" SiteID="4007854" TransAmt="10.00" TransDate="2021-05-01" TransDesc="Resident Liability Compliance Fee (05/2021)" TransName="RESIDENTLIABILITYFEE" TransactionBatchID="1619538295063"/>
    <Transaction CatCode="C" FiscalPeriodEnd="N" LeaID="32274" ReshID="31240" SiteID="4007854" TransAmt="10.00" TransDate="2021-05-01" TransDesc="Resident Liability Compliance Fee (05/2021)" TransName="RESIDENTLIABILITYFEE" TransactionBatchID="1619538295064"/>
    <Transaction CatCode="C" FiscalPeriodEnd="N" LeaID="32571" ReshID="31199" SiteID="4007854" TransAmt="10.00" TransDate="2021-05-01" TransDesc="Resident Liability Compliance Fee (05/2021)" TransName="RESIDENTLIABILITYFEE" TransactionBatchID="1619538295065"/>
    <Transaction CatCode="C" FiscalPeriodEnd="N" LeaID="32276" ReshID="31217" SiteID="4007854" TransAmt="10.00" TransDate="2021-05-01" TransDesc="Resident Liability Compliance Fee (05/2021)" TransName="RESIDENTLIABILITYFEE" TransactionBatchID="1619538295066"/>
    <Transaction CatCode="C" FiscalPeriodEnd="N" LeaID="32233" ReshID="31244" SiteID="4007854" TransAmt="10.00" TransDate="2021-05-01" TransDesc="Resident Liability Compliance Fee (05/2021)" TransName="RESIDENTLIABILITYFEE" TransactionBatchID="1619538295067"/>
    <Transaction CatCode="C" FiscalPeriodEnd="N" LeaID="32226" ReshID="31272" SiteID="4007854" TransAmt="10.00" TransDate="2021-05-01" TransDesc="Resident Liability Compliance Fee (05/2021)" TransName="RESIDENTLIABILITYFEE" TransactionBatchID="1619538295068"/>
    <Transaction CatCode="C" FiscalPeriodEnd="N" LeaID="32368" ReshID="31262" SiteID="4007854" TransAmt="10.00" TransDate="2021-05-01" TransDesc="Resident Liability Compliance Fee (05/2021)" TransName="RESIDENTLIABILITYFEE" TransactionBatchID="1619538295069"/>
    <Transaction CatCode="C" FiscalPeriodEnd="N" LeaID="32299" ReshID="31221" SiteID="4007854" TransAmt="10.00" TransDate="2021-05-01" TransDesc="Resident Liability Compliance Fee (05/2021)" TransName="RESIDENTLIABILITYFEE" TransactionBatchID="1619538295070"/>
    <Transaction CatCode="C" FiscalPeriodEnd="N" LeaID="32278" ReshID="31273" SiteID="4007854" TransAmt="10.00" TransDate="2021-05-01" TransDesc="Resident Liability Compliance Fee (05/2021)" TransName="RESIDENTLIABILITYFEE" TransactionBatchID="1619538295071"/>
    <Transaction CatCode="C" FiscalPeriodEnd="N" LeaID="32180" ReshID="31279" SiteID="4007854" TransAmt="10.00" TransDate="2021-05-01" TransDesc="Resident Liability Compliance Fee (05/2021)" TransName="RESIDENTLIABILITYFEE" TransactionBatchID="1619538295072"/>
    <Transaction CatCode="C" FiscalPeriodEnd="N" LeaID="32627" ReshID="20" SiteID="4007854" TransAmt="10.00" TransDate="2021-05-01" TransDesc="Resident Liability Compliance Fee (05/2021)" TransName="RESIDENTLIABILITYFEE" TransactionBatchID="1619538295073"/>
    <Transaction CatCode="C" FiscalPeriodEnd="N" LeaID="32564" ReshID="31308" SiteID="4007854" TransAmt="10.00" TransDate="2021-05-01" TransDesc="Resident Liability Compliance Fee (05/2021)" TransName="RESIDENTLIABILITYFEE" TransactionBatchID="1619538295074"/>
    <Transaction CatCode="C" FiscalPeriodEnd="N" LeaID="32430" ReshID="31342" SiteID="4007854" TransAmt="10.00" TransDate="2021-05-01" TransDesc="Resident Liability Compliance Fee (05/2021)" TransName="RESIDENTLIABILITYFEE" TransactionBatchID="1619538295075"/>
    <Transaction CatCode="C" FiscalPeriodEnd="N" LeaID="32399" ReshID="31296" SiteID="4007854" TransAmt="10.00" TransDate="2021-05-01" TransDesc="Resident Liability Compliance Fee (05/2021)" TransName="RESIDENTLIABILITYFEE" TransactionBatchID="1619538295076"/>
    <Transaction CatCode="C" FiscalPeriodEnd="N" LeaID="32400" ReshID="31287" SiteID="4007854" TransAmt="10.00" TransDate="2021-05-01" TransDesc="Resident Liability Compliance Fee (05/2021)" TransName="RESIDENTLIABILITYFEE" TransactionBatchID="1619538295077"/>
    <Transaction CatCode="C" FiscalPeriodEnd="N" LeaID="32483" ReshID="31331" SiteID="4007854" TransAmt="10.00" TransDate="2021-05-01" TransDesc="Resident Liability Compliance Fee (05/2021)" TransName="RESIDENTLIABILITYFEE" TransactionBatchID="1619538295078"/>
    <Transaction CatCode="C" FiscalPeriodEnd="N" LeaID="32370" ReshID="31353" SiteID="4007854" TransAmt="10.00" TransDate="2021-05-01" TransDesc="Resident Liability Compliance Fee (05/2021)" TransName="RESIDENTLIABILITYFEE" TransactionBatchID="1619538295079"/>
    <Transaction CatCode="C" FiscalPeriodEnd="N" LeaID="32385" ReshID="31314" SiteID="4007854" TransAmt="10.00" TransDate="2021-05-01" TransDesc="Resident Liability Compliance Fee (05/2021)" TransName="RESIDENTLIABILITYFEE" TransactionBatchID="1619538295080"/>
    <Transaction CatCode="C" FiscalPeriodEnd="N" LeaID="31936" ReshID="31344" SiteID="4007854" TransAmt="10.00" TransDate="2021-05-01" TransDesc="Resident Liability Compliance Fee (05/2021)" TransName="RESIDENTLIABILITYFEE" TransactionBatchID="1619538295081"/>
    <Transaction CatCode="C" FiscalPeriodEnd="N" LeaID="32511" ReshID="31405" SiteID="4007854" TransAmt="10.00" TransDate="2021-05-01" TransDesc="Resident Liability Compliance Fee (05/2021)" TransName="RESIDENTLIABILITYFEE" TransactionBatchID="1619538295082"/>
    <Transaction CatCode="C" FiscalPeriodEnd="N" LeaID="32539" ReshID="31397" SiteID="4007854" TransAmt="10.00" TransDate="2021-05-01" TransDesc="Resident Liability Compliance Fee (05/2021)" TransName="RESIDENTLIABILITYFEE" TransactionBatchID="1619538295083"/>
    <Transaction CatCode="C" FiscalPeriodEnd="N" LeaID="32515" ReshID="31383" SiteID="4007854" TransAmt="10.00" TransDate="2021-05-01" TransDesc="Resident Liability Compliance Fee (05/2021)" TransName="RESIDENTLIABILITYFEE" TransactionBatchID="1619538295084"/>
    <Transaction CatCode="C" FiscalPeriodEnd="N" LeaID="32074" ReshID="31420" SiteID="4007854" TransAmt="10.00" TransDate="2021-05-01" TransDesc="Resident Liability Compliance Fee (05/2021)" TransName="RESIDENTLIABILITYFEE" TransactionBatchID="1619538295085"/>
    <Transaction CatCode="C" FiscalPeriodEnd="N" LeaID="32535" ReshID="31414" SiteID="4007854" TransAmt="10.00" TransDate="2021-05-01" TransDesc="Resident Liability Compliance Fee (05/2021)" TransName="RESIDENTLIABILITYFEE" TransactionBatchID="1619538295086"/>
    <Transaction CatCode="C" FiscalPeriodEnd="N" LeaID="32508" ReshID="31416" SiteID="4007854" TransAmt="10.00" TransDate="2021-05-01" TransDesc="Resident Liability Compliance Fee (05/2021)" TransName="RESIDENTLIABILITYFEE" TransactionBatchID="1619538295087"/>
    <Transaction CatCode="C" FiscalPeriodEnd="N" LeaID="32350" ReshID="31432" SiteID="4007854" TransAmt="10.00" TransDate="2021-05-01" TransDesc="Resident Liability Compliance Fee (05/2021)" TransName="RESIDENTLIABILITYFEE" TransactionBatchID="1619538295088"/>
    <Transaction CatCode="C" FiscalPeriodEnd="N" LeaID="32092" ReshID="31436" SiteID="4007854" TransAmt="10.00" TransDate="2021-05-01" TransDesc="Resident Liability Compliance Fee (05/2021)" TransName="RESIDENTLIABILITYFEE" TransactionBatchID="1619538295089"/>
    <Transaction CatCode="C" FiscalPeriodEnd="N" LeaID="32143" ReshID="31454" SiteID="4007854" TransAmt="10.00" TransDate="2021-05-01" TransDesc="Resident Liability Compliance Fee (05/2021)" TransName="RESIDENTLIABILITYFEE" TransactionBatchID="1619538295090"/>
    <Transaction CatCode="C" FiscalPeriodEnd="N" LeaID="32128" ReshID="31450" SiteID="4007854" TransAmt="10.00" TransDate="2021-05-01" TransDesc="Resident Liability Compliance Fee (05/2021)" TransName="RESIDENTLIABILITYFEE" TransactionBatchID="1619538295091"/>
    <Transaction CatCode="C" FiscalPeriodEnd="N" LeaID="32159" ReshID="31460" SiteID="4007854" TransAmt="10.00" TransDate="2021-05-01" TransDesc="Resident Liability Compliance Fee (05/2021)" TransName="RESIDENTLIABILITYFEE" TransactionBatchID="1619538295092"/>
    <Transaction CatCode="C" FiscalPeriodEnd="N" LeaID="32178" ReshID="31484" SiteID="4007854" TransAmt="10.00" TransDate="2021-05-01" TransDesc="Resident Liability Compliance Fee (05/2021)" TransName="RESIDENTLIABILITYFEE" TransactionBatchID="1619538295093"/>
    <Transaction CatCode="C" FiscalPeriodEnd="N" LeaID="32208" ReshID="31500" SiteID="4007854" TransAmt="10.00" TransDate="2021-05-01" TransDesc="Resident Liability Compliance Fee (05/2021)" TransName="RESIDENTLIABILITYFEE" TransactionBatchID="1619538295094"/>
    <Transaction CatCode="C" FiscalPeriodEnd="N" LeaID="32241" ReshID="31517" SiteID="4007854" TransAmt="10.00" TransDate="2021-05-01" TransDesc="Resident Liability Compliance Fee (05/2021)" TransName="RESIDENTLIABILITYFEE" TransactionBatchID="1619538295095"/>
    <Transaction CatCode="C" FiscalPeriodEnd="N" LeaID="32194" ReshID="31208" SiteID="4007854" TransAmt="10.00" TransDate="2021-05-01" TransDesc="Resident Liability Compliance Fee (05/2021)" TransName="RESIDENTLIABILITYFEE" TransactionBatchID="1619538295096"/>
    <Transaction CatCode="C" FiscalPeriodEnd="N" LeaID="32217" ReshID="31508" SiteID="4007854" TransAmt="10.00" TransDate="2021-05-01" TransDesc="Resident Liability Compliance Fee (05/2021)" TransName="RESIDENTLIABILITYFEE" TransactionBatchID="1619538295097"/>
    <Transaction CatCode="C" FiscalPeriodEnd="N" LeaID="32247" ReshID="31521" SiteID="4007854" TransAmt="10.00" TransDate="2021-05-01" TransDesc="Resident Liability Compliance Fee (05/2021)" TransName="RESIDENTLIABILITYFEE" TransactionBatchID="1619538295098"/>
    <Transaction CatCode="C" FiscalPeriodEnd="N" LeaID="32251" ReshID="31525" SiteID="4007854" TransAmt="10.00" TransDate="2021-05-01" TransDesc="Resident Liability Compliance Fee (05/2021)" TransName="RESIDENTLIABILITYFEE" TransactionBatchID="1619538295099"/>
    <Transaction CatCode="C" FiscalPeriodEnd="N" LeaID="32264" ReshID="31536" SiteID="4007854" TransAmt="10.00" TransDate="2021-05-01" TransDesc="Resident Liability Compliance Fee (05/2021)" TransName="RESIDENTLIABILITYFEE" TransactionBatchID="1619538295100"/>
    <Transaction CatCode="C" FiscalPeriodEnd="N" LeaID="32329" ReshID="31557" SiteID="4007854" TransAmt="10.00" TransDate="2021-05-01" TransDesc="Resident Liability Compliance Fee (05/2021)" TransName="RESIDENTLIABILITYFEE" TransactionBatchID="1619538295101"/>
    <Transaction CatCode="C" FiscalPeriodEnd="N" LeaID="32312" ReshID="31549" SiteID="4007854" TransAmt="10.00" TransDate="2021-05-01" TransDesc="Resident Liability Compliance Fee (05/2021)" TransName="RESIDENTLIABILITYFEE" TransactionBatchID="1619538295102"/>
    <Transaction CatCode="C" FiscalPeriodEnd="N" LeaID="32353" ReshID="31572" SiteID="4007854" TransAmt="10.00" TransDate="2021-05-01" TransDesc="Resident Liability Compliance Fee (05/2021)" TransName="RESIDENTLIABILITYFEE" TransactionBatchID="1619538295103"/>
    <Transaction CatCode="C" FiscalPeriodEnd="N" LeaID="32360" ReshID="31573" SiteID="4007854" TransAmt="10.00" TransDate="2021-05-01" TransDesc="Resident Liability Compliance Fee (05/2021)" TransName="RESIDENTLIABILITYFEE" TransactionBatchID="1619538295104"/>
    <Transaction CatCode="C" FiscalPeriodEnd="N" LeaID="32363" ReshID="31576" SiteID="4007854" TransAmt="10.00" TransDate="2021-05-01" TransDesc="Resident Liability Compliance Fee (05/2021)" TransName="RESIDENTLIABILITYFEE" TransactionBatchID="1619538295105"/>
    <Transaction CatCode="C" FiscalPeriodEnd="N" LeaID="32270" ReshID="31540" SiteID="4007854" TransAmt="10.00" TransDate="2021-05-01" TransDesc="Resident Liability Compliance Fee (05/2021)" TransName="RESIDENTLIABILITYFEE" TransactionBatchID="1619538295106"/>
    <Transaction CatCode="C" FiscalPeriodEnd="N" LeaID="32365" ReshID="31578" SiteID="4007854" TransAmt="10.00" TransDate="2021-05-01" TransDesc="Resident Liability Compliance Fee (05/2021)" TransName="RESIDENTLIABILITYFEE" TransactionBatchID="1619538295107"/>
    <Transaction CatCode="C" FiscalPeriodEnd="N" LeaID="32390" ReshID="31584" SiteID="4007854" TransAmt="10.00" TransDate="2021-05-01" TransDesc="Resident Liability Compliance Fee (05/2021)" TransName="RESIDENTLIABILITYFEE" TransactionBatchID="1619538295108"/>
    <Transaction CatCode="C" FiscalPeriodEnd="N" LeaID="32406" ReshID="31590" SiteID="4007854" TransAmt="10.00" TransDate="2021-05-01" TransDesc="Resident Liability Compliance Fee (05/2021)" TransName="RESIDENTLIABILITYFEE" TransactionBatchID="1619538295109"/>
    <Transaction CatCode="C" FiscalPeriodEnd="N" LeaID="32433" ReshID="31609" SiteID="4007854" TransAmt="10.00" TransDate="2021-05-01" TransDesc="Resident Liability Compliance Fee (05/2021)" TransName="RESIDENTLIABILITYFEE" TransactionBatchID="1619538295110"/>
    <Transaction CatCode="C" FiscalPeriodEnd="N" LeaID="32418" ReshID="31595" SiteID="4007854" TransAmt="10.00" TransDate="2021-05-01" TransDesc="Resident Liability Compliance Fee (05/2021)" TransName="RESIDENTLIABILITYFEE" TransactionBatchID="1619538295111"/>
    <Transaction CatCode="C" FiscalPeriodEnd="N" LeaID="32445" ReshID="31614" SiteID="4007854" TransAmt="10.00" TransDate="2021-05-01" TransDesc="Resident Liability Compliance Fee (05/2021)" TransName="RESIDENTLIABILITYFEE" TransactionBatchID="1619538295112"/>
    <Transaction CatCode="C" FiscalPeriodEnd="N" LeaID="32427" ReshID="31604" SiteID="4007854" TransAmt="10.00" TransDate="2021-05-01" TransDesc="Resident Liability Compliance Fee (05/2021)" TransName="RESIDENTLIABILITYFEE" TransactionBatchID="1619538295113"/>
    <Transaction CatCode="C" FiscalPeriodEnd="N" LeaID="32463" ReshID="31625" SiteID="4007854" TransAmt="10.00" TransDate="2021-05-01" TransDesc="Resident Liability Compliance Fee (05/2021)" TransName="RESIDENTLIABILITYFEE" TransactionBatchID="1619538295114"/>
    <Transaction CatCode="C" FiscalPeriodEnd="N" LeaID="32331" ReshID="31559" SiteID="4007854" TransAmt="10.00" TransDate="2021-05-01" TransDesc="Resident Liability Compliance Fee (05/2021)" TransName="RESIDENTLIABILITYFEE" TransactionBatchID="1619538295115"/>
    <Transaction CatCode="C" FiscalPeriodEnd="N" LeaID="32498" ReshID="31643" SiteID="4007854" TransAmt="10.00" TransDate="2021-05-01" TransDesc="Resident Liability Compliance Fee (05/2021)" TransName="RESIDENTLIABILITYFEE" TransactionBatchID="1619538295116"/>
    <Transaction CatCode="C" FiscalPeriodEnd="N" LeaID="32492" ReshID="31639" SiteID="4007854" TransAmt="10.00" TransDate="2021-05-01" TransDesc="Resident Liability Compliance Fee (05/2021)" TransName="RESIDENTLIABILITYFEE" TransactionBatchID="1619538295117"/>
    <Transaction CatCode="C" FiscalPeriodEnd="N" LeaID="32509" ReshID="31644" SiteID="4007854" TransAmt="10.00" TransDate="2021-05-01" TransDesc="Resident Liability Compliance Fee (05/2021)" TransName="RESIDENTLIABILITYFEE" TransactionBatchID="1619538295118"/>
    <Transaction CatCode="C" FiscalPeriodEnd="N" LeaID="32462" ReshID="31624" SiteID="4007854" TransAmt="10.00" TransDate="2021-05-01" TransDesc="Resident Liability Compliance Fee (05/2021)" TransName="RESIDENTLIABILITYFEE" TransactionBatchID="1619538295119"/>
    <Transaction CatCode="C" FiscalPeriodEnd="N" LeaID="32532" ReshID="31659" SiteID="4007854" TransAmt="10.00" TransDate="2021-05-01" TransDesc="Resident Liability Compliance Fee (05/2021)" TransName="RESIDENTLIABILITYFEE" TransactionBatchID="1619538295120"/>
    <Transaction CatCode="C" FiscalPeriodEnd="N" LeaID="32471" ReshID="31628" SiteID="4007854" TransAmt="10.00" TransDate="2021-05-01" TransDesc="Resident Liability Compliance Fee (05/2021)" TransName="RESIDENTLIABILITYFEE" TransactionBatchID="1619538295121"/>
    <Transaction CatCode="C" FiscalPeriodEnd="N" LeaID="32613" ReshID="31695" SiteID="4007854" TransAmt="10.00" TransDate="2021-05-01" TransDesc="Resident Liability Compliance Fee (05/2021)" TransName="RESIDENTLIABILITYFEE" TransactionBatchID="1619538295122"/>
    <Transaction CatCode="C" FiscalPeriodEnd="N" LeaID="32614" ReshID="31696" SiteID="4007854" TransAmt="10.00" TransDate="2021-05-01" TransDesc="Resident Liability Compliance Fee (05/2021)" TransName="RESIDENTLIABILITYFEE" TransactionBatchID="1619538295123"/>
    <Transaction CatCode="C" FiscalPeriodEnd="N" LeaID="32530" ReshID="31657" SiteID="4007854" TransAmt="10.00" TransDate="2021-05-01" TransDesc="Resident Liability Compliance Fee (05/2021)" TransName="RESIDENTLIABILITYFEE" TransactionBatchID="1619538295124"/>
    <Transaction CatCode="C" FiscalPeriodEnd="N" LeaID="32615" ReshID="31698" SiteID="4007854" TransAmt="10.00" TransDate="2021-05-01" TransDesc="Resident Liability Compliance Fee (05/2021)" TransName="RESIDENTLIABILITYFEE" TransactionBatchID="1619538295125"/>
    <Transaction CatCode="C" FiscalPeriodEnd="N" LeaID="32635" ReshID="31712" SiteID="4007854" TransAmt="10.00" TransDate="2021-05-01" TransDesc="Resident Liability Compliance Fee (05/2021)" TransName="RESIDENTLIABILITYFEE" TransactionBatchID="1619538295126"/>
    <Transaction CatCode="C" FiscalPeriodEnd="N" LeaID="32643" ReshID="31719" SiteID="4007854" TransAmt="10.00" TransDate="2021-05-01" TransDesc="Resident Liability Compliance Fee (05/2021)" TransName="RESIDENTLIABILITYFEE" TransactionBatchID="1619538295127"/>
    <Transaction CatCode="C" FiscalPeriodEnd="N" LeaID="32598" ReshID="31686" SiteID="4007854" TransAmt="10.00" TransDate="2021-05-01" TransDesc="Resident Liability Compliance Fee (05/2021)" TransName="RESIDENTLIABILITYFEE" TransactionBatchID="1619538295128"/>
    <Transaction CatCode="C" FiscalPeriodEnd="N" LeaID="32625" ReshID="31704" SiteID="4007854" TransAmt="10.00" TransDate="2021-05-01" TransDesc="Resident Liability Compliance Fee (05/2021)" TransName="RESIDENTLIABILITYFEE" TransactionBatchID="1619538295129"/>
    <Transaction CatCode="C" FiscalPeriodEnd="N" LeaID="32636" ReshID="31713" SiteID="4007854" TransAmt="10.00" TransDate="2021-05-01" TransDesc="Resident Liability Compliance Fee (05/2021)" TransName="RESIDENTLIABILITYFEE" TransactionBatchID="1619538295130"/>
    <Transaction CatCode="C" FiscalPeriodEnd="N" LeaID="32638" ReshID="31714" SiteID="4007854" TransAmt="10.00" TransDate="2021-05-01" TransDesc="Resident Liability Compliance Fee (05/2021)" TransName="RESIDENTLIABILITYFEE" TransactionBatchID="1619538295131"/>
    <Transaction CatCode="C" FiscalPeriodEnd="N" LeaID="32641" ReshID="31717" SiteID="4007854" TransAmt="10.00" TransDate="2021-05-01" TransDesc="Resident Liability Compliance Fee (05/2021)" TransName="RESIDENTLIABILITYFEE" TransactionBatchID="1619538295132"/>
    <Transaction CatCode="C" FiscalPeriodEnd="N" LeaID="32596" ReshID="31684" SiteID="4007854" TransAmt="10.00" TransDate="2021-05-01" TransDesc="Resident Liability Compliance Fee (05/2021)" TransName="RESIDENTLIABILITYFEE" TransactionBatchID="1619538295133"/>
    <Transaction CatCode="C" FiscalPeriodEnd="N" LeaID="32597" ReshID="31685" SiteID="4007854" TransAmt="10.00" TransDate="2021-05-01" TransDesc="Resident Liability Compliance Fee (05/2021)" TransName="RESIDENTLIABILITYFEE" TransactionBatchID="1619538295134"/>
    <Transaction CatCode="C" FiscalPeriodEnd="N" LeaID="32639" ReshID="31715" SiteID="4007854" TransAmt="10.00" TransDate="2021-05-01" TransDesc="Resident Liability Compliance Fee (05/2021)" TransName="RESIDENTLIABILITYFEE" TransactionBatchID="1619538295135"/>
    <Transaction CatCode="C" FiscalPeriodEnd="N" LeaID="32640" ReshID="31716" SiteID="4007854" TransAmt="10.00" TransDate="2021-05-01" TransDesc="Resident Liability Compliance Fee (05/2021)" TransName="RESIDENTLIABILITYFEE" TransactionBatchID="1619538295136"/>
</TransactionList>
