<TransactionList>
    <Validation>
        <Audit Count="151" Node="Transaction" Sum="1510.00"/>
    </Validation>
    <Transaction CatCode="C" FiscalPeriodEnd="N" LeaID="12118" ReshID="32" SiteID="4033816" TransAmt="10.00" TransDate="2021-05-01" TransDesc="Resident Liability Compliance Fee (05/2021)" TransName="RESIDENTLIABILITYFEE" TransactionBatchID="1619538293849"/>
    <Transaction CatCode="C" FiscalPeriodEnd="N" LeaID="11826" ReshID="48" SiteID="4033816" TransAmt="10.00" TransDate="2021-05-01" TransDesc="Resident Liability Compliance Fee (05/2021)" TransName="RESIDENTLIABILITYFEE" TransactionBatchID="1619538293850"/>
    <Transaction CatCode="C" FiscalPeriodEnd="N" LeaID="11844" ReshID="61" SiteID="4033816" TransAmt="10.00" TransDate="2021-05-01" TransDesc="Resident Liability Compliance Fee (05/2021)" TransName="RESIDENTLIABILITYFEE" TransactionBatchID="1619538293851"/>
    <Transaction CatCode="C" FiscalPeriodEnd="N" LeaID="12032" ReshID="108" SiteID="4033816" TransAmt="10.00" TransDate="2021-05-01" TransDesc="Resident Liability Compliance Fee (05/2021)" TransName="RESIDENTLIABILITYFEE" TransactionBatchID="1619538293852"/>
    <Transaction CatCode="C" FiscalPeriodEnd="N" LeaID="12198" ReshID="147" SiteID="4033816" TransAmt="10.00" TransDate="2021-05-01" TransDesc="Resident Liability Compliance Fee (05/2021)" TransName="RESIDENTLIABILITYFEE" TransactionBatchID="1619538293853"/>
    <Transaction CatCode="C" FiscalPeriodEnd="N" LeaID="1733" ReshID="205" SiteID="4033816" TransAmt="10.00" TransDate="2021-05-01" TransDesc="Resident Liability Compliance Fee (05/2021)" TransName="RESIDENTLIABILITYFEE" TransactionBatchID="1619538293854"/>
    <Transaction CatCode="C" FiscalPeriodEnd="N" LeaID="11822" ReshID="285" SiteID="4033816" TransAmt="10.00" TransDate="2021-05-01" TransDesc="Resident Liability Compliance Fee (05/2021)" TransName="RESIDENTLIABILITYFEE" TransactionBatchID="1619538293855"/>
    <Transaction CatCode="C" FiscalPeriodEnd="N" LeaID="11893" ReshID="297" SiteID="4033816" TransAmt="10.00" TransDate="2021-05-01" TransDesc="Resident Liability Compliance Fee (05/2021)" TransName="RESIDENTLIABILITYFEE" TransactionBatchID="1619538293856"/>
    <Transaction CatCode="C" FiscalPeriodEnd="N" LeaID="11976" ReshID="305" SiteID="4033816" TransAmt="10.00" TransDate="2021-05-01" TransDesc="Resident Liability Compliance Fee (05/2021)" TransName="RESIDENTLIABILITYFEE" TransactionBatchID="1619538293857"/>
    <Transaction CatCode="C" FiscalPeriodEnd="N" LeaID="11855" ReshID="324" SiteID="4033816" TransAmt="10.00" TransDate="2021-05-01" TransDesc="Resident Liability Compliance Fee (05/2021)" TransName="RESIDENTLIABILITYFEE" TransactionBatchID="1619538293858"/>
    <Transaction CatCode="C" FiscalPeriodEnd="N" LeaID="12021" ReshID="378" SiteID="4033816" TransAmt="10.00" TransDate="2021-05-01" TransDesc="Resident Liability Compliance Fee (05/2021)" TransName="RESIDENTLIABILITYFEE" TransactionBatchID="1619538293859"/>
    <Transaction CatCode="C" FiscalPeriodEnd="N" LeaID="12133" ReshID="398" SiteID="4033816" TransAmt="10.00" TransDate="2021-05-01" TransDesc="Resident Liability Compliance Fee (05/2021)" TransName="RESIDENTLIABILITYFEE" TransactionBatchID="1619538293860"/>
    <Transaction CatCode="C" FiscalPeriodEnd="N" LeaID="1749" ReshID="402" SiteID="4033816" TransAmt="10.00" TransDate="2021-05-01" TransDesc="Resident Liability Compliance Fee (05/2021)" TransName="RESIDENTLIABILITYFEE" TransactionBatchID="1619538293861"/>
    <Transaction CatCode="C" FiscalPeriodEnd="N" LeaID="11834" ReshID="426" SiteID="4033816" TransAmt="10.00" TransDate="2021-05-01" TransDesc="Resident Liability Compliance Fee (05/2021)" TransName="RESIDENTLIABILITYFEE" TransactionBatchID="1619538293862"/>
    <Transaction CatCode="C" FiscalPeriodEnd="N" LeaID="1819" ReshID="435" SiteID="4033816" TransAmt="10.00" TransDate="2021-05-01" TransDesc="Resident Liability Compliance Fee (05/2021)" TransName="RESIDENTLIABILITYFEE" TransactionBatchID="1619538293863"/>
    <Transaction CatCode="C" FiscalPeriodEnd="N" LeaID="11839" ReshID="541" SiteID="4033816" TransAmt="10.00" TransDate="2021-05-01" TransDesc="Resident Liability Compliance Fee (05/2021)" TransName="RESIDENTLIABILITYFEE" TransactionBatchID="1619538293864"/>
    <Transaction CatCode="C" FiscalPeriodEnd="N" LeaID="11980" ReshID="543" SiteID="4033816" TransAmt="10.00" TransDate="2021-05-01" TransDesc="Resident Liability Compliance Fee (05/2021)" TransName="RESIDENTLIABILITYFEE" TransactionBatchID="1619538293865"/>
    <Transaction CatCode="C" FiscalPeriodEnd="N" LeaID="11838" ReshID="544" SiteID="4033816" TransAmt="10.00" TransDate="2021-05-01" TransDesc="Resident Liability Compliance Fee (05/2021)" TransName="RESIDENTLIABILITYFEE" TransactionBatchID="1619538293866"/>
    <Transaction CatCode="C" FiscalPeriodEnd="N" LeaID="12049" ReshID="664" SiteID="4033816" TransAmt="10.00" TransDate="2021-05-01" TransDesc="Resident Liability Compliance Fee (05/2021)" TransName="RESIDENTLIABILITYFEE" TransactionBatchID="1619538293867"/>
    <Transaction CatCode="C" FiscalPeriodEnd="N" LeaID="12107" ReshID="668" SiteID="4033816" TransAmt="10.00" TransDate="2021-05-01" TransDesc="Resident Liability Compliance Fee (05/2021)" TransName="RESIDENTLIABILITYFEE" TransactionBatchID="1619538293868"/>
    <Transaction CatCode="C" FiscalPeriodEnd="N" LeaID="12016" ReshID="673" SiteID="4033816" TransAmt="10.00" TransDate="2021-05-01" TransDesc="Resident Liability Compliance Fee (05/2021)" TransName="RESIDENTLIABILITYFEE" TransactionBatchID="1619538293869"/>
    <Transaction CatCode="C" FiscalPeriodEnd="N" LeaID="11918" ReshID="676" SiteID="4033816" TransAmt="10.00" TransDate="2021-05-01" TransDesc="Resident Liability Compliance Fee (05/2021)" TransName="RESIDENTLIABILITYFEE" TransactionBatchID="1619538293870"/>
    <Transaction CatCode="C" FiscalPeriodEnd="N" LeaID="808" ReshID="681" SiteID="4033816" TransAmt="10.00" TransDate="2021-05-01" TransDesc="Resident Liability Compliance Fee (05/2021)" TransName="RESIDENTLIABILITYFEE" TransactionBatchID="1619538293871"/>
    <Transaction CatCode="C" FiscalPeriodEnd="N" LeaID="11955" ReshID="684" SiteID="4033816" TransAmt="10.00" TransDate="2021-05-01" TransDesc="Resident Liability Compliance Fee (05/2021)" TransName="RESIDENTLIABILITYFEE" TransactionBatchID="1619538293872"/>
    <Transaction CatCode="C" FiscalPeriodEnd="N" LeaID="12134" ReshID="696" SiteID="4033816" TransAmt="10.00" TransDate="2021-05-01" TransDesc="Resident Liability Compliance Fee (05/2021)" TransName="RESIDENTLIABILITYFEE" TransactionBatchID="1619538293873"/>
    <Transaction CatCode="C" FiscalPeriodEnd="N" LeaID="12163" ReshID="735" SiteID="4033816" TransAmt="10.00" TransDate="2021-05-01" TransDesc="Resident Liability Compliance Fee (05/2021)" TransName="RESIDENTLIABILITYFEE" TransactionBatchID="1619538293874"/>
    <Transaction CatCode="C" FiscalPeriodEnd="N" LeaID="1767" ReshID="736" SiteID="4033816" TransAmt="10.00" TransDate="2021-05-01" TransDesc="Resident Liability Compliance Fee (05/2021)" TransName="RESIDENTLIABILITYFEE" TransactionBatchID="1619538293875"/>
    <Transaction CatCode="C" FiscalPeriodEnd="N" LeaID="12173" ReshID="770" SiteID="4033816" TransAmt="10.00" TransDate="2021-05-01" TransDesc="Resident Liability Compliance Fee (05/2021)" TransName="RESIDENTLIABILITYFEE" TransactionBatchID="1619538293876"/>
    <Transaction CatCode="C" FiscalPeriodEnd="N" LeaID="1783" ReshID="809" SiteID="4033816" TransAmt="10.00" TransDate="2021-05-01" TransDesc="Resident Liability Compliance Fee (05/2021)" TransName="RESIDENTLIABILITYFEE" TransactionBatchID="1619538293877"/>
    <Transaction CatCode="C" FiscalPeriodEnd="N" LeaID="11837" ReshID="894" SiteID="4033816" TransAmt="10.00" TransDate="2021-05-01" TransDesc="Resident Liability Compliance Fee (05/2021)" TransName="RESIDENTLIABILITYFEE" TransactionBatchID="1619538293878"/>
    <Transaction CatCode="C" FiscalPeriodEnd="N" LeaID="11862" ReshID="900" SiteID="4033816" TransAmt="10.00" TransDate="2021-05-01" TransDesc="Resident Liability Compliance Fee (05/2021)" TransName="RESIDENTLIABILITYFEE" TransactionBatchID="1619538293879"/>
    <Transaction CatCode="C" FiscalPeriodEnd="N" LeaID="11956" ReshID="945" SiteID="4033816" TransAmt="10.00" TransDate="2021-05-01" TransDesc="Resident Liability Compliance Fee (05/2021)" TransName="RESIDENTLIABILITYFEE" TransactionBatchID="1619538293880"/>
    <Transaction CatCode="C" FiscalPeriodEnd="N" LeaID="12058" ReshID="947" SiteID="4033816" TransAmt="10.00" TransDate="2021-05-01" TransDesc="Resident Liability Compliance Fee (05/2021)" TransName="RESIDENTLIABILITYFEE" TransactionBatchID="1619538293881"/>
    <Transaction CatCode="C" FiscalPeriodEnd="N" LeaID="11874" ReshID="951" SiteID="4033816" TransAmt="10.00" TransDate="2021-05-01" TransDesc="Resident Liability Compliance Fee (05/2021)" TransName="RESIDENTLIABILITYFEE" TransactionBatchID="1619538293882"/>
    <Transaction CatCode="C" FiscalPeriodEnd="N" LeaID="1557" ReshID="983" SiteID="4033816" TransAmt="10.00" TransDate="2021-05-01" TransDesc="Resident Liability Compliance Fee (05/2021)" TransName="RESIDENTLIABILITYFEE" TransactionBatchID="1619538293883"/>
    <Transaction CatCode="C" FiscalPeriodEnd="N" LeaID="11904" ReshID="984" SiteID="4033816" TransAmt="10.00" TransDate="2021-05-01" TransDesc="Resident Liability Compliance Fee (05/2021)" TransName="RESIDENTLIABILITYFEE" TransactionBatchID="1619538293884"/>
    <Transaction CatCode="C" FiscalPeriodEnd="N" LeaID="11991" ReshID="996" SiteID="4033816" TransAmt="10.00" TransDate="2021-05-01" TransDesc="Resident Liability Compliance Fee (05/2021)" TransName="RESIDENTLIABILITYFEE" TransactionBatchID="1619538293885"/>
    <Transaction CatCode="C" FiscalPeriodEnd="N" LeaID="11830" ReshID="999" SiteID="4033816" TransAmt="10.00" TransDate="2021-05-01" TransDesc="Resident Liability Compliance Fee (05/2021)" TransName="RESIDENTLIABILITYFEE" TransactionBatchID="1619538293886"/>
    <Transaction CatCode="C" FiscalPeriodEnd="N" LeaID="11987" ReshID="1006" SiteID="4033816" TransAmt="10.00" TransDate="2021-05-01" TransDesc="Resident Liability Compliance Fee (05/2021)" TransName="RESIDENTLIABILITYFEE" TransactionBatchID="1619538293887"/>
    <Transaction CatCode="C" FiscalPeriodEnd="N" LeaID="1598" ReshID="1009" SiteID="4033816" TransAmt="10.00" TransDate="2021-05-01" TransDesc="Resident Liability Compliance Fee (05/2021)" TransName="RESIDENTLIABILITYFEE" TransactionBatchID="1619538293888"/>
    <Transaction CatCode="C" FiscalPeriodEnd="N" LeaID="12044" ReshID="1015" SiteID="4033816" TransAmt="10.00" TransDate="2021-05-01" TransDesc="Resident Liability Compliance Fee (05/2021)" TransName="RESIDENTLIABILITYFEE" TransactionBatchID="1619538293889"/>
    <Transaction CatCode="C" FiscalPeriodEnd="N" LeaID="12002" ReshID="1026" SiteID="4033816" TransAmt="10.00" TransDate="2021-05-01" TransDesc="Resident Liability Compliance Fee (05/2021)" TransName="RESIDENTLIABILITYFEE" TransactionBatchID="1619538293890"/>
    <Transaction CatCode="C" FiscalPeriodEnd="N" LeaID="12050" ReshID="1056" SiteID="4033816" TransAmt="10.00" TransDate="2021-05-01" TransDesc="Resident Liability Compliance Fee (05/2021)" TransName="RESIDENTLIABILITYFEE" TransactionBatchID="1619538293891"/>
    <Transaction CatCode="C" FiscalPeriodEnd="N" LeaID="12178" ReshID="1062" SiteID="4033816" TransAmt="10.00" TransDate="2021-05-01" TransDesc="Resident Liability Compliance Fee (05/2021)" TransName="RESIDENTLIABILITYFEE" TransactionBatchID="1619538293892"/>
    <Transaction CatCode="C" FiscalPeriodEnd="N" LeaID="12145" ReshID="1069" SiteID="4033816" TransAmt="10.00" TransDate="2021-05-01" TransDesc="Resident Liability Compliance Fee (05/2021)" TransName="RESIDENTLIABILITYFEE" TransactionBatchID="1619538293893"/>
    <Transaction CatCode="C" FiscalPeriodEnd="N" LeaID="1751" ReshID="1107" SiteID="4033816" TransAmt="10.00" TransDate="2021-05-01" TransDesc="Resident Liability Compliance Fee (05/2021)" TransName="RESIDENTLIABILITYFEE" TransactionBatchID="1619538293894"/>
    <Transaction CatCode="C" FiscalPeriodEnd="N" LeaID="1716" ReshID="1111" SiteID="4033816" TransAmt="10.00" TransDate="2021-05-01" TransDesc="Resident Liability Compliance Fee (05/2021)" TransName="RESIDENTLIABILITYFEE" TransactionBatchID="1619538293895"/>
    <Transaction CatCode="C" FiscalPeriodEnd="N" LeaID="11870" ReshID="1120" SiteID="4033816" TransAmt="10.00" TransDate="2021-05-01" TransDesc="Resident Liability Compliance Fee (05/2021)" TransName="RESIDENTLIABILITYFEE" TransactionBatchID="1619538293896"/>
    <Transaction CatCode="C" FiscalPeriodEnd="N" LeaID="1742" ReshID="1175" SiteID="4033816" TransAmt="10.00" TransDate="2021-05-01" TransDesc="Resident Liability Compliance Fee (05/2021)" TransName="RESIDENTLIABILITYFEE" TransactionBatchID="1619538293897"/>
    <Transaction CatCode="C" FiscalPeriodEnd="N" LeaID="12104" ReshID="1259" SiteID="4033816" TransAmt="10.00" TransDate="2021-05-01" TransDesc="Resident Liability Compliance Fee (05/2021)" TransName="RESIDENTLIABILITYFEE" TransactionBatchID="1619538293898"/>
    <Transaction CatCode="C" FiscalPeriodEnd="N" LeaID="11864" ReshID="1263" SiteID="4033816" TransAmt="10.00" TransDate="2021-05-01" TransDesc="Resident Liability Compliance Fee (05/2021)" TransName="RESIDENTLIABILITYFEE" TransactionBatchID="1619538293899"/>
    <Transaction CatCode="C" FiscalPeriodEnd="N" LeaID="11868" ReshID="1130" SiteID="4033816" TransAmt="10.00" TransDate="2021-05-01" TransDesc="Resident Liability Compliance Fee (05/2021)" TransName="RESIDENTLIABILITYFEE" TransactionBatchID="1619538293900"/>
    <Transaction CatCode="C" FiscalPeriodEnd="N" LeaID="11843" ReshID="1133" SiteID="4033816" TransAmt="10.00" TransDate="2021-05-01" TransDesc="Resident Liability Compliance Fee (05/2021)" TransName="RESIDENTLIABILITYFEE" TransactionBatchID="1619538293901"/>
    <Transaction CatCode="C" FiscalPeriodEnd="N" LeaID="11852" ReshID="1150" SiteID="4033816" TransAmt="10.00" TransDate="2021-05-01" TransDesc="Resident Liability Compliance Fee (05/2021)" TransName="RESIDENTLIABILITYFEE" TransactionBatchID="1619538293902"/>
    <Transaction CatCode="C" FiscalPeriodEnd="N" LeaID="11915" ReshID="1329" SiteID="4033816" TransAmt="10.00" TransDate="2021-05-01" TransDesc="Resident Liability Compliance Fee (05/2021)" TransName="RESIDENTLIABILITYFEE" TransactionBatchID="1619538293903"/>
    <Transaction CatCode="C" FiscalPeriodEnd="N" LeaID="12148" ReshID="1372" SiteID="4033816" TransAmt="10.00" TransDate="2021-05-01" TransDesc="Resident Liability Compliance Fee (05/2021)" TransName="RESIDENTLIABILITYFEE" TransactionBatchID="1619538293904"/>
    <Transaction CatCode="C" FiscalPeriodEnd="N" LeaID="11984" ReshID="1358" SiteID="4033816" TransAmt="10.00" TransDate="2021-05-01" TransDesc="Resident Liability Compliance Fee (05/2021)" TransName="RESIDENTLIABILITYFEE" TransactionBatchID="1619538293905"/>
    <Transaction CatCode="C" FiscalPeriodEnd="N" LeaID="11896" ReshID="1356" SiteID="4033816" TransAmt="10.00" TransDate="2021-05-01" TransDesc="Resident Liability Compliance Fee (05/2021)" TransName="RESIDENTLIABILITYFEE" TransactionBatchID="1619538293906"/>
    <Transaction CatCode="C" FiscalPeriodEnd="N" LeaID="11897" ReshID="1379" SiteID="4033816" TransAmt="10.00" TransDate="2021-05-01" TransDesc="Resident Liability Compliance Fee (05/2021)" TransName="RESIDENTLIABILITYFEE" TransactionBatchID="1619538293907"/>
    <Transaction CatCode="C" FiscalPeriodEnd="N" LeaID="12073" ReshID="1387" SiteID="4033816" TransAmt="10.00" TransDate="2021-05-01" TransDesc="Resident Liability Compliance Fee (05/2021)" TransName="RESIDENTLIABILITYFEE" TransactionBatchID="1619538293908"/>
    <Transaction CatCode="C" FiscalPeriodEnd="N" LeaID="11895" ReshID="1380" SiteID="4033816" TransAmt="10.00" TransDate="2021-05-01" TransDesc="Resident Liability Compliance Fee (05/2021)" TransName="RESIDENTLIABILITYFEE" TransactionBatchID="1619538293909"/>
    <Transaction CatCode="C" FiscalPeriodEnd="N" LeaID="11996" ReshID="1274" SiteID="4033816" TransAmt="10.00" TransDate="2021-05-01" TransDesc="Resident Liability Compliance Fee (05/2021)" TransName="RESIDENTLIABILITYFEE" TransactionBatchID="1619538293910"/>
    <Transaction CatCode="C" FiscalPeriodEnd="N" LeaID="11971" ReshID="1385" SiteID="4033816" TransAmt="10.00" TransDate="2021-05-01" TransDesc="Resident Liability Compliance Fee (05/2021)" TransName="RESIDENTLIABILITYFEE" TransactionBatchID="1619538293911"/>
    <Transaction CatCode="C" FiscalPeriodEnd="N" LeaID="11959" ReshID="1386" SiteID="4033816" TransAmt="10.00" TransDate="2021-05-01" TransDesc="Resident Liability Compliance Fee (05/2021)" TransName="RESIDENTLIABILITYFEE" TransactionBatchID="1619538293912"/>
    <Transaction CatCode="C" FiscalPeriodEnd="N" LeaID="11952" ReshID="1383" SiteID="4033816" TransAmt="10.00" TransDate="2021-05-01" TransDesc="Resident Liability Compliance Fee (05/2021)" TransName="RESIDENTLIABILITYFEE" TransactionBatchID="1619538293913"/>
    <Transaction CatCode="C" FiscalPeriodEnd="N" LeaID="12022" ReshID="1415" SiteID="4033816" TransAmt="10.00" TransDate="2021-05-01" TransDesc="Resident Liability Compliance Fee (05/2021)" TransName="RESIDENTLIABILITYFEE" TransactionBatchID="1619538293914"/>
    <Transaction CatCode="C" FiscalPeriodEnd="N" LeaID="1817" ReshID="1419" SiteID="4033816" TransAmt="10.00" TransDate="2021-05-01" TransDesc="Resident Liability Compliance Fee (05/2021)" TransName="RESIDENTLIABILITYFEE" TransactionBatchID="1619538293915"/>
    <Transaction CatCode="C" FiscalPeriodEnd="N" LeaID="12064" ReshID="1431" SiteID="4033816" TransAmt="10.00" TransDate="2021-05-01" TransDesc="Resident Liability Compliance Fee (05/2021)" TransName="RESIDENTLIABILITYFEE" TransactionBatchID="1619538293916"/>
    <Transaction CatCode="C" FiscalPeriodEnd="N" LeaID="12035" ReshID="1425" SiteID="4033816" TransAmt="10.00" TransDate="2021-05-01" TransDesc="Resident Liability Compliance Fee (05/2021)" TransName="RESIDENTLIABILITYFEE" TransactionBatchID="1619538293917"/>
    <Transaction CatCode="C" FiscalPeriodEnd="N" LeaID="12062" ReshID="1453" SiteID="4033816" TransAmt="10.00" TransDate="2021-05-01" TransDesc="Resident Liability Compliance Fee (05/2021)" TransName="RESIDENTLIABILITYFEE" TransactionBatchID="1619538293918"/>
    <Transaction CatCode="C" FiscalPeriodEnd="N" LeaID="12124" ReshID="409" SiteID="4033816" TransAmt="10.00" TransDate="2021-05-01" TransDesc="Resident Liability Compliance Fee (05/2021)" TransName="RESIDENTLIABILITYFEE" TransactionBatchID="1619538293919"/>
    <Transaction CatCode="C" FiscalPeriodEnd="N" LeaID="1679" ReshID="1465" SiteID="4033816" TransAmt="10.00" TransDate="2021-05-01" TransDesc="Resident Liability Compliance Fee (05/2021)" TransName="RESIDENTLIABILITYFEE" TransactionBatchID="1619538293920"/>
    <Transaction CatCode="C" FiscalPeriodEnd="N" LeaID="12136" ReshID="1090" SiteID="4033816" TransAmt="10.00" TransDate="2021-05-01" TransDesc="Resident Liability Compliance Fee (05/2021)" TransName="RESIDENTLIABILITYFEE" TransactionBatchID="1619538293921"/>
    <Transaction CatCode="C" FiscalPeriodEnd="N" LeaID="12082" ReshID="1475" SiteID="4033816" TransAmt="10.00" TransDate="2021-05-01" TransDesc="Resident Liability Compliance Fee (05/2021)" TransName="RESIDENTLIABILITYFEE" TransactionBatchID="1619538293922"/>
    <Transaction CatCode="C" FiscalPeriodEnd="N" LeaID="12099" ReshID="1489" SiteID="4033816" TransAmt="10.00" TransDate="2021-05-01" TransDesc="Resident Liability Compliance Fee (05/2021)" TransName="RESIDENTLIABILITYFEE" TransactionBatchID="1619538293923"/>
    <Transaction CatCode="C" FiscalPeriodEnd="N" LeaID="1722" ReshID="1492" SiteID="4033816" TransAmt="10.00" TransDate="2021-05-01" TransDesc="Resident Liability Compliance Fee (05/2021)" TransName="RESIDENTLIABILITYFEE" TransactionBatchID="1619538293924"/>
    <Transaction CatCode="C" FiscalPeriodEnd="N" LeaID="12195" ReshID="1490" SiteID="4033816" TransAmt="10.00" TransDate="2021-05-01" TransDesc="Resident Liability Compliance Fee (05/2021)" TransName="RESIDENTLIABILITYFEE" TransactionBatchID="1619538293925"/>
    <Transaction CatCode="C" FiscalPeriodEnd="N" LeaID="12147" ReshID="1468" SiteID="4033816" TransAmt="10.00" TransDate="2021-05-01" TransDesc="Resident Liability Compliance Fee (05/2021)" TransName="RESIDENTLIABILITYFEE" TransactionBatchID="1619538293926"/>
    <Transaction CatCode="C" FiscalPeriodEnd="N" LeaID="12127" ReshID="1499" SiteID="4033816" TransAmt="10.00" TransDate="2021-05-01" TransDesc="Resident Liability Compliance Fee (05/2021)" TransName="RESIDENTLIABILITYFEE" TransactionBatchID="1619538293927"/>
    <Transaction CatCode="C" FiscalPeriodEnd="N" LeaID="12126" ReshID="1504" SiteID="4033816" TransAmt="10.00" TransDate="2021-05-01" TransDesc="Resident Liability Compliance Fee (05/2021)" TransName="RESIDENTLIABILITYFEE" TransactionBatchID="1619538293928"/>
    <Transaction CatCode="C" FiscalPeriodEnd="N" LeaID="1776" ReshID="1529" SiteID="4033816" TransAmt="10.00" TransDate="2021-05-01" TransDesc="Resident Liability Compliance Fee (05/2021)" TransName="RESIDENTLIABILITYFEE" TransactionBatchID="1619538293929"/>
    <Transaction CatCode="C" FiscalPeriodEnd="N" LeaID="11920" ReshID="1544" SiteID="4033816" TransAmt="10.00" TransDate="2021-05-01" TransDesc="Resident Liability Compliance Fee (05/2021)" TransName="RESIDENTLIABILITYFEE" TransactionBatchID="1619538293930"/>
    <Transaction CatCode="C" FiscalPeriodEnd="N" LeaID="1773" ReshID="1525" SiteID="4033816" TransAmt="10.00" TransDate="2021-05-01" TransDesc="Resident Liability Compliance Fee (05/2021)" TransName="RESIDENTLIABILITYFEE" TransactionBatchID="1619538293931"/>
    <Transaction CatCode="C" FiscalPeriodEnd="N" LeaID="1754" ReshID="1509" SiteID="4033816" TransAmt="10.00" TransDate="2021-05-01" TransDesc="Resident Liability Compliance Fee (05/2021)" TransName="RESIDENTLIABILITYFEE" TransactionBatchID="1619538293932"/>
    <Transaction CatCode="C" FiscalPeriodEnd="N" LeaID="1759" ReshID="1513" SiteID="4033816" TransAmt="10.00" TransDate="2021-05-01" TransDesc="Resident Liability Compliance Fee (05/2021)" TransName="RESIDENTLIABILITYFEE" TransactionBatchID="1619538293933"/>
    <Transaction CatCode="C" FiscalPeriodEnd="N" LeaID="12141" ReshID="1526" SiteID="4033816" TransAmt="10.00" TransDate="2021-05-01" TransDesc="Resident Liability Compliance Fee (05/2021)" TransName="RESIDENTLIABILITYFEE" TransactionBatchID="1619538293934"/>
    <Transaction CatCode="C" FiscalPeriodEnd="N" LeaID="11957" ReshID="1559" SiteID="4033816" TransAmt="10.00" TransDate="2021-05-01" TransDesc="Resident Liability Compliance Fee (05/2021)" TransName="RESIDENTLIABILITYFEE" TransactionBatchID="1619538293935"/>
    <Transaction CatCode="C" FiscalPeriodEnd="N" LeaID="1795" ReshID="1567" SiteID="4033816" TransAmt="10.00" TransDate="2021-05-01" TransDesc="Resident Liability Compliance Fee (05/2021)" TransName="RESIDENTLIABILITYFEE" TransactionBatchID="1619538293936"/>
    <Transaction CatCode="C" FiscalPeriodEnd="N" LeaID="11891" ReshID="1581" SiteID="4033816" TransAmt="10.00" TransDate="2021-05-01" TransDesc="Resident Liability Compliance Fee (05/2021)" TransName="RESIDENTLIABILITYFEE" TransactionBatchID="1619538293937"/>
    <Transaction CatCode="C" FiscalPeriodEnd="N" LeaID="1800" ReshID="1571" SiteID="4033816" TransAmt="10.00" TransDate="2021-05-01" TransDesc="Resident Liability Compliance Fee (05/2021)" TransName="RESIDENTLIABILITYFEE" TransactionBatchID="1619538293938"/>
    <Transaction CatCode="C" FiscalPeriodEnd="N" LeaID="1822" ReshID="1652" SiteID="4033816" TransAmt="10.00" TransDate="2021-05-01" TransDesc="Resident Liability Compliance Fee (05/2021)" TransName="RESIDENTLIABILITYFEE" TransactionBatchID="1619538293939"/>
    <Transaction CatCode="C" FiscalPeriodEnd="N" LeaID="12019" ReshID="1615" SiteID="4033816" TransAmt="10.00" TransDate="2021-05-01" TransDesc="Resident Liability Compliance Fee (05/2021)" TransName="RESIDENTLIABILITYFEE" TransactionBatchID="1619538293940"/>
    <Transaction CatCode="C" FiscalPeriodEnd="N" LeaID="11853" ReshID="11665" SiteID="4033816" TransAmt="10.00" TransDate="2021-05-01" TransDesc="Resident Liability Compliance Fee (05/2021)" TransName="RESIDENTLIABILITYFEE" TransactionBatchID="1619538293941"/>
    <Transaction CatCode="C" FiscalPeriodEnd="N" LeaID="11863" ReshID="11669" SiteID="4033816" TransAmt="10.00" TransDate="2021-05-01" TransDesc="Resident Liability Compliance Fee (05/2021)" TransName="RESIDENTLIABILITYFEE" TransactionBatchID="1619538293942"/>
    <Transaction CatCode="C" FiscalPeriodEnd="N" LeaID="11910" ReshID="11697" SiteID="4033816" TransAmt="10.00" TransDate="2021-05-01" TransDesc="Resident Liability Compliance Fee (05/2021)" TransName="RESIDENTLIABILITYFEE" TransactionBatchID="1619538293943"/>
    <Transaction CatCode="C" FiscalPeriodEnd="N" LeaID="11911" ReshID="11698" SiteID="4033816" TransAmt="10.00" TransDate="2021-05-01" TransDesc="Resident Liability Compliance Fee (05/2021)" TransName="RESIDENTLIABILITYFEE" TransactionBatchID="1619538293944"/>
    <Transaction CatCode="C" FiscalPeriodEnd="N" LeaID="11912" ReshID="11699" SiteID="4033816" TransAmt="10.00" TransDate="2021-05-01" TransDesc="Resident Liability Compliance Fee (05/2021)" TransName="RESIDENTLIABILITYFEE" TransactionBatchID="1619538293945"/>
    <Transaction CatCode="C" FiscalPeriodEnd="N" LeaID="11851" ReshID="11664" SiteID="4033816" TransAmt="10.00" TransDate="2021-05-01" TransDesc="Resident Liability Compliance Fee (05/2021)" TransName="RESIDENTLIABILITYFEE" TransactionBatchID="1619538293946"/>
    <Transaction CatCode="C" FiscalPeriodEnd="N" LeaID="12040" ReshID="976" SiteID="4033816" TransAmt="10.00" TransDate="2021-05-01" TransDesc="Resident Liability Compliance Fee (05/2021)" TransName="RESIDENTLIABILITYFEE" TransactionBatchID="1619538293947"/>
    <Transaction CatCode="C" FiscalPeriodEnd="N" LeaID="11932" ReshID="11728" SiteID="4033816" TransAmt="10.00" TransDate="2021-05-01" TransDesc="Resident Liability Compliance Fee (05/2021)" TransName="RESIDENTLIABILITYFEE" TransactionBatchID="1619538293948"/>
    <Transaction CatCode="C" FiscalPeriodEnd="N" LeaID="11928" ReshID="11724" SiteID="4033816" TransAmt="10.00" TransDate="2021-05-01" TransDesc="Resident Liability Compliance Fee (05/2021)" TransName="RESIDENTLIABILITYFEE" TransactionBatchID="1619538293949"/>
    <Transaction CatCode="C" FiscalPeriodEnd="N" LeaID="12205" ReshID="1407" SiteID="4033816" TransAmt="10.00" TransDate="2021-05-01" TransDesc="Resident Liability Compliance Fee (05/2021)" TransName="RESIDENTLIABILITYFEE" TransactionBatchID="1619538293950"/>
    <Transaction CatCode="C" FiscalPeriodEnd="N" LeaID="11907" ReshID="11695" SiteID="4033816" TransAmt="10.00" TransDate="2021-05-01" TransDesc="Resident Liability Compliance Fee (05/2021)" TransName="RESIDENTLIABILITYFEE" TransactionBatchID="1619538293951"/>
    <Transaction CatCode="C" FiscalPeriodEnd="N" LeaID="11923" ReshID="11718" SiteID="4033816" TransAmt="10.00" TransDate="2021-05-01" TransDesc="Resident Liability Compliance Fee (05/2021)" TransName="RESIDENTLIABILITYFEE" TransactionBatchID="1619538293952"/>
    <Transaction CatCode="C" FiscalPeriodEnd="N" LeaID="1673" ReshID="1457" SiteID="4033816" TransAmt="10.00" TransDate="2021-05-01" TransDesc="Resident Liability Compliance Fee (05/2021)" TransName="RESIDENTLIABILITYFEE" TransactionBatchID="1619538293953"/>
    <Transaction CatCode="C" FiscalPeriodEnd="N" LeaID="11967" ReshID="11745" SiteID="4033816" TransAmt="10.00" TransDate="2021-05-01" TransDesc="Resident Liability Compliance Fee (05/2021)" TransName="RESIDENTLIABILITYFEE" TransactionBatchID="1619538293954"/>
    <Transaction CatCode="C" FiscalPeriodEnd="N" LeaID="11935" ReshID="11731" SiteID="4033816" TransAmt="10.00" TransDate="2021-05-01" TransDesc="Resident Liability Compliance Fee (05/2021)" TransName="RESIDENTLIABILITYFEE" TransactionBatchID="1619538293955"/>
    <Transaction CatCode="C" FiscalPeriodEnd="N" LeaID="11990" ReshID="11759" SiteID="4033816" TransAmt="10.00" TransDate="2021-05-01" TransDesc="Resident Liability Compliance Fee (05/2021)" TransName="RESIDENTLIABILITYFEE" TransactionBatchID="1619538293956"/>
    <Transaction CatCode="C" FiscalPeriodEnd="N" LeaID="12004" ReshID="11767" SiteID="4033816" TransAmt="10.00" TransDate="2021-05-01" TransDesc="Resident Liability Compliance Fee (05/2021)" TransName="RESIDENTLIABILITYFEE" TransactionBatchID="1619538293957"/>
    <Transaction CatCode="C" FiscalPeriodEnd="N" LeaID="11966" ReshID="11740" SiteID="4033816" TransAmt="10.00" TransDate="2021-05-01" TransDesc="Resident Liability Compliance Fee (05/2021)" TransName="RESIDENTLIABILITYFEE" TransactionBatchID="1619538293958"/>
    <Transaction CatCode="C" FiscalPeriodEnd="N" LeaID="12014" ReshID="11776" SiteID="4033816" TransAmt="10.00" TransDate="2021-05-01" TransDesc="Resident Liability Compliance Fee (05/2021)" TransName="RESIDENTLIABILITYFEE" TransactionBatchID="1619538293959"/>
    <Transaction CatCode="C" FiscalPeriodEnd="N" LeaID="12029" ReshID="11785" SiteID="4033816" TransAmt="10.00" TransDate="2021-05-01" TransDesc="Resident Liability Compliance Fee (05/2021)" TransName="RESIDENTLIABILITYFEE" TransactionBatchID="1619538293960"/>
    <Transaction CatCode="C" FiscalPeriodEnd="N" LeaID="12027" ReshID="11783" SiteID="4033816" TransAmt="10.00" TransDate="2021-05-01" TransDesc="Resident Liability Compliance Fee (05/2021)" TransName="RESIDENTLIABILITYFEE" TransactionBatchID="1619538293961"/>
    <Transaction CatCode="C" FiscalPeriodEnd="N" LeaID="12059" ReshID="11799" SiteID="4033816" TransAmt="10.00" TransDate="2021-05-01" TransDesc="Resident Liability Compliance Fee (05/2021)" TransName="RESIDENTLIABILITYFEE" TransactionBatchID="1619538293962"/>
    <Transaction CatCode="C" FiscalPeriodEnd="N" LeaID="12017" ReshID="11778" SiteID="4033816" TransAmt="10.00" TransDate="2021-05-01" TransDesc="Resident Liability Compliance Fee (05/2021)" TransName="RESIDENTLIABILITYFEE" TransactionBatchID="1619538293963"/>
    <Transaction CatCode="C" FiscalPeriodEnd="N" LeaID="12071" ReshID="11805" SiteID="4033816" TransAmt="10.00" TransDate="2021-05-01" TransDesc="Resident Liability Compliance Fee (05/2021)" TransName="RESIDENTLIABILITYFEE" TransactionBatchID="1619538293964"/>
    <Transaction CatCode="C" FiscalPeriodEnd="N" LeaID="12072" ReshID="11809" SiteID="4033816" TransAmt="10.00" TransDate="2021-05-01" TransDesc="Resident Liability Compliance Fee (05/2021)" TransName="RESIDENTLIABILITYFEE" TransactionBatchID="1619538293965"/>
    <Transaction CatCode="C" FiscalPeriodEnd="N" LeaID="12076" ReshID="11810" SiteID="4033816" TransAmt="10.00" TransDate="2021-05-01" TransDesc="Resident Liability Compliance Fee (05/2021)" TransName="RESIDENTLIABILITYFEE" TransactionBatchID="1619538293966"/>
    <Transaction CatCode="C" FiscalPeriodEnd="N" LeaID="12077" ReshID="11811" SiteID="4033816" TransAmt="10.00" TransDate="2021-05-01" TransDesc="Resident Liability Compliance Fee (05/2021)" TransName="RESIDENTLIABILITYFEE" TransactionBatchID="1619538293967"/>
    <Transaction CatCode="C" FiscalPeriodEnd="N" LeaID="12025" ReshID="11781" SiteID="4033816" TransAmt="10.00" TransDate="2021-05-01" TransDesc="Resident Liability Compliance Fee (05/2021)" TransName="RESIDENTLIABILITYFEE" TransactionBatchID="1619538293968"/>
    <Transaction CatCode="C" FiscalPeriodEnd="N" LeaID="12026" ReshID="11782" SiteID="4033816" TransAmt="10.00" TransDate="2021-05-01" TransDesc="Resident Liability Compliance Fee (05/2021)" TransName="RESIDENTLIABILITYFEE" TransactionBatchID="1619538293969"/>
    <Transaction CatCode="C" FiscalPeriodEnd="N" LeaID="12039" ReshID="11792" SiteID="4033816" TransAmt="10.00" TransDate="2021-05-01" TransDesc="Resident Liability Compliance Fee (05/2021)" TransName="RESIDENTLIABILITYFEE" TransactionBatchID="1619538293970"/>
    <Transaction CatCode="C" FiscalPeriodEnd="N" LeaID="12060" ReshID="11800" SiteID="4033816" TransAmt="10.00" TransDate="2021-05-01" TransDesc="Resident Liability Compliance Fee (05/2021)" TransName="RESIDENTLIABILITYFEE" TransactionBatchID="1619538293971"/>
    <Transaction CatCode="C" FiscalPeriodEnd="N" LeaID="12078" ReshID="11812" SiteID="4033816" TransAmt="10.00" TransDate="2021-05-01" TransDesc="Resident Liability Compliance Fee (05/2021)" TransName="RESIDENTLIABILITYFEE" TransactionBatchID="1619538293972"/>
    <Transaction CatCode="C" FiscalPeriodEnd="N" LeaID="12151" ReshID="11817" SiteID="4033816" TransAmt="10.00" TransDate="2021-05-01" TransDesc="Resident Liability Compliance Fee (05/2021)" TransName="RESIDENTLIABILITYFEE" TransactionBatchID="1619538293973"/>
    <Transaction CatCode="C" FiscalPeriodEnd="N" LeaID="12093" ReshID="11821" SiteID="4033816" TransAmt="10.00" TransDate="2021-05-01" TransDesc="Resident Liability Compliance Fee (05/2021)" TransName="RESIDENTLIABILITYFEE" TransactionBatchID="1619538293974"/>
    <Transaction CatCode="C" FiscalPeriodEnd="N" LeaID="12061" ReshID="11801" SiteID="4033816" TransAmt="10.00" TransDate="2021-05-01" TransDesc="Resident Liability Compliance Fee (05/2021)" TransName="RESIDENTLIABILITYFEE" TransactionBatchID="1619538293975"/>
    <Transaction CatCode="C" FiscalPeriodEnd="N" LeaID="12120" ReshID="11834" SiteID="4033816" TransAmt="10.00" TransDate="2021-05-01" TransDesc="Resident Liability Compliance Fee (05/2021)" TransName="RESIDENTLIABILITYFEE" TransactionBatchID="1619538293976"/>
    <Transaction CatCode="C" FiscalPeriodEnd="N" LeaID="12108" ReshID="11826" SiteID="4033816" TransAmt="10.00" TransDate="2021-05-01" TransDesc="Resident Liability Compliance Fee (05/2021)" TransName="RESIDENTLIABILITYFEE" TransactionBatchID="1619538293977"/>
    <Transaction CatCode="C" FiscalPeriodEnd="N" LeaID="12114" ReshID="11831" SiteID="4033816" TransAmt="10.00" TransDate="2021-05-01" TransDesc="Resident Liability Compliance Fee (05/2021)" TransName="RESIDENTLIABILITYFEE" TransactionBatchID="1619538293978"/>
    <Transaction CatCode="C" FiscalPeriodEnd="N" LeaID="12135" ReshID="11855" SiteID="4033816" TransAmt="10.00" TransDate="2021-05-01" TransDesc="Resident Liability Compliance Fee (05/2021)" TransName="RESIDENTLIABILITYFEE" TransactionBatchID="1619538293979"/>
    <Transaction CatCode="C" FiscalPeriodEnd="N" LeaID="12125" ReshID="11838" SiteID="4033816" TransAmt="10.00" TransDate="2021-05-01" TransDesc="Resident Liability Compliance Fee (05/2021)" TransName="RESIDENTLIABILITYFEE" TransactionBatchID="1619538293980"/>
    <Transaction CatCode="C" FiscalPeriodEnd="N" LeaID="12130" ReshID="11841" SiteID="4033816" TransAmt="10.00" TransDate="2021-05-01" TransDesc="Resident Liability Compliance Fee (05/2021)" TransName="RESIDENTLIABILITYFEE" TransactionBatchID="1619538293981"/>
    <Transaction CatCode="C" FiscalPeriodEnd="N" LeaID="12090" ReshID="11819" SiteID="4033816" TransAmt="10.00" TransDate="2021-05-01" TransDesc="Resident Liability Compliance Fee (05/2021)" TransName="RESIDENTLIABILITYFEE" TransactionBatchID="1619538293982"/>
    <Transaction CatCode="C" FiscalPeriodEnd="N" LeaID="12111" ReshID="11828" SiteID="4033816" TransAmt="10.00" TransDate="2021-05-01" TransDesc="Resident Liability Compliance Fee (05/2021)" TransName="RESIDENTLIABILITYFEE" TransactionBatchID="1619538293983"/>
    <Transaction CatCode="C" FiscalPeriodEnd="N" LeaID="11931" ReshID="11726" SiteID="4033816" TransAmt="10.00" TransDate="2021-05-01" TransDesc="Resident Liability Compliance Fee (05/2021)" TransName="RESIDENTLIABILITYFEE" TransactionBatchID="1619538293984"/>
    <Transaction CatCode="C" FiscalPeriodEnd="N" LeaID="12155" ReshID="11869" SiteID="4033816" TransAmt="10.00" TransDate="2021-05-01" TransDesc="Resident Liability Compliance Fee (05/2021)" TransName="RESIDENTLIABILITYFEE" TransactionBatchID="1619538293985"/>
    <Transaction CatCode="C" FiscalPeriodEnd="N" LeaID="12094" ReshID="11822" SiteID="4033816" TransAmt="10.00" TransDate="2021-05-01" TransDesc="Resident Liability Compliance Fee (05/2021)" TransName="RESIDENTLIABILITYFEE" TransactionBatchID="1619538293986"/>
    <Transaction CatCode="C" FiscalPeriodEnd="N" LeaID="12152" ReshID="11863" SiteID="4033816" TransAmt="10.00" TransDate="2021-05-01" TransDesc="Resident Liability Compliance Fee (05/2021)" TransName="RESIDENTLIABILITYFEE" TransactionBatchID="1619538293987"/>
    <Transaction CatCode="C" FiscalPeriodEnd="N" LeaID="1685" ReshID="1471" SiteID="4033816" TransAmt="10.00" TransDate="2021-05-01" TransDesc="Resident Liability Compliance Fee (05/2021)" TransName="RESIDENTLIABILITYFEE" TransactionBatchID="1619538293988"/>
    <Transaction CatCode="C" FiscalPeriodEnd="N" LeaID="12119" ReshID="11833" SiteID="4033816" TransAmt="10.00" TransDate="2021-05-01" TransDesc="Resident Liability Compliance Fee (05/2021)" TransName="RESIDENTLIABILITYFEE" TransactionBatchID="1619538293989"/>
    <Transaction CatCode="C" FiscalPeriodEnd="N" LeaID="12169" ReshID="11880" SiteID="4033816" TransAmt="10.00" TransDate="2021-05-01" TransDesc="Resident Liability Compliance Fee (05/2021)" TransName="RESIDENTLIABILITYFEE" TransactionBatchID="1619538293990"/>
    <Transaction CatCode="C" FiscalPeriodEnd="N" LeaID="12028" ReshID="11784" SiteID="4033816" TransAmt="10.00" TransDate="2021-05-01" TransDesc="Resident Liability Compliance Fee (05/2021)" TransName="RESIDENTLIABILITYFEE" TransactionBatchID="1619538293991"/>
    <Transaction CatCode="C" FiscalPeriodEnd="N" LeaID="12182" ReshID="11890" SiteID="4033816" TransAmt="10.00" TransDate="2021-05-01" TransDesc="Resident Liability Compliance Fee (05/2021)" TransName="RESIDENTLIABILITYFEE" TransactionBatchID="1619538293992"/>
    <Transaction CatCode="C" FiscalPeriodEnd="N" LeaID="12142" ReshID="11860" SiteID="4033816" TransAmt="10.00" TransDate="2021-05-01" TransDesc="Resident Liability Compliance Fee (05/2021)" TransName="RESIDENTLIABILITYFEE" TransactionBatchID="1619538293993"/>
    <Transaction CatCode="C" FiscalPeriodEnd="N" LeaID="12209" ReshID="11905" SiteID="4033816" TransAmt="10.00" TransDate="2021-05-01" TransDesc="Resident Liability Compliance Fee (05/2021)" TransName="RESIDENTLIABILITYFEE" TransactionBatchID="1619538293994"/>
    <Transaction CatCode="C" FiscalPeriodEnd="N" LeaID="12219" ReshID="11910" SiteID="4033816" TransAmt="10.00" TransDate="2021-05-01" TransDesc="Resident Liability Compliance Fee (05/2021)" TransName="RESIDENTLIABILITYFEE" TransactionBatchID="1619538293995"/>
    <Transaction CatCode="C" FiscalPeriodEnd="N" LeaID="12153" ReshID="11867" SiteID="4033816" TransAmt="10.00" TransDate="2021-05-01" TransDesc="Resident Liability Compliance Fee (05/2021)" TransName="RESIDENTLIABILITYFEE" TransactionBatchID="1619538293996"/>
    <Transaction CatCode="C" FiscalPeriodEnd="N" LeaID="12231" ReshID="11919" SiteID="4033816" TransAmt="10.00" TransDate="2021-05-01" TransDesc="Resident Liability Compliance Fee (05/2021)" TransName="RESIDENTLIABILITYFEE" TransactionBatchID="1619538293997"/>
    <Transaction CatCode="C" FiscalPeriodEnd="N" LeaID="12202" ReshID="11904" SiteID="4033816" TransAmt="10.00" TransDate="2021-05-01" TransDesc="Resident Liability Compliance Fee (05/2021)" TransName="RESIDENTLIABILITYFEE" TransactionBatchID="1619538293998"/>
    <Transaction CatCode="C" FiscalPeriodEnd="N" LeaID="12241" ReshID="11924" SiteID="4033816" TransAmt="10.00" TransDate="2021-05-01" TransDesc="Resident Liability Compliance Fee (05/2021)" TransName="RESIDENTLIABILITYFEE" TransactionBatchID="1619538293999"/>
</TransactionList>
