<TransactionList>
    <Validation>
        <Audit Count="113" Node="Transaction" Sum="1130.00"/>
    </Validation>
    <Transaction CatCode="C" FiscalPeriodEnd="N" LeaID="22107" ReshID="38" SiteID="4036623" TransAmt="10.00" TransDate="2021-05-01" TransDesc="Resident Liability Compliance Fee (05/2021)" TransName="RESIDENTLIABILITYFEE" TransactionBatchID="1619538296495"/>
    <Transaction CatCode="C" FiscalPeriodEnd="N" LeaID="32457" ReshID="44" SiteID="4036623" TransAmt="10.00" TransDate="2021-05-01" TransDesc="Resident Liability Compliance Fee (05/2021)" TransName="RESIDENTLIABILITYFEE" TransactionBatchID="1619538296496"/>
    <Transaction CatCode="C" FiscalPeriodEnd="N" LeaID="21384" ReshID="102" SiteID="4036623" TransAmt="10.00" TransDate="2021-05-01" TransDesc="Resident Liability Compliance Fee (05/2021)" TransName="RESIDENTLIABILITYFEE" TransactionBatchID="1619538296497"/>
    <Transaction CatCode="C" FiscalPeriodEnd="N" LeaID="22047" ReshID="165" SiteID="4036623" TransAmt="10.00" TransDate="2021-05-01" TransDesc="Resident Liability Compliance Fee (05/2021)" TransName="RESIDENTLIABILITYFEE" TransactionBatchID="1619538296498"/>
    <Transaction CatCode="C" FiscalPeriodEnd="N" LeaID="32296" ReshID="179" SiteID="4036623" TransAmt="10.00" TransDate="2021-05-01" TransDesc="Resident Liability Compliance Fee (05/2021)" TransName="RESIDENTLIABILITYFEE" TransactionBatchID="1619538296499"/>
    <Transaction CatCode="C" FiscalPeriodEnd="N" LeaID="32269" ReshID="193" SiteID="4036623" TransAmt="10.00" TransDate="2021-05-01" TransDesc="Resident Liability Compliance Fee (05/2021)" TransName="RESIDENTLIABILITYFEE" TransactionBatchID="1619538296500"/>
    <Transaction CatCode="C" FiscalPeriodEnd="N" LeaID="22229" ReshID="198" SiteID="4036623" TransAmt="10.00" TransDate="2021-05-01" TransDesc="Resident Liability Compliance Fee (05/2021)" TransName="RESIDENTLIABILITYFEE" TransactionBatchID="1619538296501"/>
    <Transaction CatCode="C" FiscalPeriodEnd="N" LeaID="32366" ReshID="243" SiteID="4036623" TransAmt="10.00" TransDate="2021-05-01" TransDesc="Resident Liability Compliance Fee (05/2021)" TransName="RESIDENTLIABILITYFEE" TransactionBatchID="1619538296502"/>
    <Transaction CatCode="C" FiscalPeriodEnd="N" LeaID="22216" ReshID="162" SiteID="4036623" TransAmt="10.00" TransDate="2021-05-01" TransDesc="Resident Liability Compliance Fee (05/2021)" TransName="RESIDENTLIABILITYFEE" TransactionBatchID="1619538296503"/>
    <Transaction CatCode="C" FiscalPeriodEnd="N" LeaID="32351" ReshID="454" SiteID="4036623" TransAmt="10.00" TransDate="2021-05-01" TransDesc="Resident Liability Compliance Fee (05/2021)" TransName="RESIDENTLIABILITYFEE" TransactionBatchID="1619538296504"/>
    <Transaction CatCode="C" FiscalPeriodEnd="N" LeaID="32374" ReshID="458" SiteID="4036623" TransAmt="10.00" TransDate="2021-05-01" TransDesc="Resident Liability Compliance Fee (05/2021)" TransName="RESIDENTLIABILITYFEE" TransactionBatchID="1619538296505"/>
    <Transaction CatCode="C" FiscalPeriodEnd="N" LeaID="32300" ReshID="469" SiteID="4036623" TransAmt="10.00" TransDate="2021-05-01" TransDesc="Resident Liability Compliance Fee (05/2021)" TransName="RESIDENTLIABILITYFEE" TransactionBatchID="1619538296506"/>
    <Transaction CatCode="C" FiscalPeriodEnd="N" LeaID="22210" ReshID="622" SiteID="4036623" TransAmt="10.00" TransDate="2021-05-01" TransDesc="Resident Liability Compliance Fee (05/2021)" TransName="RESIDENTLIABILITYFEE" TransactionBatchID="1619538296507"/>
    <Transaction CatCode="C" FiscalPeriodEnd="N" LeaID="22175" ReshID="654" SiteID="4036623" TransAmt="10.00" TransDate="2021-05-01" TransDesc="Resident Liability Compliance Fee (05/2021)" TransName="RESIDENTLIABILITYFEE" TransactionBatchID="1619538296508"/>
    <Transaction CatCode="C" FiscalPeriodEnd="N" LeaID="22246" ReshID="660" SiteID="4036623" TransAmt="10.00" TransDate="2021-05-01" TransDesc="Resident Liability Compliance Fee (05/2021)" TransName="RESIDENTLIABILITYFEE" TransactionBatchID="1619538296509"/>
    <Transaction CatCode="C" FiscalPeriodEnd="N" LeaID="22018" ReshID="720" SiteID="4036623" TransAmt="10.00" TransDate="2021-05-01" TransDesc="Resident Liability Compliance Fee (05/2021)" TransName="RESIDENTLIABILITYFEE" TransactionBatchID="1619538296510"/>
    <Transaction CatCode="C" FiscalPeriodEnd="N" LeaID="32413" ReshID="727" SiteID="4036623" TransAmt="10.00" TransDate="2021-05-01" TransDesc="Resident Liability Compliance Fee (05/2021)" TransName="RESIDENTLIABILITYFEE" TransactionBatchID="1619538296511"/>
    <Transaction CatCode="C" FiscalPeriodEnd="N" LeaID="32420" ReshID="728" SiteID="4036623" TransAmt="10.00" TransDate="2021-05-01" TransDesc="Resident Liability Compliance Fee (05/2021)" TransName="RESIDENTLIABILITYFEE" TransactionBatchID="1619538296512"/>
    <Transaction CatCode="C" FiscalPeriodEnd="N" LeaID="22242" ReshID="755" SiteID="4036623" TransAmt="10.00" TransDate="2021-05-01" TransDesc="Resident Liability Compliance Fee (05/2021)" TransName="RESIDENTLIABILITYFEE" TransactionBatchID="1619538296513"/>
    <Transaction CatCode="C" FiscalPeriodEnd="N" LeaID="32311" ReshID="767" SiteID="4036623" TransAmt="10.00" TransDate="2021-05-01" TransDesc="Resident Liability Compliance Fee (05/2021)" TransName="RESIDENTLIABILITYFEE" TransactionBatchID="1619538296514"/>
    <Transaction CatCode="C" FiscalPeriodEnd="N" LeaID="21997" ReshID="770" SiteID="4036623" TransAmt="10.00" TransDate="2021-05-01" TransDesc="Resident Liability Compliance Fee (05/2021)" TransName="RESIDENTLIABILITYFEE" TransactionBatchID="1619538296515"/>
    <Transaction CatCode="C" FiscalPeriodEnd="N" LeaID="22019" ReshID="771" SiteID="4036623" TransAmt="10.00" TransDate="2021-05-01" TransDesc="Resident Liability Compliance Fee (05/2021)" TransName="RESIDENTLIABILITYFEE" TransactionBatchID="1619538296516"/>
    <Transaction CatCode="C" FiscalPeriodEnd="N" LeaID="32467" ReshID="823" SiteID="4036623" TransAmt="10.00" TransDate="2021-05-01" TransDesc="Resident Liability Compliance Fee (05/2021)" TransName="RESIDENTLIABILITYFEE" TransactionBatchID="1619538296517"/>
    <Transaction CatCode="C" FiscalPeriodEnd="N" LeaID="21961" ReshID="844" SiteID="4036623" TransAmt="10.00" TransDate="2021-05-01" TransDesc="Resident Liability Compliance Fee (05/2021)" TransName="RESIDENTLIABILITYFEE" TransactionBatchID="1619538296518"/>
    <Transaction CatCode="C" FiscalPeriodEnd="N" LeaID="22178" ReshID="845" SiteID="4036623" TransAmt="10.00" TransDate="2021-05-01" TransDesc="Resident Liability Compliance Fee (05/2021)" TransName="RESIDENTLIABILITYFEE" TransactionBatchID="1619538296519"/>
    <Transaction CatCode="C" FiscalPeriodEnd="N" LeaID="22148" ReshID="855" SiteID="4036623" TransAmt="10.00" TransDate="2021-05-01" TransDesc="Resident Liability Compliance Fee (05/2021)" TransName="RESIDENTLIABILITYFEE" TransactionBatchID="1619538296520"/>
    <Transaction CatCode="C" FiscalPeriodEnd="N" LeaID="22158" ReshID="866" SiteID="4036623" TransAmt="10.00" TransDate="2021-05-01" TransDesc="Resident Liability Compliance Fee (05/2021)" TransName="RESIDENTLIABILITYFEE" TransactionBatchID="1619538296521"/>
    <Transaction CatCode="C" FiscalPeriodEnd="N" LeaID="22136" ReshID="881" SiteID="4036623" TransAmt="10.00" TransDate="2021-05-01" TransDesc="Resident Liability Compliance Fee (05/2021)" TransName="RESIDENTLIABILITYFEE" TransactionBatchID="1619538296522"/>
    <Transaction CatCode="C" FiscalPeriodEnd="N" LeaID="22142" ReshID="901" SiteID="4036623" TransAmt="10.00" TransDate="2021-05-01" TransDesc="Resident Liability Compliance Fee (05/2021)" TransName="RESIDENTLIABILITYFEE" TransactionBatchID="1619538296523"/>
    <Transaction CatCode="C" FiscalPeriodEnd="N" LeaID="22184" ReshID="914" SiteID="4036623" TransAmt="10.00" TransDate="2021-05-01" TransDesc="Resident Liability Compliance Fee (05/2021)" TransName="RESIDENTLIABILITYFEE" TransactionBatchID="1619538296524"/>
    <Transaction CatCode="C" FiscalPeriodEnd="N" LeaID="32298" ReshID="981" SiteID="4036623" TransAmt="10.00" TransDate="2021-05-01" TransDesc="Resident Liability Compliance Fee (05/2021)" TransName="RESIDENTLIABILITYFEE" TransactionBatchID="1619538296525"/>
    <Transaction CatCode="C" FiscalPeriodEnd="N" LeaID="32375" ReshID="1035" SiteID="4036623" TransAmt="10.00" TransDate="2021-05-01" TransDesc="Resident Liability Compliance Fee (05/2021)" TransName="RESIDENTLIABILITYFEE" TransactionBatchID="1619538296526"/>
    <Transaction CatCode="C" FiscalPeriodEnd="N" LeaID="32407" ReshID="1060" SiteID="4036623" TransAmt="10.00" TransDate="2021-05-01" TransDesc="Resident Liability Compliance Fee (05/2021)" TransName="RESIDENTLIABILITYFEE" TransactionBatchID="1619538296527"/>
    <Transaction CatCode="C" FiscalPeriodEnd="N" LeaID="32400" ReshID="1080" SiteID="4036623" TransAmt="10.00" TransDate="2021-05-01" TransDesc="Resident Liability Compliance Fee (05/2021)" TransName="RESIDENTLIABILITYFEE" TransactionBatchID="1619538296528"/>
    <Transaction CatCode="C" FiscalPeriodEnd="N" LeaID="22054" ReshID="1098" SiteID="4036623" TransAmt="10.00" TransDate="2021-05-01" TransDesc="Resident Liability Compliance Fee (05/2021)" TransName="RESIDENTLIABILITYFEE" TransactionBatchID="1619538296529"/>
    <Transaction CatCode="C" FiscalPeriodEnd="N" LeaID="32402" ReshID="1029" SiteID="4036623" TransAmt="10.00" TransDate="2021-05-01" TransDesc="Resident Liability Compliance Fee (05/2021)" TransName="RESIDENTLIABILITYFEE" TransactionBatchID="1619538296530"/>
    <Transaction CatCode="C" FiscalPeriodEnd="N" LeaID="22055" ReshID="1128" SiteID="4036623" TransAmt="10.00" TransDate="2021-05-01" TransDesc="Resident Liability Compliance Fee (05/2021)" TransName="RESIDENTLIABILITYFEE" TransactionBatchID="1619538296531"/>
    <Transaction CatCode="C" FiscalPeriodEnd="N" LeaID="32274" ReshID="1132" SiteID="4036623" TransAmt="10.00" TransDate="2021-05-01" TransDesc="Resident Liability Compliance Fee (05/2021)" TransName="RESIDENTLIABILITYFEE" TransactionBatchID="1619538296532"/>
    <Transaction CatCode="C" FiscalPeriodEnd="N" LeaID="22090" ReshID="1138" SiteID="4036623" TransAmt="10.00" TransDate="2021-05-01" TransDesc="Resident Liability Compliance Fee (05/2021)" TransName="RESIDENTLIABILITYFEE" TransactionBatchID="1619538296533"/>
    <Transaction CatCode="C" FiscalPeriodEnd="N" LeaID="22072" ReshID="1139" SiteID="4036623" TransAmt="10.00" TransDate="2021-05-01" TransDesc="Resident Liability Compliance Fee (05/2021)" TransName="RESIDENTLIABILITYFEE" TransactionBatchID="1619538296534"/>
    <Transaction CatCode="C" FiscalPeriodEnd="N" LeaID="22078" ReshID="1162" SiteID="4036623" TransAmt="10.00" TransDate="2021-05-01" TransDesc="Resident Liability Compliance Fee (05/2021)" TransName="RESIDENTLIABILITYFEE" TransactionBatchID="1619538296535"/>
    <Transaction CatCode="C" FiscalPeriodEnd="N" LeaID="22051" ReshID="519" SiteID="4036623" TransAmt="10.00" TransDate="2021-05-01" TransDesc="Resident Liability Compliance Fee (05/2021)" TransName="RESIDENTLIABILITYFEE" TransactionBatchID="1619538296536"/>
    <Transaction CatCode="C" FiscalPeriodEnd="N" LeaID="22191" ReshID="1131" SiteID="4036623" TransAmt="10.00" TransDate="2021-05-01" TransDesc="Resident Liability Compliance Fee (05/2021)" TransName="RESIDENTLIABILITYFEE" TransactionBatchID="1619538296537"/>
    <Transaction CatCode="C" FiscalPeriodEnd="N" LeaID="22071" ReshID="195" SiteID="4036623" TransAmt="10.00" TransDate="2021-05-01" TransDesc="Resident Liability Compliance Fee (05/2021)" TransName="RESIDENTLIABILITYFEE" TransactionBatchID="1619538296538"/>
    <Transaction CatCode="C" FiscalPeriodEnd="N" LeaID="22008" ReshID="760" SiteID="4036623" TransAmt="10.00" TransDate="2021-05-01" TransDesc="Resident Liability Compliance Fee (05/2021)" TransName="RESIDENTLIABILITYFEE" TransactionBatchID="1619538296539"/>
    <Transaction CatCode="C" FiscalPeriodEnd="N" LeaID="22095" ReshID="253" SiteID="4036623" TransAmt="10.00" TransDate="2021-05-01" TransDesc="Resident Liability Compliance Fee (05/2021)" TransName="RESIDENTLIABILITYFEE" TransactionBatchID="1619538296540"/>
    <Transaction CatCode="C" FiscalPeriodEnd="N" LeaID="22050" ReshID="787" SiteID="4036623" TransAmt="10.00" TransDate="2021-05-01" TransDesc="Resident Liability Compliance Fee (05/2021)" TransName="RESIDENTLIABILITYFEE" TransactionBatchID="1619538296541"/>
    <Transaction CatCode="C" FiscalPeriodEnd="N" LeaID="22043" ReshID="809" SiteID="4036623" TransAmt="10.00" TransDate="2021-05-01" TransDesc="Resident Liability Compliance Fee (05/2021)" TransName="RESIDENTLIABILITYFEE" TransactionBatchID="1619538296542"/>
    <Transaction CatCode="C" FiscalPeriodEnd="N" LeaID="22093" ReshID="889" SiteID="4036623" TransAmt="10.00" TransDate="2021-05-01" TransDesc="Resident Liability Compliance Fee (05/2021)" TransName="RESIDENTLIABILITYFEE" TransactionBatchID="1619538296543"/>
    <Transaction CatCode="C" FiscalPeriodEnd="N" LeaID="32450" ReshID="1148" SiteID="4036623" TransAmt="10.00" TransDate="2021-05-01" TransDesc="Resident Liability Compliance Fee (05/2021)" TransName="RESIDENTLIABILITYFEE" TransactionBatchID="1619538296544"/>
    <Transaction CatCode="C" FiscalPeriodEnd="N" LeaID="22046" ReshID="1163" SiteID="4036623" TransAmt="10.00" TransDate="2021-05-01" TransDesc="Resident Liability Compliance Fee (05/2021)" TransName="RESIDENTLIABILITYFEE" TransactionBatchID="1619538296545"/>
    <Transaction CatCode="C" FiscalPeriodEnd="N" LeaID="22052" ReshID="1164" SiteID="4036623" TransAmt="10.00" TransDate="2021-05-01" TransDesc="Resident Liability Compliance Fee (05/2021)" TransName="RESIDENTLIABILITYFEE" TransactionBatchID="1619538296546"/>
    <Transaction CatCode="C" FiscalPeriodEnd="N" LeaID="22086" ReshID="1166" SiteID="4036623" TransAmt="10.00" TransDate="2021-05-01" TransDesc="Resident Liability Compliance Fee (05/2021)" TransName="RESIDENTLIABILITYFEE" TransactionBatchID="1619538296547"/>
    <Transaction CatCode="C" FiscalPeriodEnd="N" LeaID="22065" ReshID="1189" SiteID="4036623" TransAmt="10.00" TransDate="2021-05-01" TransDesc="Resident Liability Compliance Fee (05/2021)" TransName="RESIDENTLIABILITYFEE" TransactionBatchID="1619538296548"/>
    <Transaction CatCode="C" FiscalPeriodEnd="N" LeaID="22077" ReshID="1152" SiteID="4036623" TransAmt="10.00" TransDate="2021-05-01" TransDesc="Resident Liability Compliance Fee (05/2021)" TransName="RESIDENTLIABILITYFEE" TransactionBatchID="1619538296549"/>
    <Transaction CatCode="C" FiscalPeriodEnd="N" LeaID="22125" ReshID="850" SiteID="4036623" TransAmt="10.00" TransDate="2021-05-01" TransDesc="Resident Liability Compliance Fee (05/2021)" TransName="RESIDENTLIABILITYFEE" TransactionBatchID="1619538296550"/>
    <Transaction CatCode="C" FiscalPeriodEnd="N" LeaID="32438" ReshID="1212" SiteID="4036623" TransAmt="10.00" TransDate="2021-05-01" TransDesc="Resident Liability Compliance Fee (05/2021)" TransName="RESIDENTLIABILITYFEE" TransactionBatchID="1619538296551"/>
    <Transaction CatCode="C" FiscalPeriodEnd="N" LeaID="22195" ReshID="1227" SiteID="4036623" TransAmt="10.00" TransDate="2021-05-01" TransDesc="Resident Liability Compliance Fee (05/2021)" TransName="RESIDENTLIABILITYFEE" TransactionBatchID="1619538296552"/>
    <Transaction CatCode="C" FiscalPeriodEnd="N" LeaID="32284" ReshID="1287" SiteID="4036623" TransAmt="10.00" TransDate="2021-05-01" TransDesc="Resident Liability Compliance Fee (05/2021)" TransName="RESIDENTLIABILITYFEE" TransactionBatchID="1619538296553"/>
    <Transaction CatCode="C" FiscalPeriodEnd="N" LeaID="32383" ReshID="1312" SiteID="4036623" TransAmt="10.00" TransDate="2021-05-01" TransDesc="Resident Liability Compliance Fee (05/2021)" TransName="RESIDENTLIABILITYFEE" TransactionBatchID="1619538296554"/>
    <Transaction CatCode="C" FiscalPeriodEnd="N" LeaID="32294" ReshID="1256" SiteID="4036623" TransAmt="10.00" TransDate="2021-05-01" TransDesc="Resident Liability Compliance Fee (05/2021)" TransName="RESIDENTLIABILITYFEE" TransactionBatchID="1619538296555"/>
    <Transaction CatCode="C" FiscalPeriodEnd="N" LeaID="32357" ReshID="1326" SiteID="4036623" TransAmt="10.00" TransDate="2021-05-01" TransDesc="Resident Liability Compliance Fee (05/2021)" TransName="RESIDENTLIABILITYFEE" TransactionBatchID="1619538296556"/>
    <Transaction CatCode="C" FiscalPeriodEnd="N" LeaID="32301" ReshID="1327" SiteID="4036623" TransAmt="10.00" TransDate="2021-05-01" TransDesc="Resident Liability Compliance Fee (05/2021)" TransName="RESIDENTLIABILITYFEE" TransactionBatchID="1619538296557"/>
    <Transaction CatCode="C" FiscalPeriodEnd="N" LeaID="32313" ReshID="1324" SiteID="4036623" TransAmt="10.00" TransDate="2021-05-01" TransDesc="Resident Liability Compliance Fee (05/2021)" TransName="RESIDENTLIABILITYFEE" TransactionBatchID="1619538296558"/>
    <Transaction CatCode="C" FiscalPeriodEnd="N" LeaID="32403" ReshID="1346" SiteID="4036623" TransAmt="10.00" TransDate="2021-05-01" TransDesc="Resident Liability Compliance Fee (05/2021)" TransName="RESIDENTLIABILITYFEE" TransactionBatchID="1619538296559"/>
    <Transaction CatCode="C" FiscalPeriodEnd="N" LeaID="32433" ReshID="1351" SiteID="4036623" TransAmt="10.00" TransDate="2021-05-01" TransDesc="Resident Liability Compliance Fee (05/2021)" TransName="RESIDENTLIABILITYFEE" TransactionBatchID="1619538296560"/>
    <Transaction CatCode="C" FiscalPeriodEnd="N" LeaID="32431" ReshID="1330" SiteID="4036623" TransAmt="10.00" TransDate="2021-05-01" TransDesc="Resident Liability Compliance Fee (05/2021)" TransName="RESIDENTLIABILITYFEE" TransactionBatchID="1619538296561"/>
    <Transaction CatCode="C" FiscalPeriodEnd="N" LeaID="32444" ReshID="1372" SiteID="4036623" TransAmt="10.00" TransDate="2021-05-01" TransDesc="Resident Liability Compliance Fee (05/2021)" TransName="RESIDENTLIABILITYFEE" TransactionBatchID="1619538296562"/>
    <Transaction CatCode="C" FiscalPeriodEnd="N" LeaID="32404" ReshID="1386" SiteID="4036623" TransAmt="10.00" TransDate="2021-05-01" TransDesc="Resident Liability Compliance Fee (05/2021)" TransName="RESIDENTLIABILITYFEE" TransactionBatchID="1619538296563"/>
    <Transaction CatCode="C" FiscalPeriodEnd="N" LeaID="21940" ReshID="1357" SiteID="4036623" TransAmt="10.00" TransDate="2021-05-01" TransDesc="Resident Liability Compliance Fee (05/2021)" TransName="RESIDENTLIABILITYFEE" TransactionBatchID="1619538296564"/>
    <Transaction CatCode="C" FiscalPeriodEnd="N" LeaID="32353" ReshID="1408" SiteID="4036623" TransAmt="10.00" TransDate="2021-05-01" TransDesc="Resident Liability Compliance Fee (05/2021)" TransName="RESIDENTLIABILITYFEE" TransactionBatchID="1619538296565"/>
    <Transaction CatCode="C" FiscalPeriodEnd="N" LeaID="22041" ReshID="1400" SiteID="4036623" TransAmt="10.00" TransDate="2021-05-01" TransDesc="Resident Liability Compliance Fee (05/2021)" TransName="RESIDENTLIABILITYFEE" TransactionBatchID="1619538296566"/>
    <Transaction CatCode="C" FiscalPeriodEnd="N" LeaID="21945" ReshID="1360" SiteID="4036623" TransAmt="10.00" TransDate="2021-05-01" TransDesc="Resident Liability Compliance Fee (05/2021)" TransName="RESIDENTLIABILITYFEE" TransactionBatchID="1619538296567"/>
    <Transaction CatCode="C" FiscalPeriodEnd="N" LeaID="22062" ReshID="1404" SiteID="4036623" TransAmt="10.00" TransDate="2021-05-01" TransDesc="Resident Liability Compliance Fee (05/2021)" TransName="RESIDENTLIABILITYFEE" TransactionBatchID="1619538296568"/>
    <Transaction CatCode="C" FiscalPeriodEnd="N" LeaID="22083" ReshID="1414" SiteID="4036623" TransAmt="10.00" TransDate="2021-05-01" TransDesc="Resident Liability Compliance Fee (05/2021)" TransName="RESIDENTLIABILITYFEE" TransactionBatchID="1619538296569"/>
    <Transaction CatCode="C" FiscalPeriodEnd="N" LeaID="22103" ReshID="1425" SiteID="4036623" TransAmt="10.00" TransDate="2021-05-01" TransDesc="Resident Liability Compliance Fee (05/2021)" TransName="RESIDENTLIABILITYFEE" TransactionBatchID="1619538296570"/>
    <Transaction CatCode="C" FiscalPeriodEnd="N" LeaID="22100" ReshID="1422" SiteID="4036623" TransAmt="10.00" TransDate="2021-05-01" TransDesc="Resident Liability Compliance Fee (05/2021)" TransName="RESIDENTLIABILITYFEE" TransactionBatchID="1619538296571"/>
    <Transaction CatCode="C" FiscalPeriodEnd="N" LeaID="22099" ReshID="1421" SiteID="4036623" TransAmt="10.00" TransDate="2021-05-01" TransDesc="Resident Liability Compliance Fee (05/2021)" TransName="RESIDENTLIABILITYFEE" TransactionBatchID="1619538296572"/>
    <Transaction CatCode="C" FiscalPeriodEnd="N" LeaID="22156" ReshID="1448" SiteID="4036623" TransAmt="10.00" TransDate="2021-05-01" TransDesc="Resident Liability Compliance Fee (05/2021)" TransName="RESIDENTLIABILITYFEE" TransactionBatchID="1619538296573"/>
    <Transaction CatCode="C" FiscalPeriodEnd="N" LeaID="22096" ReshID="1418" SiteID="4036623" TransAmt="10.00" TransDate="2021-05-01" TransDesc="Resident Liability Compliance Fee (05/2021)" TransName="RESIDENTLIABILITYFEE" TransactionBatchID="1619538296574"/>
    <Transaction CatCode="C" FiscalPeriodEnd="N" LeaID="22171" ReshID="1454" SiteID="4036623" TransAmt="10.00" TransDate="2021-05-01" TransDesc="Resident Liability Compliance Fee (05/2021)" TransName="RESIDENTLIABILITYFEE" TransactionBatchID="1619538296575"/>
    <Transaction CatCode="C" FiscalPeriodEnd="N" LeaID="22182" ReshID="1461" SiteID="4036623" TransAmt="10.00" TransDate="2021-05-01" TransDesc="Resident Liability Compliance Fee (05/2021)" TransName="RESIDENTLIABILITYFEE" TransactionBatchID="1619538296576"/>
    <Transaction CatCode="C" FiscalPeriodEnd="N" LeaID="22153" ReshID="1446" SiteID="4036623" TransAmt="10.00" TransDate="2021-05-01" TransDesc="Resident Liability Compliance Fee (05/2021)" TransName="RESIDENTLIABILITYFEE" TransactionBatchID="1619538296577"/>
    <Transaction CatCode="C" FiscalPeriodEnd="N" LeaID="22134" ReshID="1442" SiteID="4036623" TransAmt="10.00" TransDate="2021-05-01" TransDesc="Resident Liability Compliance Fee (05/2021)" TransName="RESIDENTLIABILITYFEE" TransactionBatchID="1619538296578"/>
    <Transaction CatCode="C" FiscalPeriodEnd="N" LeaID="22207" ReshID="1477" SiteID="4036623" TransAmt="10.00" TransDate="2021-05-01" TransDesc="Resident Liability Compliance Fee (05/2021)" TransName="RESIDENTLIABILITYFEE" TransactionBatchID="1619538296579"/>
    <Transaction CatCode="C" FiscalPeriodEnd="N" LeaID="22169" ReshID="1453" SiteID="4036623" TransAmt="10.00" TransDate="2021-05-01" TransDesc="Resident Liability Compliance Fee (05/2021)" TransName="RESIDENTLIABILITYFEE" TransactionBatchID="1619538296580"/>
    <Transaction CatCode="C" FiscalPeriodEnd="N" LeaID="22214" ReshID="1483" SiteID="4036623" TransAmt="10.00" TransDate="2021-05-01" TransDesc="Resident Liability Compliance Fee (05/2021)" TransName="RESIDENTLIABILITYFEE" TransactionBatchID="1619538296581"/>
    <Transaction CatCode="C" FiscalPeriodEnd="N" LeaID="22203" ReshID="1475" SiteID="4036623" TransAmt="10.00" TransDate="2021-05-01" TransDesc="Resident Liability Compliance Fee (05/2021)" TransName="RESIDENTLIABILITYFEE" TransactionBatchID="1619538296582"/>
    <Transaction CatCode="C" FiscalPeriodEnd="N" LeaID="22224" ReshID="1489" SiteID="4036623" TransAmt="10.00" TransDate="2021-05-01" TransDesc="Resident Liability Compliance Fee (05/2021)" TransName="RESIDENTLIABILITYFEE" TransactionBatchID="1619538296583"/>
    <Transaction CatCode="C" FiscalPeriodEnd="N" LeaID="22226" ReshID="1490" SiteID="4036623" TransAmt="10.00" TransDate="2021-05-01" TransDesc="Resident Liability Compliance Fee (05/2021)" TransName="RESIDENTLIABILITYFEE" TransactionBatchID="1619538296584"/>
    <Transaction CatCode="C" FiscalPeriodEnd="N" LeaID="22227" ReshID="1491" SiteID="4036623" TransAmt="10.00" TransDate="2021-05-01" TransDesc="Resident Liability Compliance Fee (05/2021)" TransName="RESIDENTLIABILITYFEE" TransactionBatchID="1619538296585"/>
    <Transaction CatCode="C" FiscalPeriodEnd="N" LeaID="22232" ReshID="1495" SiteID="4036623" TransAmt="10.00" TransDate="2021-05-01" TransDesc="Resident Liability Compliance Fee (05/2021)" TransName="RESIDENTLIABILITYFEE" TransactionBatchID="1619538296586"/>
    <Transaction CatCode="C" FiscalPeriodEnd="N" LeaID="22228" ReshID="1492" SiteID="4036623" TransAmt="10.00" TransDate="2021-05-01" TransDesc="Resident Liability Compliance Fee (05/2021)" TransName="RESIDENTLIABILITYFEE" TransactionBatchID="1619538296587"/>
    <Transaction CatCode="C" FiscalPeriodEnd="N" LeaID="22245" ReshID="1501" SiteID="4036623" TransAmt="10.00" TransDate="2021-05-01" TransDesc="Resident Liability Compliance Fee (05/2021)" TransName="RESIDENTLIABILITYFEE" TransactionBatchID="1619538296588"/>
    <Transaction CatCode="C" FiscalPeriodEnd="N" LeaID="32251" ReshID="11505" SiteID="4036623" TransAmt="10.00" TransDate="2021-05-01" TransDesc="Resident Liability Compliance Fee (05/2021)" TransName="RESIDENTLIABILITYFEE" TransactionBatchID="1619538296589"/>
    <Transaction CatCode="C" FiscalPeriodEnd="N" LeaID="22218" ReshID="1485" SiteID="4036623" TransAmt="10.00" TransDate="2021-05-01" TransDesc="Resident Liability Compliance Fee (05/2021)" TransName="RESIDENTLIABILITYFEE" TransactionBatchID="1619538296590"/>
    <Transaction CatCode="C" FiscalPeriodEnd="N" LeaID="32299" ReshID="11538" SiteID="4036623" TransAmt="10.00" TransDate="2021-05-01" TransDesc="Resident Liability Compliance Fee (05/2021)" TransName="RESIDENTLIABILITYFEE" TransactionBatchID="1619538296591"/>
    <Transaction CatCode="C" FiscalPeriodEnd="N" LeaID="32266" ReshID="11511" SiteID="4036623" TransAmt="10.00" TransDate="2021-05-01" TransDesc="Resident Liability Compliance Fee (05/2021)" TransName="RESIDENTLIABILITYFEE" TransactionBatchID="1619538296592"/>
    <Transaction CatCode="C" FiscalPeriodEnd="N" LeaID="32283" ReshID="11529" SiteID="4036623" TransAmt="10.00" TransDate="2021-05-01" TransDesc="Resident Liability Compliance Fee (05/2021)" TransName="RESIDENTLIABILITYFEE" TransactionBatchID="1619538296593"/>
    <Transaction CatCode="C" FiscalPeriodEnd="N" LeaID="32331" ReshID="11559" SiteID="4036623" TransAmt="10.00" TransDate="2021-05-01" TransDesc="Resident Liability Compliance Fee (05/2021)" TransName="RESIDENTLIABILITYFEE" TransactionBatchID="1619538296594"/>
    <Transaction CatCode="C" FiscalPeriodEnd="N" LeaID="32312" ReshID="11545" SiteID="4036623" TransAmt="10.00" TransDate="2021-05-01" TransDesc="Resident Liability Compliance Fee (05/2021)" TransName="RESIDENTLIABILITYFEE" TransactionBatchID="1619538296595"/>
    <Transaction CatCode="C" FiscalPeriodEnd="N" LeaID="22057" ReshID="1170" SiteID="4036623" TransAmt="10.00" TransDate="2021-05-01" TransDesc="Resident Liability Compliance Fee (05/2021)" TransName="RESIDENTLIABILITYFEE" TransactionBatchID="1619538296596"/>
    <Transaction CatCode="C" FiscalPeriodEnd="N" LeaID="32323" ReshID="11550" SiteID="4036623" TransAmt="10.00" TransDate="2021-05-01" TransDesc="Resident Liability Compliance Fee (05/2021)" TransName="RESIDENTLIABILITYFEE" TransactionBatchID="1619538296597"/>
    <Transaction CatCode="C" FiscalPeriodEnd="N" LeaID="32329" ReshID="11557" SiteID="4036623" TransAmt="10.00" TransDate="2021-05-01" TransDesc="Resident Liability Compliance Fee (05/2021)" TransName="RESIDENTLIABILITYFEE" TransactionBatchID="1619538296598"/>
    <Transaction CatCode="C" FiscalPeriodEnd="N" LeaID="32319" ReshID="11548" SiteID="4036623" TransAmt="10.00" TransDate="2021-05-01" TransDesc="Resident Liability Compliance Fee (05/2021)" TransName="RESIDENTLIABILITYFEE" TransactionBatchID="1619538296599"/>
    <Transaction CatCode="C" FiscalPeriodEnd="N" LeaID="32361" ReshID="11572" SiteID="4036623" TransAmt="10.00" TransDate="2021-05-01" TransDesc="Resident Liability Compliance Fee (05/2021)" TransName="RESIDENTLIABILITYFEE" TransactionBatchID="1619538296600"/>
    <Transaction CatCode="C" FiscalPeriodEnd="N" LeaID="32440" ReshID="11599" SiteID="4036623" TransAmt="10.00" TransDate="2021-05-01" TransDesc="Resident Liability Compliance Fee (05/2021)" TransName="RESIDENTLIABILITYFEE" TransactionBatchID="1619538296601"/>
    <Transaction CatCode="C" FiscalPeriodEnd="N" LeaID="32410" ReshID="1361" SiteID="4036623" TransAmt="10.00" TransDate="2021-05-01" TransDesc="Resident Liability Compliance Fee (05/2021)" TransName="RESIDENTLIABILITYFEE" TransactionBatchID="1619538296602"/>
    <Transaction CatCode="C" FiscalPeriodEnd="N" LeaID="32414" ReshID="11588" SiteID="4036623" TransAmt="10.00" TransDate="2021-05-01" TransDesc="Resident Liability Compliance Fee (05/2021)" TransName="RESIDENTLIABILITYFEE" TransactionBatchID="1619538296603"/>
    <Transaction CatCode="C" FiscalPeriodEnd="N" LeaID="32477" ReshID="11618" SiteID="4036623" TransAmt="10.00" TransDate="2021-05-01" TransDesc="Resident Liability Compliance Fee (05/2021)" TransName="RESIDENTLIABILITYFEE" TransactionBatchID="1619538296604"/>
    <Transaction CatCode="C" FiscalPeriodEnd="N" LeaID="32510" ReshID="11638" SiteID="4036623" TransAmt="10.00" TransDate="2021-05-01" TransDesc="Resident Liability Compliance Fee (05/2021)" TransName="RESIDENTLIABILITYFEE" TransactionBatchID="1619538296605"/>
    <Transaction CatCode="C" FiscalPeriodEnd="N" LeaID="32501" ReshID="11634" SiteID="4036623" TransAmt="10.00" TransDate="2021-05-01" TransDesc="Resident Liability Compliance Fee (05/2021)" TransName="RESIDENTLIABILITYFEE" TransactionBatchID="1619538296606"/>
    <Transaction CatCode="C" FiscalPeriodEnd="N" LeaID="32502" ReshID="11635" SiteID="4036623" TransAmt="10.00" TransDate="2021-05-01" TransDesc="Resident Liability Compliance Fee (05/2021)" TransName="RESIDENTLIABILITYFEE" TransactionBatchID="1619538296607"/>
</TransactionList>
