<TransactionList>
    <Validation>
        <Audit Count="183" Node="Transaction" Sum="1830.00"/>
    </Validation>
    <Transaction CatCode="C" FiscalPeriodEnd="N" LeaID="33190" ReshID="22" SiteID="4041690" TransAmt="10.00" TransDate="2021-05-01" TransDesc="Resident Liability Compliance Fee (05/2021)" TransName="RESIDENTLIABILITYFEE" TransactionBatchID="1619538294271"/>
    <Transaction CatCode="C" FiscalPeriodEnd="N" LeaID="33006" ReshID="95" SiteID="4041690" TransAmt="10.00" TransDate="2021-05-01" TransDesc="Resident Liability Compliance Fee (05/2021)" TransName="RESIDENTLIABILITYFEE" TransactionBatchID="1619538294272"/>
    <Transaction CatCode="C" FiscalPeriodEnd="N" LeaID="33275" ReshID="132" SiteID="4041690" TransAmt="10.00" TransDate="2021-05-01" TransDesc="Resident Liability Compliance Fee (05/2021)" TransName="RESIDENTLIABILITYFEE" TransactionBatchID="1619538294273"/>
    <Transaction CatCode="C" FiscalPeriodEnd="N" LeaID="33221" ReshID="274" SiteID="4041690" TransAmt="10.00" TransDate="2021-05-01" TransDesc="Resident Liability Compliance Fee (05/2021)" TransName="RESIDENTLIABILITYFEE" TransactionBatchID="1619538294274"/>
    <Transaction CatCode="C" FiscalPeriodEnd="N" LeaID="33385" ReshID="362" SiteID="4041690" TransAmt="10.00" TransDate="2021-05-01" TransDesc="Resident Liability Compliance Fee (05/2021)" TransName="RESIDENTLIABILITYFEE" TransactionBatchID="1619538294275"/>
    <Transaction CatCode="C" FiscalPeriodEnd="N" LeaID="33050" ReshID="416" SiteID="4041690" TransAmt="10.00" TransDate="2021-05-01" TransDesc="Resident Liability Compliance Fee (05/2021)" TransName="RESIDENTLIABILITYFEE" TransactionBatchID="1619538294276"/>
    <Transaction CatCode="C" FiscalPeriodEnd="N" LeaID="33174" ReshID="417" SiteID="4041690" TransAmt="10.00" TransDate="2021-05-01" TransDesc="Resident Liability Compliance Fee (05/2021)" TransName="RESIDENTLIABILITYFEE" TransactionBatchID="1619538294277"/>
    <Transaction CatCode="C" FiscalPeriodEnd="N" LeaID="33334" ReshID="482" SiteID="4041690" TransAmt="10.00" TransDate="2021-05-01" TransDesc="Resident Liability Compliance Fee (05/2021)" TransName="RESIDENTLIABILITYFEE" TransactionBatchID="1619538294278"/>
    <Transaction CatCode="C" FiscalPeriodEnd="N" LeaID="33062" ReshID="560" SiteID="4041690" TransAmt="10.00" TransDate="2021-05-01" TransDesc="Resident Liability Compliance Fee (05/2021)" TransName="RESIDENTLIABILITYFEE" TransactionBatchID="1619538294279"/>
    <Transaction CatCode="C" FiscalPeriodEnd="N" LeaID="33045" ReshID="716" SiteID="4041690" TransAmt="10.00" TransDate="2021-05-01" TransDesc="Resident Liability Compliance Fee (05/2021)" TransName="RESIDENTLIABILITYFEE" TransactionBatchID="1619538294280"/>
    <Transaction CatCode="C" FiscalPeriodEnd="N" LeaID="32870" ReshID="719" SiteID="4041690" TransAmt="10.00" TransDate="2021-05-01" TransDesc="Resident Liability Compliance Fee (05/2021)" TransName="RESIDENTLIABILITYFEE" TransactionBatchID="1619538294281"/>
    <Transaction CatCode="C" FiscalPeriodEnd="N" LeaID="33196" ReshID="731" SiteID="4041690" TransAmt="10.00" TransDate="2021-05-01" TransDesc="Resident Liability Compliance Fee (05/2021)" TransName="RESIDENTLIABILITYFEE" TransactionBatchID="1619538294282"/>
    <Transaction CatCode="C" FiscalPeriodEnd="N" LeaID="33084" ReshID="764" SiteID="4041690" TransAmt="10.00" TransDate="2021-05-01" TransDesc="Resident Liability Compliance Fee (05/2021)" TransName="RESIDENTLIABILITYFEE" TransactionBatchID="1619538294283"/>
    <Transaction CatCode="C" FiscalPeriodEnd="N" LeaID="32906" ReshID="765" SiteID="4041690" TransAmt="10.00" TransDate="2021-05-01" TransDesc="Resident Liability Compliance Fee (05/2021)" TransName="RESIDENTLIABILITYFEE" TransactionBatchID="1619538294284"/>
    <Transaction CatCode="C" FiscalPeriodEnd="N" LeaID="33129" ReshID="790" SiteID="4041690" TransAmt="10.00" TransDate="2021-05-01" TransDesc="Resident Liability Compliance Fee (05/2021)" TransName="RESIDENTLIABILITYFEE" TransactionBatchID="1619538294285"/>
    <Transaction CatCode="C" FiscalPeriodEnd="N" LeaID="33349" ReshID="817" SiteID="4041690" TransAmt="10.00" TransDate="2021-05-01" TransDesc="Resident Liability Compliance Fee (05/2021)" TransName="RESIDENTLIABILITYFEE" TransactionBatchID="1619538294286"/>
    <Transaction CatCode="C" FiscalPeriodEnd="N" LeaID="33320" ReshID="916" SiteID="4041690" TransAmt="10.00" TransDate="2021-05-01" TransDesc="Resident Liability Compliance Fee (05/2021)" TransName="RESIDENTLIABILITYFEE" TransactionBatchID="1619538294287"/>
    <Transaction CatCode="C" FiscalPeriodEnd="N" LeaID="33109" ReshID="1032" SiteID="4041690" TransAmt="10.00" TransDate="2021-05-01" TransDesc="Resident Liability Compliance Fee (05/2021)" TransName="RESIDENTLIABILITYFEE" TransactionBatchID="1619538294288"/>
    <Transaction CatCode="C" FiscalPeriodEnd="N" LeaID="33090" ReshID="1059" SiteID="4041690" TransAmt="10.00" TransDate="2021-05-01" TransDesc="Resident Liability Compliance Fee (05/2021)" TransName="RESIDENTLIABILITYFEE" TransactionBatchID="1619538294289"/>
    <Transaction CatCode="C" FiscalPeriodEnd="N" LeaID="33209" ReshID="1062" SiteID="4041690" TransAmt="10.00" TransDate="2021-05-01" TransDesc="Resident Liability Compliance Fee (05/2021)" TransName="RESIDENTLIABILITYFEE" TransactionBatchID="1619538294290"/>
    <Transaction CatCode="C" FiscalPeriodEnd="N" LeaID="32860" ReshID="1066" SiteID="4041690" TransAmt="10.00" TransDate="2021-05-01" TransDesc="Resident Liability Compliance Fee (05/2021)" TransName="RESIDENTLIABILITYFEE" TransactionBatchID="1619538294291"/>
    <Transaction CatCode="C" FiscalPeriodEnd="N" LeaID="32894" ReshID="1224" SiteID="4041690" TransAmt="10.00" TransDate="2021-05-01" TransDesc="Resident Liability Compliance Fee (05/2021)" TransName="RESIDENTLIABILITYFEE" TransactionBatchID="1619538294292"/>
    <Transaction CatCode="C" FiscalPeriodEnd="N" LeaID="32919" ReshID="1233" SiteID="4041690" TransAmt="10.00" TransDate="2021-05-01" TransDesc="Resident Liability Compliance Fee (05/2021)" TransName="RESIDENTLIABILITYFEE" TransactionBatchID="1619538294293"/>
    <Transaction CatCode="C" FiscalPeriodEnd="N" LeaID="22549" ReshID="1242" SiteID="4041690" TransAmt="10.00" TransDate="2021-05-01" TransDesc="Resident Liability Compliance Fee (05/2021)" TransName="RESIDENTLIABILITYFEE" TransactionBatchID="1619538294294"/>
    <Transaction CatCode="C" FiscalPeriodEnd="N" LeaID="32959" ReshID="1274" SiteID="4041690" TransAmt="10.00" TransDate="2021-05-01" TransDesc="Resident Liability Compliance Fee (05/2021)" TransName="RESIDENTLIABILITYFEE" TransactionBatchID="1619538294295"/>
    <Transaction CatCode="C" FiscalPeriodEnd="N" LeaID="32857" ReshID="1287" SiteID="4041690" TransAmt="10.00" TransDate="2021-05-01" TransDesc="Resident Liability Compliance Fee (05/2021)" TransName="RESIDENTLIABILITYFEE" TransactionBatchID="1619538294296"/>
    <Transaction CatCode="C" FiscalPeriodEnd="N" LeaID="33036" ReshID="1301" SiteID="4041690" TransAmt="10.00" TransDate="2021-05-01" TransDesc="Resident Liability Compliance Fee (05/2021)" TransName="RESIDENTLIABILITYFEE" TransactionBatchID="1619538294297"/>
    <Transaction CatCode="C" FiscalPeriodEnd="N" LeaID="33134" ReshID="1336" SiteID="4041690" TransAmt="10.00" TransDate="2021-05-01" TransDesc="Resident Liability Compliance Fee (05/2021)" TransName="RESIDENTLIABILITYFEE" TransactionBatchID="1619538294298"/>
    <Transaction CatCode="C" FiscalPeriodEnd="N" LeaID="33007" ReshID="1348" SiteID="4041690" TransAmt="10.00" TransDate="2021-05-01" TransDesc="Resident Liability Compliance Fee (05/2021)" TransName="RESIDENTLIABILITYFEE" TransactionBatchID="1619538294299"/>
    <Transaction CatCode="C" FiscalPeriodEnd="N" LeaID="32938" ReshID="1358" SiteID="4041690" TransAmt="10.00" TransDate="2021-05-01" TransDesc="Resident Liability Compliance Fee (05/2021)" TransName="RESIDENTLIABILITYFEE" TransactionBatchID="1619538294300"/>
    <Transaction CatCode="C" FiscalPeriodEnd="N" LeaID="33061" ReshID="1413" SiteID="4041690" TransAmt="10.00" TransDate="2021-05-01" TransDesc="Resident Liability Compliance Fee (05/2021)" TransName="RESIDENTLIABILITYFEE" TransactionBatchID="1619538294301"/>
    <Transaction CatCode="C" FiscalPeriodEnd="N" LeaID="33121" ReshID="1431" SiteID="4041690" TransAmt="10.00" TransDate="2021-05-01" TransDesc="Resident Liability Compliance Fee (05/2021)" TransName="RESIDENTLIABILITYFEE" TransactionBatchID="1619538294302"/>
    <Transaction CatCode="C" FiscalPeriodEnd="N" LeaID="33189" ReshID="1481" SiteID="4041690" TransAmt="10.00" TransDate="2021-05-01" TransDesc="Resident Liability Compliance Fee (05/2021)" TransName="RESIDENTLIABILITYFEE" TransactionBatchID="1619538294303"/>
    <Transaction CatCode="C" FiscalPeriodEnd="N" LeaID="33244" ReshID="1485" SiteID="4041690" TransAmt="10.00" TransDate="2021-05-01" TransDesc="Resident Liability Compliance Fee (05/2021)" TransName="RESIDENTLIABILITYFEE" TransactionBatchID="1619538294304"/>
    <Transaction CatCode="C" FiscalPeriodEnd="N" LeaID="33010" ReshID="1521" SiteID="4041690" TransAmt="10.00" TransDate="2021-05-01" TransDesc="Resident Liability Compliance Fee (05/2021)" TransName="RESIDENTLIABILITYFEE" TransactionBatchID="1619538294305"/>
    <Transaction CatCode="C" FiscalPeriodEnd="N" LeaID="33250" ReshID="1533" SiteID="4041690" TransAmt="10.00" TransDate="2021-05-01" TransDesc="Resident Liability Compliance Fee (05/2021)" TransName="RESIDENTLIABILITYFEE" TransactionBatchID="1619538294306"/>
    <Transaction CatCode="C" FiscalPeriodEnd="N" LeaID="33350" ReshID="1536" SiteID="4041690" TransAmt="10.00" TransDate="2021-05-01" TransDesc="Resident Liability Compliance Fee (05/2021)" TransName="RESIDENTLIABILITYFEE" TransactionBatchID="1619538294307"/>
    <Transaction CatCode="C" FiscalPeriodEnd="N" LeaID="33297" ReshID="1580" SiteID="4041690" TransAmt="10.00" TransDate="2021-05-01" TransDesc="Resident Liability Compliance Fee (05/2021)" TransName="RESIDENTLIABILITYFEE" TransactionBatchID="1619538294308"/>
    <Transaction CatCode="C" FiscalPeriodEnd="N" LeaID="33295" ReshID="1582" SiteID="4041690" TransAmt="10.00" TransDate="2021-05-01" TransDesc="Resident Liability Compliance Fee (05/2021)" TransName="RESIDENTLIABILITYFEE" TransactionBatchID="1619538294309"/>
    <Transaction CatCode="C" FiscalPeriodEnd="N" LeaID="33337" ReshID="1587" SiteID="4041690" TransAmt="10.00" TransDate="2021-05-01" TransDesc="Resident Liability Compliance Fee (05/2021)" TransName="RESIDENTLIABILITYFEE" TransactionBatchID="1619538294310"/>
    <Transaction CatCode="C" FiscalPeriodEnd="N" LeaID="33276" ReshID="1636" SiteID="4041690" TransAmt="10.00" TransDate="2021-05-01" TransDesc="Resident Liability Compliance Fee (05/2021)" TransName="RESIDENTLIABILITYFEE" TransactionBatchID="1619538294311"/>
    <Transaction CatCode="C" FiscalPeriodEnd="N" LeaID="33285" ReshID="1639" SiteID="4041690" TransAmt="10.00" TransDate="2021-05-01" TransDesc="Resident Liability Compliance Fee (05/2021)" TransName="RESIDENTLIABILITYFEE" TransactionBatchID="1619538294312"/>
    <Transaction CatCode="C" FiscalPeriodEnd="N" LeaID="33372" ReshID="1670" SiteID="4041690" TransAmt="10.00" TransDate="2021-05-01" TransDesc="Resident Liability Compliance Fee (05/2021)" TransName="RESIDENTLIABILITYFEE" TransactionBatchID="1619538294313"/>
    <Transaction CatCode="C" FiscalPeriodEnd="N" LeaID="22736" ReshID="1681" SiteID="4041690" TransAmt="10.00" TransDate="2021-05-01" TransDesc="Resident Liability Compliance Fee (05/2021)" TransName="RESIDENTLIABILITYFEE" TransactionBatchID="1619538294314"/>
    <Transaction CatCode="C" FiscalPeriodEnd="N" LeaID="33383" ReshID="1735" SiteID="4041690" TransAmt="10.00" TransDate="2021-05-01" TransDesc="Resident Liability Compliance Fee (05/2021)" TransName="RESIDENTLIABILITYFEE" TransactionBatchID="1619538294315"/>
    <Transaction CatCode="C" FiscalPeriodEnd="N" LeaID="32854" ReshID="1216" SiteID="4041690" TransAmt="10.00" TransDate="2021-05-01" TransDesc="Resident Liability Compliance Fee (05/2021)" TransName="RESIDENTLIABILITYFEE" TransactionBatchID="1619538294316"/>
    <Transaction CatCode="C" FiscalPeriodEnd="N" LeaID="33236" ReshID="1756" SiteID="4041690" TransAmt="10.00" TransDate="2021-05-01" TransDesc="Resident Liability Compliance Fee (05/2021)" TransName="RESIDENTLIABILITYFEE" TransactionBatchID="1619538294317"/>
    <Transaction CatCode="C" FiscalPeriodEnd="N" LeaID="32830" ReshID="842" SiteID="4041690" TransAmt="10.00" TransDate="2021-05-01" TransDesc="Resident Liability Compliance Fee (05/2021)" TransName="RESIDENTLIABILITYFEE" TransactionBatchID="1619538294318"/>
    <Transaction CatCode="C" FiscalPeriodEnd="N" LeaID="32836" ReshID="1720" SiteID="4041690" TransAmt="10.00" TransDate="2021-05-01" TransDesc="Resident Liability Compliance Fee (05/2021)" TransName="RESIDENTLIABILITYFEE" TransactionBatchID="1619538294319"/>
    <Transaction CatCode="C" FiscalPeriodEnd="N" LeaID="33228" ReshID="1765" SiteID="4041690" TransAmt="10.00" TransDate="2021-05-01" TransDesc="Resident Liability Compliance Fee (05/2021)" TransName="RESIDENTLIABILITYFEE" TransactionBatchID="1619538294320"/>
    <Transaction CatCode="C" FiscalPeriodEnd="N" LeaID="32863" ReshID="1738" SiteID="4041690" TransAmt="10.00" TransDate="2021-05-01" TransDesc="Resident Liability Compliance Fee (05/2021)" TransName="RESIDENTLIABILITYFEE" TransactionBatchID="1619538294321"/>
    <Transaction CatCode="C" FiscalPeriodEnd="N" LeaID="33238" ReshID="1106" SiteID="4041690" TransAmt="10.00" TransDate="2021-05-01" TransDesc="Resident Liability Compliance Fee (05/2021)" TransName="RESIDENTLIABILITYFEE" TransactionBatchID="1619538294322"/>
    <Transaction CatCode="C" FiscalPeriodEnd="N" LeaID="33229" ReshID="1743" SiteID="4041690" TransAmt="10.00" TransDate="2021-05-01" TransDesc="Resident Liability Compliance Fee (05/2021)" TransName="RESIDENTLIABILITYFEE" TransactionBatchID="1619538294323"/>
    <Transaction CatCode="C" FiscalPeriodEnd="N" LeaID="32823" ReshID="1792" SiteID="4041690" TransAmt="10.00" TransDate="2021-05-01" TransDesc="Resident Liability Compliance Fee (05/2021)" TransName="RESIDENTLIABILITYFEE" TransactionBatchID="1619538294324"/>
    <Transaction CatCode="C" FiscalPeriodEnd="N" LeaID="32853" ReshID="1801" SiteID="4041690" TransAmt="10.00" TransDate="2021-05-01" TransDesc="Resident Liability Compliance Fee (05/2021)" TransName="RESIDENTLIABILITYFEE" TransactionBatchID="1619538294325"/>
    <Transaction CatCode="C" FiscalPeriodEnd="N" LeaID="32795" ReshID="1810" SiteID="4041690" TransAmt="10.00" TransDate="2021-05-01" TransDesc="Resident Liability Compliance Fee (05/2021)" TransName="RESIDENTLIABILITYFEE" TransactionBatchID="1619538294326"/>
    <Transaction CatCode="C" FiscalPeriodEnd="N" LeaID="32913" ReshID="1266" SiteID="4041690" TransAmt="10.00" TransDate="2021-05-01" TransDesc="Resident Liability Compliance Fee (05/2021)" TransName="RESIDENTLIABILITYFEE" TransactionBatchID="1619538294327"/>
    <Transaction CatCode="C" FiscalPeriodEnd="N" LeaID="33233" ReshID="1823" SiteID="4041690" TransAmt="10.00" TransDate="2021-05-01" TransDesc="Resident Liability Compliance Fee (05/2021)" TransName="RESIDENTLIABILITYFEE" TransactionBatchID="1619538294328"/>
    <Transaction CatCode="C" FiscalPeriodEnd="N" LeaID="33304" ReshID="1049" SiteID="4041690" TransAmt="10.00" TransDate="2021-05-01" TransDesc="Resident Liability Compliance Fee (05/2021)" TransName="RESIDENTLIABILITYFEE" TransactionBatchID="1619538294329"/>
    <Transaction CatCode="C" FiscalPeriodEnd="N" LeaID="32993" ReshID="1182" SiteID="4041690" TransAmt="10.00" TransDate="2021-05-01" TransDesc="Resident Liability Compliance Fee (05/2021)" TransName="RESIDENTLIABILITYFEE" TransactionBatchID="1619538294330"/>
    <Transaction CatCode="C" FiscalPeriodEnd="N" LeaID="32786" ReshID="1272" SiteID="4041690" TransAmt="10.00" TransDate="2021-05-01" TransDesc="Resident Liability Compliance Fee (05/2021)" TransName="RESIDENTLIABILITYFEE" TransactionBatchID="1619538294331"/>
    <Transaction CatCode="C" FiscalPeriodEnd="N" LeaID="32800" ReshID="1334" SiteID="4041690" TransAmt="10.00" TransDate="2021-05-01" TransDesc="Resident Liability Compliance Fee (05/2021)" TransName="RESIDENTLIABILITYFEE" TransactionBatchID="1619538294332"/>
    <Transaction CatCode="C" FiscalPeriodEnd="N" LeaID="32903" ReshID="1378" SiteID="4041690" TransAmt="10.00" TransDate="2021-05-01" TransDesc="Resident Liability Compliance Fee (05/2021)" TransName="RESIDENTLIABILITYFEE" TransactionBatchID="1619538294333"/>
    <Transaction CatCode="C" FiscalPeriodEnd="N" LeaID="32905" ReshID="1791" SiteID="4041690" TransAmt="10.00" TransDate="2021-05-01" TransDesc="Resident Liability Compliance Fee (05/2021)" TransName="RESIDENTLIABILITYFEE" TransactionBatchID="1619538294334"/>
    <Transaction CatCode="C" FiscalPeriodEnd="N" LeaID="32956" ReshID="1790" SiteID="4041690" TransAmt="10.00" TransDate="2021-05-01" TransDesc="Resident Liability Compliance Fee (05/2021)" TransName="RESIDENTLIABILITYFEE" TransactionBatchID="1619538294335"/>
    <Transaction CatCode="C" FiscalPeriodEnd="N" LeaID="32967" ReshID="1803" SiteID="4041690" TransAmt="10.00" TransDate="2021-05-01" TransDesc="Resident Liability Compliance Fee (05/2021)" TransName="RESIDENTLIABILITYFEE" TransactionBatchID="1619538294336"/>
    <Transaction CatCode="C" FiscalPeriodEnd="N" LeaID="32899" ReshID="1793" SiteID="4041690" TransAmt="10.00" TransDate="2021-05-01" TransDesc="Resident Liability Compliance Fee (05/2021)" TransName="RESIDENTLIABILITYFEE" TransactionBatchID="1619538294337"/>
    <Transaction CatCode="C" FiscalPeriodEnd="N" LeaID="32975" ReshID="1811" SiteID="4041690" TransAmt="10.00" TransDate="2021-05-01" TransDesc="Resident Liability Compliance Fee (05/2021)" TransName="RESIDENTLIABILITYFEE" TransactionBatchID="1619538294338"/>
    <Transaction CatCode="C" FiscalPeriodEnd="N" LeaID="33031" ReshID="1760" SiteID="4041690" TransAmt="10.00" TransDate="2021-05-01" TransDesc="Resident Liability Compliance Fee (05/2021)" TransName="RESIDENTLIABILITYFEE" TransactionBatchID="1619538294339"/>
    <Transaction CatCode="C" FiscalPeriodEnd="N" LeaID="33101" ReshID="1837" SiteID="4041690" TransAmt="10.00" TransDate="2021-05-01" TransDesc="Resident Liability Compliance Fee (05/2021)" TransName="RESIDENTLIABILITYFEE" TransactionBatchID="1619538294340"/>
    <Transaction CatCode="C" FiscalPeriodEnd="N" LeaID="33130" ReshID="1888" SiteID="4041690" TransAmt="10.00" TransDate="2021-05-01" TransDesc="Resident Liability Compliance Fee (05/2021)" TransName="RESIDENTLIABILITYFEE" TransactionBatchID="1619538294341"/>
    <Transaction CatCode="C" FiscalPeriodEnd="N" LeaID="33096" ReshID="1876" SiteID="4041690" TransAmt="10.00" TransDate="2021-05-01" TransDesc="Resident Liability Compliance Fee (05/2021)" TransName="RESIDENTLIABILITYFEE" TransactionBatchID="1619538294342"/>
    <Transaction CatCode="C" FiscalPeriodEnd="N" LeaID="33093" ReshID="1913" SiteID="4041690" TransAmt="10.00" TransDate="2021-05-01" TransDesc="Resident Liability Compliance Fee (05/2021)" TransName="RESIDENTLIABILITYFEE" TransactionBatchID="1619538294343"/>
    <Transaction CatCode="C" FiscalPeriodEnd="N" LeaID="33193" ReshID="1926" SiteID="4041690" TransAmt="10.00" TransDate="2021-05-01" TransDesc="Resident Liability Compliance Fee (05/2021)" TransName="RESIDENTLIABILITYFEE" TransactionBatchID="1619538294344"/>
    <Transaction CatCode="C" FiscalPeriodEnd="N" LeaID="32871" ReshID="1932" SiteID="4041690" TransAmt="10.00" TransDate="2021-05-01" TransDesc="Resident Liability Compliance Fee (05/2021)" TransName="RESIDENTLIABILITYFEE" TransactionBatchID="1619538294345"/>
    <Transaction CatCode="C" FiscalPeriodEnd="N" LeaID="33132" ReshID="1904" SiteID="4041690" TransAmt="10.00" TransDate="2021-05-01" TransDesc="Resident Liability Compliance Fee (05/2021)" TransName="RESIDENTLIABILITYFEE" TransactionBatchID="1619538294346"/>
    <Transaction CatCode="C" FiscalPeriodEnd="N" LeaID="33207" ReshID="1928" SiteID="4041690" TransAmt="10.00" TransDate="2021-05-01" TransDesc="Resident Liability Compliance Fee (05/2021)" TransName="RESIDENTLIABILITYFEE" TransactionBatchID="1619538294347"/>
    <Transaction CatCode="C" FiscalPeriodEnd="N" LeaID="33158" ReshID="1952" SiteID="4041690" TransAmt="10.00" TransDate="2021-05-01" TransDesc="Resident Liability Compliance Fee (05/2021)" TransName="RESIDENTLIABILITYFEE" TransactionBatchID="1619538294348"/>
    <Transaction CatCode="C" FiscalPeriodEnd="N" LeaID="33240" ReshID="1956" SiteID="4041690" TransAmt="10.00" TransDate="2021-05-01" TransDesc="Resident Liability Compliance Fee (05/2021)" TransName="RESIDENTLIABILITYFEE" TransactionBatchID="1619538294349"/>
    <Transaction CatCode="C" FiscalPeriodEnd="N" LeaID="33195" ReshID="1966" SiteID="4041690" TransAmt="10.00" TransDate="2021-05-01" TransDesc="Resident Liability Compliance Fee (05/2021)" TransName="RESIDENTLIABILITYFEE" TransactionBatchID="1619538294350"/>
    <Transaction CatCode="C" FiscalPeriodEnd="N" LeaID="33249" ReshID="1914" SiteID="4041690" TransAmt="10.00" TransDate="2021-05-01" TransDesc="Resident Liability Compliance Fee (05/2021)" TransName="RESIDENTLIABILITYFEE" TransactionBatchID="1619538294351"/>
    <Transaction CatCode="C" FiscalPeriodEnd="N" LeaID="33273" ReshID="1907" SiteID="4041690" TransAmt="10.00" TransDate="2021-05-01" TransDesc="Resident Liability Compliance Fee (05/2021)" TransName="RESIDENTLIABILITYFEE" TransactionBatchID="1619538294352"/>
    <Transaction CatCode="C" FiscalPeriodEnd="N" LeaID="33265" ReshID="1981" SiteID="4041690" TransAmt="10.00" TransDate="2021-05-01" TransDesc="Resident Liability Compliance Fee (05/2021)" TransName="RESIDENTLIABILITYFEE" TransactionBatchID="1619538294353"/>
    <Transaction CatCode="C" FiscalPeriodEnd="N" LeaID="33227" ReshID="1984" SiteID="4041690" TransAmt="10.00" TransDate="2021-05-01" TransDesc="Resident Liability Compliance Fee (05/2021)" TransName="RESIDENTLIABILITYFEE" TransactionBatchID="1619538294354"/>
    <Transaction CatCode="C" FiscalPeriodEnd="N" LeaID="33247" ReshID="2004" SiteID="4041690" TransAmt="10.00" TransDate="2021-05-01" TransDesc="Resident Liability Compliance Fee (05/2021)" TransName="RESIDENTLIABILITYFEE" TransactionBatchID="1619538294355"/>
    <Transaction CatCode="C" FiscalPeriodEnd="N" LeaID="33263" ReshID="1999" SiteID="4041690" TransAmt="10.00" TransDate="2021-05-01" TransDesc="Resident Liability Compliance Fee (05/2021)" TransName="RESIDENTLIABILITYFEE" TransactionBatchID="1619538294356"/>
    <Transaction CatCode="C" FiscalPeriodEnd="N" LeaID="33281" ReshID="1986" SiteID="4041690" TransAmt="10.00" TransDate="2021-05-01" TransDesc="Resident Liability Compliance Fee (05/2021)" TransName="RESIDENTLIABILITYFEE" TransactionBatchID="1619538294357"/>
    <Transaction CatCode="C" FiscalPeriodEnd="N" LeaID="33417" ReshID="2017" SiteID="4041690" TransAmt="10.00" TransDate="2021-05-01" TransDesc="Resident Liability Compliance Fee (05/2021)" TransName="RESIDENTLIABILITYFEE" TransactionBatchID="1619538294358"/>
    <Transaction CatCode="C" FiscalPeriodEnd="N" LeaID="33296" ReshID="2026" SiteID="4041690" TransAmt="10.00" TransDate="2021-05-01" TransDesc="Resident Liability Compliance Fee (05/2021)" TransName="RESIDENTLIABILITYFEE" TransactionBatchID="1619538294359"/>
    <Transaction CatCode="C" FiscalPeriodEnd="N" LeaID="33308" ReshID="1983" SiteID="4041690" TransAmt="10.00" TransDate="2021-05-01" TransDesc="Resident Liability Compliance Fee (05/2021)" TransName="RESIDENTLIABILITYFEE" TransactionBatchID="1619538294360"/>
    <Transaction CatCode="C" FiscalPeriodEnd="N" LeaID="32763" ReshID="12032" SiteID="4041690" TransAmt="10.00" TransDate="2021-05-01" TransDesc="Resident Liability Compliance Fee (05/2021)" TransName="RESIDENTLIABILITYFEE" TransactionBatchID="1619538294361"/>
    <Transaction CatCode="C" FiscalPeriodEnd="N" LeaID="32846" ReshID="12074" SiteID="4041690" TransAmt="10.00" TransDate="2021-05-01" TransDesc="Resident Liability Compliance Fee (05/2021)" TransName="RESIDENTLIABILITYFEE" TransactionBatchID="1619538294362"/>
    <Transaction CatCode="C" FiscalPeriodEnd="N" LeaID="32839" ReshID="12070" SiteID="4041690" TransAmt="10.00" TransDate="2021-05-01" TransDesc="Resident Liability Compliance Fee (05/2021)" TransName="RESIDENTLIABILITYFEE" TransactionBatchID="1619538294363"/>
    <Transaction CatCode="C" FiscalPeriodEnd="N" LeaID="32850" ReshID="12076" SiteID="4041690" TransAmt="10.00" TransDate="2021-05-01" TransDesc="Resident Liability Compliance Fee (05/2021)" TransName="RESIDENTLIABILITYFEE" TransactionBatchID="1619538294364"/>
    <Transaction CatCode="C" FiscalPeriodEnd="N" LeaID="32856" ReshID="12080" SiteID="4041690" TransAmt="10.00" TransDate="2021-05-01" TransDesc="Resident Liability Compliance Fee (05/2021)" TransName="RESIDENTLIABILITYFEE" TransactionBatchID="1619538294365"/>
    <Transaction CatCode="C" FiscalPeriodEnd="N" LeaID="32922" ReshID="12119" SiteID="4041690" TransAmt="10.00" TransDate="2021-05-01" TransDesc="Resident Liability Compliance Fee (05/2021)" TransName="RESIDENTLIABILITYFEE" TransactionBatchID="1619538294366"/>
    <Transaction CatCode="C" FiscalPeriodEnd="N" LeaID="32923" ReshID="12120" SiteID="4041690" TransAmt="10.00" TransDate="2021-05-01" TransDesc="Resident Liability Compliance Fee (05/2021)" TransName="RESIDENTLIABILITYFEE" TransactionBatchID="1619538294367"/>
    <Transaction CatCode="C" FiscalPeriodEnd="N" LeaID="32840" ReshID="12071" SiteID="4041690" TransAmt="10.00" TransDate="2021-05-01" TransDesc="Resident Liability Compliance Fee (05/2021)" TransName="RESIDENTLIABILITYFEE" TransactionBatchID="1619538294368"/>
    <Transaction CatCode="C" FiscalPeriodEnd="N" LeaID="32886" ReshID="12102" SiteID="4041690" TransAmt="10.00" TransDate="2021-05-01" TransDesc="Resident Liability Compliance Fee (05/2021)" TransName="RESIDENTLIABILITYFEE" TransactionBatchID="1619538294369"/>
    <Transaction CatCode="C" FiscalPeriodEnd="N" LeaID="32837" ReshID="12068" SiteID="4041690" TransAmt="10.00" TransDate="2021-05-01" TransDesc="Resident Liability Compliance Fee (05/2021)" TransName="RESIDENTLIABILITYFEE" TransactionBatchID="1619538294370"/>
    <Transaction CatCode="C" FiscalPeriodEnd="N" LeaID="22760" ReshID="2027" SiteID="4041690" TransAmt="10.00" TransDate="2021-05-01" TransDesc="Resident Liability Compliance Fee (05/2021)" TransName="RESIDENTLIABILITYFEE" TransactionBatchID="1619538294371"/>
    <Transaction CatCode="C" FiscalPeriodEnd="N" LeaID="32909" ReshID="12109" SiteID="4041690" TransAmt="10.00" TransDate="2021-05-01" TransDesc="Resident Liability Compliance Fee (05/2021)" TransName="RESIDENTLIABILITYFEE" TransactionBatchID="1619538294372"/>
    <Transaction CatCode="C" FiscalPeriodEnd="N" LeaID="32928" ReshID="12124" SiteID="4041690" TransAmt="10.00" TransDate="2021-05-01" TransDesc="Resident Liability Compliance Fee (05/2021)" TransName="RESIDENTLIABILITYFEE" TransactionBatchID="1619538294373"/>
    <Transaction CatCode="C" FiscalPeriodEnd="N" LeaID="32858" ReshID="12081" SiteID="4041690" TransAmt="10.00" TransDate="2021-05-01" TransDesc="Resident Liability Compliance Fee (05/2021)" TransName="RESIDENTLIABILITYFEE" TransactionBatchID="1619538294374"/>
    <Transaction CatCode="C" FiscalPeriodEnd="N" LeaID="32927" ReshID="12123" SiteID="4041690" TransAmt="10.00" TransDate="2021-05-01" TransDesc="Resident Liability Compliance Fee (05/2021)" TransName="RESIDENTLIABILITYFEE" TransactionBatchID="1619538294375"/>
    <Transaction CatCode="C" FiscalPeriodEnd="N" LeaID="32944" ReshID="12132" SiteID="4041690" TransAmt="10.00" TransDate="2021-05-01" TransDesc="Resident Liability Compliance Fee (05/2021)" TransName="RESIDENTLIABILITYFEE" TransactionBatchID="1619538294376"/>
    <Transaction CatCode="C" FiscalPeriodEnd="N" LeaID="32989" ReshID="12157" SiteID="4041690" TransAmt="10.00" TransDate="2021-05-01" TransDesc="Resident Liability Compliance Fee (05/2021)" TransName="RESIDENTLIABILITYFEE" TransactionBatchID="1619538294377"/>
    <Transaction CatCode="C" FiscalPeriodEnd="N" LeaID="33000" ReshID="12165" SiteID="4041690" TransAmt="10.00" TransDate="2021-05-01" TransDesc="Resident Liability Compliance Fee (05/2021)" TransName="RESIDENTLIABILITYFEE" TransactionBatchID="1619538294378"/>
    <Transaction CatCode="C" FiscalPeriodEnd="N" LeaID="32892" ReshID="12107" SiteID="4041690" TransAmt="10.00" TransDate="2021-05-01" TransDesc="Resident Liability Compliance Fee (05/2021)" TransName="RESIDENTLIABILITYFEE" TransactionBatchID="1619538294379"/>
    <Transaction CatCode="C" FiscalPeriodEnd="N" LeaID="32990" ReshID="12158" SiteID="4041690" TransAmt="10.00" TransDate="2021-05-01" TransDesc="Resident Liability Compliance Fee (05/2021)" TransName="RESIDENTLIABILITYFEE" TransactionBatchID="1619538294380"/>
    <Transaction CatCode="C" FiscalPeriodEnd="N" LeaID="33025" ReshID="12181" SiteID="4041690" TransAmt="10.00" TransDate="2021-05-01" TransDesc="Resident Liability Compliance Fee (05/2021)" TransName="RESIDENTLIABILITYFEE" TransactionBatchID="1619538294381"/>
    <Transaction CatCode="C" FiscalPeriodEnd="N" LeaID="33040" ReshID="12189" SiteID="4041690" TransAmt="10.00" TransDate="2021-05-01" TransDesc="Resident Liability Compliance Fee (05/2021)" TransName="RESIDENTLIABILITYFEE" TransactionBatchID="1619538294382"/>
    <Transaction CatCode="C" FiscalPeriodEnd="N" LeaID="33051" ReshID="1368" SiteID="4041690" TransAmt="10.00" TransDate="2021-05-01" TransDesc="Resident Liability Compliance Fee (05/2021)" TransName="RESIDENTLIABILITYFEE" TransactionBatchID="1619538294383"/>
    <Transaction CatCode="C" FiscalPeriodEnd="N" LeaID="33020" ReshID="12176" SiteID="4041690" TransAmt="10.00" TransDate="2021-05-01" TransDesc="Resident Liability Compliance Fee (05/2021)" TransName="RESIDENTLIABILITYFEE" TransactionBatchID="1619538294384"/>
    <Transaction CatCode="C" FiscalPeriodEnd="N" LeaID="33019" ReshID="12175" SiteID="4041690" TransAmt="10.00" TransDate="2021-05-01" TransDesc="Resident Liability Compliance Fee (05/2021)" TransName="RESIDENTLIABILITYFEE" TransactionBatchID="1619538294385"/>
    <Transaction CatCode="C" FiscalPeriodEnd="N" LeaID="32987" ReshID="12156" SiteID="4041690" TransAmt="10.00" TransDate="2021-05-01" TransDesc="Resident Liability Compliance Fee (05/2021)" TransName="RESIDENTLIABILITYFEE" TransactionBatchID="1619538294386"/>
    <Transaction CatCode="C" FiscalPeriodEnd="N" LeaID="33011" ReshID="12170" SiteID="4041690" TransAmt="10.00" TransDate="2021-05-01" TransDesc="Resident Liability Compliance Fee (05/2021)" TransName="RESIDENTLIABILITYFEE" TransactionBatchID="1619538294387"/>
    <Transaction CatCode="C" FiscalPeriodEnd="N" LeaID="32996" ReshID="12162" SiteID="4041690" TransAmt="10.00" TransDate="2021-05-01" TransDesc="Resident Liability Compliance Fee (05/2021)" TransName="RESIDENTLIABILITYFEE" TransactionBatchID="1619538294388"/>
    <Transaction CatCode="C" FiscalPeriodEnd="N" LeaID="32997" ReshID="12163" SiteID="4041690" TransAmt="10.00" TransDate="2021-05-01" TransDesc="Resident Liability Compliance Fee (05/2021)" TransName="RESIDENTLIABILITYFEE" TransactionBatchID="1619538294389"/>
    <Transaction CatCode="C" FiscalPeriodEnd="N" LeaID="33026" ReshID="12182" SiteID="4041690" TransAmt="10.00" TransDate="2021-05-01" TransDesc="Resident Liability Compliance Fee (05/2021)" TransName="RESIDENTLIABILITYFEE" TransactionBatchID="1619538294390"/>
    <Transaction CatCode="C" FiscalPeriodEnd="N" LeaID="33054" ReshID="12197" SiteID="4041690" TransAmt="10.00" TransDate="2021-05-01" TransDesc="Resident Liability Compliance Fee (05/2021)" TransName="RESIDENTLIABILITYFEE" TransactionBatchID="1619538294391"/>
    <Transaction CatCode="C" FiscalPeriodEnd="N" LeaID="33073" ReshID="12211" SiteID="4041690" TransAmt="10.00" TransDate="2021-05-01" TransDesc="Resident Liability Compliance Fee (05/2021)" TransName="RESIDENTLIABILITYFEE" TransactionBatchID="1619538294392"/>
    <Transaction CatCode="C" FiscalPeriodEnd="N" LeaID="33075" ReshID="12212" SiteID="4041690" TransAmt="10.00" TransDate="2021-05-01" TransDesc="Resident Liability Compliance Fee (05/2021)" TransName="RESIDENTLIABILITYFEE" TransactionBatchID="1619538294393"/>
    <Transaction CatCode="C" FiscalPeriodEnd="N" LeaID="33082" ReshID="12217" SiteID="4041690" TransAmt="10.00" TransDate="2021-05-01" TransDesc="Resident Liability Compliance Fee (05/2021)" TransName="RESIDENTLIABILITYFEE" TransactionBatchID="1619538294394"/>
    <Transaction CatCode="C" FiscalPeriodEnd="N" LeaID="33088" ReshID="12220" SiteID="4041690" TransAmt="10.00" TransDate="2021-05-01" TransDesc="Resident Liability Compliance Fee (05/2021)" TransName="RESIDENTLIABILITYFEE" TransactionBatchID="1619538294395"/>
    <Transaction CatCode="C" FiscalPeriodEnd="N" LeaID="33030" ReshID="12184" SiteID="4041690" TransAmt="10.00" TransDate="2021-05-01" TransDesc="Resident Liability Compliance Fee (05/2021)" TransName="RESIDENTLIABILITYFEE" TransactionBatchID="1619538294396"/>
    <Transaction CatCode="C" FiscalPeriodEnd="N" LeaID="33042" ReshID="12190" SiteID="4041690" TransAmt="10.00" TransDate="2021-05-01" TransDesc="Resident Liability Compliance Fee (05/2021)" TransName="RESIDENTLIABILITYFEE" TransactionBatchID="1619538294397"/>
    <Transaction CatCode="C" FiscalPeriodEnd="N" LeaID="33131" ReshID="12230" SiteID="4041690" TransAmt="10.00" TransDate="2021-05-01" TransDesc="Resident Liability Compliance Fee (05/2021)" TransName="RESIDENTLIABILITYFEE" TransactionBatchID="1619538294398"/>
    <Transaction CatCode="C" FiscalPeriodEnd="N" LeaID="33126" ReshID="12240" SiteID="4041690" TransAmt="10.00" TransDate="2021-05-01" TransDesc="Resident Liability Compliance Fee (05/2021)" TransName="RESIDENTLIABILITYFEE" TransactionBatchID="1619538294399"/>
    <Transaction CatCode="C" FiscalPeriodEnd="N" LeaID="33069" ReshID="12208" SiteID="4041690" TransAmt="10.00" TransDate="2021-05-01" TransDesc="Resident Liability Compliance Fee (05/2021)" TransName="RESIDENTLIABILITYFEE" TransactionBatchID="1619538294400"/>
    <Transaction CatCode="C" FiscalPeriodEnd="N" LeaID="33087" ReshID="12219" SiteID="4041690" TransAmt="10.00" TransDate="2021-05-01" TransDesc="Resident Liability Compliance Fee (05/2021)" TransName="RESIDENTLIABILITYFEE" TransactionBatchID="1619538294401"/>
    <Transaction CatCode="C" FiscalPeriodEnd="N" LeaID="33136" ReshID="12243" SiteID="4041690" TransAmt="10.00" TransDate="2021-05-01" TransDesc="Resident Liability Compliance Fee (05/2021)" TransName="RESIDENTLIABILITYFEE" TransactionBatchID="1619538294402"/>
    <Transaction CatCode="C" FiscalPeriodEnd="N" LeaID="33142" ReshID="12249" SiteID="4041690" TransAmt="10.00" TransDate="2021-05-01" TransDesc="Resident Liability Compliance Fee (05/2021)" TransName="RESIDENTLIABILITYFEE" TransactionBatchID="1619538294403"/>
    <Transaction CatCode="C" FiscalPeriodEnd="N" LeaID="33151" ReshID="12256" SiteID="4041690" TransAmt="10.00" TransDate="2021-05-01" TransDesc="Resident Liability Compliance Fee (05/2021)" TransName="RESIDENTLIABILITYFEE" TransactionBatchID="1619538294404"/>
    <Transaction CatCode="C" FiscalPeriodEnd="N" LeaID="33099" ReshID="12223" SiteID="4041690" TransAmt="10.00" TransDate="2021-05-01" TransDesc="Resident Liability Compliance Fee (05/2021)" TransName="RESIDENTLIABILITYFEE" TransactionBatchID="1619538294405"/>
    <Transaction CatCode="C" FiscalPeriodEnd="N" LeaID="33100" ReshID="12224" SiteID="4041690" TransAmt="10.00" TransDate="2021-05-01" TransDesc="Resident Liability Compliance Fee (05/2021)" TransName="RESIDENTLIABILITYFEE" TransactionBatchID="1619538294406"/>
    <Transaction CatCode="C" FiscalPeriodEnd="N" LeaID="33225" ReshID="1543" SiteID="4041690" TransAmt="10.00" TransDate="2021-05-01" TransDesc="Resident Liability Compliance Fee (05/2021)" TransName="RESIDENTLIABILITYFEE" TransactionBatchID="1619538294407"/>
    <Transaction CatCode="C" FiscalPeriodEnd="N" LeaID="33105" ReshID="12228" SiteID="4041690" TransAmt="10.00" TransDate="2021-05-01" TransDesc="Resident Liability Compliance Fee (05/2021)" TransName="RESIDENTLIABILITYFEE" TransactionBatchID="1619538294408"/>
    <Transaction CatCode="C" FiscalPeriodEnd="N" LeaID="33112" ReshID="12231" SiteID="4041690" TransAmt="10.00" TransDate="2021-05-01" TransDesc="Resident Liability Compliance Fee (05/2021)" TransName="RESIDENTLIABILITYFEE" TransactionBatchID="1619538294409"/>
    <Transaction CatCode="C" FiscalPeriodEnd="N" LeaID="33135" ReshID="12242" SiteID="4041690" TransAmt="10.00" TransDate="2021-05-01" TransDesc="Resident Liability Compliance Fee (05/2021)" TransName="RESIDENTLIABILITYFEE" TransactionBatchID="1619538294410"/>
    <Transaction CatCode="C" FiscalPeriodEnd="N" LeaID="33137" ReshID="12244" SiteID="4041690" TransAmt="10.00" TransDate="2021-05-01" TransDesc="Resident Liability Compliance Fee (05/2021)" TransName="RESIDENTLIABILITYFEE" TransactionBatchID="1619538294411"/>
    <Transaction CatCode="C" FiscalPeriodEnd="N" LeaID="33141" ReshID="12248" SiteID="4041690" TransAmt="10.00" TransDate="2021-05-01" TransDesc="Resident Liability Compliance Fee (05/2021)" TransName="RESIDENTLIABILITYFEE" TransactionBatchID="1619538294412"/>
    <Transaction CatCode="C" FiscalPeriodEnd="N" LeaID="33147" ReshID="12253" SiteID="4041690" TransAmt="10.00" TransDate="2021-05-01" TransDesc="Resident Liability Compliance Fee (05/2021)" TransName="RESIDENTLIABILITYFEE" TransactionBatchID="1619538294413"/>
    <Transaction CatCode="C" FiscalPeriodEnd="N" LeaID="33163" ReshID="12265" SiteID="4041690" TransAmt="10.00" TransDate="2021-05-01" TransDesc="Resident Liability Compliance Fee (05/2021)" TransName="RESIDENTLIABILITYFEE" TransactionBatchID="1619538294414"/>
    <Transaction CatCode="C" FiscalPeriodEnd="N" LeaID="33172" ReshID="12272" SiteID="4041690" TransAmt="10.00" TransDate="2021-05-01" TransDesc="Resident Liability Compliance Fee (05/2021)" TransName="RESIDENTLIABILITYFEE" TransactionBatchID="1619538294415"/>
    <Transaction CatCode="C" FiscalPeriodEnd="N" LeaID="33181" ReshID="12278" SiteID="4041690" TransAmt="10.00" TransDate="2021-05-01" TransDesc="Resident Liability Compliance Fee (05/2021)" TransName="RESIDENTLIABILITYFEE" TransactionBatchID="1619538294416"/>
    <Transaction CatCode="C" FiscalPeriodEnd="N" LeaID="33183" ReshID="12282" SiteID="4041690" TransAmt="10.00" TransDate="2021-05-01" TransDesc="Resident Liability Compliance Fee (05/2021)" TransName="RESIDENTLIABILITYFEE" TransactionBatchID="1619538294417"/>
    <Transaction CatCode="C" FiscalPeriodEnd="N" LeaID="33154" ReshID="12259" SiteID="4041690" TransAmt="10.00" TransDate="2021-05-01" TransDesc="Resident Liability Compliance Fee (05/2021)" TransName="RESIDENTLIABILITYFEE" TransactionBatchID="1619538294418"/>
    <Transaction CatCode="C" FiscalPeriodEnd="N" LeaID="33184" ReshID="12283" SiteID="4041690" TransAmt="10.00" TransDate="2021-05-01" TransDesc="Resident Liability Compliance Fee (05/2021)" TransName="RESIDENTLIABILITYFEE" TransactionBatchID="1619538294419"/>
    <Transaction CatCode="C" FiscalPeriodEnd="N" LeaID="33214" ReshID="12297" SiteID="4041690" TransAmt="10.00" TransDate="2021-05-01" TransDesc="Resident Liability Compliance Fee (05/2021)" TransName="RESIDENTLIABILITYFEE" TransactionBatchID="1619538294420"/>
    <Transaction CatCode="C" FiscalPeriodEnd="N" LeaID="33173" ReshID="12273" SiteID="4041690" TransAmt="10.00" TransDate="2021-05-01" TransDesc="Resident Liability Compliance Fee (05/2021)" TransName="RESIDENTLIABILITYFEE" TransactionBatchID="1619538294421"/>
    <Transaction CatCode="C" FiscalPeriodEnd="N" LeaID="33177" ReshID="12276" SiteID="4041690" TransAmt="10.00" TransDate="2021-05-01" TransDesc="Resident Liability Compliance Fee (05/2021)" TransName="RESIDENTLIABILITYFEE" TransactionBatchID="1619538294422"/>
    <Transaction CatCode="C" FiscalPeriodEnd="N" LeaID="33242" ReshID="12301" SiteID="4041690" TransAmt="10.00" TransDate="2021-05-01" TransDesc="Resident Liability Compliance Fee (05/2021)" TransName="RESIDENTLIABILITYFEE" TransactionBatchID="1619538294423"/>
    <Transaction CatCode="C" FiscalPeriodEnd="N" LeaID="33155" ReshID="12260" SiteID="4041690" TransAmt="10.00" TransDate="2021-05-01" TransDesc="Resident Liability Compliance Fee (05/2021)" TransName="RESIDENTLIABILITYFEE" TransactionBatchID="1619538294424"/>
    <Transaction CatCode="C" FiscalPeriodEnd="N" LeaID="33245" ReshID="12303" SiteID="4041690" TransAmt="10.00" TransDate="2021-05-01" TransDesc="Resident Liability Compliance Fee (05/2021)" TransName="RESIDENTLIABILITYFEE" TransactionBatchID="1619538294425"/>
    <Transaction CatCode="C" FiscalPeriodEnd="N" LeaID="33246" ReshID="12304" SiteID="4041690" TransAmt="10.00" TransDate="2021-05-01" TransDesc="Resident Liability Compliance Fee (05/2021)" TransName="RESIDENTLIABILITYFEE" TransactionBatchID="1619538294426"/>
    <Transaction CatCode="C" FiscalPeriodEnd="N" LeaID="33197" ReshID="12289" SiteID="4041690" TransAmt="10.00" TransDate="2021-05-01" TransDesc="Resident Liability Compliance Fee (05/2021)" TransName="RESIDENTLIABILITYFEE" TransactionBatchID="1619538294427"/>
    <Transaction CatCode="C" FiscalPeriodEnd="N" LeaID="33200" ReshID="12291" SiteID="4041690" TransAmt="10.00" TransDate="2021-05-01" TransDesc="Resident Liability Compliance Fee (05/2021)" TransName="RESIDENTLIABILITYFEE" TransactionBatchID="1619538294428"/>
    <Transaction CatCode="C" FiscalPeriodEnd="N" LeaID="33012" ReshID="2025" SiteID="4041690" TransAmt="10.00" TransDate="2021-05-01" TransDesc="Resident Liability Compliance Fee (05/2021)" TransName="RESIDENTLIABILITYFEE" TransactionBatchID="1619538294429"/>
    <Transaction CatCode="C" FiscalPeriodEnd="N" LeaID="33169" ReshID="12269" SiteID="4041690" TransAmt="10.00" TransDate="2021-05-01" TransDesc="Resident Liability Compliance Fee (05/2021)" TransName="RESIDENTLIABILITYFEE" TransactionBatchID="1619538294430"/>
    <Transaction CatCode="C" FiscalPeriodEnd="N" LeaID="33270" ReshID="12310" SiteID="4041690" TransAmt="10.00" TransDate="2021-05-01" TransDesc="Resident Liability Compliance Fee (05/2021)" TransName="RESIDENTLIABILITYFEE" TransactionBatchID="1619538294431"/>
    <Transaction CatCode="C" FiscalPeriodEnd="N" LeaID="33294" ReshID="12317" SiteID="4041690" TransAmt="10.00" TransDate="2021-05-01" TransDesc="Resident Liability Compliance Fee (05/2021)" TransName="RESIDENTLIABILITYFEE" TransactionBatchID="1619538294432"/>
    <Transaction CatCode="C" FiscalPeriodEnd="N" LeaID="33303" ReshID="12319" SiteID="4041690" TransAmt="10.00" TransDate="2021-05-01" TransDesc="Resident Liability Compliance Fee (05/2021)" TransName="RESIDENTLIABILITYFEE" TransactionBatchID="1619538294433"/>
    <Transaction CatCode="C" FiscalPeriodEnd="N" LeaID="33316" ReshID="12326" SiteID="4041690" TransAmt="10.00" TransDate="2021-05-01" TransDesc="Resident Liability Compliance Fee (05/2021)" TransName="RESIDENTLIABILITYFEE" TransactionBatchID="1619538294434"/>
    <Transaction CatCode="C" FiscalPeriodEnd="N" LeaID="33332" ReshID="12324" SiteID="4041690" TransAmt="10.00" TransDate="2021-05-01" TransDesc="Resident Liability Compliance Fee (05/2021)" TransName="RESIDENTLIABILITYFEE" TransactionBatchID="1619538294435"/>
    <Transaction CatCode="C" FiscalPeriodEnd="N" LeaID="33307" ReshID="12320" SiteID="4041690" TransAmt="10.00" TransDate="2021-05-01" TransDesc="Resident Liability Compliance Fee (05/2021)" TransName="RESIDENTLIABILITYFEE" TransactionBatchID="1619538294436"/>
    <Transaction CatCode="C" FiscalPeriodEnd="N" LeaID="33309" ReshID="12321" SiteID="4041690" TransAmt="10.00" TransDate="2021-05-01" TransDesc="Resident Liability Compliance Fee (05/2021)" TransName="RESIDENTLIABILITYFEE" TransactionBatchID="1619538294437"/>
    <Transaction CatCode="C" FiscalPeriodEnd="N" LeaID="33313" ReshID="12323" SiteID="4041690" TransAmt="10.00" TransDate="2021-05-01" TransDesc="Resident Liability Compliance Fee (05/2021)" TransName="RESIDENTLIABILITYFEE" TransactionBatchID="1619538294438"/>
    <Transaction CatCode="C" FiscalPeriodEnd="N" LeaID="33344" ReshID="12336" SiteID="4041690" TransAmt="10.00" TransDate="2021-05-01" TransDesc="Resident Liability Compliance Fee (05/2021)" TransName="RESIDENTLIABILITYFEE" TransactionBatchID="1619538294439"/>
    <Transaction CatCode="C" FiscalPeriodEnd="N" LeaID="33178" ReshID="12277" SiteID="4041690" TransAmt="10.00" TransDate="2021-05-01" TransDesc="Resident Liability Compliance Fee (05/2021)" TransName="RESIDENTLIABILITYFEE" TransactionBatchID="1619538294440"/>
    <Transaction CatCode="C" FiscalPeriodEnd="N" LeaID="33365" ReshID="12341" SiteID="4041690" TransAmt="10.00" TransDate="2021-05-01" TransDesc="Resident Liability Compliance Fee (05/2021)" TransName="RESIDENTLIABILITYFEE" TransactionBatchID="1619538294441"/>
    <Transaction CatCode="C" FiscalPeriodEnd="N" LeaID="33366" ReshID="12342" SiteID="4041690" TransAmt="10.00" TransDate="2021-05-01" TransDesc="Resident Liability Compliance Fee (05/2021)" TransName="RESIDENTLIABILITYFEE" TransactionBatchID="1619538294442"/>
    <Transaction CatCode="C" FiscalPeriodEnd="N" LeaID="33336" ReshID="12334" SiteID="4041690" TransAmt="10.00" TransDate="2021-05-01" TransDesc="Resident Liability Compliance Fee (05/2021)" TransName="RESIDENTLIABILITYFEE" TransactionBatchID="1619538294443"/>
    <Transaction CatCode="C" FiscalPeriodEnd="N" LeaID="33352" ReshID="12338" SiteID="4041690" TransAmt="10.00" TransDate="2021-05-01" TransDesc="Resident Liability Compliance Fee (05/2021)" TransName="RESIDENTLIABILITYFEE" TransactionBatchID="1619538294444"/>
    <Transaction CatCode="C" FiscalPeriodEnd="N" LeaID="33374" ReshID="12347" SiteID="4041690" TransAmt="10.00" TransDate="2021-05-01" TransDesc="Resident Liability Compliance Fee (05/2021)" TransName="RESIDENTLIABILITYFEE" TransactionBatchID="1619538294445"/>
    <Transaction CatCode="C" FiscalPeriodEnd="N" LeaID="33389" ReshID="12355" SiteID="4041690" TransAmt="10.00" TransDate="2021-05-01" TransDesc="Resident Liability Compliance Fee (05/2021)" TransName="RESIDENTLIABILITYFEE" TransactionBatchID="1619538294446"/>
    <Transaction CatCode="C" FiscalPeriodEnd="N" LeaID="33367" ReshID="12343" SiteID="4041690" TransAmt="10.00" TransDate="2021-05-01" TransDesc="Resident Liability Compliance Fee (05/2021)" TransName="RESIDENTLIABILITYFEE" TransactionBatchID="1619538294447"/>
    <Transaction CatCode="C" FiscalPeriodEnd="N" LeaID="33380" ReshID="12353" SiteID="4041690" TransAmt="10.00" TransDate="2021-05-01" TransDesc="Resident Liability Compliance Fee (05/2021)" TransName="RESIDENTLIABILITYFEE" TransactionBatchID="1619538294448"/>
    <Transaction CatCode="C" FiscalPeriodEnd="N" LeaID="33409" ReshID="12370" SiteID="4041690" TransAmt="10.00" TransDate="2021-05-01" TransDesc="Resident Liability Compliance Fee (05/2021)" TransName="RESIDENTLIABILITYFEE" TransactionBatchID="1619538294449"/>
    <Transaction CatCode="C" FiscalPeriodEnd="N" LeaID="33393" ReshID="12358" SiteID="4041690" TransAmt="10.00" TransDate="2021-05-01" TransDesc="Resident Liability Compliance Fee (05/2021)" TransName="RESIDENTLIABILITYFEE" TransactionBatchID="1619538294450"/>
    <Transaction CatCode="C" FiscalPeriodEnd="N" LeaID="33369" ReshID="12345" SiteID="4041690" TransAmt="10.00" TransDate="2021-05-01" TransDesc="Resident Liability Compliance Fee (05/2021)" TransName="RESIDENTLIABILITYFEE" TransactionBatchID="1619538294451"/>
    <Transaction CatCode="C" FiscalPeriodEnd="N" LeaID="33397" ReshID="12361" SiteID="4041690" TransAmt="10.00" TransDate="2021-05-01" TransDesc="Resident Liability Compliance Fee (05/2021)" TransName="RESIDENTLIABILITYFEE" TransactionBatchID="1619538294452"/>
    <Transaction CatCode="C" FiscalPeriodEnd="N" LeaID="33454" ReshID="12392" SiteID="4041690" TransAmt="10.00" TransDate="2021-05-01" TransDesc="Resident Liability Compliance Fee (05/2021)" TransName="RESIDENTLIABILITYFEE" TransactionBatchID="1619538294453"/>
</TransactionList>
