<TransactionList>
    <Validation>
        <Audit Count="243" Node="Transaction" Sum="2430.00"/>
    </Validation>
    <Transaction CatCode="C" FiscalPeriodEnd="N" LeaID="22514" ReshID="22" SiteID="4054041" TransAmt="10.00" TransDate="2021-05-01" TransDesc="Resident Liability Compliance Fee (05/2021)" TransName="RESIDENTLIABILITYFEE" TransactionBatchID="1619538294562"/>
    <Transaction CatCode="C" FiscalPeriodEnd="N" LeaID="12415" ReshID="24" SiteID="4054041" TransAmt="10.00" TransDate="2021-05-01" TransDesc="Resident Liability Compliance Fee (05/2021)" TransName="RESIDENTLIABILITYFEE" TransactionBatchID="1619538294563"/>
    <Transaction CatCode="C" FiscalPeriodEnd="N" LeaID="12472" ReshID="60" SiteID="4054041" TransAmt="10.00" TransDate="2021-05-01" TransDesc="Resident Liability Compliance Fee (05/2021)" TransName="RESIDENTLIABILITYFEE" TransactionBatchID="1619538294564"/>
    <Transaction CatCode="C" FiscalPeriodEnd="N" LeaID="22605" ReshID="65" SiteID="4054041" TransAmt="10.00" TransDate="2021-05-01" TransDesc="Resident Liability Compliance Fee (05/2021)" TransName="RESIDENTLIABILITYFEE" TransactionBatchID="1619538294565"/>
    <Transaction CatCode="C" FiscalPeriodEnd="N" LeaID="22553" ReshID="67" SiteID="4054041" TransAmt="10.00" TransDate="2021-05-01" TransDesc="Resident Liability Compliance Fee (05/2021)" TransName="RESIDENTLIABILITYFEE" TransactionBatchID="1619538294566"/>
    <Transaction CatCode="C" FiscalPeriodEnd="N" LeaID="22592" ReshID="75" SiteID="4054041" TransAmt="10.00" TransDate="2021-05-01" TransDesc="Resident Liability Compliance Fee (05/2021)" TransName="RESIDENTLIABILITYFEE" TransactionBatchID="1619538294567"/>
    <Transaction CatCode="C" FiscalPeriodEnd="N" LeaID="12440" ReshID="82" SiteID="4054041" TransAmt="10.00" TransDate="2021-05-01" TransDesc="Resident Liability Compliance Fee (05/2021)" TransName="RESIDENTLIABILITYFEE" TransactionBatchID="1619538294568"/>
    <Transaction CatCode="C" FiscalPeriodEnd="N" LeaID="22624" ReshID="139" SiteID="4054041" TransAmt="10.00" TransDate="2021-05-01" TransDesc="Resident Liability Compliance Fee (05/2021)" TransName="RESIDENTLIABILITYFEE" TransactionBatchID="1619538294569"/>
    <Transaction CatCode="C" FiscalPeriodEnd="N" LeaID="22732" ReshID="189" SiteID="4054041" TransAmt="10.00" TransDate="2021-05-01" TransDesc="Resident Liability Compliance Fee (05/2021)" TransName="RESIDENTLIABILITYFEE" TransactionBatchID="1619538294570"/>
    <Transaction CatCode="C" FiscalPeriodEnd="N" LeaID="22692" ReshID="204" SiteID="4054041" TransAmt="10.00" TransDate="2021-05-01" TransDesc="Resident Liability Compliance Fee (05/2021)" TransName="RESIDENTLIABILITYFEE" TransactionBatchID="1619538294571"/>
    <Transaction CatCode="C" FiscalPeriodEnd="N" LeaID="22831" ReshID="214" SiteID="4054041" TransAmt="10.00" TransDate="2021-05-01" TransDesc="Resident Liability Compliance Fee (05/2021)" TransName="RESIDENTLIABILITYFEE" TransactionBatchID="1619538294572"/>
    <Transaction CatCode="C" FiscalPeriodEnd="N" LeaID="22555" ReshID="253" SiteID="4054041" TransAmt="10.00" TransDate="2021-05-01" TransDesc="Resident Liability Compliance Fee (05/2021)" TransName="RESIDENTLIABILITYFEE" TransactionBatchID="1619538294573"/>
    <Transaction CatCode="C" FiscalPeriodEnd="N" LeaID="22989" ReshID="262" SiteID="4054041" TransAmt="10.00" TransDate="2021-05-01" TransDesc="Resident Liability Compliance Fee (05/2021)" TransName="RESIDENTLIABILITYFEE" TransactionBatchID="1619538294574"/>
    <Transaction CatCode="C" FiscalPeriodEnd="N" LeaID="22772" ReshID="297" SiteID="4054041" TransAmt="10.00" TransDate="2021-05-01" TransDesc="Resident Liability Compliance Fee (05/2021)" TransName="RESIDENTLIABILITYFEE" TransactionBatchID="1619538294575"/>
    <Transaction CatCode="C" FiscalPeriodEnd="N" LeaID="22565" ReshID="302" SiteID="4054041" TransAmt="10.00" TransDate="2021-05-01" TransDesc="Resident Liability Compliance Fee (05/2021)" TransName="RESIDENTLIABILITYFEE" TransactionBatchID="1619538294576"/>
    <Transaction CatCode="C" FiscalPeriodEnd="N" LeaID="22693" ReshID="340" SiteID="4054041" TransAmt="10.00" TransDate="2021-05-01" TransDesc="Resident Liability Compliance Fee (05/2021)" TransName="RESIDENTLIABILITYFEE" TransactionBatchID="1619538294577"/>
    <Transaction CatCode="C" FiscalPeriodEnd="N" LeaID="22586" ReshID="410" SiteID="4054041" TransAmt="10.00" TransDate="2021-05-01" TransDesc="Resident Liability Compliance Fee (05/2021)" TransName="RESIDENTLIABILITYFEE" TransactionBatchID="1619538294578"/>
    <Transaction CatCode="C" FiscalPeriodEnd="N" LeaID="12380" ReshID="90" SiteID="4054041" TransAmt="10.00" TransDate="2021-05-01" TransDesc="Resident Liability Compliance Fee (05/2021)" TransName="RESIDENTLIABILITYFEE" TransactionBatchID="1619538294579"/>
    <Transaction CatCode="C" FiscalPeriodEnd="N" LeaID="22685" ReshID="499" SiteID="4054041" TransAmt="10.00" TransDate="2021-05-01" TransDesc="Resident Liability Compliance Fee (05/2021)" TransName="RESIDENTLIABILITYFEE" TransactionBatchID="1619538294580"/>
    <Transaction CatCode="C" FiscalPeriodEnd="N" LeaID="12420" ReshID="518" SiteID="4054041" TransAmt="10.00" TransDate="2021-05-01" TransDesc="Resident Liability Compliance Fee (05/2021)" TransName="RESIDENTLIABILITYFEE" TransactionBatchID="1619538294581"/>
    <Transaction CatCode="C" FiscalPeriodEnd="N" LeaID="12280" ReshID="597" SiteID="4054041" TransAmt="10.00" TransDate="2021-05-01" TransDesc="Resident Liability Compliance Fee (05/2021)" TransName="RESIDENTLIABILITYFEE" TransactionBatchID="1619538294582"/>
    <Transaction CatCode="C" FiscalPeriodEnd="N" LeaID="12374" ReshID="598" SiteID="4054041" TransAmt="10.00" TransDate="2021-05-01" TransDesc="Resident Liability Compliance Fee (05/2021)" TransName="RESIDENTLIABILITYFEE" TransactionBatchID="1619538294583"/>
    <Transaction CatCode="C" FiscalPeriodEnd="N" LeaID="22913" ReshID="608" SiteID="4054041" TransAmt="10.00" TransDate="2021-05-01" TransDesc="Resident Liability Compliance Fee (05/2021)" TransName="RESIDENTLIABILITYFEE" TransactionBatchID="1619538294584"/>
    <Transaction CatCode="C" FiscalPeriodEnd="N" LeaID="22821" ReshID="609" SiteID="4054041" TransAmt="10.00" TransDate="2021-05-01" TransDesc="Resident Liability Compliance Fee (05/2021)" TransName="RESIDENTLIABILITYFEE" TransactionBatchID="1619538294585"/>
    <Transaction CatCode="C" FiscalPeriodEnd="N" LeaID="12419" ReshID="641" SiteID="4054041" TransAmt="10.00" TransDate="2021-05-01" TransDesc="Resident Liability Compliance Fee (05/2021)" TransName="RESIDENTLIABILITYFEE" TransactionBatchID="1619538294586"/>
    <Transaction CatCode="C" FiscalPeriodEnd="N" LeaID="22664" ReshID="671" SiteID="4054041" TransAmt="10.00" TransDate="2021-05-01" TransDesc="Resident Liability Compliance Fee (05/2021)" TransName="RESIDENTLIABILITYFEE" TransactionBatchID="1619538294587"/>
    <Transaction CatCode="C" FiscalPeriodEnd="N" LeaID="22669" ReshID="713" SiteID="4054041" TransAmt="10.00" TransDate="2021-05-01" TransDesc="Resident Liability Compliance Fee (05/2021)" TransName="RESIDENTLIABILITYFEE" TransactionBatchID="1619538294588"/>
    <Transaction CatCode="C" FiscalPeriodEnd="N" LeaID="22612" ReshID="719" SiteID="4054041" TransAmt="10.00" TransDate="2021-05-01" TransDesc="Resident Liability Compliance Fee (05/2021)" TransName="RESIDENTLIABILITYFEE" TransactionBatchID="1619538294589"/>
    <Transaction CatCode="C" FiscalPeriodEnd="N" LeaID="23027" ReshID="743" SiteID="4054041" TransAmt="10.00" TransDate="2021-05-01" TransDesc="Resident Liability Compliance Fee (05/2021)" TransName="RESIDENTLIABILITYFEE" TransactionBatchID="1619538294590"/>
    <Transaction CatCode="C" FiscalPeriodEnd="N" LeaID="22823" ReshID="841" SiteID="4054041" TransAmt="10.00" TransDate="2021-05-01" TransDesc="Resident Liability Compliance Fee (05/2021)" TransName="RESIDENTLIABILITYFEE" TransactionBatchID="1619538294591"/>
    <Transaction CatCode="C" FiscalPeriodEnd="N" LeaID="22785" ReshID="10843" SiteID="4054041" TransAmt="10.00" TransDate="2021-05-01" TransDesc="Resident Liability Compliance Fee (05/2021)" TransName="RESIDENTLIABILITYFEE" TransactionBatchID="1619538294592"/>
    <Transaction CatCode="C" FiscalPeriodEnd="N" LeaID="22571" ReshID="10877" SiteID="4054041" TransAmt="10.00" TransDate="2021-05-01" TransDesc="Resident Liability Compliance Fee (05/2021)" TransName="RESIDENTLIABILITYFEE" TransactionBatchID="1619538294593"/>
    <Transaction CatCode="C" FiscalPeriodEnd="N" LeaID="22888" ReshID="10901" SiteID="4054041" TransAmt="10.00" TransDate="2021-05-01" TransDesc="Resident Liability Compliance Fee (05/2021)" TransName="RESIDENTLIABILITYFEE" TransactionBatchID="1619538294594"/>
    <Transaction CatCode="C" FiscalPeriodEnd="N" LeaID="22670" ReshID="10917" SiteID="4054041" TransAmt="10.00" TransDate="2021-05-01" TransDesc="Resident Liability Compliance Fee (05/2021)" TransName="RESIDENTLIABILITYFEE" TransactionBatchID="1619538294595"/>
    <Transaction CatCode="C" FiscalPeriodEnd="N" LeaID="22873" ReshID="10920" SiteID="4054041" TransAmt="10.00" TransDate="2021-05-01" TransDesc="Resident Liability Compliance Fee (05/2021)" TransName="RESIDENTLIABILITYFEE" TransactionBatchID="1619538294596"/>
    <Transaction CatCode="C" FiscalPeriodEnd="N" LeaID="22869" ReshID="10923" SiteID="4054041" TransAmt="10.00" TransDate="2021-05-01" TransDesc="Resident Liability Compliance Fee (05/2021)" TransName="RESIDENTLIABILITYFEE" TransactionBatchID="1619538294597"/>
    <Transaction CatCode="C" FiscalPeriodEnd="N" LeaID="22880" ReshID="10946" SiteID="4054041" TransAmt="10.00" TransDate="2021-05-01" TransDesc="Resident Liability Compliance Fee (05/2021)" TransName="RESIDENTLIABILITYFEE" TransactionBatchID="1619538294598"/>
    <Transaction CatCode="C" FiscalPeriodEnd="N" LeaID="22658" ReshID="10961" SiteID="4054041" TransAmt="10.00" TransDate="2021-05-01" TransDesc="Resident Liability Compliance Fee (05/2021)" TransName="RESIDENTLIABILITYFEE" TransactionBatchID="1619538294599"/>
    <Transaction CatCode="C" FiscalPeriodEnd="N" LeaID="22905" ReshID="10966" SiteID="4054041" TransAmt="10.00" TransDate="2021-05-01" TransDesc="Resident Liability Compliance Fee (05/2021)" TransName="RESIDENTLIABILITYFEE" TransactionBatchID="1619538294600"/>
    <Transaction CatCode="C" FiscalPeriodEnd="N" LeaID="22940" ReshID="10970" SiteID="4054041" TransAmt="10.00" TransDate="2021-05-01" TransDesc="Resident Liability Compliance Fee (05/2021)" TransName="RESIDENTLIABILITYFEE" TransactionBatchID="1619538294601"/>
    <Transaction CatCode="C" FiscalPeriodEnd="N" LeaID="22946" ReshID="10979" SiteID="4054041" TransAmt="10.00" TransDate="2021-05-01" TransDesc="Resident Liability Compliance Fee (05/2021)" TransName="RESIDENTLIABILITYFEE" TransactionBatchID="1619538294602"/>
    <Transaction CatCode="C" FiscalPeriodEnd="N" LeaID="22906" ReshID="10987" SiteID="4054041" TransAmt="10.00" TransDate="2021-05-01" TransDesc="Resident Liability Compliance Fee (05/2021)" TransName="RESIDENTLIABILITYFEE" TransactionBatchID="1619538294603"/>
    <Transaction CatCode="C" FiscalPeriodEnd="N" LeaID="12369" ReshID="10988" SiteID="4054041" TransAmt="10.00" TransDate="2021-05-01" TransDesc="Resident Liability Compliance Fee (05/2021)" TransName="RESIDENTLIABILITYFEE" TransactionBatchID="1619538294604"/>
    <Transaction CatCode="C" FiscalPeriodEnd="N" LeaID="22826" ReshID="11010" SiteID="4054041" TransAmt="10.00" TransDate="2021-05-01" TransDesc="Resident Liability Compliance Fee (05/2021)" TransName="RESIDENTLIABILITYFEE" TransactionBatchID="1619538294605"/>
    <Transaction CatCode="C" FiscalPeriodEnd="N" LeaID="22478" ReshID="11012" SiteID="4054041" TransAmt="10.00" TransDate="2021-05-01" TransDesc="Resident Liability Compliance Fee (05/2021)" TransName="RESIDENTLIABILITYFEE" TransactionBatchID="1619538294606"/>
    <Transaction CatCode="C" FiscalPeriodEnd="N" LeaID="12433" ReshID="11039" SiteID="4054041" TransAmt="10.00" TransDate="2021-05-01" TransDesc="Resident Liability Compliance Fee (05/2021)" TransName="RESIDENTLIABILITYFEE" TransactionBatchID="1619538294607"/>
    <Transaction CatCode="C" FiscalPeriodEnd="N" LeaID="12426" ReshID="11057" SiteID="4054041" TransAmt="10.00" TransDate="2021-05-01" TransDesc="Resident Liability Compliance Fee (05/2021)" TransName="RESIDENTLIABILITYFEE" TransactionBatchID="1619538294608"/>
    <Transaction CatCode="C" FiscalPeriodEnd="N" LeaID="22574" ReshID="11091" SiteID="4054041" TransAmt="10.00" TransDate="2021-05-01" TransDesc="Resident Liability Compliance Fee (05/2021)" TransName="RESIDENTLIABILITYFEE" TransactionBatchID="1619538294609"/>
    <Transaction CatCode="C" FiscalPeriodEnd="N" LeaID="22557" ReshID="11116" SiteID="4054041" TransAmt="10.00" TransDate="2021-05-01" TransDesc="Resident Liability Compliance Fee (05/2021)" TransName="RESIDENTLIABILITYFEE" TransactionBatchID="1619538294610"/>
    <Transaction CatCode="C" FiscalPeriodEnd="N" LeaID="22825" ReshID="11125" SiteID="4054041" TransAmt="10.00" TransDate="2021-05-01" TransDesc="Resident Liability Compliance Fee (05/2021)" TransName="RESIDENTLIABILITYFEE" TransactionBatchID="1619538294611"/>
    <Transaction CatCode="C" FiscalPeriodEnd="N" LeaID="22645" ReshID="11136" SiteID="4054041" TransAmt="10.00" TransDate="2021-05-01" TransDesc="Resident Liability Compliance Fee (05/2021)" TransName="RESIDENTLIABILITYFEE" TransactionBatchID="1619538294612"/>
    <Transaction CatCode="C" FiscalPeriodEnd="N" LeaID="22540" ReshID="11148" SiteID="4054041" TransAmt="10.00" TransDate="2021-05-01" TransDesc="Resident Liability Compliance Fee (05/2021)" TransName="RESIDENTLIABILITYFEE" TransactionBatchID="1619538294613"/>
    <Transaction CatCode="C" FiscalPeriodEnd="N" LeaID="22578" ReshID="11150" SiteID="4054041" TransAmt="10.00" TransDate="2021-05-01" TransDesc="Resident Liability Compliance Fee (05/2021)" TransName="RESIDENTLIABILITYFEE" TransactionBatchID="1619538294614"/>
    <Transaction CatCode="C" FiscalPeriodEnd="N" LeaID="22593" ReshID="11152" SiteID="4054041" TransAmt="10.00" TransDate="2021-05-01" TransDesc="Resident Liability Compliance Fee (05/2021)" TransName="RESIDENTLIABILITYFEE" TransactionBatchID="1619538294615"/>
    <Transaction CatCode="C" FiscalPeriodEnd="N" LeaID="22622" ReshID="11155" SiteID="4054041" TransAmt="10.00" TransDate="2021-05-01" TransDesc="Resident Liability Compliance Fee (05/2021)" TransName="RESIDENTLIABILITYFEE" TransactionBatchID="1619538294616"/>
    <Transaction CatCode="C" FiscalPeriodEnd="N" LeaID="22549" ReshID="11157" SiteID="4054041" TransAmt="10.00" TransDate="2021-05-01" TransDesc="Resident Liability Compliance Fee (05/2021)" TransName="RESIDENTLIABILITYFEE" TransactionBatchID="1619538294617"/>
    <Transaction CatCode="C" FiscalPeriodEnd="N" LeaID="22847" ReshID="11160" SiteID="4054041" TransAmt="10.00" TransDate="2021-05-01" TransDesc="Resident Liability Compliance Fee (05/2021)" TransName="RESIDENTLIABILITYFEE" TransactionBatchID="1619538294618"/>
    <Transaction CatCode="C" FiscalPeriodEnd="N" LeaID="22634" ReshID="11165" SiteID="4054041" TransAmt="10.00" TransDate="2021-05-01" TransDesc="Resident Liability Compliance Fee (05/2021)" TransName="RESIDENTLIABILITYFEE" TransactionBatchID="1619538294619"/>
    <Transaction CatCode="C" FiscalPeriodEnd="N" LeaID="22718" ReshID="11180" SiteID="4054041" TransAmt="10.00" TransDate="2021-05-01" TransDesc="Resident Liability Compliance Fee (05/2021)" TransName="RESIDENTLIABILITYFEE" TransactionBatchID="1619538294620"/>
    <Transaction CatCode="C" FiscalPeriodEnd="N" LeaID="22738" ReshID="11183" SiteID="4054041" TransAmt="10.00" TransDate="2021-05-01" TransDesc="Resident Liability Compliance Fee (05/2021)" TransName="RESIDENTLIABILITYFEE" TransactionBatchID="1619538294621"/>
    <Transaction CatCode="C" FiscalPeriodEnd="N" LeaID="22734" ReshID="11201" SiteID="4054041" TransAmt="10.00" TransDate="2021-05-01" TransDesc="Resident Liability Compliance Fee (05/2021)" TransName="RESIDENTLIABILITYFEE" TransactionBatchID="1619538294622"/>
    <Transaction CatCode="C" FiscalPeriodEnd="N" LeaID="11581" ReshID="11210" SiteID="4054041" TransAmt="10.00" TransDate="2021-05-01" TransDesc="Resident Liability Compliance Fee (05/2021)" TransName="RESIDENTLIABILITYFEE" TransactionBatchID="1619538294623"/>
    <Transaction CatCode="C" FiscalPeriodEnd="N" LeaID="22660" ReshID="11211" SiteID="4054041" TransAmt="10.00" TransDate="2021-05-01" TransDesc="Resident Liability Compliance Fee (05/2021)" TransName="RESIDENTLIABILITYFEE" TransactionBatchID="1619538294624"/>
    <Transaction CatCode="C" FiscalPeriodEnd="N" LeaID="22659" ReshID="11212" SiteID="4054041" TransAmt="10.00" TransDate="2021-05-01" TransDesc="Resident Liability Compliance Fee (05/2021)" TransName="RESIDENTLIABILITYFEE" TransactionBatchID="1619538294625"/>
    <Transaction CatCode="C" FiscalPeriodEnd="N" LeaID="22735" ReshID="11227" SiteID="4054041" TransAmt="10.00" TransDate="2021-05-01" TransDesc="Resident Liability Compliance Fee (05/2021)" TransName="RESIDENTLIABILITYFEE" TransactionBatchID="1619538294626"/>
    <Transaction CatCode="C" FiscalPeriodEnd="N" LeaID="22733" ReshID="11236" SiteID="4054041" TransAmt="10.00" TransDate="2021-05-01" TransDesc="Resident Liability Compliance Fee (05/2021)" TransName="RESIDENTLIABILITYFEE" TransactionBatchID="1619538294627"/>
    <Transaction CatCode="C" FiscalPeriodEnd="N" LeaID="22833" ReshID="11254" SiteID="4054041" TransAmt="10.00" TransDate="2021-05-01" TransDesc="Resident Liability Compliance Fee (05/2021)" TransName="RESIDENTLIABILITYFEE" TransactionBatchID="1619538294628"/>
    <Transaction CatCode="C" FiscalPeriodEnd="N" LeaID="22716" ReshID="11256" SiteID="4054041" TransAmt="10.00" TransDate="2021-05-01" TransDesc="Resident Liability Compliance Fee (05/2021)" TransName="RESIDENTLIABILITYFEE" TransactionBatchID="1619538294629"/>
    <Transaction CatCode="C" FiscalPeriodEnd="N" LeaID="22819" ReshID="11272" SiteID="4054041" TransAmt="10.00" TransDate="2021-05-01" TransDesc="Resident Liability Compliance Fee (05/2021)" TransName="RESIDENTLIABILITYFEE" TransactionBatchID="1619538294630"/>
    <Transaction CatCode="C" FiscalPeriodEnd="N" LeaID="22801" ReshID="11275" SiteID="4054041" TransAmt="10.00" TransDate="2021-05-01" TransDesc="Resident Liability Compliance Fee (05/2021)" TransName="RESIDENTLIABILITYFEE" TransactionBatchID="1619538294631"/>
    <Transaction CatCode="C" FiscalPeriodEnd="N" LeaID="22886" ReshID="11286" SiteID="4054041" TransAmt="10.00" TransDate="2021-05-01" TransDesc="Resident Liability Compliance Fee (05/2021)" TransName="RESIDENTLIABILITYFEE" TransactionBatchID="1619538294632"/>
    <Transaction CatCode="C" FiscalPeriodEnd="N" LeaID="22611" ReshID="11293" SiteID="4054041" TransAmt="10.00" TransDate="2021-05-01" TransDesc="Resident Liability Compliance Fee (05/2021)" TransName="RESIDENTLIABILITYFEE" TransactionBatchID="1619538294633"/>
    <Transaction CatCode="C" FiscalPeriodEnd="N" LeaID="22761" ReshID="11297" SiteID="4054041" TransAmt="10.00" TransDate="2021-05-01" TransDesc="Resident Liability Compliance Fee (05/2021)" TransName="RESIDENTLIABILITYFEE" TransactionBatchID="1619538294634"/>
    <Transaction CatCode="C" FiscalPeriodEnd="N" LeaID="22874" ReshID="11305" SiteID="4054041" TransAmt="10.00" TransDate="2021-05-01" TransDesc="Resident Liability Compliance Fee (05/2021)" TransName="RESIDENTLIABILITYFEE" TransactionBatchID="1619538294635"/>
    <Transaction CatCode="C" FiscalPeriodEnd="N" LeaID="12308" ReshID="11323" SiteID="4054041" TransAmt="10.00" TransDate="2021-05-01" TransDesc="Resident Liability Compliance Fee (05/2021)" TransName="RESIDENTLIABILITYFEE" TransactionBatchID="1619538294636"/>
    <Transaction CatCode="C" FiscalPeriodEnd="N" LeaID="22610" ReshID="11334" SiteID="4054041" TransAmt="10.00" TransDate="2021-05-01" TransDesc="Resident Liability Compliance Fee (05/2021)" TransName="RESIDENTLIABILITYFEE" TransactionBatchID="1619538294637"/>
    <Transaction CatCode="C" FiscalPeriodEnd="N" LeaID="23000" ReshID="11348" SiteID="4054041" TransAmt="10.00" TransDate="2021-05-01" TransDesc="Resident Liability Compliance Fee (05/2021)" TransName="RESIDENTLIABILITYFEE" TransactionBatchID="1619538294638"/>
    <Transaction CatCode="C" FiscalPeriodEnd="N" LeaID="12385" ReshID="11388" SiteID="4054041" TransAmt="10.00" TransDate="2021-05-01" TransDesc="Resident Liability Compliance Fee (05/2021)" TransName="RESIDENTLIABILITYFEE" TransactionBatchID="1619538294639"/>
    <Transaction CatCode="C" FiscalPeriodEnd="N" LeaID="12375" ReshID="11395" SiteID="4054041" TransAmt="10.00" TransDate="2021-05-01" TransDesc="Resident Liability Compliance Fee (05/2021)" TransName="RESIDENTLIABILITYFEE" TransactionBatchID="1619538294640"/>
    <Transaction CatCode="C" FiscalPeriodEnd="N" LeaID="12394" ReshID="11403" SiteID="4054041" TransAmt="10.00" TransDate="2021-05-01" TransDesc="Resident Liability Compliance Fee (05/2021)" TransName="RESIDENTLIABILITYFEE" TransactionBatchID="1619538294641"/>
    <Transaction CatCode="C" FiscalPeriodEnd="N" LeaID="12400" ReshID="11408" SiteID="4054041" TransAmt="10.00" TransDate="2021-05-01" TransDesc="Resident Liability Compliance Fee (05/2021)" TransName="RESIDENTLIABILITYFEE" TransactionBatchID="1619538294642"/>
    <Transaction CatCode="C" FiscalPeriodEnd="N" LeaID="12391" ReshID="11413" SiteID="4054041" TransAmt="10.00" TransDate="2021-05-01" TransDesc="Resident Liability Compliance Fee (05/2021)" TransName="RESIDENTLIABILITYFEE" TransactionBatchID="1619538294643"/>
    <Transaction CatCode="C" FiscalPeriodEnd="N" LeaID="22932" ReshID="11420" SiteID="4054041" TransAmt="10.00" TransDate="2021-05-01" TransDesc="Resident Liability Compliance Fee (05/2021)" TransName="RESIDENTLIABILITYFEE" TransactionBatchID="1619538294644"/>
    <Transaction CatCode="C" FiscalPeriodEnd="N" LeaID="22868" ReshID="11436" SiteID="4054041" TransAmt="10.00" TransDate="2021-05-01" TransDesc="Resident Liability Compliance Fee (05/2021)" TransName="RESIDENTLIABILITYFEE" TransactionBatchID="1619538294645"/>
    <Transaction CatCode="C" FiscalPeriodEnd="N" LeaID="22941" ReshID="11438" SiteID="4054041" TransAmt="10.00" TransDate="2021-05-01" TransDesc="Resident Liability Compliance Fee (05/2021)" TransName="RESIDENTLIABILITYFEE" TransactionBatchID="1619538294646"/>
    <Transaction CatCode="C" FiscalPeriodEnd="N" LeaID="12423" ReshID="11463" SiteID="4054041" TransAmt="10.00" TransDate="2021-05-01" TransDesc="Resident Liability Compliance Fee (05/2021)" TransName="RESIDENTLIABILITYFEE" TransactionBatchID="1619538294647"/>
    <Transaction CatCode="C" FiscalPeriodEnd="N" LeaID="12406" ReshID="11476" SiteID="4054041" TransAmt="10.00" TransDate="2021-05-01" TransDesc="Resident Liability Compliance Fee (05/2021)" TransName="RESIDENTLIABILITYFEE" TransactionBatchID="1619538294648"/>
    <Transaction CatCode="C" FiscalPeriodEnd="N" LeaID="12382" ReshID="30" SiteID="4054041" TransAmt="10.00" TransDate="2021-05-01" TransDesc="Resident Liability Compliance Fee (05/2021)" TransName="RESIDENTLIABILITYFEE" TransactionBatchID="1619538294649"/>
    <Transaction CatCode="C" FiscalPeriodEnd="N" LeaID="22537" ReshID="57" SiteID="4054041" TransAmt="10.00" TransDate="2021-05-01" TransDesc="Resident Liability Compliance Fee (05/2021)" TransName="RESIDENTLIABILITYFEE" TransactionBatchID="1619538294650"/>
    <Transaction CatCode="C" FiscalPeriodEnd="N" LeaID="22547" ReshID="284" SiteID="4054041" TransAmt="10.00" TransDate="2021-05-01" TransDesc="Resident Liability Compliance Fee (05/2021)" TransName="RESIDENTLIABILITYFEE" TransactionBatchID="1619538294651"/>
    <Transaction CatCode="C" FiscalPeriodEnd="N" LeaID="22550" ReshID="634" SiteID="4054041" TransAmt="10.00" TransDate="2021-05-01" TransDesc="Resident Liability Compliance Fee (05/2021)" TransName="RESIDENTLIABILITYFEE" TransactionBatchID="1619538294652"/>
    <Transaction CatCode="C" FiscalPeriodEnd="N" LeaID="22484" ReshID="11358" SiteID="4054041" TransAmt="10.00" TransDate="2021-05-01" TransDesc="Resident Liability Compliance Fee (05/2021)" TransName="RESIDENTLIABILITYFEE" TransactionBatchID="1619538294653"/>
    <Transaction CatCode="C" FiscalPeriodEnd="N" LeaID="22629" ReshID="11494" SiteID="4054041" TransAmt="10.00" TransDate="2021-05-01" TransDesc="Resident Liability Compliance Fee (05/2021)" TransName="RESIDENTLIABILITYFEE" TransactionBatchID="1619538294654"/>
    <Transaction CatCode="C" FiscalPeriodEnd="N" LeaID="22507" ReshID="11507" SiteID="4054041" TransAmt="10.00" TransDate="2021-05-01" TransDesc="Resident Liability Compliance Fee (05/2021)" TransName="RESIDENTLIABILITYFEE" TransactionBatchID="1619538294655"/>
    <Transaction CatCode="C" FiscalPeriodEnd="N" LeaID="22560" ReshID="11407" SiteID="4054041" TransAmt="10.00" TransDate="2021-05-01" TransDesc="Resident Liability Compliance Fee (05/2021)" TransName="RESIDENTLIABILITYFEE" TransactionBatchID="1619538294656"/>
    <Transaction CatCode="C" FiscalPeriodEnd="N" LeaID="22480" ReshID="11509" SiteID="4054041" TransAmt="10.00" TransDate="2021-05-01" TransDesc="Resident Liability Compliance Fee (05/2021)" TransName="RESIDENTLIABILITYFEE" TransactionBatchID="1619538294657"/>
    <Transaction CatCode="C" FiscalPeriodEnd="N" LeaID="22595" ReshID="11418" SiteID="4054041" TransAmt="10.00" TransDate="2021-05-01" TransDesc="Resident Liability Compliance Fee (05/2021)" TransName="RESIDENTLIABILITYFEE" TransactionBatchID="1619538294658"/>
    <Transaction CatCode="C" FiscalPeriodEnd="N" LeaID="22541" ReshID="11483" SiteID="4054041" TransAmt="10.00" TransDate="2021-05-01" TransDesc="Resident Liability Compliance Fee (05/2021)" TransName="RESIDENTLIABILITYFEE" TransactionBatchID="1619538294659"/>
    <Transaction CatCode="C" FiscalPeriodEnd="N" LeaID="22666" ReshID="11556" SiteID="4054041" TransAmt="10.00" TransDate="2021-05-01" TransDesc="Resident Liability Compliance Fee (05/2021)" TransName="RESIDENTLIABILITYFEE" TransactionBatchID="1619538294660"/>
    <Transaction CatCode="C" FiscalPeriodEnd="N" LeaID="22615" ReshID="11528" SiteID="4054041" TransAmt="10.00" TransDate="2021-05-01" TransDesc="Resident Liability Compliance Fee (05/2021)" TransName="RESIDENTLIABILITYFEE" TransactionBatchID="1619538294661"/>
    <Transaction CatCode="C" FiscalPeriodEnd="N" LeaID="22576" ReshID="11479" SiteID="4054041" TransAmt="10.00" TransDate="2021-05-01" TransDesc="Resident Liability Compliance Fee (05/2021)" TransName="RESIDENTLIABILITYFEE" TransactionBatchID="1619538294662"/>
    <Transaction CatCode="C" FiscalPeriodEnd="N" LeaID="22630" ReshID="11567" SiteID="4054041" TransAmt="10.00" TransDate="2021-05-01" TransDesc="Resident Liability Compliance Fee (05/2021)" TransName="RESIDENTLIABILITYFEE" TransactionBatchID="1619538294663"/>
    <Transaction CatCode="C" FiscalPeriodEnd="N" LeaID="22548" ReshID="11470" SiteID="4054041" TransAmt="10.00" TransDate="2021-05-01" TransDesc="Resident Liability Compliance Fee (05/2021)" TransName="RESIDENTLIABILITYFEE" TransactionBatchID="1619538294664"/>
    <Transaction CatCode="C" FiscalPeriodEnd="N" LeaID="12459" ReshID="11104" SiteID="4054041" TransAmt="10.00" TransDate="2021-05-01" TransDesc="Resident Liability Compliance Fee (05/2021)" TransName="RESIDENTLIABILITYFEE" TransactionBatchID="1619538294665"/>
    <Transaction CatCode="C" FiscalPeriodEnd="N" LeaID="22661" ReshID="11602" SiteID="4054041" TransAmt="10.00" TransDate="2021-05-01" TransDesc="Resident Liability Compliance Fee (05/2021)" TransName="RESIDENTLIABILITYFEE" TransactionBatchID="1619538294666"/>
    <Transaction CatCode="C" FiscalPeriodEnd="N" LeaID="22609" ReshID="11520" SiteID="4054041" TransAmt="10.00" TransDate="2021-05-01" TransDesc="Resident Liability Compliance Fee (05/2021)" TransName="RESIDENTLIABILITYFEE" TransactionBatchID="1619538294667"/>
    <Transaction CatCode="C" FiscalPeriodEnd="N" LeaID="22623" ReshID="11594" SiteID="4054041" TransAmt="10.00" TransDate="2021-05-01" TransDesc="Resident Liability Compliance Fee (05/2021)" TransName="RESIDENTLIABILITYFEE" TransactionBatchID="1619538294668"/>
    <Transaction CatCode="C" FiscalPeriodEnd="N" LeaID="22683" ReshID="11598" SiteID="4054041" TransAmt="10.00" TransDate="2021-05-01" TransDesc="Resident Liability Compliance Fee (05/2021)" TransName="RESIDENTLIABILITYFEE" TransactionBatchID="1619538294669"/>
    <Transaction CatCode="C" FiscalPeriodEnd="N" LeaID="22662" ReshID="11561" SiteID="4054041" TransAmt="10.00" TransDate="2021-05-01" TransDesc="Resident Liability Compliance Fee (05/2021)" TransName="RESIDENTLIABILITYFEE" TransactionBatchID="1619538294670"/>
    <Transaction CatCode="C" FiscalPeriodEnd="N" LeaID="22775" ReshID="468" SiteID="4054041" TransAmt="10.00" TransDate="2021-05-01" TransDesc="Resident Liability Compliance Fee (05/2021)" TransName="RESIDENTLIABILITYFEE" TransactionBatchID="1619538294671"/>
    <Transaction CatCode="C" FiscalPeriodEnd="N" LeaID="22773" ReshID="11654" SiteID="4054041" TransAmt="10.00" TransDate="2021-05-01" TransDesc="Resident Liability Compliance Fee (05/2021)" TransName="RESIDENTLIABILITYFEE" TransactionBatchID="1619538294672"/>
    <Transaction CatCode="C" FiscalPeriodEnd="N" LeaID="22796" ReshID="11660" SiteID="4054041" TransAmt="10.00" TransDate="2021-05-01" TransDesc="Resident Liability Compliance Fee (05/2021)" TransName="RESIDENTLIABILITYFEE" TransactionBatchID="1619538294673"/>
    <Transaction CatCode="C" FiscalPeriodEnd="N" LeaID="22737" ReshID="11700" SiteID="4054041" TransAmt="10.00" TransDate="2021-05-01" TransDesc="Resident Liability Compliance Fee (05/2021)" TransName="RESIDENTLIABILITYFEE" TransactionBatchID="1619538294674"/>
    <Transaction CatCode="C" FiscalPeriodEnd="N" LeaID="22720" ReshID="11652" SiteID="4054041" TransAmt="10.00" TransDate="2021-05-01" TransDesc="Resident Liability Compliance Fee (05/2021)" TransName="RESIDENTLIABILITYFEE" TransactionBatchID="1619538294675"/>
    <Transaction CatCode="C" FiscalPeriodEnd="N" LeaID="22717" ReshID="11656" SiteID="4054041" TransAmt="10.00" TransDate="2021-05-01" TransDesc="Resident Liability Compliance Fee (05/2021)" TransName="RESIDENTLIABILITYFEE" TransactionBatchID="1619538294676"/>
    <Transaction CatCode="C" FiscalPeriodEnd="N" LeaID="22725" ReshID="11649" SiteID="4054041" TransAmt="10.00" TransDate="2021-05-01" TransDesc="Resident Liability Compliance Fee (05/2021)" TransName="RESIDENTLIABILITYFEE" TransactionBatchID="1619538294677"/>
    <Transaction CatCode="C" FiscalPeriodEnd="N" LeaID="22756" ReshID="11664" SiteID="4054041" TransAmt="10.00" TransDate="2021-05-01" TransDesc="Resident Liability Compliance Fee (05/2021)" TransName="RESIDENTLIABILITYFEE" TransactionBatchID="1619538294678"/>
    <Transaction CatCode="C" FiscalPeriodEnd="N" LeaID="22741" ReshID="11716" SiteID="4054041" TransAmt="10.00" TransDate="2021-05-01" TransDesc="Resident Liability Compliance Fee (05/2021)" TransName="RESIDENTLIABILITYFEE" TransactionBatchID="1619538294679"/>
    <Transaction CatCode="C" FiscalPeriodEnd="N" LeaID="22799" ReshID="11718" SiteID="4054041" TransAmt="10.00" TransDate="2021-05-01" TransDesc="Resident Liability Compliance Fee (05/2021)" TransName="RESIDENTLIABILITYFEE" TransactionBatchID="1619538294680"/>
    <Transaction CatCode="C" FiscalPeriodEnd="N" LeaID="22757" ReshID="11737" SiteID="4054041" TransAmt="10.00" TransDate="2021-05-01" TransDesc="Resident Liability Compliance Fee (05/2021)" TransName="RESIDENTLIABILITYFEE" TransactionBatchID="1619538294681"/>
    <Transaction CatCode="C" FiscalPeriodEnd="N" LeaID="22781" ReshID="11752" SiteID="4054041" TransAmt="10.00" TransDate="2021-05-01" TransDesc="Resident Liability Compliance Fee (05/2021)" TransName="RESIDENTLIABILITYFEE" TransactionBatchID="1619538294682"/>
    <Transaction CatCode="C" FiscalPeriodEnd="N" LeaID="22800" ReshID="11755" SiteID="4054041" TransAmt="10.00" TransDate="2021-05-01" TransDesc="Resident Liability Compliance Fee (05/2021)" TransName="RESIDENTLIABILITYFEE" TransactionBatchID="1619538294683"/>
    <Transaction CatCode="C" FiscalPeriodEnd="N" LeaID="22688" ReshID="11731" SiteID="4054041" TransAmt="10.00" TransDate="2021-05-01" TransDesc="Resident Liability Compliance Fee (05/2021)" TransName="RESIDENTLIABILITYFEE" TransactionBatchID="1619538294684"/>
    <Transaction CatCode="C" FiscalPeriodEnd="N" LeaID="22774" ReshID="11749" SiteID="4054041" TransAmt="10.00" TransDate="2021-05-01" TransDesc="Resident Liability Compliance Fee (05/2021)" TransName="RESIDENTLIABILITYFEE" TransactionBatchID="1619538294685"/>
    <Transaction CatCode="C" FiscalPeriodEnd="N" LeaID="22763" ReshID="11739" SiteID="4054041" TransAmt="10.00" TransDate="2021-05-01" TransDesc="Resident Liability Compliance Fee (05/2021)" TransName="RESIDENTLIABILITYFEE" TransactionBatchID="1619538294686"/>
    <Transaction CatCode="C" FiscalPeriodEnd="N" LeaID="22839" ReshID="43" SiteID="4054041" TransAmt="10.00" TransDate="2021-05-01" TransDesc="Resident Liability Compliance Fee (05/2021)" TransName="RESIDENTLIABILITYFEE" TransactionBatchID="1619538294687"/>
    <Transaction CatCode="C" FiscalPeriodEnd="N" LeaID="22806" ReshID="11771" SiteID="4054041" TransAmt="10.00" TransDate="2021-05-01" TransDesc="Resident Liability Compliance Fee (05/2021)" TransName="RESIDENTLIABILITYFEE" TransactionBatchID="1619538294688"/>
    <Transaction CatCode="C" FiscalPeriodEnd="N" LeaID="22883" ReshID="11768" SiteID="4054041" TransAmt="10.00" TransDate="2021-05-01" TransDesc="Resident Liability Compliance Fee (05/2021)" TransName="RESIDENTLIABILITYFEE" TransactionBatchID="1619538294689"/>
    <Transaction CatCode="C" FiscalPeriodEnd="N" LeaID="22844" ReshID="11757" SiteID="4054041" TransAmt="10.00" TransDate="2021-05-01" TransDesc="Resident Liability Compliance Fee (05/2021)" TransName="RESIDENTLIABILITYFEE" TransactionBatchID="1619538294690"/>
    <Transaction CatCode="C" FiscalPeriodEnd="N" LeaID="22887" ReshID="11726" SiteID="4054041" TransAmt="10.00" TransDate="2021-05-01" TransDesc="Resident Liability Compliance Fee (05/2021)" TransName="RESIDENTLIABILITYFEE" TransactionBatchID="1619538294691"/>
    <Transaction CatCode="C" FiscalPeriodEnd="N" LeaID="12306" ReshID="11789" SiteID="4054041" TransAmt="10.00" TransDate="2021-05-01" TransDesc="Resident Liability Compliance Fee (05/2021)" TransName="RESIDENTLIABILITYFEE" TransactionBatchID="1619538294692"/>
    <Transaction CatCode="C" FiscalPeriodEnd="N" LeaID="22994" ReshID="11792" SiteID="4054041" TransAmt="10.00" TransDate="2021-05-01" TransDesc="Resident Liability Compliance Fee (05/2021)" TransName="RESIDENTLIABILITYFEE" TransactionBatchID="1619538294693"/>
    <Transaction CatCode="C" FiscalPeriodEnd="N" LeaID="12276" ReshID="11769" SiteID="4054041" TransAmt="10.00" TransDate="2021-05-01" TransDesc="Resident Liability Compliance Fee (05/2021)" TransName="RESIDENTLIABILITYFEE" TransactionBatchID="1619538294694"/>
    <Transaction CatCode="C" FiscalPeriodEnd="N" LeaID="22995" ReshID="11807" SiteID="4054041" TransAmt="10.00" TransDate="2021-05-01" TransDesc="Resident Liability Compliance Fee (05/2021)" TransName="RESIDENTLIABILITYFEE" TransactionBatchID="1619538294695"/>
    <Transaction CatCode="C" FiscalPeriodEnd="N" LeaID="22927" ReshID="11815" SiteID="4054041" TransAmt="10.00" TransDate="2021-05-01" TransDesc="Resident Liability Compliance Fee (05/2021)" TransName="RESIDENTLIABILITYFEE" TransactionBatchID="1619538294696"/>
    <Transaction CatCode="C" FiscalPeriodEnd="N" LeaID="22924" ReshID="11812" SiteID="4054041" TransAmt="10.00" TransDate="2021-05-01" TransDesc="Resident Liability Compliance Fee (05/2021)" TransName="RESIDENTLIABILITYFEE" TransactionBatchID="1619538294697"/>
    <Transaction CatCode="C" FiscalPeriodEnd="N" LeaID="22974" ReshID="11827" SiteID="4054041" TransAmt="10.00" TransDate="2021-05-01" TransDesc="Resident Liability Compliance Fee (05/2021)" TransName="RESIDENTLIABILITYFEE" TransactionBatchID="1619538294698"/>
    <Transaction CatCode="C" FiscalPeriodEnd="N" LeaID="22961" ReshID="11829" SiteID="4054041" TransAmt="10.00" TransDate="2021-05-01" TransDesc="Resident Liability Compliance Fee (05/2021)" TransName="RESIDENTLIABILITYFEE" TransactionBatchID="1619538294699"/>
    <Transaction CatCode="C" FiscalPeriodEnd="N" LeaID="22908" ReshID="11772" SiteID="4054041" TransAmt="10.00" TransDate="2021-05-01" TransDesc="Resident Liability Compliance Fee (05/2021)" TransName="RESIDENTLIABILITYFEE" TransactionBatchID="1619538294700"/>
    <Transaction CatCode="C" FiscalPeriodEnd="N" LeaID="12368" ReshID="11830" SiteID="4054041" TransAmt="10.00" TransDate="2021-05-01" TransDesc="Resident Liability Compliance Fee (05/2021)" TransName="RESIDENTLIABILITYFEE" TransactionBatchID="1619538294701"/>
    <Transaction CatCode="C" FiscalPeriodEnd="N" LeaID="22872" ReshID="11764" SiteID="4054041" TransAmt="10.00" TransDate="2021-05-01" TransDesc="Resident Liability Compliance Fee (05/2021)" TransName="RESIDENTLIABILITYFEE" TransactionBatchID="1619538294702"/>
    <Transaction CatCode="C" FiscalPeriodEnd="N" LeaID="22871" ReshID="11813" SiteID="4054041" TransAmt="10.00" TransDate="2021-05-01" TransDesc="Resident Liability Compliance Fee (05/2021)" TransName="RESIDENTLIABILITYFEE" TransactionBatchID="1619538294703"/>
    <Transaction CatCode="C" FiscalPeriodEnd="N" LeaID="12347" ReshID="11810" SiteID="4054041" TransAmt="10.00" TransDate="2021-05-01" TransDesc="Resident Liability Compliance Fee (05/2021)" TransName="RESIDENTLIABILITYFEE" TransactionBatchID="1619538294704"/>
    <Transaction CatCode="C" FiscalPeriodEnd="N" LeaID="12430" ReshID="11856" SiteID="4054041" TransAmt="10.00" TransDate="2021-05-01" TransDesc="Resident Liability Compliance Fee (05/2021)" TransName="RESIDENTLIABILITYFEE" TransactionBatchID="1619538294705"/>
    <Transaction CatCode="C" FiscalPeriodEnd="N" LeaID="12438" ReshID="11860" SiteID="4054041" TransAmt="10.00" TransDate="2021-05-01" TransDesc="Resident Liability Compliance Fee (05/2021)" TransName="RESIDENTLIABILITYFEE" TransactionBatchID="1619538294706"/>
    <Transaction CatCode="C" FiscalPeriodEnd="N" LeaID="12461" ReshID="11869" SiteID="4054041" TransAmt="10.00" TransDate="2021-05-01" TransDesc="Resident Liability Compliance Fee (05/2021)" TransName="RESIDENTLIABILITYFEE" TransactionBatchID="1619538294707"/>
    <Transaction CatCode="C" FiscalPeriodEnd="N" LeaID="12424" ReshID="11851" SiteID="4054041" TransAmt="10.00" TransDate="2021-05-01" TransDesc="Resident Liability Compliance Fee (05/2021)" TransName="RESIDENTLIABILITYFEE" TransactionBatchID="1619538294708"/>
    <Transaction CatCode="C" FiscalPeriodEnd="N" LeaID="12467" ReshID="11873" SiteID="4054041" TransAmt="10.00" TransDate="2021-05-01" TransDesc="Resident Liability Compliance Fee (05/2021)" TransName="RESIDENTLIABILITYFEE" TransactionBatchID="1619538294709"/>
    <Transaction CatCode="C" FiscalPeriodEnd="N" LeaID="22498" ReshID="21891" SiteID="4054041" TransAmt="10.00" TransDate="2021-05-01" TransDesc="Resident Liability Compliance Fee (05/2021)" TransName="RESIDENTLIABILITYFEE" TransactionBatchID="1619538294710"/>
    <Transaction CatCode="C" FiscalPeriodEnd="N" LeaID="22503" ReshID="21894" SiteID="4054041" TransAmt="10.00" TransDate="2021-05-01" TransDesc="Resident Liability Compliance Fee (05/2021)" TransName="RESIDENTLIABILITYFEE" TransactionBatchID="1619538294711"/>
    <Transaction CatCode="C" FiscalPeriodEnd="N" LeaID="22522" ReshID="21909" SiteID="4054041" TransAmt="10.00" TransDate="2021-05-01" TransDesc="Resident Liability Compliance Fee (05/2021)" TransName="RESIDENTLIABILITYFEE" TransactionBatchID="1619538294712"/>
    <Transaction CatCode="C" FiscalPeriodEnd="N" LeaID="12462" ReshID="11870" SiteID="4054041" TransAmt="10.00" TransDate="2021-05-01" TransDesc="Resident Liability Compliance Fee (05/2021)" TransName="RESIDENTLIABILITYFEE" TransactionBatchID="1619538294713"/>
    <Transaction CatCode="C" FiscalPeriodEnd="N" LeaID="22933" ReshID="11828" SiteID="4054041" TransAmt="10.00" TransDate="2021-05-01" TransDesc="Resident Liability Compliance Fee (05/2021)" TransName="RESIDENTLIABILITYFEE" TransactionBatchID="1619538294714"/>
    <Transaction CatCode="C" FiscalPeriodEnd="N" LeaID="22532" ReshID="21916" SiteID="4054041" TransAmt="10.00" TransDate="2021-05-01" TransDesc="Resident Liability Compliance Fee (05/2021)" TransName="RESIDENTLIABILITYFEE" TransactionBatchID="1619538294715"/>
    <Transaction CatCode="C" FiscalPeriodEnd="N" LeaID="22516" ReshID="21903" SiteID="4054041" TransAmt="10.00" TransDate="2021-05-01" TransDesc="Resident Liability Compliance Fee (05/2021)" TransName="RESIDENTLIABILITYFEE" TransactionBatchID="1619538294716"/>
    <Transaction CatCode="C" FiscalPeriodEnd="N" LeaID="22510" ReshID="21898" SiteID="4054041" TransAmt="10.00" TransDate="2021-05-01" TransDesc="Resident Liability Compliance Fee (05/2021)" TransName="RESIDENTLIABILITYFEE" TransactionBatchID="1619538294717"/>
    <Transaction CatCode="C" FiscalPeriodEnd="N" LeaID="22698" ReshID="21906" SiteID="4054041" TransAmt="10.00" TransDate="2021-05-01" TransDesc="Resident Liability Compliance Fee (05/2021)" TransName="RESIDENTLIABILITYFEE" TransactionBatchID="1619538294718"/>
    <Transaction CatCode="C" FiscalPeriodEnd="N" LeaID="22546" ReshID="21922" SiteID="4054041" TransAmt="10.00" TransDate="2021-05-01" TransDesc="Resident Liability Compliance Fee (05/2021)" TransName="RESIDENTLIABILITYFEE" TransactionBatchID="1619538294719"/>
    <Transaction CatCode="C" FiscalPeriodEnd="N" LeaID="22551" ReshID="21923" SiteID="4054041" TransAmt="10.00" TransDate="2021-05-01" TransDesc="Resident Liability Compliance Fee (05/2021)" TransName="RESIDENTLIABILITYFEE" TransactionBatchID="1619538294720"/>
    <Transaction CatCode="C" FiscalPeriodEnd="N" LeaID="22561" ReshID="21926" SiteID="4054041" TransAmt="10.00" TransDate="2021-05-01" TransDesc="Resident Liability Compliance Fee (05/2021)" TransName="RESIDENTLIABILITYFEE" TransactionBatchID="1619538294721"/>
    <Transaction CatCode="C" FiscalPeriodEnd="N" LeaID="22563" ReshID="21928" SiteID="4054041" TransAmt="10.00" TransDate="2021-05-01" TransDesc="Resident Liability Compliance Fee (05/2021)" TransName="RESIDENTLIABILITYFEE" TransactionBatchID="1619538294722"/>
    <Transaction CatCode="C" FiscalPeriodEnd="N" LeaID="22538" ReshID="21919" SiteID="4054041" TransAmt="10.00" TransDate="2021-05-01" TransDesc="Resident Liability Compliance Fee (05/2021)" TransName="RESIDENTLIABILITYFEE" TransactionBatchID="1619538294723"/>
    <Transaction CatCode="C" FiscalPeriodEnd="N" LeaID="22582" ReshID="21937" SiteID="4054041" TransAmt="10.00" TransDate="2021-05-01" TransDesc="Resident Liability Compliance Fee (05/2021)" TransName="RESIDENTLIABILITYFEE" TransactionBatchID="1619538294724"/>
    <Transaction CatCode="C" FiscalPeriodEnd="N" LeaID="22539" ReshID="21920" SiteID="4054041" TransAmt="10.00" TransDate="2021-05-01" TransDesc="Resident Liability Compliance Fee (05/2021)" TransName="RESIDENTLIABILITYFEE" TransactionBatchID="1619538294725"/>
    <Transaction CatCode="C" FiscalPeriodEnd="N" LeaID="22617" ReshID="11096" SiteID="4054041" TransAmt="10.00" TransDate="2021-05-01" TransDesc="Resident Liability Compliance Fee (05/2021)" TransName="RESIDENTLIABILITYFEE" TransactionBatchID="1619538294726"/>
    <Transaction CatCode="C" FiscalPeriodEnd="N" LeaID="22585" ReshID="21940" SiteID="4054041" TransAmt="10.00" TransDate="2021-05-01" TransDesc="Resident Liability Compliance Fee (05/2021)" TransName="RESIDENTLIABILITYFEE" TransactionBatchID="1619538294727"/>
    <Transaction CatCode="C" FiscalPeriodEnd="N" LeaID="22570" ReshID="21931" SiteID="4054041" TransAmt="10.00" TransDate="2021-05-01" TransDesc="Resident Liability Compliance Fee (05/2021)" TransName="RESIDENTLIABILITYFEE" TransactionBatchID="1619538294728"/>
    <Transaction CatCode="C" FiscalPeriodEnd="N" LeaID="22604" ReshID="21953" SiteID="4054041" TransAmt="10.00" TransDate="2021-05-01" TransDesc="Resident Liability Compliance Fee (05/2021)" TransName="RESIDENTLIABILITYFEE" TransactionBatchID="1619538294729"/>
    <Transaction CatCode="C" FiscalPeriodEnd="N" LeaID="22530" ReshID="21914" SiteID="4054041" TransAmt="10.00" TransDate="2021-05-01" TransDesc="Resident Liability Compliance Fee (05/2021)" TransName="RESIDENTLIABILITYFEE" TransactionBatchID="1619538294730"/>
    <Transaction CatCode="C" FiscalPeriodEnd="N" LeaID="22608" ReshID="21956" SiteID="4054041" TransAmt="10.00" TransDate="2021-05-01" TransDesc="Resident Liability Compliance Fee (05/2021)" TransName="RESIDENTLIABILITYFEE" TransactionBatchID="1619538294731"/>
    <Transaction CatCode="C" FiscalPeriodEnd="N" LeaID="22614" ReshID="21958" SiteID="4054041" TransAmt="10.00" TransDate="2021-05-01" TransDesc="Resident Liability Compliance Fee (05/2021)" TransName="RESIDENTLIABILITYFEE" TransactionBatchID="1619538294732"/>
    <Transaction CatCode="C" FiscalPeriodEnd="N" LeaID="22569" ReshID="21930" SiteID="4054041" TransAmt="10.00" TransDate="2021-05-01" TransDesc="Resident Liability Compliance Fee (05/2021)" TransName="RESIDENTLIABILITYFEE" TransactionBatchID="1619538294733"/>
    <Transaction CatCode="C" FiscalPeriodEnd="N" LeaID="22639" ReshID="21973" SiteID="4054041" TransAmt="10.00" TransDate="2021-05-01" TransDesc="Resident Liability Compliance Fee (05/2021)" TransName="RESIDENTLIABILITYFEE" TransactionBatchID="1619538294734"/>
    <Transaction CatCode="C" FiscalPeriodEnd="N" LeaID="22721" ReshID="11657" SiteID="4054041" TransAmt="10.00" TransDate="2021-05-01" TransDesc="Resident Liability Compliance Fee (05/2021)" TransName="RESIDENTLIABILITYFEE" TransactionBatchID="1619538294735"/>
    <Transaction CatCode="C" FiscalPeriodEnd="N" LeaID="22638" ReshID="21968" SiteID="4054041" TransAmt="10.00" TransDate="2021-05-01" TransDesc="Resident Liability Compliance Fee (05/2021)" TransName="RESIDENTLIABILITYFEE" TransactionBatchID="1619538294736"/>
    <Transaction CatCode="C" FiscalPeriodEnd="N" LeaID="22583" ReshID="21938" SiteID="4054041" TransAmt="10.00" TransDate="2021-05-01" TransDesc="Resident Liability Compliance Fee (05/2021)" TransName="RESIDENTLIABILITYFEE" TransactionBatchID="1619538294737"/>
    <Transaction CatCode="C" FiscalPeriodEnd="N" LeaID="22603" ReshID="21952" SiteID="4054041" TransAmt="10.00" TransDate="2021-05-01" TransDesc="Resident Liability Compliance Fee (05/2021)" TransName="RESIDENTLIABILITYFEE" TransactionBatchID="1619538294738"/>
    <Transaction CatCode="C" FiscalPeriodEnd="N" LeaID="22613" ReshID="21957" SiteID="4054041" TransAmt="10.00" TransDate="2021-05-01" TransDesc="Resident Liability Compliance Fee (05/2021)" TransName="RESIDENTLIABILITYFEE" TransactionBatchID="1619538294739"/>
    <Transaction CatCode="C" FiscalPeriodEnd="N" LeaID="22625" ReshID="21963" SiteID="4054041" TransAmt="10.00" TransDate="2021-05-01" TransDesc="Resident Liability Compliance Fee (05/2021)" TransName="RESIDENTLIABILITYFEE" TransactionBatchID="1619538294740"/>
    <Transaction CatCode="C" FiscalPeriodEnd="N" LeaID="22648" ReshID="21977" SiteID="4054041" TransAmt="10.00" TransDate="2021-05-01" TransDesc="Resident Liability Compliance Fee (05/2021)" TransName="RESIDENTLIABILITYFEE" TransactionBatchID="1619538294741"/>
    <Transaction CatCode="C" FiscalPeriodEnd="N" LeaID="22637" ReshID="21967" SiteID="4054041" TransAmt="10.00" TransDate="2021-05-01" TransDesc="Resident Liability Compliance Fee (05/2021)" TransName="RESIDENTLIABILITYFEE" TransactionBatchID="1619538294742"/>
    <Transaction CatCode="C" FiscalPeriodEnd="N" LeaID="22643" ReshID="21976" SiteID="4054041" TransAmt="10.00" TransDate="2021-05-01" TransDesc="Resident Liability Compliance Fee (05/2021)" TransName="RESIDENTLIABILITYFEE" TransactionBatchID="1619538294743"/>
    <Transaction CatCode="C" FiscalPeriodEnd="N" LeaID="22691" ReshID="22003" SiteID="4054041" TransAmt="10.00" TransDate="2021-05-01" TransDesc="Resident Liability Compliance Fee (05/2021)" TransName="RESIDENTLIABILITYFEE" TransactionBatchID="1619538294744"/>
    <Transaction CatCode="C" FiscalPeriodEnd="N" LeaID="22696" ReshID="22004" SiteID="4054041" TransAmt="10.00" TransDate="2021-05-01" TransDesc="Resident Liability Compliance Fee (05/2021)" TransName="RESIDENTLIABILITYFEE" TransactionBatchID="1619538294745"/>
    <Transaction CatCode="C" FiscalPeriodEnd="N" LeaID="22700" ReshID="22007" SiteID="4054041" TransAmt="10.00" TransDate="2021-05-01" TransDesc="Resident Liability Compliance Fee (05/2021)" TransName="RESIDENTLIABILITYFEE" TransactionBatchID="1619538294746"/>
    <Transaction CatCode="C" FiscalPeriodEnd="N" LeaID="22706" ReshID="22013" SiteID="4054041" TransAmt="10.00" TransDate="2021-05-01" TransDesc="Resident Liability Compliance Fee (05/2021)" TransName="RESIDENTLIABILITYFEE" TransactionBatchID="1619538294747"/>
    <Transaction CatCode="C" FiscalPeriodEnd="N" LeaID="22707" ReshID="22014" SiteID="4054041" TransAmt="10.00" TransDate="2021-05-01" TransDesc="Resident Liability Compliance Fee (05/2021)" TransName="RESIDENTLIABILITYFEE" TransactionBatchID="1619538294748"/>
    <Transaction CatCode="C" FiscalPeriodEnd="N" LeaID="22712" ReshID="22016" SiteID="4054041" TransAmt="10.00" TransDate="2021-05-01" TransDesc="Resident Liability Compliance Fee (05/2021)" TransName="RESIDENTLIABILITYFEE" TransactionBatchID="1619538294749"/>
    <Transaction CatCode="C" FiscalPeriodEnd="N" LeaID="22714" ReshID="22018" SiteID="4054041" TransAmt="10.00" TransDate="2021-05-01" TransDesc="Resident Liability Compliance Fee (05/2021)" TransName="RESIDENTLIABILITYFEE" TransactionBatchID="1619538294750"/>
    <Transaction CatCode="C" FiscalPeriodEnd="N" LeaID="22727" ReshID="22022" SiteID="4054041" TransAmt="10.00" TransDate="2021-05-01" TransDesc="Resident Liability Compliance Fee (05/2021)" TransName="RESIDENTLIABILITYFEE" TransactionBatchID="1619538294751"/>
    <Transaction CatCode="C" FiscalPeriodEnd="N" LeaID="22655" ReshID="21983" SiteID="4054041" TransAmt="10.00" TransDate="2021-05-01" TransDesc="Resident Liability Compliance Fee (05/2021)" TransName="RESIDENTLIABILITYFEE" TransactionBatchID="1619538294752"/>
    <Transaction CatCode="C" FiscalPeriodEnd="N" LeaID="22728" ReshID="22046" SiteID="4054041" TransAmt="10.00" TransDate="2021-05-01" TransDesc="Resident Liability Compliance Fee (05/2021)" TransName="RESIDENTLIABILITYFEE" TransactionBatchID="1619538294753"/>
    <Transaction CatCode="C" FiscalPeriodEnd="N" LeaID="22740" ReshID="22050" SiteID="4054041" TransAmt="10.00" TransDate="2021-05-01" TransDesc="Resident Liability Compliance Fee (05/2021)" TransName="RESIDENTLIABILITYFEE" TransactionBatchID="1619538294754"/>
    <Transaction CatCode="C" FiscalPeriodEnd="N" LeaID="22768" ReshID="11778" SiteID="4054041" TransAmt="10.00" TransDate="2021-05-01" TransDesc="Resident Liability Compliance Fee (05/2021)" TransName="RESIDENTLIABILITYFEE" TransactionBatchID="1619538294755"/>
    <Transaction CatCode="C" FiscalPeriodEnd="N" LeaID="22748" ReshID="22055" SiteID="4054041" TransAmt="10.00" TransDate="2021-05-01" TransDesc="Resident Liability Compliance Fee (05/2021)" TransName="RESIDENTLIABILITYFEE" TransactionBatchID="1619538294756"/>
    <Transaction CatCode="C" FiscalPeriodEnd="N" LeaID="22778" ReshID="22070" SiteID="4054041" TransAmt="10.00" TransDate="2021-05-01" TransDesc="Resident Liability Compliance Fee (05/2021)" TransName="RESIDENTLIABILITYFEE" TransactionBatchID="1619538294757"/>
    <Transaction CatCode="C" FiscalPeriodEnd="N" LeaID="22760" ReshID="22061" SiteID="4054041" TransAmt="10.00" TransDate="2021-05-01" TransDesc="Resident Liability Compliance Fee (05/2021)" TransName="RESIDENTLIABILITYFEE" TransactionBatchID="1619538294758"/>
    <Transaction CatCode="C" FiscalPeriodEnd="N" LeaID="22771" ReshID="22067" SiteID="4054041" TransAmt="10.00" TransDate="2021-05-01" TransDesc="Resident Liability Compliance Fee (05/2021)" TransName="RESIDENTLIABILITYFEE" TransactionBatchID="1619538294759"/>
    <Transaction CatCode="C" FiscalPeriodEnd="N" LeaID="22787" ReshID="22074" SiteID="4054041" TransAmt="10.00" TransDate="2021-05-01" TransDesc="Resident Liability Compliance Fee (05/2021)" TransName="RESIDENTLIABILITYFEE" TransactionBatchID="1619538294760"/>
    <Transaction CatCode="C" FiscalPeriodEnd="N" LeaID="22751" ReshID="22057" SiteID="4054041" TransAmt="10.00" TransDate="2021-05-01" TransDesc="Resident Liability Compliance Fee (05/2021)" TransName="RESIDENTLIABILITYFEE" TransactionBatchID="1619538294761"/>
    <Transaction CatCode="C" FiscalPeriodEnd="N" LeaID="22766" ReshID="22065" SiteID="4054041" TransAmt="10.00" TransDate="2021-05-01" TransDesc="Resident Liability Compliance Fee (05/2021)" TransName="RESIDENTLIABILITYFEE" TransactionBatchID="1619538294762"/>
    <Transaction CatCode="C" FiscalPeriodEnd="N" LeaID="22780" ReshID="22071" SiteID="4054041" TransAmt="10.00" TransDate="2021-05-01" TransDesc="Resident Liability Compliance Fee (05/2021)" TransName="RESIDENTLIABILITYFEE" TransactionBatchID="1619538294763"/>
    <Transaction CatCode="C" FiscalPeriodEnd="N" LeaID="22797" ReshID="22085" SiteID="4054041" TransAmt="10.00" TransDate="2021-05-01" TransDesc="Resident Liability Compliance Fee (05/2021)" TransName="RESIDENTLIABILITYFEE" TransactionBatchID="1619538294764"/>
    <Transaction CatCode="C" FiscalPeriodEnd="N" LeaID="22713" ReshID="22017" SiteID="4054041" TransAmt="10.00" TransDate="2021-05-01" TransDesc="Resident Liability Compliance Fee (05/2021)" TransName="RESIDENTLIABILITYFEE" TransactionBatchID="1619538294765"/>
    <Transaction CatCode="C" FiscalPeriodEnd="N" LeaID="22786" ReshID="22073" SiteID="4054041" TransAmt="10.00" TransDate="2021-05-01" TransDesc="Resident Liability Compliance Fee (05/2021)" TransName="RESIDENTLIABILITYFEE" TransactionBatchID="1619538294766"/>
    <Transaction CatCode="C" FiscalPeriodEnd="N" LeaID="22809" ReshID="22091" SiteID="4054041" TransAmt="10.00" TransDate="2021-05-01" TransDesc="Resident Liability Compliance Fee (05/2021)" TransName="RESIDENTLIABILITYFEE" TransactionBatchID="1619538294767"/>
    <Transaction CatCode="C" FiscalPeriodEnd="N" LeaID="22814" ReshID="22095" SiteID="4054041" TransAmt="10.00" TransDate="2021-05-01" TransDesc="Resident Liability Compliance Fee (05/2021)" TransName="RESIDENTLIABILITYFEE" TransactionBatchID="1619538294768"/>
    <Transaction CatCode="C" FiscalPeriodEnd="N" LeaID="22791" ReshID="22079" SiteID="4054041" TransAmt="10.00" TransDate="2021-05-01" TransDesc="Resident Liability Compliance Fee (05/2021)" TransName="RESIDENTLIABILITYFEE" TransactionBatchID="1619538294769"/>
    <Transaction CatCode="C" FiscalPeriodEnd="N" LeaID="22804" ReshID="22089" SiteID="4054041" TransAmt="10.00" TransDate="2021-05-01" TransDesc="Resident Liability Compliance Fee (05/2021)" TransName="RESIDENTLIABILITYFEE" TransactionBatchID="1619538294770"/>
    <Transaction CatCode="C" FiscalPeriodEnd="N" LeaID="22805" ReshID="22090" SiteID="4054041" TransAmt="10.00" TransDate="2021-05-01" TransDesc="Resident Liability Compliance Fee (05/2021)" TransName="RESIDENTLIABILITYFEE" TransactionBatchID="1619538294771"/>
    <Transaction CatCode="C" FiscalPeriodEnd="N" LeaID="22810" ReshID="22092" SiteID="4054041" TransAmt="10.00" TransDate="2021-05-01" TransDesc="Resident Liability Compliance Fee (05/2021)" TransName="RESIDENTLIABILITYFEE" TransactionBatchID="1619538294772"/>
    <Transaction CatCode="C" FiscalPeriodEnd="N" LeaID="22815" ReshID="22096" SiteID="4054041" TransAmt="10.00" TransDate="2021-05-01" TransDesc="Resident Liability Compliance Fee (05/2021)" TransName="RESIDENTLIABILITYFEE" TransactionBatchID="1619538294773"/>
    <Transaction CatCode="C" FiscalPeriodEnd="N" LeaID="22816" ReshID="22097" SiteID="4054041" TransAmt="10.00" TransDate="2021-05-01" TransDesc="Resident Liability Compliance Fee (05/2021)" TransName="RESIDENTLIABILITYFEE" TransactionBatchID="1619538294774"/>
    <Transaction CatCode="C" FiscalPeriodEnd="N" LeaID="22752" ReshID="22058" SiteID="4054041" TransAmt="10.00" TransDate="2021-05-01" TransDesc="Resident Liability Compliance Fee (05/2021)" TransName="RESIDENTLIABILITYFEE" TransactionBatchID="1619538294775"/>
    <Transaction CatCode="C" FiscalPeriodEnd="N" LeaID="22812" ReshID="22094" SiteID="4054041" TransAmt="10.00" TransDate="2021-05-01" TransDesc="Resident Liability Compliance Fee (05/2021)" TransName="RESIDENTLIABILITYFEE" TransactionBatchID="1619538294776"/>
    <Transaction CatCode="C" FiscalPeriodEnd="N" LeaID="22789" ReshID="22076" SiteID="4054041" TransAmt="10.00" TransDate="2021-05-01" TransDesc="Resident Liability Compliance Fee (05/2021)" TransName="RESIDENTLIABILITYFEE" TransactionBatchID="1619538294777"/>
    <Transaction CatCode="C" FiscalPeriodEnd="N" LeaID="22817" ReshID="22098" SiteID="4054041" TransAmt="10.00" TransDate="2021-05-01" TransDesc="Resident Liability Compliance Fee (05/2021)" TransName="RESIDENTLIABILITYFEE" TransactionBatchID="1619538294778"/>
    <Transaction CatCode="C" FiscalPeriodEnd="N" LeaID="22838" ReshID="22109" SiteID="4054041" TransAmt="10.00" TransDate="2021-05-01" TransDesc="Resident Liability Compliance Fee (05/2021)" TransName="RESIDENTLIABILITYFEE" TransactionBatchID="1619538294779"/>
    <Transaction CatCode="C" FiscalPeriodEnd="N" LeaID="22855" ReshID="22117" SiteID="4054041" TransAmt="10.00" TransDate="2021-05-01" TransDesc="Resident Liability Compliance Fee (05/2021)" TransName="RESIDENTLIABILITYFEE" TransactionBatchID="1619538294780"/>
    <Transaction CatCode="C" FiscalPeriodEnd="N" LeaID="22862" ReshID="22125" SiteID="4054041" TransAmt="10.00" TransDate="2021-05-01" TransDesc="Resident Liability Compliance Fee (05/2021)" TransName="RESIDENTLIABILITYFEE" TransactionBatchID="1619538294781"/>
    <Transaction CatCode="C" FiscalPeriodEnd="N" LeaID="22866" ReshID="22128" SiteID="4054041" TransAmt="10.00" TransDate="2021-05-01" TransDesc="Resident Liability Compliance Fee (05/2021)" TransName="RESIDENTLIABILITYFEE" TransactionBatchID="1619538294782"/>
    <Transaction CatCode="C" FiscalPeriodEnd="N" LeaID="22861" ReshID="22124" SiteID="4054041" TransAmt="10.00" TransDate="2021-05-01" TransDesc="Resident Liability Compliance Fee (05/2021)" TransName="RESIDENTLIABILITYFEE" TransactionBatchID="1619538294783"/>
    <Transaction CatCode="C" FiscalPeriodEnd="N" LeaID="22895" ReshID="22143" SiteID="4054041" TransAmt="10.00" TransDate="2021-05-01" TransDesc="Resident Liability Compliance Fee (05/2021)" TransName="RESIDENTLIABILITYFEE" TransactionBatchID="1619538294784"/>
    <Transaction CatCode="C" FiscalPeriodEnd="N" LeaID="22863" ReshID="22126" SiteID="4054041" TransAmt="10.00" TransDate="2021-05-01" TransDesc="Resident Liability Compliance Fee (05/2021)" TransName="RESIDENTLIABILITYFEE" TransactionBatchID="1619538294785"/>
    <Transaction CatCode="C" FiscalPeriodEnd="N" LeaID="22877" ReshID="22132" SiteID="4054041" TransAmt="10.00" TransDate="2021-05-01" TransDesc="Resident Liability Compliance Fee (05/2021)" TransName="RESIDENTLIABILITYFEE" TransactionBatchID="1619538294786"/>
    <Transaction CatCode="C" FiscalPeriodEnd="N" LeaID="22922" ReshID="22154" SiteID="4054041" TransAmt="10.00" TransDate="2021-05-01" TransDesc="Resident Liability Compliance Fee (05/2021)" TransName="RESIDENTLIABILITYFEE" TransactionBatchID="1619538294787"/>
    <Transaction CatCode="C" FiscalPeriodEnd="N" LeaID="22929" ReshID="22159" SiteID="4054041" TransAmt="10.00" TransDate="2021-05-01" TransDesc="Resident Liability Compliance Fee (05/2021)" TransName="RESIDENTLIABILITYFEE" TransactionBatchID="1619538294788"/>
    <Transaction CatCode="C" FiscalPeriodEnd="N" LeaID="22937" ReshID="22175" SiteID="4054041" TransAmt="10.00" TransDate="2021-05-01" TransDesc="Resident Liability Compliance Fee (05/2021)" TransName="RESIDENTLIABILITYFEE" TransactionBatchID="1619538294789"/>
    <Transaction CatCode="C" FiscalPeriodEnd="N" LeaID="22904" ReshID="22147" SiteID="4054041" TransAmt="10.00" TransDate="2021-05-01" TransDesc="Resident Liability Compliance Fee (05/2021)" TransName="RESIDENTLIABILITYFEE" TransactionBatchID="1619538294790"/>
    <Transaction CatCode="C" FiscalPeriodEnd="N" LeaID="22849" ReshID="22114" SiteID="4054041" TransAmt="10.00" TransDate="2021-05-01" TransDesc="Resident Liability Compliance Fee (05/2021)" TransName="RESIDENTLIABILITYFEE" TransactionBatchID="1619538294791"/>
    <Transaction CatCode="C" FiscalPeriodEnd="N" LeaID="22944" ReshID="22180" SiteID="4054041" TransAmt="10.00" TransDate="2021-05-01" TransDesc="Resident Liability Compliance Fee (05/2021)" TransName="RESIDENTLIABILITYFEE" TransactionBatchID="1619538294792"/>
    <Transaction CatCode="C" FiscalPeriodEnd="N" LeaID="22958" ReshID="22192" SiteID="4054041" TransAmt="10.00" TransDate="2021-05-01" TransDesc="Resident Liability Compliance Fee (05/2021)" TransName="RESIDENTLIABILITYFEE" TransactionBatchID="1619538294793"/>
    <Transaction CatCode="C" FiscalPeriodEnd="N" LeaID="22967" ReshID="22199" SiteID="4054041" TransAmt="10.00" TransDate="2021-05-01" TransDesc="Resident Liability Compliance Fee (05/2021)" TransName="RESIDENTLIABILITYFEE" TransactionBatchID="1619538294794"/>
    <Transaction CatCode="C" FiscalPeriodEnd="N" LeaID="22972" ReshID="22204" SiteID="4054041" TransAmt="10.00" TransDate="2021-05-01" TransDesc="Resident Liability Compliance Fee (05/2021)" TransName="RESIDENTLIABILITYFEE" TransactionBatchID="1619538294795"/>
    <Transaction CatCode="C" FiscalPeriodEnd="N" LeaID="22975" ReshID="22206" SiteID="4054041" TransAmt="10.00" TransDate="2021-05-01" TransDesc="Resident Liability Compliance Fee (05/2021)" TransName="RESIDENTLIABILITYFEE" TransactionBatchID="1619538294796"/>
    <Transaction CatCode="C" FiscalPeriodEnd="N" LeaID="22965" ReshID="22197" SiteID="4054041" TransAmt="10.00" TransDate="2021-05-01" TransDesc="Resident Liability Compliance Fee (05/2021)" TransName="RESIDENTLIABILITYFEE" TransactionBatchID="1619538294797"/>
    <Transaction CatCode="C" FiscalPeriodEnd="N" LeaID="22957" ReshID="22191" SiteID="4054041" TransAmt="10.00" TransDate="2021-05-01" TransDesc="Resident Liability Compliance Fee (05/2021)" TransName="RESIDENTLIABILITYFEE" TransactionBatchID="1619538294798"/>
    <Transaction CatCode="C" FiscalPeriodEnd="N" LeaID="22969" ReshID="22201" SiteID="4054041" TransAmt="10.00" TransDate="2021-05-01" TransDesc="Resident Liability Compliance Fee (05/2021)" TransName="RESIDENTLIABILITYFEE" TransactionBatchID="1619538294799"/>
    <Transaction CatCode="C" FiscalPeriodEnd="N" LeaID="22978" ReshID="22208" SiteID="4054041" TransAmt="10.00" TransDate="2021-05-01" TransDesc="Resident Liability Compliance Fee (05/2021)" TransName="RESIDENTLIABILITYFEE" TransactionBatchID="1619538294800"/>
    <Transaction CatCode="C" FiscalPeriodEnd="N" LeaID="22923" ReshID="22155" SiteID="4054041" TransAmt="10.00" TransDate="2021-05-01" TransDesc="Resident Liability Compliance Fee (05/2021)" TransName="RESIDENTLIABILITYFEE" TransactionBatchID="1619538294801"/>
    <Transaction CatCode="C" FiscalPeriodEnd="N" LeaID="22982" ReshID="22212" SiteID="4054041" TransAmt="10.00" TransDate="2021-05-01" TransDesc="Resident Liability Compliance Fee (05/2021)" TransName="RESIDENTLIABILITYFEE" TransactionBatchID="1619538294802"/>
    <Transaction CatCode="C" FiscalPeriodEnd="N" LeaID="22808" ReshID="11252" SiteID="4054041" TransAmt="10.00" TransDate="2021-05-01" TransDesc="Resident Liability Compliance Fee (05/2021)" TransName="RESIDENTLIABILITYFEE" TransactionBatchID="1619538294803"/>
    <Transaction CatCode="C" FiscalPeriodEnd="N" LeaID="23005" ReshID="22229" SiteID="4054041" TransAmt="10.00" TransDate="2021-05-01" TransDesc="Resident Liability Compliance Fee (05/2021)" TransName="RESIDENTLIABILITYFEE" TransactionBatchID="1619538294804"/>
</TransactionList>
