<TransactionList>
    <Validation>
        <Audit Count="86" Node="Transaction" Sum="860.00"/>
    </Validation>
    <Transaction CatCode="C" FiscalPeriodEnd="N" LeaID="21393" ReshID="9" SiteID="4079287" TransAmt="10.00" TransDate="2021-05-01" TransDesc="Resident Liability Compliance Fee (05/2021)" TransName="RESIDENTLIABILITYFEE" TransactionBatchID="1619538294708"/>
    <Transaction CatCode="C" FiscalPeriodEnd="N" LeaID="21375" ReshID="36" SiteID="4079287" TransAmt="10.00" TransDate="2021-05-01" TransDesc="Resident Liability Compliance Fee (05/2021)" TransName="RESIDENTLIABILITYFEE" TransactionBatchID="1619538294709"/>
    <Transaction CatCode="C" FiscalPeriodEnd="N" LeaID="21518" ReshID="40" SiteID="4079287" TransAmt="10.00" TransDate="2021-05-01" TransDesc="Resident Liability Compliance Fee (05/2021)" TransName="RESIDENTLIABILITYFEE" TransactionBatchID="1619538294710"/>
    <Transaction CatCode="C" FiscalPeriodEnd="N" LeaID="21314" ReshID="46" SiteID="4079287" TransAmt="10.00" TransDate="2021-05-01" TransDesc="Resident Liability Compliance Fee (05/2021)" TransName="RESIDENTLIABILITYFEE" TransactionBatchID="1619538294711"/>
    <Transaction CatCode="C" FiscalPeriodEnd="N" LeaID="21216" ReshID="54" SiteID="4079287" TransAmt="10.00" TransDate="2021-05-01" TransDesc="Resident Liability Compliance Fee (05/2021)" TransName="RESIDENTLIABILITYFEE" TransactionBatchID="1619538294712"/>
    <Transaction CatCode="C" FiscalPeriodEnd="N" LeaID="21389" ReshID="62" SiteID="4079287" TransAmt="10.00" TransDate="2021-05-01" TransDesc="Resident Liability Compliance Fee (05/2021)" TransName="RESIDENTLIABILITYFEE" TransactionBatchID="1619538294713"/>
    <Transaction CatCode="C" FiscalPeriodEnd="N" LeaID="21422" ReshID="161" SiteID="4079287" TransAmt="10.00" TransDate="2021-05-01" TransDesc="Resident Liability Compliance Fee (05/2021)" TransName="RESIDENTLIABILITYFEE" TransactionBatchID="1619538294714"/>
    <Transaction CatCode="C" FiscalPeriodEnd="N" LeaID="21189" ReshID="173" SiteID="4079287" TransAmt="10.00" TransDate="2021-05-01" TransDesc="Resident Liability Compliance Fee (05/2021)" TransName="RESIDENTLIABILITYFEE" TransactionBatchID="1619538294715"/>
    <Transaction CatCode="C" FiscalPeriodEnd="N" LeaID="21503" ReshID="218" SiteID="4079287" TransAmt="10.00" TransDate="2021-05-01" TransDesc="Resident Liability Compliance Fee (05/2021)" TransName="RESIDENTLIABILITYFEE" TransactionBatchID="1619538294716"/>
    <Transaction CatCode="C" FiscalPeriodEnd="N" LeaID="21302" ReshID="260" SiteID="4079287" TransAmt="10.00" TransDate="2021-05-01" TransDesc="Resident Liability Compliance Fee (05/2021)" TransName="RESIDENTLIABILITYFEE" TransactionBatchID="1619538294717"/>
    <Transaction CatCode="C" FiscalPeriodEnd="N" LeaID="21322" ReshID="279" SiteID="4079287" TransAmt="10.00" TransDate="2021-05-01" TransDesc="Resident Liability Compliance Fee (05/2021)" TransName="RESIDENTLIABILITYFEE" TransactionBatchID="1619538294718"/>
    <Transaction CatCode="C" FiscalPeriodEnd="N" LeaID="21511" ReshID="287" SiteID="4079287" TransAmt="10.00" TransDate="2021-05-01" TransDesc="Resident Liability Compliance Fee (05/2021)" TransName="RESIDENTLIABILITYFEE" TransactionBatchID="1619538294719"/>
    <Transaction CatCode="C" FiscalPeriodEnd="N" LeaID="21409" ReshID="305" SiteID="4079287" TransAmt="10.00" TransDate="2021-05-01" TransDesc="Resident Liability Compliance Fee (05/2021)" TransName="RESIDENTLIABILITYFEE" TransactionBatchID="1619538294720"/>
    <Transaction CatCode="C" FiscalPeriodEnd="N" LeaID="21403" ReshID="327" SiteID="4079287" TransAmt="10.00" TransDate="2021-05-01" TransDesc="Resident Liability Compliance Fee (05/2021)" TransName="RESIDENTLIABILITYFEE" TransactionBatchID="1619538294721"/>
    <Transaction CatCode="C" FiscalPeriodEnd="N" LeaID="21205" ReshID="393" SiteID="4079287" TransAmt="10.00" TransDate="2021-05-01" TransDesc="Resident Liability Compliance Fee (05/2021)" TransName="RESIDENTLIABILITYFEE" TransactionBatchID="1619538294722"/>
    <Transaction CatCode="C" FiscalPeriodEnd="N" LeaID="21500" ReshID="397" SiteID="4079287" TransAmt="10.00" TransDate="2021-05-01" TransDesc="Resident Liability Compliance Fee (05/2021)" TransName="RESIDENTLIABILITYFEE" TransactionBatchID="1619538294723"/>
    <Transaction CatCode="C" FiscalPeriodEnd="N" LeaID="516" ReshID="402" SiteID="4079287" TransAmt="10.00" TransDate="2021-05-01" TransDesc="Resident Liability Compliance Fee (05/2021)" TransName="RESIDENTLIABILITYFEE" TransactionBatchID="1619538294724"/>
    <Transaction CatCode="C" FiscalPeriodEnd="N" LeaID="21273" ReshID="426" SiteID="4079287" TransAmt="10.00" TransDate="2021-05-01" TransDesc="Resident Liability Compliance Fee (05/2021)" TransName="RESIDENTLIABILITYFEE" TransactionBatchID="1619538294725"/>
    <Transaction CatCode="C" FiscalPeriodEnd="N" LeaID="21289" ReshID="459" SiteID="4079287" TransAmt="10.00" TransDate="2021-05-01" TransDesc="Resident Liability Compliance Fee (05/2021)" TransName="RESIDENTLIABILITYFEE" TransactionBatchID="1619538294726"/>
    <Transaction CatCode="C" FiscalPeriodEnd="N" LeaID="21201" ReshID="10524" SiteID="4079287" TransAmt="10.00" TransDate="2021-05-01" TransDesc="Resident Liability Compliance Fee (05/2021)" TransName="RESIDENTLIABILITYFEE" TransactionBatchID="1619538294727"/>
    <Transaction CatCode="C" FiscalPeriodEnd="N" LeaID="21357" ReshID="10534" SiteID="4079287" TransAmt="10.00" TransDate="2021-05-01" TransDesc="Resident Liability Compliance Fee (05/2021)" TransName="RESIDENTLIABILITYFEE" TransactionBatchID="1619538294728"/>
    <Transaction CatCode="C" FiscalPeriodEnd="N" LeaID="21360" ReshID="10564" SiteID="4079287" TransAmt="10.00" TransDate="2021-05-01" TransDesc="Resident Liability Compliance Fee (05/2021)" TransName="RESIDENTLIABILITYFEE" TransactionBatchID="1619538294729"/>
    <Transaction CatCode="C" FiscalPeriodEnd="N" LeaID="21378" ReshID="10576" SiteID="4079287" TransAmt="10.00" TransDate="2021-05-01" TransDesc="Resident Liability Compliance Fee (05/2021)" TransName="RESIDENTLIABILITYFEE" TransactionBatchID="1619538294730"/>
    <Transaction CatCode="C" FiscalPeriodEnd="N" LeaID="21326" ReshID="10770" SiteID="4079287" TransAmt="10.00" TransDate="2021-05-01" TransDesc="Resident Liability Compliance Fee (05/2021)" TransName="RESIDENTLIABILITYFEE" TransactionBatchID="1619538294731"/>
    <Transaction CatCode="C" FiscalPeriodEnd="N" LeaID="21466" ReshID="10778" SiteID="4079287" TransAmt="10.00" TransDate="2021-05-01" TransDesc="Resident Liability Compliance Fee (05/2021)" TransName="RESIDENTLIABILITYFEE" TransactionBatchID="1619538294732"/>
    <Transaction CatCode="C" FiscalPeriodEnd="N" LeaID="21265" ReshID="10781" SiteID="4079287" TransAmt="10.00" TransDate="2021-05-01" TransDesc="Resident Liability Compliance Fee (05/2021)" TransName="RESIDENTLIABILITYFEE" TransactionBatchID="1619538294733"/>
    <Transaction CatCode="C" FiscalPeriodEnd="N" LeaID="21478" ReshID="20805" SiteID="4079287" TransAmt="10.00" TransDate="2021-05-01" TransDesc="Resident Liability Compliance Fee (05/2021)" TransName="RESIDENTLIABILITYFEE" TransactionBatchID="1619538294734"/>
    <Transaction CatCode="C" FiscalPeriodEnd="N" LeaID="21363" ReshID="10543" SiteID="4079287" TransAmt="10.00" TransDate="2021-05-01" TransDesc="Resident Liability Compliance Fee (05/2021)" TransName="RESIDENTLIABILITYFEE" TransactionBatchID="1619538294735"/>
    <Transaction CatCode="C" FiscalPeriodEnd="N" LeaID="21494" ReshID="20810" SiteID="4079287" TransAmt="10.00" TransDate="2021-05-01" TransDesc="Resident Liability Compliance Fee (05/2021)" TransName="RESIDENTLIABILITYFEE" TransactionBatchID="1619538294736"/>
    <Transaction CatCode="C" FiscalPeriodEnd="N" LeaID="21479" ReshID="20816" SiteID="4079287" TransAmt="10.00" TransDate="2021-05-01" TransDesc="Resident Liability Compliance Fee (05/2021)" TransName="RESIDENTLIABILITYFEE" TransactionBatchID="1619538294737"/>
    <Transaction CatCode="C" FiscalPeriodEnd="N" LeaID="21287" ReshID="20825" SiteID="4079287" TransAmt="10.00" TransDate="2021-05-01" TransDesc="Resident Liability Compliance Fee (05/2021)" TransName="RESIDENTLIABILITYFEE" TransactionBatchID="1619538294738"/>
    <Transaction CatCode="C" FiscalPeriodEnd="N" LeaID="21507" ReshID="20828" SiteID="4079287" TransAmt="10.00" TransDate="2021-05-01" TransDesc="Resident Liability Compliance Fee (05/2021)" TransName="RESIDENTLIABILITYFEE" TransactionBatchID="1619538294739"/>
    <Transaction CatCode="C" FiscalPeriodEnd="N" LeaID="21298" ReshID="20839" SiteID="4079287" TransAmt="10.00" TransDate="2021-05-01" TransDesc="Resident Liability Compliance Fee (05/2021)" TransName="RESIDENTLIABILITYFEE" TransactionBatchID="1619538294740"/>
    <Transaction CatCode="C" FiscalPeriodEnd="N" LeaID="21482" ReshID="244" SiteID="4079287" TransAmt="10.00" TransDate="2021-05-01" TransDesc="Resident Liability Compliance Fee (05/2021)" TransName="RESIDENTLIABILITYFEE" TransactionBatchID="1619538294741"/>
    <Transaction CatCode="C" FiscalPeriodEnd="N" LeaID="21493" ReshID="44" SiteID="4079287" TransAmt="10.00" TransDate="2021-05-01" TransDesc="Resident Liability Compliance Fee (05/2021)" TransName="RESIDENTLIABILITYFEE" TransactionBatchID="1619538294742"/>
    <Transaction CatCode="C" FiscalPeriodEnd="N" LeaID="21388" ReshID="20829" SiteID="4079287" TransAmt="10.00" TransDate="2021-05-01" TransDesc="Resident Liability Compliance Fee (05/2021)" TransName="RESIDENTLIABILITYFEE" TransactionBatchID="1619538294743"/>
    <Transaction CatCode="C" FiscalPeriodEnd="N" LeaID="21328" ReshID="20854" SiteID="4079287" TransAmt="10.00" TransDate="2021-05-01" TransDesc="Resident Liability Compliance Fee (05/2021)" TransName="RESIDENTLIABILITYFEE" TransactionBatchID="1619538294744"/>
    <Transaction CatCode="C" FiscalPeriodEnd="N" LeaID="21305" ReshID="20857" SiteID="4079287" TransAmt="10.00" TransDate="2021-05-01" TransDesc="Resident Liability Compliance Fee (05/2021)" TransName="RESIDENTLIABILITYFEE" TransactionBatchID="1619538294745"/>
    <Transaction CatCode="C" FiscalPeriodEnd="N" LeaID="21316" ReshID="20847" SiteID="4079287" TransAmt="10.00" TransDate="2021-05-01" TransDesc="Resident Liability Compliance Fee (05/2021)" TransName="RESIDENTLIABILITYFEE" TransactionBatchID="1619538294746"/>
    <Transaction CatCode="C" FiscalPeriodEnd="N" LeaID="21321" ReshID="20848" SiteID="4079287" TransAmt="10.00" TransDate="2021-05-01" TransDesc="Resident Liability Compliance Fee (05/2021)" TransName="RESIDENTLIABILITYFEE" TransactionBatchID="1619538294747"/>
    <Transaction CatCode="C" FiscalPeriodEnd="N" LeaID="21487" ReshID="20869" SiteID="4079287" TransAmt="10.00" TransDate="2021-05-01" TransDesc="Resident Liability Compliance Fee (05/2021)" TransName="RESIDENTLIABILITYFEE" TransactionBatchID="1619538294748"/>
    <Transaction CatCode="C" FiscalPeriodEnd="N" LeaID="21320" ReshID="10527" SiteID="4079287" TransAmt="10.00" TransDate="2021-05-01" TransDesc="Resident Liability Compliance Fee (05/2021)" TransName="RESIDENTLIABILITYFEE" TransactionBatchID="1619538294749"/>
    <Transaction CatCode="C" FiscalPeriodEnd="N" LeaID="21323" ReshID="10573" SiteID="4079287" TransAmt="10.00" TransDate="2021-05-01" TransDesc="Resident Liability Compliance Fee (05/2021)" TransName="RESIDENTLIABILITYFEE" TransactionBatchID="1619538294750"/>
    <Transaction CatCode="C" FiscalPeriodEnd="N" LeaID="21380" ReshID="20890" SiteID="4079287" TransAmt="10.00" TransDate="2021-05-01" TransDesc="Resident Liability Compliance Fee (05/2021)" TransName="RESIDENTLIABILITYFEE" TransactionBatchID="1619538294751"/>
    <Transaction CatCode="C" FiscalPeriodEnd="N" LeaID="21396" ReshID="20895" SiteID="4079287" TransAmt="10.00" TransDate="2021-05-01" TransDesc="Resident Liability Compliance Fee (05/2021)" TransName="RESIDENTLIABILITYFEE" TransactionBatchID="1619538294752"/>
    <Transaction CatCode="C" FiscalPeriodEnd="N" LeaID="21271" ReshID="20889" SiteID="4079287" TransAmt="10.00" TransDate="2021-05-01" TransDesc="Resident Liability Compliance Fee (05/2021)" TransName="RESIDENTLIABILITYFEE" TransactionBatchID="1619538294753"/>
    <Transaction CatCode="C" FiscalPeriodEnd="N" LeaID="21370" ReshID="20910" SiteID="4079287" TransAmt="10.00" TransDate="2021-05-01" TransDesc="Resident Liability Compliance Fee (05/2021)" TransName="RESIDENTLIABILITYFEE" TransactionBatchID="1619538294754"/>
    <Transaction CatCode="C" FiscalPeriodEnd="N" LeaID="21373" ReshID="20911" SiteID="4079287" TransAmt="10.00" TransDate="2021-05-01" TransDesc="Resident Liability Compliance Fee (05/2021)" TransName="RESIDENTLIABILITYFEE" TransactionBatchID="1619538294755"/>
    <Transaction CatCode="C" FiscalPeriodEnd="N" LeaID="21399" ReshID="20906" SiteID="4079287" TransAmt="10.00" TransDate="2021-05-01" TransDesc="Resident Liability Compliance Fee (05/2021)" TransName="RESIDENTLIABILITYFEE" TransactionBatchID="1619538294756"/>
    <Transaction CatCode="C" FiscalPeriodEnd="N" LeaID="21420" ReshID="20902" SiteID="4079287" TransAmt="10.00" TransDate="2021-05-01" TransDesc="Resident Liability Compliance Fee (05/2021)" TransName="RESIDENTLIABILITYFEE" TransactionBatchID="1619538294757"/>
    <Transaction CatCode="C" FiscalPeriodEnd="N" LeaID="21456" ReshID="20917" SiteID="4079287" TransAmt="10.00" TransDate="2021-05-01" TransDesc="Resident Liability Compliance Fee (05/2021)" TransName="RESIDENTLIABILITYFEE" TransactionBatchID="1619538294758"/>
    <Transaction CatCode="C" FiscalPeriodEnd="N" LeaID="21462" ReshID="20940" SiteID="4079287" TransAmt="10.00" TransDate="2021-05-01" TransDesc="Resident Liability Compliance Fee (05/2021)" TransName="RESIDENTLIABILITYFEE" TransactionBatchID="1619538294759"/>
    <Transaction CatCode="C" FiscalPeriodEnd="N" LeaID="21472" ReshID="20939" SiteID="4079287" TransAmt="10.00" TransDate="2021-05-01" TransDesc="Resident Liability Compliance Fee (05/2021)" TransName="RESIDENTLIABILITYFEE" TransactionBatchID="1619538294760"/>
    <Transaction CatCode="C" FiscalPeriodEnd="N" LeaID="21488" ReshID="20966" SiteID="4079287" TransAmt="10.00" TransDate="2021-05-01" TransDesc="Resident Liability Compliance Fee (05/2021)" TransName="RESIDENTLIABILITYFEE" TransactionBatchID="1619538294761"/>
    <Transaction CatCode="C" FiscalPeriodEnd="N" LeaID="21520" ReshID="20950" SiteID="4079287" TransAmt="10.00" TransDate="2021-05-01" TransDesc="Resident Liability Compliance Fee (05/2021)" TransName="RESIDENTLIABILITYFEE" TransactionBatchID="1619538294762"/>
    <Transaction CatCode="C" FiscalPeriodEnd="N" LeaID="21284" ReshID="20984" SiteID="4079287" TransAmt="10.00" TransDate="2021-05-01" TransDesc="Resident Liability Compliance Fee (05/2021)" TransName="RESIDENTLIABILITYFEE" TransactionBatchID="1619538294763"/>
    <Transaction CatCode="C" FiscalPeriodEnd="N" LeaID="21260" ReshID="20973" SiteID="4079287" TransAmt="10.00" TransDate="2021-05-01" TransDesc="Resident Liability Compliance Fee (05/2021)" TransName="RESIDENTLIABILITYFEE" TransactionBatchID="1619538294764"/>
    <Transaction CatCode="C" FiscalPeriodEnd="N" LeaID="21294" ReshID="20991" SiteID="4079287" TransAmt="10.00" TransDate="2021-05-01" TransDesc="Resident Liability Compliance Fee (05/2021)" TransName="RESIDENTLIABILITYFEE" TransactionBatchID="1619538294765"/>
    <Transaction CatCode="C" FiscalPeriodEnd="N" LeaID="21310" ReshID="20999" SiteID="4079287" TransAmt="10.00" TransDate="2021-05-01" TransDesc="Resident Liability Compliance Fee (05/2021)" TransName="RESIDENTLIABILITYFEE" TransactionBatchID="1619538294766"/>
    <Transaction CatCode="C" FiscalPeriodEnd="N" LeaID="21312" ReshID="21000" SiteID="4079287" TransAmt="10.00" TransDate="2021-05-01" TransDesc="Resident Liability Compliance Fee (05/2021)" TransName="RESIDENTLIABILITYFEE" TransactionBatchID="1619538294767"/>
    <Transaction CatCode="C" FiscalPeriodEnd="N" LeaID="21319" ReshID="21005" SiteID="4079287" TransAmt="10.00" TransDate="2021-05-01" TransDesc="Resident Liability Compliance Fee (05/2021)" TransName="RESIDENTLIABILITYFEE" TransactionBatchID="1619538294768"/>
    <Transaction CatCode="C" FiscalPeriodEnd="N" LeaID="21331" ReshID="21002" SiteID="4079287" TransAmt="10.00" TransDate="2021-05-01" TransDesc="Resident Liability Compliance Fee (05/2021)" TransName="RESIDENTLIABILITYFEE" TransactionBatchID="1619538294769"/>
    <Transaction CatCode="C" FiscalPeriodEnd="N" LeaID="21285" ReshID="20985" SiteID="4079287" TransAmt="10.00" TransDate="2021-05-01" TransDesc="Resident Liability Compliance Fee (05/2021)" TransName="RESIDENTLIABILITYFEE" TransactionBatchID="1619538294770"/>
    <Transaction CatCode="C" FiscalPeriodEnd="N" LeaID="21335" ReshID="21009" SiteID="4079287" TransAmt="10.00" TransDate="2021-05-01" TransDesc="Resident Liability Compliance Fee (05/2021)" TransName="RESIDENTLIABILITYFEE" TransactionBatchID="1619538294771"/>
    <Transaction CatCode="C" FiscalPeriodEnd="N" LeaID="21345" ReshID="21017" SiteID="4079287" TransAmt="10.00" TransDate="2021-05-01" TransDesc="Resident Liability Compliance Fee (05/2021)" TransName="RESIDENTLIABILITYFEE" TransactionBatchID="1619538294772"/>
    <Transaction CatCode="C" FiscalPeriodEnd="N" LeaID="21349" ReshID="21020" SiteID="4079287" TransAmt="10.00" TransDate="2021-05-01" TransDesc="Resident Liability Compliance Fee (05/2021)" TransName="RESIDENTLIABILITYFEE" TransactionBatchID="1619538294773"/>
    <Transaction CatCode="C" FiscalPeriodEnd="N" LeaID="21369" ReshID="21034" SiteID="4079287" TransAmt="10.00" TransDate="2021-05-01" TransDesc="Resident Liability Compliance Fee (05/2021)" TransName="RESIDENTLIABILITYFEE" TransactionBatchID="1619538294774"/>
    <Transaction CatCode="C" FiscalPeriodEnd="N" LeaID="21372" ReshID="21036" SiteID="4079287" TransAmt="10.00" TransDate="2021-05-01" TransDesc="Resident Liability Compliance Fee (05/2021)" TransName="RESIDENTLIABILITYFEE" TransactionBatchID="1619538294775"/>
    <Transaction CatCode="C" FiscalPeriodEnd="N" LeaID="21371" ReshID="21035" SiteID="4079287" TransAmt="10.00" TransDate="2021-05-01" TransDesc="Resident Liability Compliance Fee (05/2021)" TransName="RESIDENTLIABILITYFEE" TransactionBatchID="1619538294776"/>
    <Transaction CatCode="C" FiscalPeriodEnd="N" LeaID="21410" ReshID="21051" SiteID="4079287" TransAmt="10.00" TransDate="2021-05-01" TransDesc="Resident Liability Compliance Fee (05/2021)" TransName="RESIDENTLIABILITYFEE" TransactionBatchID="1619538294777"/>
    <Transaction CatCode="C" FiscalPeriodEnd="N" LeaID="21414" ReshID="21054" SiteID="4079287" TransAmt="10.00" TransDate="2021-05-01" TransDesc="Resident Liability Compliance Fee (05/2021)" TransName="RESIDENTLIABILITYFEE" TransactionBatchID="1619538294778"/>
    <Transaction CatCode="C" FiscalPeriodEnd="N" LeaID="21415" ReshID="21055" SiteID="4079287" TransAmt="10.00" TransDate="2021-05-01" TransDesc="Resident Liability Compliance Fee (05/2021)" TransName="RESIDENTLIABILITYFEE" TransactionBatchID="1619538294779"/>
    <Transaction CatCode="C" FiscalPeriodEnd="N" LeaID="21432" ReshID="21065" SiteID="4079287" TransAmt="10.00" TransDate="2021-05-01" TransDesc="Resident Liability Compliance Fee (05/2021)" TransName="RESIDENTLIABILITYFEE" TransactionBatchID="1619538294780"/>
    <Transaction CatCode="C" FiscalPeriodEnd="N" LeaID="21446" ReshID="21074" SiteID="4079287" TransAmt="10.00" TransDate="2021-05-01" TransDesc="Resident Liability Compliance Fee (05/2021)" TransName="RESIDENTLIABILITYFEE" TransactionBatchID="1619538294781"/>
    <Transaction CatCode="C" FiscalPeriodEnd="N" LeaID="21445" ReshID="21073" SiteID="4079287" TransAmt="10.00" TransDate="2021-05-01" TransDesc="Resident Liability Compliance Fee (05/2021)" TransName="RESIDENTLIABILITYFEE" TransactionBatchID="1619538294782"/>
    <Transaction CatCode="C" FiscalPeriodEnd="N" LeaID="21428" ReshID="21062" SiteID="4079287" TransAmt="10.00" TransDate="2021-05-01" TransDesc="Resident Liability Compliance Fee (05/2021)" TransName="RESIDENTLIABILITYFEE" TransactionBatchID="1619538294783"/>
    <Transaction CatCode="C" FiscalPeriodEnd="N" LeaID="21455" ReshID="21080" SiteID="4079287" TransAmt="10.00" TransDate="2021-05-01" TransDesc="Resident Liability Compliance Fee (05/2021)" TransName="RESIDENTLIABILITYFEE" TransactionBatchID="1619538294784"/>
    <Transaction CatCode="C" FiscalPeriodEnd="N" LeaID="21470" ReshID="10541" SiteID="4079287" TransAmt="10.00" TransDate="2021-05-01" TransDesc="Resident Liability Compliance Fee (05/2021)" TransName="RESIDENTLIABILITYFEE" TransactionBatchID="1619538294785"/>
    <Transaction CatCode="C" FiscalPeriodEnd="N" LeaID="21453" ReshID="21079" SiteID="4079287" TransAmt="10.00" TransDate="2021-05-01" TransDesc="Resident Liability Compliance Fee (05/2021)" TransName="RESIDENTLIABILITYFEE" TransactionBatchID="1619538294786"/>
    <Transaction CatCode="C" FiscalPeriodEnd="N" LeaID="21460" ReshID="21082" SiteID="4079287" TransAmt="10.00" TransDate="2021-05-01" TransDesc="Resident Liability Compliance Fee (05/2021)" TransName="RESIDENTLIABILITYFEE" TransactionBatchID="1619538294787"/>
    <Transaction CatCode="C" FiscalPeriodEnd="N" LeaID="21471" ReshID="21089" SiteID="4079287" TransAmt="10.00" TransDate="2021-05-01" TransDesc="Resident Liability Compliance Fee (05/2021)" TransName="RESIDENTLIABILITYFEE" TransactionBatchID="1619538294788"/>
    <Transaction CatCode="C" FiscalPeriodEnd="N" LeaID="21459" ReshID="21081" SiteID="4079287" TransAmt="10.00" TransDate="2021-05-01" TransDesc="Resident Liability Compliance Fee (05/2021)" TransName="RESIDENTLIABILITYFEE" TransactionBatchID="1619538294789"/>
    <Transaction CatCode="C" FiscalPeriodEnd="N" LeaID="21497" ReshID="21100" SiteID="4079287" TransAmt="10.00" TransDate="2021-05-01" TransDesc="Resident Liability Compliance Fee (05/2021)" TransName="RESIDENTLIABILITYFEE" TransactionBatchID="1619538294790"/>
    <Transaction CatCode="C" FiscalPeriodEnd="N" LeaID="21468" ReshID="21088" SiteID="4079287" TransAmt="10.00" TransDate="2021-05-01" TransDesc="Resident Liability Compliance Fee (05/2021)" TransName="RESIDENTLIABILITYFEE" TransactionBatchID="1619538294791"/>
    <Transaction CatCode="C" FiscalPeriodEnd="N" LeaID="21516" ReshID="21109" SiteID="4079287" TransAmt="10.00" TransDate="2021-05-01" TransDesc="Resident Liability Compliance Fee (05/2021)" TransName="RESIDENTLIABILITYFEE" TransactionBatchID="1619538294792"/>
    <Transaction CatCode="C" FiscalPeriodEnd="N" LeaID="21270" ReshID="20830" SiteID="4079287" TransAmt="10.00" TransDate="2021-05-01" TransDesc="Resident Liability Compliance Fee (05/2021)" TransName="RESIDENTLIABILITYFEE" TransactionBatchID="1619538294793"/>
</TransactionList>
