<TransactionList>
    <Validation>
        <Audit Count="67" Node="Transaction" Sum="670.00"/>
    </Validation>
    <Transaction CatCode="C" FiscalPeriodEnd="N" LeaID="1214" ReshID="10" SiteID="4089538" TransAmt="10.00" TransDate="2021-05-01" TransDesc="Resident Liability Compliance Fee (05/2021)" TransName="RESIDENTLIABILITYFEE" TransactionBatchID="1619538295452"/>
    <Transaction CatCode="C" FiscalPeriodEnd="N" LeaID="1114" ReshID="218" SiteID="4089538" TransAmt="10.00" TransDate="2021-05-01" TransDesc="Resident Liability Compliance Fee (05/2021)" TransName="RESIDENTLIABILITYFEE" TransactionBatchID="1619538295453"/>
    <Transaction CatCode="C" FiscalPeriodEnd="N" LeaID="1170" ReshID="406" SiteID="4089538" TransAmt="10.00" TransDate="2021-05-01" TransDesc="Resident Liability Compliance Fee (05/2021)" TransName="RESIDENTLIABILITYFEE" TransactionBatchID="1619538295454"/>
    <Transaction CatCode="C" FiscalPeriodEnd="N" LeaID="1199" ReshID="423" SiteID="4089538" TransAmt="10.00" TransDate="2021-05-01" TransDesc="Resident Liability Compliance Fee (05/2021)" TransName="RESIDENTLIABILITYFEE" TransactionBatchID="1619538295455"/>
    <Transaction CatCode="C" FiscalPeriodEnd="N" LeaID="1200" ReshID="430" SiteID="4089538" TransAmt="10.00" TransDate="2021-05-01" TransDesc="Resident Liability Compliance Fee (05/2021)" TransName="RESIDENTLIABILITYFEE" TransactionBatchID="1619538295456"/>
    <Transaction CatCode="C" FiscalPeriodEnd="N" LeaID="1254" ReshID="486" SiteID="4089538" TransAmt="10.00" TransDate="2021-05-01" TransDesc="Resident Liability Compliance Fee (05/2021)" TransName="RESIDENTLIABILITYFEE" TransactionBatchID="1619538295457"/>
    <Transaction CatCode="C" FiscalPeriodEnd="N" LeaID="1264" ReshID="490" SiteID="4089538" TransAmt="10.00" TransDate="2021-05-01" TransDesc="Resident Liability Compliance Fee (05/2021)" TransName="RESIDENTLIABILITYFEE" TransactionBatchID="1619538295458"/>
    <Transaction CatCode="C" FiscalPeriodEnd="N" LeaID="1340" ReshID="509" SiteID="4089538" TransAmt="10.00" TransDate="2021-05-01" TransDesc="Resident Liability Compliance Fee (05/2021)" TransName="RESIDENTLIABILITYFEE" TransactionBatchID="1619538295459"/>
    <Transaction CatCode="C" FiscalPeriodEnd="N" LeaID="1304" ReshID="537" SiteID="4089538" TransAmt="10.00" TransDate="2021-05-01" TransDesc="Resident Liability Compliance Fee (05/2021)" TransName="RESIDENTLIABILITYFEE" TransactionBatchID="1619538295460"/>
    <Transaction CatCode="C" FiscalPeriodEnd="N" LeaID="1180" ReshID="565" SiteID="4089538" TransAmt="10.00" TransDate="2021-05-01" TransDesc="Resident Liability Compliance Fee (05/2021)" TransName="RESIDENTLIABILITYFEE" TransactionBatchID="1619538295461"/>
    <Transaction CatCode="C" FiscalPeriodEnd="N" LeaID="1172" ReshID="583" SiteID="4089538" TransAmt="10.00" TransDate="2021-05-01" TransDesc="Resident Liability Compliance Fee (05/2021)" TransName="RESIDENTLIABILITYFEE" TransactionBatchID="1619538295462"/>
    <Transaction CatCode="C" FiscalPeriodEnd="N" LeaID="1247" ReshID="590" SiteID="4089538" TransAmt="10.00" TransDate="2021-05-01" TransDesc="Resident Liability Compliance Fee (05/2021)" TransName="RESIDENTLIABILITYFEE" TransactionBatchID="1619538295463"/>
    <Transaction CatCode="C" FiscalPeriodEnd="N" LeaID="1220" ReshID="597" SiteID="4089538" TransAmt="10.00" TransDate="2021-05-01" TransDesc="Resident Liability Compliance Fee (05/2021)" TransName="RESIDENTLIABILITYFEE" TransactionBatchID="1619538295464"/>
    <Transaction CatCode="C" FiscalPeriodEnd="N" LeaID="1257" ReshID="618" SiteID="4089538" TransAmt="10.00" TransDate="2021-05-01" TransDesc="Resident Liability Compliance Fee (05/2021)" TransName="RESIDENTLIABILITYFEE" TransactionBatchID="1619538295465"/>
    <Transaction CatCode="C" FiscalPeriodEnd="N" LeaID="1237" ReshID="625" SiteID="4089538" TransAmt="10.00" TransDate="2021-05-01" TransDesc="Resident Liability Compliance Fee (05/2021)" TransName="RESIDENTLIABILITYFEE" TransactionBatchID="1619538295466"/>
    <Transaction CatCode="C" FiscalPeriodEnd="N" LeaID="1132" ReshID="670" SiteID="4089538" TransAmt="10.00" TransDate="2021-05-01" TransDesc="Resident Liability Compliance Fee (05/2021)" TransName="RESIDENTLIABILITYFEE" TransactionBatchID="1619538295467"/>
    <Transaction CatCode="C" FiscalPeriodEnd="N" LeaID="1327" ReshID="673" SiteID="4089538" TransAmt="10.00" TransDate="2021-05-01" TransDesc="Resident Liability Compliance Fee (05/2021)" TransName="RESIDENTLIABILITYFEE" TransactionBatchID="1619538295468"/>
    <Transaction CatCode="C" FiscalPeriodEnd="N" LeaID="1128" ReshID="546" SiteID="4089538" TransAmt="10.00" TransDate="2021-05-01" TransDesc="Resident Liability Compliance Fee (05/2021)" TransName="RESIDENTLIABILITYFEE" TransactionBatchID="1619538295469"/>
    <Transaction CatCode="C" FiscalPeriodEnd="N" LeaID="1159" ReshID="538" SiteID="4089538" TransAmt="10.00" TransDate="2021-05-01" TransDesc="Resident Liability Compliance Fee (05/2021)" TransName="RESIDENTLIABILITYFEE" TransactionBatchID="1619538295470"/>
    <Transaction CatCode="C" FiscalPeriodEnd="N" LeaID="1328" ReshID="549" SiteID="4089538" TransAmt="10.00" TransDate="2021-05-01" TransDesc="Resident Liability Compliance Fee (05/2021)" TransName="RESIDENTLIABILITYFEE" TransactionBatchID="1619538295471"/>
    <Transaction CatCode="C" FiscalPeriodEnd="N" LeaID="1129" ReshID="709" SiteID="4089538" TransAmt="10.00" TransDate="2021-05-01" TransDesc="Resident Liability Compliance Fee (05/2021)" TransName="RESIDENTLIABILITYFEE" TransactionBatchID="1619538295472"/>
    <Transaction CatCode="C" FiscalPeriodEnd="N" LeaID="1256" ReshID="732" SiteID="4089538" TransAmt="10.00" TransDate="2021-05-01" TransDesc="Resident Liability Compliance Fee (05/2021)" TransName="RESIDENTLIABILITYFEE" TransactionBatchID="1619538295473"/>
    <Transaction CatCode="C" FiscalPeriodEnd="N" LeaID="1197" ReshID="716" SiteID="4089538" TransAmt="10.00" TransDate="2021-05-01" TransDesc="Resident Liability Compliance Fee (05/2021)" TransName="RESIDENTLIABILITYFEE" TransactionBatchID="1619538295474"/>
    <Transaction CatCode="C" FiscalPeriodEnd="N" LeaID="1348" ReshID="722" SiteID="4089538" TransAmt="10.00" TransDate="2021-05-01" TransDesc="Resident Liability Compliance Fee (05/2021)" TransName="RESIDENTLIABILITYFEE" TransactionBatchID="1619538295475"/>
    <Transaction CatCode="C" FiscalPeriodEnd="N" LeaID="1117" ReshID="751" SiteID="4089538" TransAmt="10.00" TransDate="2021-05-01" TransDesc="Resident Liability Compliance Fee (05/2021)" TransName="RESIDENTLIABILITYFEE" TransactionBatchID="1619538295476"/>
    <Transaction CatCode="C" FiscalPeriodEnd="N" LeaID="1184" ReshID="729" SiteID="4089538" TransAmt="10.00" TransDate="2021-05-01" TransDesc="Resident Liability Compliance Fee (05/2021)" TransName="RESIDENTLIABILITYFEE" TransactionBatchID="1619538295477"/>
    <Transaction CatCode="C" FiscalPeriodEnd="N" LeaID="1195" ReshID="740" SiteID="4089538" TransAmt="10.00" TransDate="2021-05-01" TransDesc="Resident Liability Compliance Fee (05/2021)" TransName="RESIDENTLIABILITYFEE" TransactionBatchID="1619538295478"/>
    <Transaction CatCode="C" FiscalPeriodEnd="N" LeaID="1221" ReshID="744" SiteID="4089538" TransAmt="10.00" TransDate="2021-05-01" TransDesc="Resident Liability Compliance Fee (05/2021)" TransName="RESIDENTLIABILITYFEE" TransactionBatchID="1619538295479"/>
    <Transaction CatCode="C" FiscalPeriodEnd="N" LeaID="1249" ReshID="752" SiteID="4089538" TransAmt="10.00" TransDate="2021-05-01" TransDesc="Resident Liability Compliance Fee (05/2021)" TransName="RESIDENTLIABILITYFEE" TransactionBatchID="1619538295480"/>
    <Transaction CatCode="C" FiscalPeriodEnd="N" LeaID="1175" ReshID="734" SiteID="4089538" TransAmt="10.00" TransDate="2021-05-01" TransDesc="Resident Liability Compliance Fee (05/2021)" TransName="RESIDENTLIABILITYFEE" TransactionBatchID="1619538295481"/>
    <Transaction CatCode="C" FiscalPeriodEnd="N" LeaID="1236" ReshID="749" SiteID="4089538" TransAmt="10.00" TransDate="2021-05-01" TransDesc="Resident Liability Compliance Fee (05/2021)" TransName="RESIDENTLIABILITYFEE" TransactionBatchID="1619538295482"/>
    <Transaction CatCode="C" FiscalPeriodEnd="N" LeaID="1250" ReshID="758" SiteID="4089538" TransAmt="10.00" TransDate="2021-05-01" TransDesc="Resident Liability Compliance Fee (05/2021)" TransName="RESIDENTLIABILITYFEE" TransactionBatchID="1619538295483"/>
    <Transaction CatCode="C" FiscalPeriodEnd="N" LeaID="1277" ReshID="783" SiteID="4089538" TransAmt="10.00" TransDate="2021-05-01" TransDesc="Resident Liability Compliance Fee (05/2021)" TransName="RESIDENTLIABILITYFEE" TransactionBatchID="1619538295484"/>
    <Transaction CatCode="C" FiscalPeriodEnd="N" LeaID="1312" ReshID="793" SiteID="4089538" TransAmt="10.00" TransDate="2021-05-01" TransDesc="Resident Liability Compliance Fee (05/2021)" TransName="RESIDENTLIABILITYFEE" TransactionBatchID="1619538295485"/>
    <Transaction CatCode="C" FiscalPeriodEnd="N" LeaID="1295" ReshID="792" SiteID="4089538" TransAmt="10.00" TransDate="2021-05-01" TransDesc="Resident Liability Compliance Fee (05/2021)" TransName="RESIDENTLIABILITYFEE" TransactionBatchID="1619538295486"/>
    <Transaction CatCode="C" FiscalPeriodEnd="N" LeaID="1301" ReshID="796" SiteID="4089538" TransAmt="10.00" TransDate="2021-05-01" TransDesc="Resident Liability Compliance Fee (05/2021)" TransName="RESIDENTLIABILITYFEE" TransactionBatchID="1619538295487"/>
    <Transaction CatCode="C" FiscalPeriodEnd="N" LeaID="1286" ReshID="785" SiteID="4089538" TransAmt="10.00" TransDate="2021-05-01" TransDesc="Resident Liability Compliance Fee (05/2021)" TransName="RESIDENTLIABILITYFEE" TransactionBatchID="1619538295488"/>
    <Transaction CatCode="C" FiscalPeriodEnd="N" LeaID="1244" ReshID="836" SiteID="4089538" TransAmt="10.00" TransDate="2021-05-01" TransDesc="Resident Liability Compliance Fee (05/2021)" TransName="RESIDENTLIABILITYFEE" TransactionBatchID="1619538295489"/>
    <Transaction CatCode="C" FiscalPeriodEnd="N" LeaID="1116" ReshID="859" SiteID="4089538" TransAmt="10.00" TransDate="2021-05-01" TransDesc="Resident Liability Compliance Fee (05/2021)" TransName="RESIDENTLIABILITYFEE" TransactionBatchID="1619538295490"/>
    <Transaction CatCode="C" FiscalPeriodEnd="N" LeaID="1126" ReshID="864" SiteID="4089538" TransAmt="10.00" TransDate="2021-05-01" TransDesc="Resident Liability Compliance Fee (05/2021)" TransName="RESIDENTLIABILITYFEE" TransactionBatchID="1619538295491"/>
    <Transaction CatCode="C" FiscalPeriodEnd="N" LeaID="1112" ReshID="858" SiteID="4089538" TransAmt="10.00" TransDate="2021-05-01" TransDesc="Resident Liability Compliance Fee (05/2021)" TransName="RESIDENTLIABILITYFEE" TransactionBatchID="1619538295492"/>
    <Transaction CatCode="C" FiscalPeriodEnd="N" LeaID="1143" ReshID="871" SiteID="4089538" TransAmt="10.00" TransDate="2021-05-01" TransDesc="Resident Liability Compliance Fee (05/2021)" TransName="RESIDENTLIABILITYFEE" TransactionBatchID="1619538295493"/>
    <Transaction CatCode="C" FiscalPeriodEnd="N" LeaID="1127" ReshID="865" SiteID="4089538" TransAmt="10.00" TransDate="2021-05-01" TransDesc="Resident Liability Compliance Fee (05/2021)" TransName="RESIDENTLIABILITYFEE" TransactionBatchID="1619538295494"/>
    <Transaction CatCode="C" FiscalPeriodEnd="N" LeaID="1176" ReshID="881" SiteID="4089538" TransAmt="10.00" TransDate="2021-05-01" TransDesc="Resident Liability Compliance Fee (05/2021)" TransName="RESIDENTLIABILITYFEE" TransactionBatchID="1619538295495"/>
    <Transaction CatCode="C" FiscalPeriodEnd="N" LeaID="1183" ReshID="886" SiteID="4089538" TransAmt="10.00" TransDate="2021-05-01" TransDesc="Resident Liability Compliance Fee (05/2021)" TransName="RESIDENTLIABILITYFEE" TransactionBatchID="1619538295496"/>
    <Transaction CatCode="C" FiscalPeriodEnd="N" LeaID="1185" ReshID="899" SiteID="4089538" TransAmt="10.00" TransDate="2021-05-01" TransDesc="Resident Liability Compliance Fee (05/2021)" TransName="RESIDENTLIABILITYFEE" TransactionBatchID="1619538295497"/>
    <Transaction CatCode="C" FiscalPeriodEnd="N" LeaID="1139" ReshID="868" SiteID="4089538" TransAmt="10.00" TransDate="2021-05-01" TransDesc="Resident Liability Compliance Fee (05/2021)" TransName="RESIDENTLIABILITYFEE" TransactionBatchID="1619538295498"/>
    <Transaction CatCode="C" FiscalPeriodEnd="N" LeaID="1189" ReshID="903" SiteID="4089538" TransAmt="10.00" TransDate="2021-05-01" TransDesc="Resident Liability Compliance Fee (05/2021)" TransName="RESIDENTLIABILITYFEE" TransactionBatchID="1619538295499"/>
    <Transaction CatCode="C" FiscalPeriodEnd="N" LeaID="1167" ReshID="879" SiteID="4089538" TransAmt="10.00" TransDate="2021-05-01" TransDesc="Resident Liability Compliance Fee (05/2021)" TransName="RESIDENTLIABILITYFEE" TransactionBatchID="1619538295500"/>
    <Transaction CatCode="C" FiscalPeriodEnd="N" LeaID="1186" ReshID="900" SiteID="4089538" TransAmt="10.00" TransDate="2021-05-01" TransDesc="Resident Liability Compliance Fee (05/2021)" TransName="RESIDENTLIABILITYFEE" TransactionBatchID="1619538295501"/>
    <Transaction CatCode="C" FiscalPeriodEnd="N" LeaID="1347" ReshID="908" SiteID="4089538" TransAmt="10.00" TransDate="2021-05-01" TransDesc="Resident Liability Compliance Fee (05/2021)" TransName="RESIDENTLIABILITYFEE" TransactionBatchID="1619538295502"/>
    <Transaction CatCode="C" FiscalPeriodEnd="N" LeaID="1246" ReshID="927" SiteID="4089538" TransAmt="10.00" TransDate="2021-05-01" TransDesc="Resident Liability Compliance Fee (05/2021)" TransName="RESIDENTLIABILITYFEE" TransactionBatchID="1619538295503"/>
    <Transaction CatCode="C" FiscalPeriodEnd="N" LeaID="1252" ReshID="931" SiteID="4089538" TransAmt="10.00" TransDate="2021-05-01" TransDesc="Resident Liability Compliance Fee (05/2021)" TransName="RESIDENTLIABILITYFEE" TransactionBatchID="1619538295504"/>
    <Transaction CatCode="C" FiscalPeriodEnd="N" LeaID="1261" ReshID="1010" SiteID="4089538" TransAmt="10.00" TransDate="2021-05-01" TransDesc="Resident Liability Compliance Fee (05/2021)" TransName="RESIDENTLIABILITYFEE" TransactionBatchID="1619538295505"/>
    <Transaction CatCode="C" FiscalPeriodEnd="N" LeaID="1274" ReshID="1014" SiteID="4089538" TransAmt="10.00" TransDate="2021-05-01" TransDesc="Resident Liability Compliance Fee (05/2021)" TransName="RESIDENTLIABILITYFEE" TransactionBatchID="1619538295506"/>
    <Transaction CatCode="C" FiscalPeriodEnd="N" LeaID="1289" ReshID="1021" SiteID="4089538" TransAmt="10.00" TransDate="2021-05-01" TransDesc="Resident Liability Compliance Fee (05/2021)" TransName="RESIDENTLIABILITYFEE" TransactionBatchID="1619538295507"/>
    <Transaction CatCode="C" FiscalPeriodEnd="N" LeaID="1308" ReshID="1034" SiteID="4089538" TransAmt="10.00" TransDate="2021-05-01" TransDesc="Resident Liability Compliance Fee (05/2021)" TransName="RESIDENTLIABILITYFEE" TransactionBatchID="1619538295508"/>
    <Transaction CatCode="C" FiscalPeriodEnd="N" LeaID="1325" ReshID="1040" SiteID="4089538" TransAmt="10.00" TransDate="2021-05-01" TransDesc="Resident Liability Compliance Fee (05/2021)" TransName="RESIDENTLIABILITYFEE" TransactionBatchID="1619538295509"/>
    <Transaction CatCode="C" FiscalPeriodEnd="N" LeaID="1298" ReshID="1028" SiteID="4089538" TransAmt="10.00" TransDate="2021-05-01" TransDesc="Resident Liability Compliance Fee (05/2021)" TransName="RESIDENTLIABILITYFEE" TransactionBatchID="1619538295510"/>
    <Transaction CatCode="C" FiscalPeriodEnd="N" LeaID="1322" ReshID="1038" SiteID="4089538" TransAmt="10.00" TransDate="2021-05-01" TransDesc="Resident Liability Compliance Fee (05/2021)" TransName="RESIDENTLIABILITYFEE" TransactionBatchID="1619538295511"/>
    <Transaction CatCode="C" FiscalPeriodEnd="N" LeaID="1336" ReshID="1083" SiteID="4089538" TransAmt="10.00" TransDate="2021-05-01" TransDesc="Resident Liability Compliance Fee (05/2021)" TransName="RESIDENTLIABILITYFEE" TransactionBatchID="1619538295512"/>
    <Transaction CatCode="C" FiscalPeriodEnd="N" LeaID="1330" ReshID="1077" SiteID="4089538" TransAmt="10.00" TransDate="2021-05-01" TransDesc="Resident Liability Compliance Fee (05/2021)" TransName="RESIDENTLIABILITYFEE" TransactionBatchID="1619538295513"/>
    <Transaction CatCode="C" FiscalPeriodEnd="N" LeaID="1341" ReshID="1086" SiteID="4089538" TransAmt="10.00" TransDate="2021-05-01" TransDesc="Resident Liability Compliance Fee (05/2021)" TransName="RESIDENTLIABILITYFEE" TransactionBatchID="1619538295514"/>
    <Transaction CatCode="C" FiscalPeriodEnd="N" LeaID="1293" ReshID="1025" SiteID="4089538" TransAmt="10.00" TransDate="2021-05-01" TransDesc="Resident Liability Compliance Fee (05/2021)" TransName="RESIDENTLIABILITYFEE" TransactionBatchID="1619538295515"/>
    <Transaction CatCode="C" FiscalPeriodEnd="N" LeaID="1299" ReshID="1029" SiteID="4089538" TransAmt="10.00" TransDate="2021-05-01" TransDesc="Resident Liability Compliance Fee (05/2021)" TransName="RESIDENTLIABILITYFEE" TransactionBatchID="1619538295516"/>
    <Transaction CatCode="C" FiscalPeriodEnd="N" LeaID="1300" ReshID="1030" SiteID="4089538" TransAmt="10.00" TransDate="2021-05-01" TransDesc="Resident Liability Compliance Fee (05/2021)" TransName="RESIDENTLIABILITYFEE" TransactionBatchID="1619538295517"/>
    <Transaction CatCode="C" FiscalPeriodEnd="N" LeaID="1321" ReshID="1037" SiteID="4089538" TransAmt="10.00" TransDate="2021-05-01" TransDesc="Resident Liability Compliance Fee (05/2021)" TransName="RESIDENTLIABILITYFEE" TransactionBatchID="1619538295518"/>
</TransactionList>
