<TransactionList>
    <Validation>
        <Audit Count="78" Node="Transaction" Sum="780.00"/>
    </Validation>
    <Transaction CatCode="C" FiscalPeriodEnd="N" LeaID="11531" ReshID="19" SiteID="4115712" TransAmt="10.00" TransDate="2021-05-01" TransDesc="Resident Liability Compliance Fee (05/2021)" TransName="RESIDENTLIABILITYFEE" TransactionBatchID="1619538298912"/>
    <Transaction CatCode="C" FiscalPeriodEnd="N" LeaID="11621" ReshID="41" SiteID="4115712" TransAmt="10.00" TransDate="2021-05-01" TransDesc="Resident Liability Compliance Fee (05/2021)" TransName="RESIDENTLIABILITYFEE" TransactionBatchID="1619538298913"/>
    <Transaction CatCode="C" FiscalPeriodEnd="N" LeaID="11873" ReshID="85" SiteID="4115712" TransAmt="10.00" TransDate="2021-05-01" TransDesc="Resident Liability Compliance Fee (05/2021)" TransName="RESIDENTLIABILITYFEE" TransactionBatchID="1619538298914"/>
    <Transaction CatCode="C" FiscalPeriodEnd="N" LeaID="11863" ReshID="246" SiteID="4115712" TransAmt="10.00" TransDate="2021-05-01" TransDesc="Resident Liability Compliance Fee (05/2021)" TransName="RESIDENTLIABILITYFEE" TransactionBatchID="1619538298915"/>
    <Transaction CatCode="C" FiscalPeriodEnd="N" LeaID="11767" ReshID="365" SiteID="4115712" TransAmt="10.00" TransDate="2021-05-01" TransDesc="Resident Liability Compliance Fee (05/2021)" TransName="RESIDENTLIABILITYFEE" TransactionBatchID="1619538298916"/>
    <Transaction CatCode="C" FiscalPeriodEnd="N" LeaID="11576" ReshID="382" SiteID="4115712" TransAmt="10.00" TransDate="2021-05-01" TransDesc="Resident Liability Compliance Fee (05/2021)" TransName="RESIDENTLIABILITYFEE" TransactionBatchID="1619538298917"/>
    <Transaction CatCode="C" FiscalPeriodEnd="N" LeaID="11745" ReshID="437" SiteID="4115712" TransAmt="10.00" TransDate="2021-05-01" TransDesc="Resident Liability Compliance Fee (05/2021)" TransName="RESIDENTLIABILITYFEE" TransactionBatchID="1619538298918"/>
    <Transaction CatCode="C" FiscalPeriodEnd="N" LeaID="11729" ReshID="459" SiteID="4115712" TransAmt="10.00" TransDate="2021-05-01" TransDesc="Resident Liability Compliance Fee (05/2021)" TransName="RESIDENTLIABILITYFEE" TransactionBatchID="1619538298919"/>
    <Transaction CatCode="C" FiscalPeriodEnd="N" LeaID="11582" ReshID="10659" SiteID="4115712" TransAmt="10.00" TransDate="2021-05-01" TransDesc="Resident Liability Compliance Fee (05/2021)" TransName="RESIDENTLIABILITYFEE" TransactionBatchID="1619538298920"/>
    <Transaction CatCode="C" FiscalPeriodEnd="N" LeaID="11529" ReshID="10666" SiteID="4115712" TransAmt="10.00" TransDate="2021-05-01" TransDesc="Resident Liability Compliance Fee (05/2021)" TransName="RESIDENTLIABILITYFEE" TransactionBatchID="1619538298921"/>
    <Transaction CatCode="C" FiscalPeriodEnd="N" LeaID="11859" ReshID="10689" SiteID="4115712" TransAmt="10.00" TransDate="2021-05-01" TransDesc="Resident Liability Compliance Fee (05/2021)" TransName="RESIDENTLIABILITYFEE" TransactionBatchID="1619538298922"/>
    <Transaction CatCode="C" FiscalPeriodEnd="N" LeaID="11879" ReshID="10702" SiteID="4115712" TransAmt="10.00" TransDate="2021-05-01" TransDesc="Resident Liability Compliance Fee (05/2021)" TransName="RESIDENTLIABILITYFEE" TransactionBatchID="1619538298923"/>
    <Transaction CatCode="C" FiscalPeriodEnd="N" LeaID="11590" ReshID="10709" SiteID="4115712" TransAmt="10.00" TransDate="2021-05-01" TransDesc="Resident Liability Compliance Fee (05/2021)" TransName="RESIDENTLIABILITYFEE" TransactionBatchID="1619538298924"/>
    <Transaction CatCode="C" FiscalPeriodEnd="N" LeaID="11533" ReshID="10714" SiteID="4115712" TransAmt="10.00" TransDate="2021-05-01" TransDesc="Resident Liability Compliance Fee (05/2021)" TransName="RESIDENTLIABILITYFEE" TransactionBatchID="1619538298925"/>
    <Transaction CatCode="C" FiscalPeriodEnd="N" LeaID="11644" ReshID="10737" SiteID="4115712" TransAmt="10.00" TransDate="2021-05-01" TransDesc="Resident Liability Compliance Fee (05/2021)" TransName="RESIDENTLIABILITYFEE" TransactionBatchID="1619538298926"/>
    <Transaction CatCode="C" FiscalPeriodEnd="N" LeaID="11779" ReshID="10831" SiteID="4115712" TransAmt="10.00" TransDate="2021-05-01" TransDesc="Resident Liability Compliance Fee (05/2021)" TransName="RESIDENTLIABILITYFEE" TransactionBatchID="1619538298927"/>
    <Transaction CatCode="C" FiscalPeriodEnd="N" LeaID="11784" ReshID="10833" SiteID="4115712" TransAmt="10.00" TransDate="2021-05-01" TransDesc="Resident Liability Compliance Fee (05/2021)" TransName="RESIDENTLIABILITYFEE" TransactionBatchID="1619538298928"/>
    <Transaction CatCode="C" FiscalPeriodEnd="N" LeaID="11780" ReshID="10834" SiteID="4115712" TransAmt="10.00" TransDate="2021-05-01" TransDesc="Resident Liability Compliance Fee (05/2021)" TransName="RESIDENTLIABILITYFEE" TransactionBatchID="1619538298929"/>
    <Transaction CatCode="C" FiscalPeriodEnd="N" LeaID="11500" ReshID="10856" SiteID="4115712" TransAmt="10.00" TransDate="2021-05-01" TransDesc="Resident Liability Compliance Fee (05/2021)" TransName="RESIDENTLIABILITYFEE" TransactionBatchID="1619538298930"/>
    <Transaction CatCode="C" FiscalPeriodEnd="N" LeaID="11601" ReshID="10873" SiteID="4115712" TransAmt="10.00" TransDate="2021-05-01" TransDesc="Resident Liability Compliance Fee (05/2021)" TransName="RESIDENTLIABILITYFEE" TransactionBatchID="1619538298931"/>
    <Transaction CatCode="C" FiscalPeriodEnd="N" LeaID="11562" ReshID="10876" SiteID="4115712" TransAmt="10.00" TransDate="2021-05-01" TransDesc="Resident Liability Compliance Fee (05/2021)" TransName="RESIDENTLIABILITYFEE" TransactionBatchID="1619538298932"/>
    <Transaction CatCode="C" FiscalPeriodEnd="N" LeaID="11574" ReshID="10890" SiteID="4115712" TransAmt="10.00" TransDate="2021-05-01" TransDesc="Resident Liability Compliance Fee (05/2021)" TransName="RESIDENTLIABILITYFEE" TransactionBatchID="1619538298933"/>
    <Transaction CatCode="C" FiscalPeriodEnd="N" LeaID="11530" ReshID="10896" SiteID="4115712" TransAmt="10.00" TransDate="2021-05-01" TransDesc="Resident Liability Compliance Fee (05/2021)" TransName="RESIDENTLIABILITYFEE" TransactionBatchID="1619538298934"/>
    <Transaction CatCode="C" FiscalPeriodEnd="N" LeaID="11557" ReshID="10898" SiteID="4115712" TransAmt="10.00" TransDate="2021-05-01" TransDesc="Resident Liability Compliance Fee (05/2021)" TransName="RESIDENTLIABILITYFEE" TransactionBatchID="1619538298935"/>
    <Transaction CatCode="C" FiscalPeriodEnd="N" LeaID="11593" ReshID="16" SiteID="4115712" TransAmt="10.00" TransDate="2021-05-01" TransDesc="Resident Liability Compliance Fee (05/2021)" TransName="RESIDENTLIABILITYFEE" TransactionBatchID="1619538298936"/>
    <Transaction CatCode="C" FiscalPeriodEnd="N" LeaID="11524" ReshID="10917" SiteID="4115712" TransAmt="10.00" TransDate="2021-05-01" TransDesc="Resident Liability Compliance Fee (05/2021)" TransName="RESIDENTLIABILITYFEE" TransactionBatchID="1619538298937"/>
    <Transaction CatCode="C" FiscalPeriodEnd="N" LeaID="11587" ReshID="10704" SiteID="4115712" TransAmt="10.00" TransDate="2021-05-01" TransDesc="Resident Liability Compliance Fee (05/2021)" TransName="RESIDENTLIABILITYFEE" TransactionBatchID="1619538298938"/>
    <Transaction CatCode="C" FiscalPeriodEnd="N" LeaID="11626" ReshID="10713" SiteID="4115712" TransAmt="10.00" TransDate="2021-05-01" TransDesc="Resident Liability Compliance Fee (05/2021)" TransName="RESIDENTLIABILITYFEE" TransactionBatchID="1619538298939"/>
    <Transaction CatCode="C" FiscalPeriodEnd="N" LeaID="11650" ReshID="10730" SiteID="4115712" TransAmt="10.00" TransDate="2021-05-01" TransDesc="Resident Liability Compliance Fee (05/2021)" TransName="RESIDENTLIABILITYFEE" TransactionBatchID="1619538298940"/>
    <Transaction CatCode="C" FiscalPeriodEnd="N" LeaID="11901" ReshID="10907" SiteID="4115712" TransAmt="10.00" TransDate="2021-05-01" TransDesc="Resident Liability Compliance Fee (05/2021)" TransName="RESIDENTLIABILITYFEE" TransactionBatchID="1619538298941"/>
    <Transaction CatCode="C" FiscalPeriodEnd="N" LeaID="11669" ReshID="10935" SiteID="4115712" TransAmt="10.00" TransDate="2021-05-01" TransDesc="Resident Liability Compliance Fee (05/2021)" TransName="RESIDENTLIABILITYFEE" TransactionBatchID="1619538298942"/>
    <Transaction CatCode="C" FiscalPeriodEnd="N" LeaID="11823" ReshID="10936" SiteID="4115712" TransAmt="10.00" TransDate="2021-05-01" TransDesc="Resident Liability Compliance Fee (05/2021)" TransName="RESIDENTLIABILITYFEE" TransactionBatchID="1619538298943"/>
    <Transaction CatCode="C" FiscalPeriodEnd="N" LeaID="11744" ReshID="10777" SiteID="4115712" TransAmt="10.00" TransDate="2021-05-01" TransDesc="Resident Liability Compliance Fee (05/2021)" TransName="RESIDENTLIABILITYFEE" TransactionBatchID="1619538298944"/>
    <Transaction CatCode="C" FiscalPeriodEnd="N" LeaID="11712" ReshID="10982" SiteID="4115712" TransAmt="10.00" TransDate="2021-05-01" TransDesc="Resident Liability Compliance Fee (05/2021)" TransName="RESIDENTLIABILITYFEE" TransactionBatchID="1619538298945"/>
    <Transaction CatCode="C" FiscalPeriodEnd="N" LeaID="11486" ReshID="11003" SiteID="4115712" TransAmt="10.00" TransDate="2021-05-01" TransDesc="Resident Liability Compliance Fee (05/2021)" TransName="RESIDENTLIABILITYFEE" TransactionBatchID="1619538298946"/>
    <Transaction CatCode="C" FiscalPeriodEnd="N" LeaID="11689" ReshID="10985" SiteID="4115712" TransAmt="10.00" TransDate="2021-05-01" TransDesc="Resident Liability Compliance Fee (05/2021)" TransName="RESIDENTLIABILITYFEE" TransactionBatchID="1619538298947"/>
    <Transaction CatCode="C" FiscalPeriodEnd="N" LeaID="11746" ReshID="11013" SiteID="4115712" TransAmt="10.00" TransDate="2021-05-01" TransDesc="Resident Liability Compliance Fee (05/2021)" TransName="RESIDENTLIABILITYFEE" TransactionBatchID="1619538298948"/>
    <Transaction CatCode="C" FiscalPeriodEnd="N" LeaID="11775" ReshID="10987" SiteID="4115712" TransAmt="10.00" TransDate="2021-05-01" TransDesc="Resident Liability Compliance Fee (05/2021)" TransName="RESIDENTLIABILITYFEE" TransactionBatchID="1619538298949"/>
    <Transaction CatCode="C" FiscalPeriodEnd="N" LeaID="11772" ReshID="11011" SiteID="4115712" TransAmt="10.00" TransDate="2021-05-01" TransDesc="Resident Liability Compliance Fee (05/2021)" TransName="RESIDENTLIABILITYFEE" TransactionBatchID="1619538298950"/>
    <Transaction CatCode="C" FiscalPeriodEnd="N" LeaID="11782" ReshID="10962" SiteID="4115712" TransAmt="10.00" TransDate="2021-05-01" TransDesc="Resident Liability Compliance Fee (05/2021)" TransName="RESIDENTLIABILITYFEE" TransactionBatchID="1619538298951"/>
    <Transaction CatCode="C" FiscalPeriodEnd="N" LeaID="11806" ReshID="11017" SiteID="4115712" TransAmt="10.00" TransDate="2021-05-01" TransDesc="Resident Liability Compliance Fee (05/2021)" TransName="RESIDENTLIABILITYFEE" TransactionBatchID="1619538298952"/>
    <Transaction CatCode="C" FiscalPeriodEnd="N" LeaID="11799" ReshID="11031" SiteID="4115712" TransAmt="10.00" TransDate="2021-05-01" TransDesc="Resident Liability Compliance Fee (05/2021)" TransName="RESIDENTLIABILITYFEE" TransactionBatchID="1619538298953"/>
    <Transaction CatCode="C" FiscalPeriodEnd="N" LeaID="11819" ReshID="11024" SiteID="4115712" TransAmt="10.00" TransDate="2021-05-01" TransDesc="Resident Liability Compliance Fee (05/2021)" TransName="RESIDENTLIABILITYFEE" TransactionBatchID="1619538298954"/>
    <Transaction CatCode="C" FiscalPeriodEnd="N" LeaID="11687" ReshID="11048" SiteID="4115712" TransAmt="10.00" TransDate="2021-05-01" TransDesc="Resident Liability Compliance Fee (05/2021)" TransName="RESIDENTLIABILITYFEE" TransactionBatchID="1619538298955"/>
    <Transaction CatCode="C" FiscalPeriodEnd="N" LeaID="11867" ReshID="11041" SiteID="4115712" TransAmt="10.00" TransDate="2021-05-01" TransDesc="Resident Liability Compliance Fee (05/2021)" TransName="RESIDENTLIABILITYFEE" TransactionBatchID="1619538298956"/>
    <Transaction CatCode="C" FiscalPeriodEnd="N" LeaID="11838" ReshID="11045" SiteID="4115712" TransAmt="10.00" TransDate="2021-05-01" TransDesc="Resident Liability Compliance Fee (05/2021)" TransName="RESIDENTLIABILITYFEE" TransactionBatchID="1619538298957"/>
    <Transaction CatCode="C" FiscalPeriodEnd="N" LeaID="11851" ReshID="11073" SiteID="4115712" TransAmt="10.00" TransDate="2021-05-01" TransDesc="Resident Liability Compliance Fee (05/2021)" TransName="RESIDENTLIABILITYFEE" TransactionBatchID="1619538298958"/>
    <Transaction CatCode="C" FiscalPeriodEnd="N" LeaID="11794" ReshID="10885" SiteID="4115712" TransAmt="10.00" TransDate="2021-05-01" TransDesc="Resident Liability Compliance Fee (05/2021)" TransName="RESIDENTLIABILITYFEE" TransactionBatchID="1619538298959"/>
    <Transaction CatCode="C" FiscalPeriodEnd="N" LeaID="11822" ReshID="11076" SiteID="4115712" TransAmt="10.00" TransDate="2021-05-01" TransDesc="Resident Liability Compliance Fee (05/2021)" TransName="RESIDENTLIABILITYFEE" TransactionBatchID="1619538298960"/>
    <Transaction CatCode="C" FiscalPeriodEnd="N" LeaID="11637" ReshID="11087" SiteID="4115712" TransAmt="10.00" TransDate="2021-05-01" TransDesc="Resident Liability Compliance Fee (05/2021)" TransName="RESIDENTLIABILITYFEE" TransactionBatchID="1619538298961"/>
    <Transaction CatCode="C" FiscalPeriodEnd="N" LeaID="11718" ReshID="11121" SiteID="4115712" TransAmt="10.00" TransDate="2021-05-01" TransDesc="Resident Liability Compliance Fee (05/2021)" TransName="RESIDENTLIABILITYFEE" TransactionBatchID="1619538298962"/>
    <Transaction CatCode="C" FiscalPeriodEnd="N" LeaID="11730" ReshID="11126" SiteID="4115712" TransAmt="10.00" TransDate="2021-05-01" TransDesc="Resident Liability Compliance Fee (05/2021)" TransName="RESIDENTLIABILITYFEE" TransactionBatchID="1619538298963"/>
    <Transaction CatCode="C" FiscalPeriodEnd="N" LeaID="11711" ReshID="11118" SiteID="4115712" TransAmt="10.00" TransDate="2021-05-01" TransDesc="Resident Liability Compliance Fee (05/2021)" TransName="RESIDENTLIABILITYFEE" TransactionBatchID="1619538298964"/>
    <Transaction CatCode="C" FiscalPeriodEnd="N" LeaID="11705" ReshID="11114" SiteID="4115712" TransAmt="10.00" TransDate="2021-05-01" TransDesc="Resident Liability Compliance Fee (05/2021)" TransName="RESIDENTLIABILITYFEE" TransactionBatchID="1619538298965"/>
    <Transaction CatCode="C" FiscalPeriodEnd="N" LeaID="11732" ReshID="11128" SiteID="4115712" TransAmt="10.00" TransDate="2021-05-01" TransDesc="Resident Liability Compliance Fee (05/2021)" TransName="RESIDENTLIABILITYFEE" TransactionBatchID="1619538298966"/>
    <Transaction CatCode="C" FiscalPeriodEnd="N" LeaID="11749" ReshID="11131" SiteID="4115712" TransAmt="10.00" TransDate="2021-05-01" TransDesc="Resident Liability Compliance Fee (05/2021)" TransName="RESIDENTLIABILITYFEE" TransactionBatchID="1619538298967"/>
    <Transaction CatCode="C" FiscalPeriodEnd="N" LeaID="11766" ReshID="11137" SiteID="4115712" TransAmt="10.00" TransDate="2021-05-01" TransDesc="Resident Liability Compliance Fee (05/2021)" TransName="RESIDENTLIABILITYFEE" TransactionBatchID="1619538298968"/>
    <Transaction CatCode="C" FiscalPeriodEnd="N" LeaID="11792" ReshID="11152" SiteID="4115712" TransAmt="10.00" TransDate="2021-05-01" TransDesc="Resident Liability Compliance Fee (05/2021)" TransName="RESIDENTLIABILITYFEE" TransactionBatchID="1619538298969"/>
    <Transaction CatCode="C" FiscalPeriodEnd="N" LeaID="11797" ReshID="11154" SiteID="4115712" TransAmt="10.00" TransDate="2021-05-01" TransDesc="Resident Liability Compliance Fee (05/2021)" TransName="RESIDENTLIABILITYFEE" TransactionBatchID="1619538298970"/>
    <Transaction CatCode="C" FiscalPeriodEnd="N" LeaID="11807" ReshID="11161" SiteID="4115712" TransAmt="10.00" TransDate="2021-05-01" TransDesc="Resident Liability Compliance Fee (05/2021)" TransName="RESIDENTLIABILITYFEE" TransactionBatchID="1619538298971"/>
    <Transaction CatCode="C" FiscalPeriodEnd="N" LeaID="11865" ReshID="11188" SiteID="4115712" TransAmt="10.00" TransDate="2021-05-01" TransDesc="Resident Liability Compliance Fee (05/2021)" TransName="RESIDENTLIABILITYFEE" TransactionBatchID="1619538298972"/>
    <Transaction CatCode="C" FiscalPeriodEnd="N" LeaID="11857" ReshID="10943" SiteID="4115712" TransAmt="10.00" TransDate="2021-05-01" TransDesc="Resident Liability Compliance Fee (05/2021)" TransName="RESIDENTLIABILITYFEE" TransactionBatchID="1619538298973"/>
    <Transaction CatCode="C" FiscalPeriodEnd="N" LeaID="11826" ReshID="11171" SiteID="4115712" TransAmt="10.00" TransDate="2021-05-01" TransDesc="Resident Liability Compliance Fee (05/2021)" TransName="RESIDENTLIABILITYFEE" TransactionBatchID="1619538298974"/>
    <Transaction CatCode="C" FiscalPeriodEnd="N" LeaID="11832" ReshID="11177" SiteID="4115712" TransAmt="10.00" TransDate="2021-05-01" TransDesc="Resident Liability Compliance Fee (05/2021)" TransName="RESIDENTLIABILITYFEE" TransactionBatchID="1619538298975"/>
    <Transaction CatCode="C" FiscalPeriodEnd="N" LeaID="11877" ReshID="11197" SiteID="4115712" TransAmt="10.00" TransDate="2021-05-01" TransDesc="Resident Liability Compliance Fee (05/2021)" TransName="RESIDENTLIABILITYFEE" TransactionBatchID="1619538298976"/>
    <Transaction CatCode="C" FiscalPeriodEnd="N" LeaID="11890" ReshID="11211" SiteID="4115712" TransAmt="10.00" TransDate="2021-05-01" TransDesc="Resident Liability Compliance Fee (05/2021)" TransName="RESIDENTLIABILITYFEE" TransactionBatchID="1619538298977"/>
    <Transaction CatCode="C" FiscalPeriodEnd="N" LeaID="11825" ReshID="11170" SiteID="4115712" TransAmt="10.00" TransDate="2021-05-01" TransDesc="Resident Liability Compliance Fee (05/2021)" TransName="RESIDENTLIABILITYFEE" TransactionBatchID="1619538298978"/>
    <Transaction CatCode="C" FiscalPeriodEnd="N" LeaID="11827" ReshID="11172" SiteID="4115712" TransAmt="10.00" TransDate="2021-05-01" TransDesc="Resident Liability Compliance Fee (05/2021)" TransName="RESIDENTLIABILITYFEE" TransactionBatchID="1619538298979"/>
    <Transaction CatCode="C" FiscalPeriodEnd="N" LeaID="11828" ReshID="11173" SiteID="4115712" TransAmt="10.00" TransDate="2021-05-01" TransDesc="Resident Liability Compliance Fee (05/2021)" TransName="RESIDENTLIABILITYFEE" TransactionBatchID="1619538298980"/>
    <Transaction CatCode="C" FiscalPeriodEnd="N" LeaID="11829" ReshID="11174" SiteID="4115712" TransAmt="10.00" TransDate="2021-05-01" TransDesc="Resident Liability Compliance Fee (05/2021)" TransName="RESIDENTLIABILITYFEE" TransactionBatchID="1619538298981"/>
    <Transaction CatCode="C" FiscalPeriodEnd="N" LeaID="11830" ReshID="11175" SiteID="4115712" TransAmt="10.00" TransDate="2021-05-01" TransDesc="Resident Liability Compliance Fee (05/2021)" TransName="RESIDENTLIABILITYFEE" TransactionBatchID="1619538298982"/>
    <Transaction CatCode="C" FiscalPeriodEnd="N" LeaID="11884" ReshID="11200" SiteID="4115712" TransAmt="10.00" TransDate="2021-05-01" TransDesc="Resident Liability Compliance Fee (05/2021)" TransName="RESIDENTLIABILITYFEE" TransactionBatchID="1619538298983"/>
    <Transaction CatCode="C" FiscalPeriodEnd="N" LeaID="11889" ReshID="11210" SiteID="4115712" TransAmt="10.00" TransDate="2021-05-01" TransDesc="Resident Liability Compliance Fee (05/2021)" TransName="RESIDENTLIABILITYFEE" TransactionBatchID="1619538298984"/>
    <Transaction CatCode="C" FiscalPeriodEnd="N" LeaID="11918" ReshID="11228" SiteID="4115712" TransAmt="10.00" TransDate="2021-05-01" TransDesc="Resident Liability Compliance Fee (05/2021)" TransName="RESIDENTLIABILITYFEE" TransactionBatchID="1619538298985"/>
    <Transaction CatCode="C" FiscalPeriodEnd="N" LeaID="11892" ReshID="11213" SiteID="4115712" TransAmt="10.00" TransDate="2021-05-01" TransDesc="Resident Liability Compliance Fee (05/2021)" TransName="RESIDENTLIABILITYFEE" TransactionBatchID="1619538298986"/>
    <Transaction CatCode="C" FiscalPeriodEnd="N" LeaID="11886" ReshID="11204" SiteID="4115712" TransAmt="10.00" TransDate="2021-05-01" TransDesc="Resident Liability Compliance Fee (05/2021)" TransName="RESIDENTLIABILITYFEE" TransactionBatchID="1619538298987"/>
    <Transaction CatCode="C" FiscalPeriodEnd="N" LeaID="11891" ReshID="11212" SiteID="4115712" TransAmt="10.00" TransDate="2021-05-01" TransDesc="Resident Liability Compliance Fee (05/2021)" TransName="RESIDENTLIABILITYFEE" TransactionBatchID="1619538298988"/>
    <Transaction CatCode="C" FiscalPeriodEnd="N" LeaID="11866" ReshID="11189" SiteID="4115712" TransAmt="10.00" TransDate="2021-05-01" TransDesc="Resident Liability Compliance Fee (05/2021)" TransName="RESIDENTLIABILITYFEE" TransactionBatchID="1619538298989"/>
</TransactionList>
