<TransactionList>
    <Validation>
        <Audit Count="84" Node="Transaction" Sum="840.00"/>
    </Validation>
    <Transaction CatCode="C" FiscalPeriodEnd="N" LeaID="41337" ReshID="18" SiteID="4115711" TransAmt="10.00" TransDate="2021-05-01" TransDesc="Resident Liability Compliance Fee (05/2021)" TransName="RESIDENTLIABILITYFEE" TransactionBatchID="1619538298777"/>
    <Transaction CatCode="C" FiscalPeriodEnd="N" LeaID="41333" ReshID="30" SiteID="4115711" TransAmt="10.00" TransDate="2021-05-01" TransDesc="Resident Liability Compliance Fee (05/2021)" TransName="RESIDENTLIABILITYFEE" TransactionBatchID="1619538298778"/>
    <Transaction CatCode="C" FiscalPeriodEnd="N" LeaID="41316" ReshID="33" SiteID="4115711" TransAmt="10.00" TransDate="2021-05-01" TransDesc="Resident Liability Compliance Fee (05/2021)" TransName="RESIDENTLIABILITYFEE" TransactionBatchID="1619538298779"/>
    <Transaction CatCode="C" FiscalPeriodEnd="N" LeaID="41391" ReshID="48" SiteID="4115711" TransAmt="10.00" TransDate="2021-05-01" TransDesc="Resident Liability Compliance Fee (05/2021)" TransName="RESIDENTLIABILITYFEE" TransactionBatchID="1619538298780"/>
    <Transaction CatCode="C" FiscalPeriodEnd="N" LeaID="41272" ReshID="52" SiteID="4115711" TransAmt="10.00" TransDate="2021-05-01" TransDesc="Resident Liability Compliance Fee (05/2021)" TransName="RESIDENTLIABILITYFEE" TransactionBatchID="1619538298781"/>
    <Transaction CatCode="C" FiscalPeriodEnd="N" LeaID="41313" ReshID="56" SiteID="4115711" TransAmt="10.00" TransDate="2021-05-01" TransDesc="Resident Liability Compliance Fee (05/2021)" TransName="RESIDENTLIABILITYFEE" TransactionBatchID="1619538298782"/>
    <Transaction CatCode="C" FiscalPeriodEnd="N" LeaID="41318" ReshID="66" SiteID="4115711" TransAmt="10.00" TransDate="2021-05-01" TransDesc="Resident Liability Compliance Fee (05/2021)" TransName="RESIDENTLIABILITYFEE" TransactionBatchID="1619538298783"/>
    <Transaction CatCode="C" FiscalPeriodEnd="N" LeaID="41192" ReshID="72" SiteID="4115711" TransAmt="10.00" TransDate="2021-05-01" TransDesc="Resident Liability Compliance Fee (05/2021)" TransName="RESIDENTLIABILITYFEE" TransactionBatchID="1619538298784"/>
    <Transaction CatCode="C" FiscalPeriodEnd="N" LeaID="41229" ReshID="127" SiteID="4115711" TransAmt="10.00" TransDate="2021-05-01" TransDesc="Resident Liability Compliance Fee (05/2021)" TransName="RESIDENTLIABILITYFEE" TransactionBatchID="1619538298785"/>
    <Transaction CatCode="C" FiscalPeriodEnd="N" LeaID="30977" ReshID="224" SiteID="4115711" TransAmt="10.00" TransDate="2021-05-01" TransDesc="Resident Liability Compliance Fee (05/2021)" TransName="RESIDENTLIABILITYFEE" TransactionBatchID="1619538298786"/>
    <Transaction CatCode="C" FiscalPeriodEnd="N" LeaID="41275" ReshID="239" SiteID="4115711" TransAmt="10.00" TransDate="2021-05-01" TransDesc="Resident Liability Compliance Fee (05/2021)" TransName="RESIDENTLIABILITYFEE" TransactionBatchID="1619538298787"/>
    <Transaction CatCode="C" FiscalPeriodEnd="N" LeaID="41343" ReshID="266" SiteID="4115711" TransAmt="10.00" TransDate="2021-05-01" TransDesc="Resident Liability Compliance Fee (05/2021)" TransName="RESIDENTLIABILITYFEE" TransactionBatchID="1619538298788"/>
    <Transaction CatCode="C" FiscalPeriodEnd="N" LeaID="41398" ReshID="351" SiteID="4115711" TransAmt="10.00" TransDate="2021-05-01" TransDesc="Resident Liability Compliance Fee (05/2021)" TransName="RESIDENTLIABILITYFEE" TransactionBatchID="1619538298789"/>
    <Transaction CatCode="C" FiscalPeriodEnd="N" LeaID="41257" ReshID="366" SiteID="4115711" TransAmt="10.00" TransDate="2021-05-01" TransDesc="Resident Liability Compliance Fee (05/2021)" TransName="RESIDENTLIABILITYFEE" TransactionBatchID="1619538298790"/>
    <Transaction CatCode="C" FiscalPeriodEnd="N" LeaID="41189" ReshID="378" SiteID="4115711" TransAmt="10.00" TransDate="2021-05-01" TransDesc="Resident Liability Compliance Fee (05/2021)" TransName="RESIDENTLIABILITYFEE" TransactionBatchID="1619538298791"/>
    <Transaction CatCode="C" FiscalPeriodEnd="N" LeaID="41306" ReshID="433" SiteID="4115711" TransAmt="10.00" TransDate="2021-05-01" TransDesc="Resident Liability Compliance Fee (05/2021)" TransName="RESIDENTLIABILITYFEE" TransactionBatchID="1619538298792"/>
    <Transaction CatCode="C" FiscalPeriodEnd="N" LeaID="41296" ReshID="438" SiteID="4115711" TransAmt="10.00" TransDate="2021-05-01" TransDesc="Resident Liability Compliance Fee (05/2021)" TransName="RESIDENTLIABILITYFEE" TransactionBatchID="1619538298793"/>
    <Transaction CatCode="C" FiscalPeriodEnd="N" LeaID="41412" ReshID="481" SiteID="4115711" TransAmt="10.00" TransDate="2021-05-01" TransDesc="Resident Liability Compliance Fee (05/2021)" TransName="RESIDENTLIABILITYFEE" TransactionBatchID="1619538298794"/>
    <Transaction CatCode="C" FiscalPeriodEnd="N" LeaID="41393" ReshID="10487" SiteID="4115711" TransAmt="10.00" TransDate="2021-05-01" TransDesc="Resident Liability Compliance Fee (05/2021)" TransName="RESIDENTLIABILITYFEE" TransactionBatchID="1619538298795"/>
    <Transaction CatCode="C" FiscalPeriodEnd="N" LeaID="41404" ReshID="10489" SiteID="4115711" TransAmt="10.00" TransDate="2021-05-01" TransDesc="Resident Liability Compliance Fee (05/2021)" TransName="RESIDENTLIABILITYFEE" TransactionBatchID="1619538298796"/>
    <Transaction CatCode="C" FiscalPeriodEnd="N" LeaID="41166" ReshID="10492" SiteID="4115711" TransAmt="10.00" TransDate="2021-05-01" TransDesc="Resident Liability Compliance Fee (05/2021)" TransName="RESIDENTLIABILITYFEE" TransactionBatchID="1619538298797"/>
    <Transaction CatCode="C" FiscalPeriodEnd="N" LeaID="41447" ReshID="10500" SiteID="4115711" TransAmt="10.00" TransDate="2021-05-01" TransDesc="Resident Liability Compliance Fee (05/2021)" TransName="RESIDENTLIABILITYFEE" TransactionBatchID="1619538298798"/>
    <Transaction CatCode="C" FiscalPeriodEnd="N" LeaID="41417" ReshID="10506" SiteID="4115711" TransAmt="10.00" TransDate="2021-05-01" TransDesc="Resident Liability Compliance Fee (05/2021)" TransName="RESIDENTLIABILITYFEE" TransactionBatchID="1619538298799"/>
    <Transaction CatCode="C" FiscalPeriodEnd="N" LeaID="41186" ReshID="10513" SiteID="4115711" TransAmt="10.00" TransDate="2021-05-01" TransDesc="Resident Liability Compliance Fee (05/2021)" TransName="RESIDENTLIABILITYFEE" TransactionBatchID="1619538298800"/>
    <Transaction CatCode="C" FiscalPeriodEnd="N" LeaID="41199" ReshID="10526" SiteID="4115711" TransAmt="10.00" TransDate="2021-05-01" TransDesc="Resident Liability Compliance Fee (05/2021)" TransName="RESIDENTLIABILITYFEE" TransactionBatchID="1619538298801"/>
    <Transaction CatCode="C" FiscalPeriodEnd="N" LeaID="41280" ReshID="10533" SiteID="4115711" TransAmt="10.00" TransDate="2021-05-01" TransDesc="Resident Liability Compliance Fee (05/2021)" TransName="RESIDENTLIABILITYFEE" TransactionBatchID="1619538298802"/>
    <Transaction CatCode="C" FiscalPeriodEnd="N" LeaID="41445" ReshID="10535" SiteID="4115711" TransAmt="10.00" TransDate="2021-05-01" TransDesc="Resident Liability Compliance Fee (05/2021)" TransName="RESIDENTLIABILITYFEE" TransactionBatchID="1619538298803"/>
    <Transaction CatCode="C" FiscalPeriodEnd="N" LeaID="41284" ReshID="10573" SiteID="4115711" TransAmt="10.00" TransDate="2021-05-01" TransDesc="Resident Liability Compliance Fee (05/2021)" TransName="RESIDENTLIABILITYFEE" TransactionBatchID="1619538298804"/>
    <Transaction CatCode="C" FiscalPeriodEnd="N" LeaID="41360" ReshID="10576" SiteID="4115711" TransAmt="10.00" TransDate="2021-05-01" TransDesc="Resident Liability Compliance Fee (05/2021)" TransName="RESIDENTLIABILITYFEE" TransactionBatchID="1619538298805"/>
    <Transaction CatCode="C" FiscalPeriodEnd="N" LeaID="41330" ReshID="10583" SiteID="4115711" TransAmt="10.00" TransDate="2021-05-01" TransDesc="Resident Liability Compliance Fee (05/2021)" TransName="RESIDENTLIABILITYFEE" TransactionBatchID="1619538298806"/>
    <Transaction CatCode="C" FiscalPeriodEnd="N" LeaID="41359" ReshID="10602" SiteID="4115711" TransAmt="10.00" TransDate="2021-05-01" TransDesc="Resident Liability Compliance Fee (05/2021)" TransName="RESIDENTLIABILITYFEE" TransactionBatchID="1619538298807"/>
    <Transaction CatCode="C" FiscalPeriodEnd="N" LeaID="41353" ReshID="10619" SiteID="4115711" TransAmt="10.00" TransDate="2021-05-01" TransDesc="Resident Liability Compliance Fee (05/2021)" TransName="RESIDENTLIABILITYFEE" TransactionBatchID="1619538298808"/>
    <Transaction CatCode="C" FiscalPeriodEnd="N" LeaID="41407" ReshID="10622" SiteID="4115711" TransAmt="10.00" TransDate="2021-05-01" TransDesc="Resident Liability Compliance Fee (05/2021)" TransName="RESIDENTLIABILITYFEE" TransactionBatchID="1619538298809"/>
    <Transaction CatCode="C" FiscalPeriodEnd="N" LeaID="41184" ReshID="10623" SiteID="4115711" TransAmt="10.00" TransDate="2021-05-01" TransDesc="Resident Liability Compliance Fee (05/2021)" TransName="RESIDENTLIABILITYFEE" TransactionBatchID="1619538298810"/>
    <Transaction CatCode="C" FiscalPeriodEnd="N" LeaID="41363" ReshID="10640" SiteID="4115711" TransAmt="10.00" TransDate="2021-05-01" TransDesc="Resident Liability Compliance Fee (05/2021)" TransName="RESIDENTLIABILITYFEE" TransactionBatchID="1619538298811"/>
    <Transaction CatCode="C" FiscalPeriodEnd="N" LeaID="41200" ReshID="10651" SiteID="4115711" TransAmt="10.00" TransDate="2021-05-01" TransDesc="Resident Liability Compliance Fee (05/2021)" TransName="RESIDENTLIABILITYFEE" TransactionBatchID="1619538298812"/>
    <Transaction CatCode="C" FiscalPeriodEnd="N" LeaID="41236" ReshID="199" SiteID="4115711" TransAmt="10.00" TransDate="2021-05-01" TransDesc="Resident Liability Compliance Fee (05/2021)" TransName="RESIDENTLIABILITYFEE" TransactionBatchID="1619538298813"/>
    <Transaction CatCode="C" FiscalPeriodEnd="N" LeaID="41191" ReshID="10657" SiteID="4115711" TransAmt="10.00" TransDate="2021-05-01" TransDesc="Resident Liability Compliance Fee (05/2021)" TransName="RESIDENTLIABILITYFEE" TransactionBatchID="1619538298814"/>
    <Transaction CatCode="C" FiscalPeriodEnd="N" LeaID="41210" ReshID="10648" SiteID="4115711" TransAmt="10.00" TransDate="2021-05-01" TransDesc="Resident Liability Compliance Fee (05/2021)" TransName="RESIDENTLIABILITYFEE" TransactionBatchID="1619538298815"/>
    <Transaction CatCode="C" FiscalPeriodEnd="N" LeaID="41203" ReshID="388" SiteID="4115711" TransAmt="10.00" TransDate="2021-05-01" TransDesc="Resident Liability Compliance Fee (05/2021)" TransName="RESIDENTLIABILITYFEE" TransactionBatchID="1619538298816"/>
    <Transaction CatCode="C" FiscalPeriodEnd="N" LeaID="41234" ReshID="10661" SiteID="4115711" TransAmt="10.00" TransDate="2021-05-01" TransDesc="Resident Liability Compliance Fee (05/2021)" TransName="RESIDENTLIABILITYFEE" TransactionBatchID="1619538298817"/>
    <Transaction CatCode="C" FiscalPeriodEnd="N" LeaID="41211" ReshID="10671" SiteID="4115711" TransAmt="10.00" TransDate="2021-05-01" TransDesc="Resident Liability Compliance Fee (05/2021)" TransName="RESIDENTLIABILITYFEE" TransactionBatchID="1619538298818"/>
    <Transaction CatCode="C" FiscalPeriodEnd="N" LeaID="41228" ReshID="10690" SiteID="4115711" TransAmt="10.00" TransDate="2021-05-01" TransDesc="Resident Liability Compliance Fee (05/2021)" TransName="RESIDENTLIABILITYFEE" TransactionBatchID="1619538298819"/>
    <Transaction CatCode="C" FiscalPeriodEnd="N" LeaID="41173" ReshID="10706" SiteID="4115711" TransAmt="10.00" TransDate="2021-05-01" TransDesc="Resident Liability Compliance Fee (05/2021)" TransName="RESIDENTLIABILITYFEE" TransactionBatchID="1619538298820"/>
    <Transaction CatCode="C" FiscalPeriodEnd="N" LeaID="41265" ReshID="10491" SiteID="4115711" TransAmt="10.00" TransDate="2021-05-01" TransDesc="Resident Liability Compliance Fee (05/2021)" TransName="RESIDENTLIABILITYFEE" TransactionBatchID="1619538298821"/>
    <Transaction CatCode="C" FiscalPeriodEnd="N" LeaID="41285" ReshID="10693" SiteID="4115711" TransAmt="10.00" TransDate="2021-05-01" TransDesc="Resident Liability Compliance Fee (05/2021)" TransName="RESIDENTLIABILITYFEE" TransactionBatchID="1619538298822"/>
    <Transaction CatCode="C" FiscalPeriodEnd="N" LeaID="41292" ReshID="10720" SiteID="4115711" TransAmt="10.00" TransDate="2021-05-01" TransDesc="Resident Liability Compliance Fee (05/2021)" TransName="RESIDENTLIABILITYFEE" TransactionBatchID="1619538298823"/>
    <Transaction CatCode="C" FiscalPeriodEnd="N" LeaID="41286" ReshID="10716" SiteID="4115711" TransAmt="10.00" TransDate="2021-05-01" TransDesc="Resident Liability Compliance Fee (05/2021)" TransName="RESIDENTLIABILITYFEE" TransactionBatchID="1619538298824"/>
    <Transaction CatCode="C" FiscalPeriodEnd="N" LeaID="41283" ReshID="10725" SiteID="4115711" TransAmt="10.00" TransDate="2021-05-01" TransDesc="Resident Liability Compliance Fee (05/2021)" TransName="RESIDENTLIABILITYFEE" TransactionBatchID="1619538298825"/>
    <Transaction CatCode="C" FiscalPeriodEnd="N" LeaID="41302" ReshID="10728" SiteID="4115711" TransAmt="10.00" TransDate="2021-05-01" TransDesc="Resident Liability Compliance Fee (05/2021)" TransName="RESIDENTLIABILITYFEE" TransactionBatchID="1619538298826"/>
    <Transaction CatCode="C" FiscalPeriodEnd="N" LeaID="41271" ReshID="10709" SiteID="4115711" TransAmt="10.00" TransDate="2021-05-01" TransDesc="Resident Liability Compliance Fee (05/2021)" TransName="RESIDENTLIABILITYFEE" TransactionBatchID="1619538298827"/>
    <Transaction CatCode="C" FiscalPeriodEnd="N" LeaID="41224" ReshID="10729" SiteID="4115711" TransAmt="10.00" TransDate="2021-05-01" TransDesc="Resident Liability Compliance Fee (05/2021)" TransName="RESIDENTLIABILITYFEE" TransactionBatchID="1619538298828"/>
    <Transaction CatCode="C" FiscalPeriodEnd="N" LeaID="41387" ReshID="10754" SiteID="4115711" TransAmt="10.00" TransDate="2021-05-01" TransDesc="Resident Liability Compliance Fee (05/2021)" TransName="RESIDENTLIABILITYFEE" TransactionBatchID="1619538298829"/>
    <Transaction CatCode="C" FiscalPeriodEnd="N" LeaID="41371" ReshID="10771" SiteID="4115711" TransAmt="10.00" TransDate="2021-05-01" TransDesc="Resident Liability Compliance Fee (05/2021)" TransName="RESIDENTLIABILITYFEE" TransactionBatchID="1619538298830"/>
    <Transaction CatCode="C" FiscalPeriodEnd="N" LeaID="41323" ReshID="10778" SiteID="4115711" TransAmt="10.00" TransDate="2021-05-01" TransDesc="Resident Liability Compliance Fee (05/2021)" TransName="RESIDENTLIABILITYFEE" TransactionBatchID="1619538298831"/>
    <Transaction CatCode="C" FiscalPeriodEnd="N" LeaID="41402" ReshID="10787" SiteID="4115711" TransAmt="10.00" TransDate="2021-05-01" TransDesc="Resident Liability Compliance Fee (05/2021)" TransName="RESIDENTLIABILITYFEE" TransactionBatchID="1619538298832"/>
    <Transaction CatCode="C" FiscalPeriodEnd="N" LeaID="41235" ReshID="10805" SiteID="4115711" TransAmt="10.00" TransDate="2021-05-01" TransDesc="Resident Liability Compliance Fee (05/2021)" TransName="RESIDENTLIABILITYFEE" TransactionBatchID="1619538298833"/>
    <Transaction CatCode="C" FiscalPeriodEnd="N" LeaID="41255" ReshID="10818" SiteID="4115711" TransAmt="10.00" TransDate="2021-05-01" TransDesc="Resident Liability Compliance Fee (05/2021)" TransName="RESIDENTLIABILITYFEE" TransactionBatchID="1619538298834"/>
    <Transaction CatCode="C" FiscalPeriodEnd="N" LeaID="41250" ReshID="10815" SiteID="4115711" TransAmt="10.00" TransDate="2021-05-01" TransDesc="Resident Liability Compliance Fee (05/2021)" TransName="RESIDENTLIABILITYFEE" TransactionBatchID="1619538298835"/>
    <Transaction CatCode="C" FiscalPeriodEnd="N" LeaID="41231" ReshID="10803" SiteID="4115711" TransAmt="10.00" TransDate="2021-05-01" TransDesc="Resident Liability Compliance Fee (05/2021)" TransName="RESIDENTLIABILITYFEE" TransactionBatchID="1619538298836"/>
    <Transaction CatCode="C" FiscalPeriodEnd="N" LeaID="41264" ReshID="10825" SiteID="4115711" TransAmt="10.00" TransDate="2021-05-01" TransDesc="Resident Liability Compliance Fee (05/2021)" TransName="RESIDENTLIABILITYFEE" TransactionBatchID="1619538298837"/>
    <Transaction CatCode="C" FiscalPeriodEnd="N" LeaID="41195" ReshID="10793" SiteID="4115711" TransAmt="10.00" TransDate="2021-05-01" TransDesc="Resident Liability Compliance Fee (05/2021)" TransName="RESIDENTLIABILITYFEE" TransactionBatchID="1619538298838"/>
    <Transaction CatCode="C" FiscalPeriodEnd="N" LeaID="41277" ReshID="10829" SiteID="4115711" TransAmt="10.00" TransDate="2021-05-01" TransDesc="Resident Liability Compliance Fee (05/2021)" TransName="RESIDENTLIABILITYFEE" TransactionBatchID="1619538298839"/>
    <Transaction CatCode="C" FiscalPeriodEnd="N" LeaID="41397" ReshID="10826" SiteID="4115711" TransAmt="10.00" TransDate="2021-05-01" TransDesc="Resident Liability Compliance Fee (05/2021)" TransName="RESIDENTLIABILITYFEE" TransactionBatchID="1619538298840"/>
    <Transaction CatCode="C" FiscalPeriodEnd="N" LeaID="41259" ReshID="10820" SiteID="4115711" TransAmt="10.00" TransDate="2021-05-01" TransDesc="Resident Liability Compliance Fee (05/2021)" TransName="RESIDENTLIABILITYFEE" TransactionBatchID="1619538298841"/>
    <Transaction CatCode="C" FiscalPeriodEnd="N" LeaID="41344" ReshID="10864" SiteID="4115711" TransAmt="10.00" TransDate="2021-05-01" TransDesc="Resident Liability Compliance Fee (05/2021)" TransName="RESIDENTLIABILITYFEE" TransactionBatchID="1619538298842"/>
    <Transaction CatCode="C" FiscalPeriodEnd="N" LeaID="41354" ReshID="10874" SiteID="4115711" TransAmt="10.00" TransDate="2021-05-01" TransDesc="Resident Liability Compliance Fee (05/2021)" TransName="RESIDENTLIABILITYFEE" TransactionBatchID="1619538298843"/>
    <Transaction CatCode="C" FiscalPeriodEnd="N" LeaID="41350" ReshID="10868" SiteID="4115711" TransAmt="10.00" TransDate="2021-05-01" TransDesc="Resident Liability Compliance Fee (05/2021)" TransName="RESIDENTLIABILITYFEE" TransactionBatchID="1619538298844"/>
    <Transaction CatCode="C" FiscalPeriodEnd="N" LeaID="41349" ReshID="10867" SiteID="4115711" TransAmt="10.00" TransDate="2021-05-01" TransDesc="Resident Liability Compliance Fee (05/2021)" TransName="RESIDENTLIABILITYFEE" TransactionBatchID="1619538298845"/>
    <Transaction CatCode="C" FiscalPeriodEnd="N" LeaID="41364" ReshID="10879" SiteID="4115711" TransAmt="10.00" TransDate="2021-05-01" TransDesc="Resident Liability Compliance Fee (05/2021)" TransName="RESIDENTLIABILITYFEE" TransactionBatchID="1619538298846"/>
    <Transaction CatCode="C" FiscalPeriodEnd="N" LeaID="41373" ReshID="10883" SiteID="4115711" TransAmt="10.00" TransDate="2021-05-01" TransDesc="Resident Liability Compliance Fee (05/2021)" TransName="RESIDENTLIABILITYFEE" TransactionBatchID="1619538298847"/>
    <Transaction CatCode="C" FiscalPeriodEnd="N" LeaID="41401" ReshID="10894" SiteID="4115711" TransAmt="10.00" TransDate="2021-05-01" TransDesc="Resident Liability Compliance Fee (05/2021)" TransName="RESIDENTLIABILITYFEE" TransactionBatchID="1619538298848"/>
    <Transaction CatCode="C" FiscalPeriodEnd="N" LeaID="41400" ReshID="10890" SiteID="4115711" TransAmt="10.00" TransDate="2021-05-01" TransDesc="Resident Liability Compliance Fee (05/2021)" TransName="RESIDENTLIABILITYFEE" TransactionBatchID="1619538298849"/>
    <Transaction CatCode="C" FiscalPeriodEnd="N" LeaID="41375" ReshID="10884" SiteID="4115711" TransAmt="10.00" TransDate="2021-05-01" TransDesc="Resident Liability Compliance Fee (05/2021)" TransName="RESIDENTLIABILITYFEE" TransactionBatchID="1619538298850"/>
    <Transaction CatCode="C" FiscalPeriodEnd="N" LeaID="41376" ReshID="10885" SiteID="4115711" TransAmt="10.00" TransDate="2021-05-01" TransDesc="Resident Liability Compliance Fee (05/2021)" TransName="RESIDENTLIABILITYFEE" TransactionBatchID="1619538298851"/>
    <Transaction CatCode="C" FiscalPeriodEnd="N" LeaID="41377" ReshID="10886" SiteID="4115711" TransAmt="10.00" TransDate="2021-05-01" TransDesc="Resident Liability Compliance Fee (05/2021)" TransName="RESIDENTLIABILITYFEE" TransactionBatchID="1619538298852"/>
    <Transaction CatCode="C" FiscalPeriodEnd="N" LeaID="41378" ReshID="10887" SiteID="4115711" TransAmt="10.00" TransDate="2021-05-01" TransDesc="Resident Liability Compliance Fee (05/2021)" TransName="RESIDENTLIABILITYFEE" TransactionBatchID="1619538298853"/>
    <Transaction CatCode="C" FiscalPeriodEnd="N" LeaID="41372" ReshID="10882" SiteID="4115711" TransAmt="10.00" TransDate="2021-05-01" TransDesc="Resident Liability Compliance Fee (05/2021)" TransName="RESIDENTLIABILITYFEE" TransactionBatchID="1619538298854"/>
    <Transaction CatCode="C" FiscalPeriodEnd="N" LeaID="41424" ReshID="10905" SiteID="4115711" TransAmt="10.00" TransDate="2021-05-01" TransDesc="Resident Liability Compliance Fee (05/2021)" TransName="RESIDENTLIABILITYFEE" TransactionBatchID="1619538298855"/>
    <Transaction CatCode="C" FiscalPeriodEnd="N" LeaID="41379" ReshID="10888" SiteID="4115711" TransAmt="10.00" TransDate="2021-05-01" TransDesc="Resident Liability Compliance Fee (05/2021)" TransName="RESIDENTLIABILITYFEE" TransactionBatchID="1619538298856"/>
    <Transaction CatCode="C" FiscalPeriodEnd="N" LeaID="41394" ReshID="10889" SiteID="4115711" TransAmt="10.00" TransDate="2021-05-01" TransDesc="Resident Liability Compliance Fee (05/2021)" TransName="RESIDENTLIABILITYFEE" TransactionBatchID="1619538298857"/>
    <Transaction CatCode="C" FiscalPeriodEnd="N" LeaID="41414" ReshID="10899" SiteID="4115711" TransAmt="10.00" TransDate="2021-05-01" TransDesc="Resident Liability Compliance Fee (05/2021)" TransName="RESIDENTLIABILITYFEE" TransactionBatchID="1619538298858"/>
    <Transaction CatCode="C" FiscalPeriodEnd="N" LeaID="41441" ReshID="10914" SiteID="4115711" TransAmt="10.00" TransDate="2021-05-01" TransDesc="Resident Liability Compliance Fee (05/2021)" TransName="RESIDENTLIABILITYFEE" TransactionBatchID="1619538298859"/>
    <Transaction CatCode="C" FiscalPeriodEnd="N" LeaID="41448" ReshID="10918" SiteID="4115711" TransAmt="10.00" TransDate="2021-05-01" TransDesc="Resident Liability Compliance Fee (05/2021)" TransName="RESIDENTLIABILITYFEE" TransactionBatchID="1619538298860"/>
</TransactionList>
