<TransactionList>
    <Validation>
        <Audit Count="105" Node="Transaction" Sum="1050.00"/>
    </Validation>
    <Transaction CatCode="C" FiscalPeriodEnd="N" LeaID="21732" ReshID="27" SiteID="4165264" TransAmt="10.00" TransDate="2021-05-01" TransDesc="Resident Liability Compliance Fee (05/2021)" TransName="RESIDENTLIABILITYFEE" TransactionBatchID="1619538292503"/>
    <Transaction CatCode="C" FiscalPeriodEnd="N" LeaID="21693" ReshID="30" SiteID="4165264" TransAmt="10.00" TransDate="2021-05-01" TransDesc="Resident Liability Compliance Fee (05/2021)" TransName="RESIDENTLIABILITYFEE" TransactionBatchID="1619538292504"/>
    <Transaction CatCode="C" FiscalPeriodEnd="N" LeaID="21501" ReshID="69" SiteID="4165264" TransAmt="10.00" TransDate="2021-05-01" TransDesc="Resident Liability Compliance Fee (05/2021)" TransName="RESIDENTLIABILITYFEE" TransactionBatchID="1619538292505"/>
    <Transaction CatCode="C" FiscalPeriodEnd="N" LeaID="21712" ReshID="84" SiteID="4165264" TransAmt="10.00" TransDate="2021-05-01" TransDesc="Resident Liability Compliance Fee (05/2021)" TransName="RESIDENTLIABILITYFEE" TransactionBatchID="1619538292506"/>
    <Transaction CatCode="C" FiscalPeriodEnd="N" LeaID="21662" ReshID="91" SiteID="4165264" TransAmt="10.00" TransDate="2021-05-01" TransDesc="Resident Liability Compliance Fee (05/2021)" TransName="RESIDENTLIABILITYFEE" TransactionBatchID="1619538292507"/>
    <Transaction CatCode="C" FiscalPeriodEnd="N" LeaID="21857" ReshID="111" SiteID="4165264" TransAmt="10.00" TransDate="2021-05-01" TransDesc="Resident Liability Compliance Fee (05/2021)" TransName="RESIDENTLIABILITYFEE" TransactionBatchID="1619538292508"/>
    <Transaction CatCode="C" FiscalPeriodEnd="N" LeaID="21476" ReshID="131" SiteID="4165264" TransAmt="10.00" TransDate="2021-05-01" TransDesc="Resident Liability Compliance Fee (05/2021)" TransName="RESIDENTLIABILITYFEE" TransactionBatchID="1619538292509"/>
    <Transaction CatCode="C" FiscalPeriodEnd="N" LeaID="21781" ReshID="154" SiteID="4165264" TransAmt="10.00" TransDate="2021-05-01" TransDesc="Resident Liability Compliance Fee (05/2021)" TransName="RESIDENTLIABILITYFEE" TransactionBatchID="1619538292510"/>
    <Transaction CatCode="C" FiscalPeriodEnd="N" LeaID="21561" ReshID="165" SiteID="4165264" TransAmt="10.00" TransDate="2021-05-01" TransDesc="Resident Liability Compliance Fee (05/2021)" TransName="RESIDENTLIABILITYFEE" TransactionBatchID="1619538292511"/>
    <Transaction CatCode="C" FiscalPeriodEnd="N" LeaID="21751" ReshID="202" SiteID="4165264" TransAmt="10.00" TransDate="2021-05-01" TransDesc="Resident Liability Compliance Fee (05/2021)" TransName="RESIDENTLIABILITYFEE" TransactionBatchID="1619538292512"/>
    <Transaction CatCode="C" FiscalPeriodEnd="N" LeaID="21830" ReshID="241" SiteID="4165264" TransAmt="10.00" TransDate="2021-05-01" TransDesc="Resident Liability Compliance Fee (05/2021)" TransName="RESIDENTLIABILITYFEE" TransactionBatchID="1619538292513"/>
    <Transaction CatCode="C" FiscalPeriodEnd="N" LeaID="21859" ReshID="253" SiteID="4165264" TransAmt="10.00" TransDate="2021-05-01" TransDesc="Resident Liability Compliance Fee (05/2021)" TransName="RESIDENTLIABILITYFEE" TransactionBatchID="1619538292514"/>
    <Transaction CatCode="C" FiscalPeriodEnd="N" LeaID="21554" ReshID="328" SiteID="4165264" TransAmt="10.00" TransDate="2021-05-01" TransDesc="Resident Liability Compliance Fee (05/2021)" TransName="RESIDENTLIABILITYFEE" TransactionBatchID="1619538292515"/>
    <Transaction CatCode="C" FiscalPeriodEnd="N" LeaID="21580" ReshID="354" SiteID="4165264" TransAmt="10.00" TransDate="2021-05-01" TransDesc="Resident Liability Compliance Fee (05/2021)" TransName="RESIDENTLIABILITYFEE" TransactionBatchID="1619538292516"/>
    <Transaction CatCode="C" FiscalPeriodEnd="N" LeaID="21839" ReshID="356" SiteID="4165264" TransAmt="10.00" TransDate="2021-05-01" TransDesc="Resident Liability Compliance Fee (05/2021)" TransName="RESIDENTLIABILITYFEE" TransactionBatchID="1619538292517"/>
    <Transaction CatCode="C" FiscalPeriodEnd="N" LeaID="21792" ReshID="503" SiteID="4165264" TransAmt="10.00" TransDate="2021-05-01" TransDesc="Resident Liability Compliance Fee (05/2021)" TransName="RESIDENTLIABILITYFEE" TransactionBatchID="1619538292518"/>
    <Transaction CatCode="C" FiscalPeriodEnd="N" LeaID="21831" ReshID="10529" SiteID="4165264" TransAmt="10.00" TransDate="2021-05-01" TransDesc="Resident Liability Compliance Fee (05/2021)" TransName="RESIDENTLIABILITYFEE" TransactionBatchID="1619538292519"/>
    <Transaction CatCode="C" FiscalPeriodEnd="N" LeaID="21818" ReshID="10548" SiteID="4165264" TransAmt="10.00" TransDate="2021-05-01" TransDesc="Resident Liability Compliance Fee (05/2021)" TransName="RESIDENTLIABILITYFEE" TransactionBatchID="1619538292520"/>
    <Transaction CatCode="C" FiscalPeriodEnd="N" LeaID="21433" ReshID="10558" SiteID="4165264" TransAmt="10.00" TransDate="2021-05-01" TransDesc="Resident Liability Compliance Fee (05/2021)" TransName="RESIDENTLIABILITYFEE" TransactionBatchID="1619538292521"/>
    <Transaction CatCode="C" FiscalPeriodEnd="N" LeaID="21464" ReshID="10576" SiteID="4165264" TransAmt="10.00" TransDate="2021-05-01" TransDesc="Resident Liability Compliance Fee (05/2021)" TransName="RESIDENTLIABILITYFEE" TransactionBatchID="1619538292522"/>
    <Transaction CatCode="C" FiscalPeriodEnd="N" LeaID="21782" ReshID="10592" SiteID="4165264" TransAmt="10.00" TransDate="2021-05-01" TransDesc="Resident Liability Compliance Fee (05/2021)" TransName="RESIDENTLIABILITYFEE" TransactionBatchID="1619538292523"/>
    <Transaction CatCode="C" FiscalPeriodEnd="N" LeaID="21457" ReshID="10605" SiteID="4165264" TransAmt="10.00" TransDate="2021-05-01" TransDesc="Resident Liability Compliance Fee (05/2021)" TransName="RESIDENTLIABILITYFEE" TransactionBatchID="1619538292524"/>
    <Transaction CatCode="C" FiscalPeriodEnd="N" LeaID="21502" ReshID="10608" SiteID="4165264" TransAmt="10.00" TransDate="2021-05-01" TransDesc="Resident Liability Compliance Fee (05/2021)" TransName="RESIDENTLIABILITYFEE" TransactionBatchID="1619538292525"/>
    <Transaction CatCode="C" FiscalPeriodEnd="N" LeaID="21614" ReshID="10637" SiteID="4165264" TransAmt="10.00" TransDate="2021-05-01" TransDesc="Resident Liability Compliance Fee (05/2021)" TransName="RESIDENTLIABILITYFEE" TransactionBatchID="1619538292526"/>
    <Transaction CatCode="C" FiscalPeriodEnd="N" LeaID="21699" ReshID="10694" SiteID="4165264" TransAmt="10.00" TransDate="2021-05-01" TransDesc="Resident Liability Compliance Fee (05/2021)" TransName="RESIDENTLIABILITYFEE" TransactionBatchID="1619538292527"/>
    <Transaction CatCode="C" FiscalPeriodEnd="N" LeaID="21655" ReshID="10705" SiteID="4165264" TransAmt="10.00" TransDate="2021-05-01" TransDesc="Resident Liability Compliance Fee (05/2021)" TransName="RESIDENTLIABILITYFEE" TransactionBatchID="1619538292528"/>
    <Transaction CatCode="C" FiscalPeriodEnd="N" LeaID="21679" ReshID="10716" SiteID="4165264" TransAmt="10.00" TransDate="2021-05-01" TransDesc="Resident Liability Compliance Fee (05/2021)" TransName="RESIDENTLIABILITYFEE" TransactionBatchID="1619538292529"/>
    <Transaction CatCode="C" FiscalPeriodEnd="N" LeaID="21677" ReshID="10721" SiteID="4165264" TransAmt="10.00" TransDate="2021-05-01" TransDesc="Resident Liability Compliance Fee (05/2021)" TransName="RESIDENTLIABILITYFEE" TransactionBatchID="1619538292530"/>
    <Transaction CatCode="C" FiscalPeriodEnd="N" LeaID="21676" ReshID="10731" SiteID="4165264" TransAmt="10.00" TransDate="2021-05-01" TransDesc="Resident Liability Compliance Fee (05/2021)" TransName="RESIDENTLIABILITYFEE" TransactionBatchID="1619538292531"/>
    <Transaction CatCode="C" FiscalPeriodEnd="N" LeaID="21729" ReshID="10740" SiteID="4165264" TransAmt="10.00" TransDate="2021-05-01" TransDesc="Resident Liability Compliance Fee (05/2021)" TransName="RESIDENTLIABILITYFEE" TransactionBatchID="1619538292532"/>
    <Transaction CatCode="C" FiscalPeriodEnd="N" LeaID="21773" ReshID="10745" SiteID="4165264" TransAmt="10.00" TransDate="2021-05-01" TransDesc="Resident Liability Compliance Fee (05/2021)" TransName="RESIDENTLIABILITYFEE" TransactionBatchID="1619538292533"/>
    <Transaction CatCode="C" FiscalPeriodEnd="N" LeaID="21591" ReshID="20761" SiteID="4165264" TransAmt="10.00" TransDate="2021-05-01" TransDesc="Resident Liability Compliance Fee (05/2021)" TransName="RESIDENTLIABILITYFEE" TransactionBatchID="1619538292534"/>
    <Transaction CatCode="C" FiscalPeriodEnd="N" LeaID="21745" ReshID="20769" SiteID="4165264" TransAmt="10.00" TransDate="2021-05-01" TransDesc="Resident Liability Compliance Fee (05/2021)" TransName="RESIDENTLIABILITYFEE" TransactionBatchID="1619538292535"/>
    <Transaction CatCode="C" FiscalPeriodEnd="N" LeaID="21772" ReshID="20794" SiteID="4165264" TransAmt="10.00" TransDate="2021-05-01" TransDesc="Resident Liability Compliance Fee (05/2021)" TransName="RESIDENTLIABILITYFEE" TransactionBatchID="1619538292536"/>
    <Transaction CatCode="C" FiscalPeriodEnd="N" LeaID="21767" ReshID="20802" SiteID="4165264" TransAmt="10.00" TransDate="2021-05-01" TransDesc="Resident Liability Compliance Fee (05/2021)" TransName="RESIDENTLIABILITYFEE" TransactionBatchID="1619538292537"/>
    <Transaction CatCode="C" FiscalPeriodEnd="N" LeaID="21444" ReshID="20809" SiteID="4165264" TransAmt="10.00" TransDate="2021-05-01" TransDesc="Resident Liability Compliance Fee (05/2021)" TransName="RESIDENTLIABILITYFEE" TransactionBatchID="1619538292538"/>
    <Transaction CatCode="C" FiscalPeriodEnd="N" LeaID="21753" ReshID="20812" SiteID="4165264" TransAmt="10.00" TransDate="2021-05-01" TransDesc="Resident Liability Compliance Fee (05/2021)" TransName="RESIDENTLIABILITYFEE" TransactionBatchID="1619538292539"/>
    <Transaction CatCode="C" FiscalPeriodEnd="N" LeaID="21450" ReshID="20828" SiteID="4165264" TransAmt="10.00" TransDate="2021-05-01" TransDesc="Resident Liability Compliance Fee (05/2021)" TransName="RESIDENTLIABILITYFEE" TransactionBatchID="1619538292540"/>
    <Transaction CatCode="C" FiscalPeriodEnd="N" LeaID="21454" ReshID="20832" SiteID="4165264" TransAmt="10.00" TransDate="2021-05-01" TransDesc="Resident Liability Compliance Fee (05/2021)" TransName="RESIDENTLIABILITYFEE" TransactionBatchID="1619538292541"/>
    <Transaction CatCode="C" FiscalPeriodEnd="N" LeaID="21452" ReshID="20844" SiteID="4165264" TransAmt="10.00" TransDate="2021-05-01" TransDesc="Resident Liability Compliance Fee (05/2021)" TransName="RESIDENTLIABILITYFEE" TransactionBatchID="1619538292542"/>
    <Transaction CatCode="C" FiscalPeriodEnd="N" LeaID="21590" ReshID="20846" SiteID="4165264" TransAmt="10.00" TransDate="2021-05-01" TransDesc="Resident Liability Compliance Fee (05/2021)" TransName="RESIDENTLIABILITYFEE" TransactionBatchID="1619538292543"/>
    <Transaction CatCode="C" FiscalPeriodEnd="N" LeaID="21833" ReshID="20857" SiteID="4165264" TransAmt="10.00" TransDate="2021-05-01" TransDesc="Resident Liability Compliance Fee (05/2021)" TransName="RESIDENTLIABILITYFEE" TransactionBatchID="1619538292544"/>
    <Transaction CatCode="C" FiscalPeriodEnd="N" LeaID="21552" ReshID="371" SiteID="4165264" TransAmt="10.00" TransDate="2021-05-01" TransDesc="Resident Liability Compliance Fee (05/2021)" TransName="RESIDENTLIABILITYFEE" TransactionBatchID="1619538292545"/>
    <Transaction CatCode="C" FiscalPeriodEnd="N" LeaID="21513" ReshID="10616" SiteID="4165264" TransAmt="10.00" TransDate="2021-05-01" TransDesc="Resident Liability Compliance Fee (05/2021)" TransName="RESIDENTLIABILITYFEE" TransactionBatchID="1619538292546"/>
    <Transaction CatCode="C" FiscalPeriodEnd="N" LeaID="21492" ReshID="20868" SiteID="4165264" TransAmt="10.00" TransDate="2021-05-01" TransDesc="Resident Liability Compliance Fee (05/2021)" TransName="RESIDENTLIABILITYFEE" TransactionBatchID="1619538292547"/>
    <Transaction CatCode="C" FiscalPeriodEnd="N" LeaID="21783" ReshID="10632" SiteID="4165264" TransAmt="10.00" TransDate="2021-05-01" TransDesc="Resident Liability Compliance Fee (05/2021)" TransName="RESIDENTLIABILITYFEE" TransactionBatchID="1619538292548"/>
    <Transaction CatCode="C" FiscalPeriodEnd="N" LeaID="21480" ReshID="10615" SiteID="4165264" TransAmt="10.00" TransDate="2021-05-01" TransDesc="Resident Liability Compliance Fee (05/2021)" TransName="RESIDENTLIABILITYFEE" TransactionBatchID="1619538292549"/>
    <Transaction CatCode="C" FiscalPeriodEnd="N" LeaID="21559" ReshID="204" SiteID="4165264" TransAmt="10.00" TransDate="2021-05-01" TransDesc="Resident Liability Compliance Fee (05/2021)" TransName="RESIDENTLIABILITYFEE" TransactionBatchID="1619538292550"/>
    <Transaction CatCode="C" FiscalPeriodEnd="N" LeaID="21794" ReshID="10651" SiteID="4165264" TransAmt="10.00" TransDate="2021-05-01" TransDesc="Resident Liability Compliance Fee (05/2021)" TransName="RESIDENTLIABILITYFEE" TransactionBatchID="1619538292551"/>
    <Transaction CatCode="C" FiscalPeriodEnd="N" LeaID="21821" ReshID="20878" SiteID="4165264" TransAmt="10.00" TransDate="2021-05-01" TransDesc="Resident Liability Compliance Fee (05/2021)" TransName="RESIDENTLIABILITYFEE" TransactionBatchID="1619538292552"/>
    <Transaction CatCode="C" FiscalPeriodEnd="N" LeaID="21762" ReshID="20836" SiteID="4165264" TransAmt="10.00" TransDate="2021-05-01" TransDesc="Resident Liability Compliance Fee (05/2021)" TransName="RESIDENTLIABILITYFEE" TransactionBatchID="1619538292553"/>
    <Transaction CatCode="C" FiscalPeriodEnd="N" LeaID="21555" ReshID="20869" SiteID="4165264" TransAmt="10.00" TransDate="2021-05-01" TransDesc="Resident Liability Compliance Fee (05/2021)" TransName="RESIDENTLIABILITYFEE" TransactionBatchID="1619538292554"/>
    <Transaction CatCode="C" FiscalPeriodEnd="N" LeaID="21639" ReshID="20901" SiteID="4165264" TransAmt="10.00" TransDate="2021-05-01" TransDesc="Resident Liability Compliance Fee (05/2021)" TransName="RESIDENTLIABILITYFEE" TransactionBatchID="1619538292555"/>
    <Transaction CatCode="C" FiscalPeriodEnd="N" LeaID="21571" ReshID="20875" SiteID="4165264" TransAmt="10.00" TransDate="2021-05-01" TransDesc="Resident Liability Compliance Fee (05/2021)" TransName="RESIDENTLIABILITYFEE" TransactionBatchID="1619538292556"/>
    <Transaction CatCode="C" FiscalPeriodEnd="N" LeaID="21618" ReshID="20876" SiteID="4165264" TransAmt="10.00" TransDate="2021-05-01" TransDesc="Resident Liability Compliance Fee (05/2021)" TransName="RESIDENTLIABILITYFEE" TransactionBatchID="1619538292557"/>
    <Transaction CatCode="C" FiscalPeriodEnd="N" LeaID="21587" ReshID="20920" SiteID="4165264" TransAmt="10.00" TransDate="2021-05-01" TransDesc="Resident Liability Compliance Fee (05/2021)" TransName="RESIDENTLIABILITYFEE" TransactionBatchID="1619538292558"/>
    <Transaction CatCode="C" FiscalPeriodEnd="N" LeaID="21565" ReshID="20921" SiteID="4165264" TransAmt="10.00" TransDate="2021-05-01" TransDesc="Resident Liability Compliance Fee (05/2021)" TransName="RESIDENTLIABILITYFEE" TransactionBatchID="1619538292559"/>
    <Transaction CatCode="C" FiscalPeriodEnd="N" LeaID="21606" ReshID="20909" SiteID="4165264" TransAmt="10.00" TransDate="2021-05-01" TransDesc="Resident Liability Compliance Fee (05/2021)" TransName="RESIDENTLIABILITYFEE" TransactionBatchID="1619538292560"/>
    <Transaction CatCode="C" FiscalPeriodEnd="N" LeaID="21556" ReshID="20925" SiteID="4165264" TransAmt="10.00" TransDate="2021-05-01" TransDesc="Resident Liability Compliance Fee (05/2021)" TransName="RESIDENTLIABILITYFEE" TransactionBatchID="1619538292561"/>
    <Transaction CatCode="C" FiscalPeriodEnd="N" LeaID="21548" ReshID="20948" SiteID="4165264" TransAmt="10.00" TransDate="2021-05-01" TransDesc="Resident Liability Compliance Fee (05/2021)" TransName="RESIDENTLIABILITYFEE" TransactionBatchID="1619538292562"/>
    <Transaction CatCode="C" FiscalPeriodEnd="N" LeaID="21609" ReshID="20952" SiteID="4165264" TransAmt="10.00" TransDate="2021-05-01" TransDesc="Resident Liability Compliance Fee (05/2021)" TransName="RESIDENTLIABILITYFEE" TransactionBatchID="1619538292563"/>
    <Transaction CatCode="C" FiscalPeriodEnd="N" LeaID="21653" ReshID="20947" SiteID="4165264" TransAmt="10.00" TransDate="2021-05-01" TransDesc="Resident Liability Compliance Fee (05/2021)" TransName="RESIDENTLIABILITYFEE" TransactionBatchID="1619538292564"/>
    <Transaction CatCode="C" FiscalPeriodEnd="N" LeaID="21647" ReshID="20951" SiteID="4165264" TransAmt="10.00" TransDate="2021-05-01" TransDesc="Resident Liability Compliance Fee (05/2021)" TransName="RESIDENTLIABILITYFEE" TransactionBatchID="1619538292565"/>
    <Transaction CatCode="C" FiscalPeriodEnd="N" LeaID="21694" ReshID="20927" SiteID="4165264" TransAmt="10.00" TransDate="2021-05-01" TransDesc="Resident Liability Compliance Fee (05/2021)" TransName="RESIDENTLIABILITYFEE" TransactionBatchID="1619538292566"/>
    <Transaction CatCode="C" FiscalPeriodEnd="N" LeaID="21718" ReshID="20942" SiteID="4165264" TransAmt="10.00" TransDate="2021-05-01" TransDesc="Resident Liability Compliance Fee (05/2021)" TransName="RESIDENTLIABILITYFEE" TransactionBatchID="1619538292567"/>
    <Transaction CatCode="C" FiscalPeriodEnd="N" LeaID="21715" ReshID="20960" SiteID="4165264" TransAmt="10.00" TransDate="2021-05-01" TransDesc="Resident Liability Compliance Fee (05/2021)" TransName="RESIDENTLIABILITYFEE" TransactionBatchID="1619538292568"/>
    <Transaction CatCode="C" FiscalPeriodEnd="N" LeaID="21582" ReshID="20975" SiteID="4165264" TransAmt="10.00" TransDate="2021-05-01" TransDesc="Resident Liability Compliance Fee (05/2021)" TransName="RESIDENTLIABILITYFEE" TransactionBatchID="1619538292569"/>
    <Transaction CatCode="C" FiscalPeriodEnd="N" LeaID="21717" ReshID="20962" SiteID="4165264" TransAmt="10.00" TransDate="2021-05-01" TransDesc="Resident Liability Compliance Fee (05/2021)" TransName="RESIDENTLIABILITYFEE" TransactionBatchID="1619538292570"/>
    <Transaction CatCode="C" FiscalPeriodEnd="N" LeaID="21453" ReshID="21003" SiteID="4165264" TransAmt="10.00" TransDate="2021-05-01" TransDesc="Resident Liability Compliance Fee (05/2021)" TransName="RESIDENTLIABILITYFEE" TransactionBatchID="1619538292571"/>
    <Transaction CatCode="C" FiscalPeriodEnd="N" LeaID="21443" ReshID="20999" SiteID="4165264" TransAmt="10.00" TransDate="2021-05-01" TransDesc="Resident Liability Compliance Fee (05/2021)" TransName="RESIDENTLIABILITYFEE" TransactionBatchID="1619538292572"/>
    <Transaction CatCode="C" FiscalPeriodEnd="N" LeaID="21511" ReshID="21033" SiteID="4165264" TransAmt="10.00" TransDate="2021-05-01" TransDesc="Resident Liability Compliance Fee (05/2021)" TransName="RESIDENTLIABILITYFEE" TransactionBatchID="1619538292573"/>
    <Transaction CatCode="C" FiscalPeriodEnd="N" LeaID="21506" ReshID="21029" SiteID="4165264" TransAmt="10.00" TransDate="2021-05-01" TransDesc="Resident Liability Compliance Fee (05/2021)" TransName="RESIDENTLIABILITYFEE" TransactionBatchID="1619538292574"/>
    <Transaction CatCode="C" FiscalPeriodEnd="N" LeaID="21531" ReshID="21046" SiteID="4165264" TransAmt="10.00" TransDate="2021-05-01" TransDesc="Resident Liability Compliance Fee (05/2021)" TransName="RESIDENTLIABILITYFEE" TransactionBatchID="1619538292575"/>
    <Transaction CatCode="C" FiscalPeriodEnd="N" LeaID="21539" ReshID="21053" SiteID="4165264" TransAmt="10.00" TransDate="2021-05-01" TransDesc="Resident Liability Compliance Fee (05/2021)" TransName="RESIDENTLIABILITYFEE" TransactionBatchID="1619538292576"/>
    <Transaction CatCode="C" FiscalPeriodEnd="N" LeaID="21500" ReshID="21026" SiteID="4165264" TransAmt="10.00" TransDate="2021-05-01" TransDesc="Resident Liability Compliance Fee (05/2021)" TransName="RESIDENTLIABILITYFEE" TransactionBatchID="1619538292577"/>
    <Transaction CatCode="C" FiscalPeriodEnd="N" LeaID="21532" ReshID="21047" SiteID="4165264" TransAmt="10.00" TransDate="2021-05-01" TransDesc="Resident Liability Compliance Fee (05/2021)" TransName="RESIDENTLIABILITYFEE" TransactionBatchID="1619538292578"/>
    <Transaction CatCode="C" FiscalPeriodEnd="N" LeaID="21597" ReshID="20915" SiteID="4165264" TransAmt="10.00" TransDate="2021-05-01" TransDesc="Resident Liability Compliance Fee (05/2021)" TransName="RESIDENTLIABILITYFEE" TransactionBatchID="1619538292579"/>
    <Transaction CatCode="C" FiscalPeriodEnd="N" LeaID="21534" ReshID="21048" SiteID="4165264" TransAmt="10.00" TransDate="2021-05-01" TransDesc="Resident Liability Compliance Fee (05/2021)" TransName="RESIDENTLIABILITYFEE" TransactionBatchID="1619538292580"/>
    <Transaction CatCode="C" FiscalPeriodEnd="N" LeaID="21491" ReshID="21018" SiteID="4165264" TransAmt="10.00" TransDate="2021-05-01" TransDesc="Resident Liability Compliance Fee (05/2021)" TransName="RESIDENTLIABILITYFEE" TransactionBatchID="1619538292581"/>
    <Transaction CatCode="C" FiscalPeriodEnd="N" LeaID="21550" ReshID="21060" SiteID="4165264" TransAmt="10.00" TransDate="2021-05-01" TransDesc="Resident Liability Compliance Fee (05/2021)" TransName="RESIDENTLIABILITYFEE" TransactionBatchID="1619538292582"/>
    <Transaction CatCode="C" FiscalPeriodEnd="N" LeaID="21598" ReshID="21077" SiteID="4165264" TransAmt="10.00" TransDate="2021-05-01" TransDesc="Resident Liability Compliance Fee (05/2021)" TransName="RESIDENTLIABILITYFEE" TransactionBatchID="1619538292583"/>
    <Transaction CatCode="C" FiscalPeriodEnd="N" LeaID="21607" ReshID="21084" SiteID="4165264" TransAmt="10.00" TransDate="2021-05-01" TransDesc="Resident Liability Compliance Fee (05/2021)" TransName="RESIDENTLIABILITYFEE" TransactionBatchID="1619538292584"/>
    <Transaction CatCode="C" FiscalPeriodEnd="N" LeaID="21546" ReshID="21058" SiteID="4165264" TransAmt="10.00" TransDate="2021-05-01" TransDesc="Resident Liability Compliance Fee (05/2021)" TransName="RESIDENTLIABILITYFEE" TransactionBatchID="1619538292585"/>
    <Transaction CatCode="C" FiscalPeriodEnd="N" LeaID="21604" ReshID="21082" SiteID="4165264" TransAmt="10.00" TransDate="2021-05-01" TransDesc="Resident Liability Compliance Fee (05/2021)" TransName="RESIDENTLIABILITYFEE" TransactionBatchID="1619538292586"/>
    <Transaction CatCode="C" FiscalPeriodEnd="N" LeaID="21629" ReshID="21097" SiteID="4165264" TransAmt="10.00" TransDate="2021-05-01" TransDesc="Resident Liability Compliance Fee (05/2021)" TransName="RESIDENTLIABILITYFEE" TransactionBatchID="1619538292587"/>
    <Transaction CatCode="C" FiscalPeriodEnd="N" LeaID="21503" ReshID="20941" SiteID="4165264" TransAmt="10.00" TransDate="2021-05-01" TransDesc="Resident Liability Compliance Fee (05/2021)" TransName="RESIDENTLIABILITYFEE" TransactionBatchID="1619538292588"/>
    <Transaction CatCode="C" FiscalPeriodEnd="N" LeaID="21672" ReshID="21131" SiteID="4165264" TransAmt="10.00" TransDate="2021-05-01" TransDesc="Resident Liability Compliance Fee (05/2021)" TransName="RESIDENTLIABILITYFEE" TransactionBatchID="1619538292589"/>
    <Transaction CatCode="C" FiscalPeriodEnd="N" LeaID="21790" ReshID="491" SiteID="4165264" TransAmt="10.00" TransDate="2021-05-01" TransDesc="Resident Liability Compliance Fee (05/2021)" TransName="RESIDENTLIABILITYFEE" TransactionBatchID="1619538292590"/>
    <Transaction CatCode="C" FiscalPeriodEnd="N" LeaID="21708" ReshID="21156" SiteID="4165264" TransAmt="10.00" TransDate="2021-05-01" TransDesc="Resident Liability Compliance Fee (05/2021)" TransName="RESIDENTLIABILITYFEE" TransactionBatchID="1619538292591"/>
    <Transaction CatCode="C" FiscalPeriodEnd="N" LeaID="21666" ReshID="21125" SiteID="4165264" TransAmt="10.00" TransDate="2021-05-01" TransDesc="Resident Liability Compliance Fee (05/2021)" TransName="RESIDENTLIABILITYFEE" TransactionBatchID="1619538292592"/>
    <Transaction CatCode="C" FiscalPeriodEnd="N" LeaID="21713" ReshID="21158" SiteID="4165264" TransAmt="10.00" TransDate="2021-05-01" TransDesc="Resident Liability Compliance Fee (05/2021)" TransName="RESIDENTLIABILITYFEE" TransactionBatchID="1619538292593"/>
    <Transaction CatCode="C" FiscalPeriodEnd="N" LeaID="21681" ReshID="21135" SiteID="4165264" TransAmt="10.00" TransDate="2021-05-01" TransDesc="Resident Liability Compliance Fee (05/2021)" TransName="RESIDENTLIABILITYFEE" TransactionBatchID="1619538292594"/>
    <Transaction CatCode="C" FiscalPeriodEnd="N" LeaID="21785" ReshID="20979" SiteID="4165264" TransAmt="10.00" TransDate="2021-05-01" TransDesc="Resident Liability Compliance Fee (05/2021)" TransName="RESIDENTLIABILITYFEE" TransactionBatchID="1619538292595"/>
    <Transaction CatCode="C" FiscalPeriodEnd="N" LeaID="21667" ReshID="21126" SiteID="4165264" TransAmt="10.00" TransDate="2021-05-01" TransDesc="Resident Liability Compliance Fee (05/2021)" TransName="RESIDENTLIABILITYFEE" TransactionBatchID="1619538292596"/>
    <Transaction CatCode="C" FiscalPeriodEnd="N" LeaID="21768" ReshID="400" SiteID="4165264" TransAmt="10.00" TransDate="2021-05-01" TransDesc="Resident Liability Compliance Fee (05/2021)" TransName="RESIDENTLIABILITYFEE" TransactionBatchID="1619538292597"/>
    <Transaction CatCode="C" FiscalPeriodEnd="N" LeaID="21697" ReshID="21148" SiteID="4165264" TransAmt="10.00" TransDate="2021-05-01" TransDesc="Resident Liability Compliance Fee (05/2021)" TransName="RESIDENTLIABILITYFEE" TransactionBatchID="1619538292598"/>
    <Transaction CatCode="C" FiscalPeriodEnd="N" LeaID="21686" ReshID="21139" SiteID="4165264" TransAmt="10.00" TransDate="2021-05-01" TransDesc="Resident Liability Compliance Fee (05/2021)" TransName="RESIDENTLIABILITYFEE" TransactionBatchID="1619538292599"/>
    <Transaction CatCode="C" FiscalPeriodEnd="N" LeaID="21750" ReshID="21175" SiteID="4165264" TransAmt="10.00" TransDate="2021-05-01" TransDesc="Resident Liability Compliance Fee (05/2021)" TransName="RESIDENTLIABILITYFEE" TransactionBatchID="1619538292600"/>
    <Transaction CatCode="C" FiscalPeriodEnd="N" LeaID="21795" ReshID="21193" SiteID="4165264" TransAmt="10.00" TransDate="2021-05-01" TransDesc="Resident Liability Compliance Fee (05/2021)" TransName="RESIDENTLIABILITYFEE" TransactionBatchID="1619538292601"/>
    <Transaction CatCode="C" FiscalPeriodEnd="N" LeaID="21843" ReshID="21211" SiteID="4165264" TransAmt="10.00" TransDate="2021-05-01" TransDesc="Resident Liability Compliance Fee (05/2021)" TransName="RESIDENTLIABILITYFEE" TransactionBatchID="1619538292602"/>
    <Transaction CatCode="C" FiscalPeriodEnd="N" LeaID="21863" ReshID="21223" SiteID="4165264" TransAmt="10.00" TransDate="2021-05-01" TransDesc="Resident Liability Compliance Fee (05/2021)" TransName="RESIDENTLIABILITYFEE" TransactionBatchID="1619538292603"/>
    <Transaction CatCode="C" FiscalPeriodEnd="N" LeaID="21806" ReshID="21200" SiteID="4165264" TransAmt="10.00" TransDate="2021-05-01" TransDesc="Resident Liability Compliance Fee (05/2021)" TransName="RESIDENTLIABILITYFEE" TransactionBatchID="1619538292604"/>
    <Transaction CatCode="C" FiscalPeriodEnd="N" LeaID="21867" ReshID="21226" SiteID="4165264" TransAmt="10.00" TransDate="2021-05-01" TransDesc="Resident Liability Compliance Fee (05/2021)" TransName="RESIDENTLIABILITYFEE" TransactionBatchID="1619538292605"/>
    <Transaction CatCode="C" FiscalPeriodEnd="N" LeaID="21870" ReshID="21229" SiteID="4165264" TransAmt="10.00" TransDate="2021-05-01" TransDesc="Resident Liability Compliance Fee (05/2021)" TransName="RESIDENTLIABILITYFEE" TransactionBatchID="1619538292606"/>
    <Transaction CatCode="C" FiscalPeriodEnd="N" LeaID="21854" ReshID="21220" SiteID="4165264" TransAmt="10.00" TransDate="2021-05-01" TransDesc="Resident Liability Compliance Fee (05/2021)" TransName="RESIDENTLIABILITYFEE" TransactionBatchID="1619538292607"/>
</TransactionList>
