<TransactionList>
    <Validation>
        <Audit Count="74" Node="Transaction" Sum="740.00"/>
    </Validation>
    <Transaction CatCode="C" FiscalPeriodEnd="N" LeaID="11519" ReshID="17" SiteID="4211658" TransAmt="10.00" TransDate="2021-05-01" TransDesc="Resident Liability Compliance Fee (05/2021)" TransName="RESIDENTLIABILITYFEE" TransactionBatchID="1619538296045"/>
    <Transaction CatCode="C" FiscalPeriodEnd="N" LeaID="11251" ReshID="23" SiteID="4211658" TransAmt="10.00" TransDate="2021-05-01" TransDesc="Resident Liability Compliance Fee (05/2021)" TransName="RESIDENTLIABILITYFEE" TransactionBatchID="1619538296046"/>
    <Transaction CatCode="C" FiscalPeriodEnd="N" LeaID="11432" ReshID="25" SiteID="4211658" TransAmt="10.00" TransDate="2021-05-01" TransDesc="Resident Liability Compliance Fee (05/2021)" TransName="RESIDENTLIABILITYFEE" TransactionBatchID="1619538296047"/>
    <Transaction CatCode="C" FiscalPeriodEnd="N" LeaID="11440" ReshID="33" SiteID="4211658" TransAmt="10.00" TransDate="2021-05-01" TransDesc="Resident Liability Compliance Fee (05/2021)" TransName="RESIDENTLIABILITYFEE" TransactionBatchID="1619538296048"/>
    <Transaction CatCode="C" FiscalPeriodEnd="N" LeaID="1213" ReshID="34" SiteID="4211658" TransAmt="10.00" TransDate="2021-05-01" TransDesc="Resident Liability Compliance Fee (05/2021)" TransName="RESIDENTLIABILITYFEE" TransactionBatchID="1619538296049"/>
    <Transaction CatCode="C" FiscalPeriodEnd="N" LeaID="11467" ReshID="81" SiteID="4211658" TransAmt="10.00" TransDate="2021-05-01" TransDesc="Resident Liability Compliance Fee (05/2021)" TransName="RESIDENTLIABILITYFEE" TransactionBatchID="1619538296050"/>
    <Transaction CatCode="C" FiscalPeriodEnd="N" LeaID="11526" ReshID="122" SiteID="4211658" TransAmt="10.00" TransDate="2021-05-01" TransDesc="Resident Liability Compliance Fee (05/2021)" TransName="RESIDENTLIABILITYFEE" TransactionBatchID="1619538296051"/>
    <Transaction CatCode="C" FiscalPeriodEnd="N" LeaID="11438" ReshID="134" SiteID="4211658" TransAmt="10.00" TransDate="2021-05-01" TransDesc="Resident Liability Compliance Fee (05/2021)" TransName="RESIDENTLIABILITYFEE" TransactionBatchID="1619538296052"/>
    <Transaction CatCode="C" FiscalPeriodEnd="N" LeaID="11393" ReshID="169" SiteID="4211658" TransAmt="10.00" TransDate="2021-05-01" TransDesc="Resident Liability Compliance Fee (05/2021)" TransName="RESIDENTLIABILITYFEE" TransactionBatchID="1619538296053"/>
    <Transaction CatCode="C" FiscalPeriodEnd="N" LeaID="11559" ReshID="170" SiteID="4211658" TransAmt="10.00" TransDate="2021-05-01" TransDesc="Resident Liability Compliance Fee (05/2021)" TransName="RESIDENTLIABILITYFEE" TransactionBatchID="1619538296054"/>
    <Transaction CatCode="C" FiscalPeriodEnd="N" LeaID="11560" ReshID="176" SiteID="4211658" TransAmt="10.00" TransDate="2021-05-01" TransDesc="Resident Liability Compliance Fee (05/2021)" TransName="RESIDENTLIABILITYFEE" TransactionBatchID="1619538296055"/>
    <Transaction CatCode="C" FiscalPeriodEnd="N" LeaID="11600" ReshID="188" SiteID="4211658" TransAmt="10.00" TransDate="2021-05-01" TransDesc="Resident Liability Compliance Fee (05/2021)" TransName="RESIDENTLIABILITYFEE" TransactionBatchID="1619538296056"/>
    <Transaction CatCode="C" FiscalPeriodEnd="N" LeaID="11380" ReshID="273" SiteID="4211658" TransAmt="10.00" TransDate="2021-05-01" TransDesc="Resident Liability Compliance Fee (05/2021)" TransName="RESIDENTLIABILITYFEE" TransactionBatchID="1619538296057"/>
    <Transaction CatCode="C" FiscalPeriodEnd="N" LeaID="11591" ReshID="386" SiteID="4211658" TransAmt="10.00" TransDate="2021-05-01" TransDesc="Resident Liability Compliance Fee (05/2021)" TransName="RESIDENTLIABILITYFEE" TransactionBatchID="1619538296058"/>
    <Transaction CatCode="C" FiscalPeriodEnd="N" LeaID="11547" ReshID="389" SiteID="4211658" TransAmt="10.00" TransDate="2021-05-01" TransDesc="Resident Liability Compliance Fee (05/2021)" TransName="RESIDENTLIABILITYFEE" TransactionBatchID="1619538296059"/>
    <Transaction CatCode="C" FiscalPeriodEnd="N" LeaID="1210" ReshID="391" SiteID="4211658" TransAmt="10.00" TransDate="2021-05-01" TransDesc="Resident Liability Compliance Fee (05/2021)" TransName="RESIDENTLIABILITYFEE" TransactionBatchID="1619538296060"/>
    <Transaction CatCode="C" FiscalPeriodEnd="N" LeaID="11224" ReshID="411" SiteID="4211658" TransAmt="10.00" TransDate="2021-05-01" TransDesc="Resident Liability Compliance Fee (05/2021)" TransName="RESIDENTLIABILITYFEE" TransactionBatchID="1619538296061"/>
    <Transaction CatCode="C" FiscalPeriodEnd="N" LeaID="11246" ReshID="424" SiteID="4211658" TransAmt="10.00" TransDate="2021-05-01" TransDesc="Resident Liability Compliance Fee (05/2021)" TransName="RESIDENTLIABILITYFEE" TransactionBatchID="1619538296062"/>
    <Transaction CatCode="C" FiscalPeriodEnd="N" LeaID="11336" ReshID="462" SiteID="4211658" TransAmt="10.00" TransDate="2021-05-01" TransDesc="Resident Liability Compliance Fee (05/2021)" TransName="RESIDENTLIABILITYFEE" TransactionBatchID="1619538296063"/>
    <Transaction CatCode="C" FiscalPeriodEnd="N" LeaID="11523" ReshID="667" SiteID="4211658" TransAmt="10.00" TransDate="2021-05-01" TransDesc="Resident Liability Compliance Fee (05/2021)" TransName="RESIDENTLIABILITYFEE" TransactionBatchID="1619538296064"/>
    <Transaction CatCode="C" FiscalPeriodEnd="N" LeaID="11439" ReshID="673" SiteID="4211658" TransAmt="10.00" TransDate="2021-05-01" TransDesc="Resident Liability Compliance Fee (05/2021)" TransName="RESIDENTLIABILITYFEE" TransactionBatchID="1619538296065"/>
    <Transaction CatCode="C" FiscalPeriodEnd="N" LeaID="11521" ReshID="678" SiteID="4211658" TransAmt="10.00" TransDate="2021-05-01" TransDesc="Resident Liability Compliance Fee (05/2021)" TransName="RESIDENTLIABILITYFEE" TransactionBatchID="1619538296066"/>
    <Transaction CatCode="C" FiscalPeriodEnd="N" LeaID="11589" ReshID="682" SiteID="4211658" TransAmt="10.00" TransDate="2021-05-01" TransDesc="Resident Liability Compliance Fee (05/2021)" TransName="RESIDENTLIABILITYFEE" TransactionBatchID="1619538296067"/>
    <Transaction CatCode="C" FiscalPeriodEnd="N" LeaID="11489" ReshID="699" SiteID="4211658" TransAmt="10.00" TransDate="2021-05-01" TransDesc="Resident Liability Compliance Fee (05/2021)" TransName="RESIDENTLIABILITYFEE" TransactionBatchID="1619538296068"/>
    <Transaction CatCode="C" FiscalPeriodEnd="N" LeaID="11622" ReshID="743" SiteID="4211658" TransAmt="10.00" TransDate="2021-05-01" TransDesc="Resident Liability Compliance Fee (05/2021)" TransName="RESIDENTLIABILITYFEE" TransactionBatchID="1619538296069"/>
    <Transaction CatCode="C" FiscalPeriodEnd="N" LeaID="11250" ReshID="758" SiteID="4211658" TransAmt="10.00" TransDate="2021-05-01" TransDesc="Resident Liability Compliance Fee (05/2021)" TransName="RESIDENTLIABILITYFEE" TransactionBatchID="1619538296070"/>
    <Transaction CatCode="C" FiscalPeriodEnd="N" LeaID="11248" ReshID="770" SiteID="4211658" TransAmt="10.00" TransDate="2021-05-01" TransDesc="Resident Liability Compliance Fee (05/2021)" TransName="RESIDENTLIABILITYFEE" TransactionBatchID="1619538296071"/>
    <Transaction CatCode="C" FiscalPeriodEnd="N" LeaID="11243" ReshID="773" SiteID="4211658" TransAmt="10.00" TransDate="2021-05-01" TransDesc="Resident Liability Compliance Fee (05/2021)" TransName="RESIDENTLIABILITYFEE" TransactionBatchID="1619538296072"/>
    <Transaction CatCode="C" FiscalPeriodEnd="N" LeaID="11260" ReshID="781" SiteID="4211658" TransAmt="10.00" TransDate="2021-05-01" TransDesc="Resident Liability Compliance Fee (05/2021)" TransName="RESIDENTLIABILITYFEE" TransactionBatchID="1619538296073"/>
    <Transaction CatCode="C" FiscalPeriodEnd="N" LeaID="11238" ReshID="790" SiteID="4211658" TransAmt="10.00" TransDate="2021-05-01" TransDesc="Resident Liability Compliance Fee (05/2021)" TransName="RESIDENTLIABILITYFEE" TransactionBatchID="1619538296074"/>
    <Transaction CatCode="C" FiscalPeriodEnd="N" LeaID="11324" ReshID="493" SiteID="4211658" TransAmt="10.00" TransDate="2021-05-01" TransDesc="Resident Liability Compliance Fee (05/2021)" TransName="RESIDENTLIABILITYFEE" TransactionBatchID="1619538296075"/>
    <Transaction CatCode="C" FiscalPeriodEnd="N" LeaID="11261" ReshID="782" SiteID="4211658" TransAmt="10.00" TransDate="2021-05-01" TransDesc="Resident Liability Compliance Fee (05/2021)" TransName="RESIDENTLIABILITYFEE" TransactionBatchID="1619538296076"/>
    <Transaction CatCode="C" FiscalPeriodEnd="N" LeaID="11315" ReshID="795" SiteID="4211658" TransAmt="10.00" TransDate="2021-05-01" TransDesc="Resident Liability Compliance Fee (05/2021)" TransName="RESIDENTLIABILITYFEE" TransactionBatchID="1619538296077"/>
    <Transaction CatCode="C" FiscalPeriodEnd="N" LeaID="11327" ReshID="802" SiteID="4211658" TransAmt="10.00" TransDate="2021-05-01" TransDesc="Resident Liability Compliance Fee (05/2021)" TransName="RESIDENTLIABILITYFEE" TransactionBatchID="1619538296078"/>
    <Transaction CatCode="C" FiscalPeriodEnd="N" LeaID="11366" ReshID="520" SiteID="4211658" TransAmt="10.00" TransDate="2021-05-01" TransDesc="Resident Liability Compliance Fee (05/2021)" TransName="RESIDENTLIABILITYFEE" TransactionBatchID="1619538296079"/>
    <Transaction CatCode="C" FiscalPeriodEnd="N" LeaID="11335" ReshID="539" SiteID="4211658" TransAmt="10.00" TransDate="2021-05-01" TransDesc="Resident Liability Compliance Fee (05/2021)" TransName="RESIDENTLIABILITYFEE" TransactionBatchID="1619538296080"/>
    <Transaction CatCode="C" FiscalPeriodEnd="N" LeaID="11297" ReshID="794" SiteID="4211658" TransAmt="10.00" TransDate="2021-05-01" TransDesc="Resident Liability Compliance Fee (05/2021)" TransName="RESIDENTLIABILITYFEE" TransactionBatchID="1619538296081"/>
    <Transaction CatCode="C" FiscalPeriodEnd="N" LeaID="11342" ReshID="868" SiteID="4211658" TransAmt="10.00" TransDate="2021-05-01" TransDesc="Resident Liability Compliance Fee (05/2021)" TransName="RESIDENTLIABILITYFEE" TransactionBatchID="1619538296082"/>
    <Transaction CatCode="C" FiscalPeriodEnd="N" LeaID="11389" ReshID="830" SiteID="4211658" TransAmt="10.00" TransDate="2021-05-01" TransDesc="Resident Liability Compliance Fee (05/2021)" TransName="RESIDENTLIABILITYFEE" TransactionBatchID="1619538296083"/>
    <Transaction CatCode="C" FiscalPeriodEnd="N" LeaID="11426" ReshID="936" SiteID="4211658" TransAmt="10.00" TransDate="2021-05-01" TransDesc="Resident Liability Compliance Fee (05/2021)" TransName="RESIDENTLIABILITYFEE" TransactionBatchID="1619538296084"/>
    <Transaction CatCode="C" FiscalPeriodEnd="N" LeaID="1094" ReshID="929" SiteID="4211658" TransAmt="10.00" TransDate="2021-05-01" TransDesc="Resident Liability Compliance Fee (05/2021)" TransName="RESIDENTLIABILITYFEE" TransactionBatchID="1619538296085"/>
    <Transaction CatCode="C" FiscalPeriodEnd="N" LeaID="11453" ReshID="928" SiteID="4211658" TransAmt="10.00" TransDate="2021-05-01" TransDesc="Resident Liability Compliance Fee (05/2021)" TransName="RESIDENTLIABILITYFEE" TransactionBatchID="1619538296086"/>
    <Transaction CatCode="C" FiscalPeriodEnd="N" LeaID="11477" ReshID="970" SiteID="4211658" TransAmt="10.00" TransDate="2021-05-01" TransDesc="Resident Liability Compliance Fee (05/2021)" TransName="RESIDENTLIABILITYFEE" TransactionBatchID="1619538296087"/>
    <Transaction CatCode="C" FiscalPeriodEnd="N" LeaID="11535" ReshID="948" SiteID="4211658" TransAmt="10.00" TransDate="2021-05-01" TransDesc="Resident Liability Compliance Fee (05/2021)" TransName="RESIDENTLIABILITYFEE" TransactionBatchID="1619538296088"/>
    <Transaction CatCode="C" FiscalPeriodEnd="N" LeaID="11492" ReshID="989" SiteID="4211658" TransAmt="10.00" TransDate="2021-05-01" TransDesc="Resident Liability Compliance Fee (05/2021)" TransName="RESIDENTLIABILITYFEE" TransactionBatchID="1619538296089"/>
    <Transaction CatCode="C" FiscalPeriodEnd="N" LeaID="11551" ReshID="983" SiteID="4211658" TransAmt="10.00" TransDate="2021-05-01" TransDesc="Resident Liability Compliance Fee (05/2021)" TransName="RESIDENTLIABILITYFEE" TransactionBatchID="1619538296090"/>
    <Transaction CatCode="C" FiscalPeriodEnd="N" LeaID="11506" ReshID="956" SiteID="4211658" TransAmt="10.00" TransDate="2021-05-01" TransDesc="Resident Liability Compliance Fee (05/2021)" TransName="RESIDENTLIABILITYFEE" TransactionBatchID="1619538296091"/>
    <Transaction CatCode="C" FiscalPeriodEnd="N" LeaID="11612" ReshID="11009" SiteID="4211658" TransAmt="10.00" TransDate="2021-05-01" TransDesc="Resident Liability Compliance Fee (05/2021)" TransName="RESIDENTLIABILITYFEE" TransactionBatchID="1619538296092"/>
    <Transaction CatCode="C" FiscalPeriodEnd="N" LeaID="11458" ReshID="1007" SiteID="4211658" TransAmt="10.00" TransDate="2021-05-01" TransDesc="Resident Liability Compliance Fee (05/2021)" TransName="RESIDENTLIABILITYFEE" TransactionBatchID="1619538296093"/>
    <Transaction CatCode="C" FiscalPeriodEnd="N" LeaID="1207" ReshID="999" SiteID="4211658" TransAmt="10.00" TransDate="2021-05-01" TransDesc="Resident Liability Compliance Fee (05/2021)" TransName="RESIDENTLIABILITYFEE" TransactionBatchID="1619538296094"/>
    <Transaction CatCode="C" FiscalPeriodEnd="N" LeaID="11263" ReshID="11026" SiteID="4211658" TransAmt="10.00" TransDate="2021-05-01" TransDesc="Resident Liability Compliance Fee (05/2021)" TransName="RESIDENTLIABILITYFEE" TransactionBatchID="1619538296095"/>
    <Transaction CatCode="C" FiscalPeriodEnd="N" LeaID="11262" ReshID="11025" SiteID="4211658" TransAmt="10.00" TransDate="2021-05-01" TransDesc="Resident Liability Compliance Fee (05/2021)" TransName="RESIDENTLIABILITYFEE" TransactionBatchID="1619538296096"/>
    <Transaction CatCode="C" FiscalPeriodEnd="N" LeaID="11249" ReshID="11019" SiteID="4211658" TransAmt="10.00" TransDate="2021-05-01" TransDesc="Resident Liability Compliance Fee (05/2021)" TransName="RESIDENTLIABILITYFEE" TransactionBatchID="1619538296097"/>
    <Transaction CatCode="C" FiscalPeriodEnd="N" LeaID="11266" ReshID="11029" SiteID="4211658" TransAmt="10.00" TransDate="2021-05-01" TransDesc="Resident Liability Compliance Fee (05/2021)" TransName="RESIDENTLIABILITYFEE" TransactionBatchID="1619538296098"/>
    <Transaction CatCode="C" FiscalPeriodEnd="N" LeaID="11314" ReshID="11061" SiteID="4211658" TransAmt="10.00" TransDate="2021-05-01" TransDesc="Resident Liability Compliance Fee (05/2021)" TransName="RESIDENTLIABILITYFEE" TransactionBatchID="1619538296099"/>
    <Transaction CatCode="C" FiscalPeriodEnd="N" LeaID="11287" ReshID="11049" SiteID="4211658" TransAmt="10.00" TransDate="2021-05-01" TransDesc="Resident Liability Compliance Fee (05/2021)" TransName="RESIDENTLIABILITYFEE" TransactionBatchID="1619538296100"/>
    <Transaction CatCode="C" FiscalPeriodEnd="N" LeaID="11307" ReshID="11058" SiteID="4211658" TransAmt="10.00" TransDate="2021-05-01" TransDesc="Resident Liability Compliance Fee (05/2021)" TransName="RESIDENTLIABILITYFEE" TransactionBatchID="1619538296101"/>
    <Transaction CatCode="C" FiscalPeriodEnd="N" LeaID="11364" ReshID="11107" SiteID="4211658" TransAmt="10.00" TransDate="2021-05-01" TransDesc="Resident Liability Compliance Fee (05/2021)" TransName="RESIDENTLIABILITYFEE" TransactionBatchID="1619538296102"/>
    <Transaction CatCode="C" FiscalPeriodEnd="N" LeaID="11301" ReshID="11055" SiteID="4211658" TransAmt="10.00" TransDate="2021-05-01" TransDesc="Resident Liability Compliance Fee (05/2021)" TransName="RESIDENTLIABILITYFEE" TransactionBatchID="1619538296103"/>
    <Transaction CatCode="C" FiscalPeriodEnd="N" LeaID="11417" ReshID="11142" SiteID="4211658" TransAmt="10.00" TransDate="2021-05-01" TransDesc="Resident Liability Compliance Fee (05/2021)" TransName="RESIDENTLIABILITYFEE" TransactionBatchID="1619538296104"/>
    <Transaction CatCode="C" FiscalPeriodEnd="N" LeaID="11423" ReshID="11146" SiteID="4211658" TransAmt="10.00" TransDate="2021-05-01" TransDesc="Resident Liability Compliance Fee (05/2021)" TransName="RESIDENTLIABILITYFEE" TransactionBatchID="1619538296105"/>
    <Transaction CatCode="C" FiscalPeriodEnd="N" LeaID="11433" ReshID="11150" SiteID="4211658" TransAmt="10.00" TransDate="2021-05-01" TransDesc="Resident Liability Compliance Fee (05/2021)" TransName="RESIDENTLIABILITYFEE" TransactionBatchID="1619538296106"/>
    <Transaction CatCode="C" FiscalPeriodEnd="N" LeaID="11402" ReshID="11129" SiteID="4211658" TransAmt="10.00" TransDate="2021-05-01" TransDesc="Resident Liability Compliance Fee (05/2021)" TransName="RESIDENTLIABILITYFEE" TransactionBatchID="1619538296107"/>
    <Transaction CatCode="C" FiscalPeriodEnd="N" LeaID="11434" ReshID="11151" SiteID="4211658" TransAmt="10.00" TransDate="2021-05-01" TransDesc="Resident Liability Compliance Fee (05/2021)" TransName="RESIDENTLIABILITYFEE" TransactionBatchID="1619538296108"/>
    <Transaction CatCode="C" FiscalPeriodEnd="N" LeaID="11461" ReshID="11167" SiteID="4211658" TransAmt="10.00" TransDate="2021-05-01" TransDesc="Resident Liability Compliance Fee (05/2021)" TransName="RESIDENTLIABILITYFEE" TransactionBatchID="1619538296109"/>
    <Transaction CatCode="C" FiscalPeriodEnd="N" LeaID="11474" ReshID="11177" SiteID="4211658" TransAmt="10.00" TransDate="2021-05-01" TransDesc="Resident Liability Compliance Fee (05/2021)" TransName="RESIDENTLIABILITYFEE" TransactionBatchID="1619538296110"/>
    <Transaction CatCode="C" FiscalPeriodEnd="N" LeaID="11516" ReshID="11202" SiteID="4211658" TransAmt="10.00" TransDate="2021-05-01" TransDesc="Resident Liability Compliance Fee (05/2021)" TransName="RESIDENTLIABILITYFEE" TransactionBatchID="1619538296111"/>
    <Transaction CatCode="C" FiscalPeriodEnd="N" LeaID="11469" ReshID="11174" SiteID="4211658" TransAmt="10.00" TransDate="2021-05-01" TransDesc="Resident Liability Compliance Fee (05/2021)" TransName="RESIDENTLIABILITYFEE" TransactionBatchID="1619538296112"/>
    <Transaction CatCode="C" FiscalPeriodEnd="N" LeaID="11542" ReshID="11220" SiteID="4211658" TransAmt="10.00" TransDate="2021-05-01" TransDesc="Resident Liability Compliance Fee (05/2021)" TransName="RESIDENTLIABILITYFEE" TransactionBatchID="1619538296113"/>
    <Transaction CatCode="C" FiscalPeriodEnd="N" LeaID="11578" ReshID="11249" SiteID="4211658" TransAmt="10.00" TransDate="2021-05-01" TransDesc="Resident Liability Compliance Fee (05/2021)" TransName="RESIDENTLIABILITYFEE" TransactionBatchID="1619538296114"/>
    <Transaction CatCode="C" FiscalPeriodEnd="N" LeaID="11575" ReshID="11247" SiteID="4211658" TransAmt="10.00" TransDate="2021-05-01" TransDesc="Resident Liability Compliance Fee (05/2021)" TransName="RESIDENTLIABILITYFEE" TransactionBatchID="1619538296115"/>
    <Transaction CatCode="C" FiscalPeriodEnd="N" LeaID="11606" ReshID="11267" SiteID="4211658" TransAmt="10.00" TransDate="2021-05-01" TransDesc="Resident Liability Compliance Fee (05/2021)" TransName="RESIDENTLIABILITYFEE" TransactionBatchID="1619538296116"/>
    <Transaction CatCode="C" FiscalPeriodEnd="N" LeaID="11605" ReshID="11266" SiteID="4211658" TransAmt="10.00" TransDate="2021-05-01" TransDesc="Resident Liability Compliance Fee (05/2021)" TransName="RESIDENTLIABILITYFEE" TransactionBatchID="1619538296117"/>
    <Transaction CatCode="C" FiscalPeriodEnd="N" LeaID="11648" ReshID="11292" SiteID="4211658" TransAmt="10.00" TransDate="2021-05-01" TransDesc="Resident Liability Compliance Fee (05/2021)" TransName="RESIDENTLIABILITYFEE" TransactionBatchID="1619538296118"/>
</TransactionList>
