<TransactionList>
    <Validation>
        <Audit Count="104" Node="Transaction" Sum="1040.00"/>
    </Validation>
    <Transaction CatCode="C" FiscalPeriodEnd="N" LeaID="51192" ReshID="9" SiteID="4219415" TransAmt="10.00" TransDate="2021-05-01" TransDesc="Resident Liability Compliance Fee (05/2021)" TransName="RESIDENTLIABILITYFEE" TransactionBatchID="1619538293711"/>
    <Transaction CatCode="C" FiscalPeriodEnd="N" LeaID="61370" ReshID="10" SiteID="4219415" TransAmt="10.00" TransDate="2021-05-01" TransDesc="Resident Liability Compliance Fee (05/2021)" TransName="RESIDENTLIABILITYFEE" TransactionBatchID="1619538293712"/>
    <Transaction CatCode="C" FiscalPeriodEnd="N" LeaID="61243" ReshID="12" SiteID="4219415" TransAmt="10.00" TransDate="2021-05-01" TransDesc="Resident Liability Compliance Fee (05/2021)" TransName="RESIDENTLIABILITYFEE" TransactionBatchID="1619538293713"/>
    <Transaction CatCode="C" FiscalPeriodEnd="N" LeaID="61310" ReshID="17" SiteID="4219415" TransAmt="10.00" TransDate="2021-05-01" TransDesc="Resident Liability Compliance Fee (05/2021)" TransName="RESIDENTLIABILITYFEE" TransactionBatchID="1619538293714"/>
    <Transaction CatCode="C" FiscalPeriodEnd="N" LeaID="61360" ReshID="20" SiteID="4219415" TransAmt="10.00" TransDate="2021-05-01" TransDesc="Resident Liability Compliance Fee (05/2021)" TransName="RESIDENTLIABILITYFEE" TransactionBatchID="1619538293715"/>
    <Transaction CatCode="C" FiscalPeriodEnd="N" LeaID="41065" ReshID="30" SiteID="4219415" TransAmt="10.00" TransDate="2021-05-01" TransDesc="Resident Liability Compliance Fee (05/2021)" TransName="RESIDENTLIABILITYFEE" TransactionBatchID="1619538293716"/>
    <Transaction CatCode="C" FiscalPeriodEnd="N" LeaID="61278" ReshID="42" SiteID="4219415" TransAmt="10.00" TransDate="2021-05-01" TransDesc="Resident Liability Compliance Fee (05/2021)" TransName="RESIDENTLIABILITYFEE" TransactionBatchID="1619538293717"/>
    <Transaction CatCode="C" FiscalPeriodEnd="N" LeaID="51161" ReshID="45" SiteID="4219415" TransAmt="10.00" TransDate="2021-05-01" TransDesc="Resident Liability Compliance Fee (05/2021)" TransName="RESIDENTLIABILITYFEE" TransactionBatchID="1619538293718"/>
    <Transaction CatCode="C" FiscalPeriodEnd="N" LeaID="61382" ReshID="69" SiteID="4219415" TransAmt="10.00" TransDate="2021-05-01" TransDesc="Resident Liability Compliance Fee (05/2021)" TransName="RESIDENTLIABILITYFEE" TransactionBatchID="1619538293719"/>
    <Transaction CatCode="C" FiscalPeriodEnd="N" LeaID="41066" ReshID="75" SiteID="4219415" TransAmt="10.00" TransDate="2021-05-01" TransDesc="Resident Liability Compliance Fee (05/2021)" TransName="RESIDENTLIABILITYFEE" TransactionBatchID="1619538293720"/>
    <Transaction CatCode="C" FiscalPeriodEnd="N" LeaID="61362" ReshID="88" SiteID="4219415" TransAmt="10.00" TransDate="2021-05-01" TransDesc="Resident Liability Compliance Fee (05/2021)" TransName="RESIDENTLIABILITYFEE" TransactionBatchID="1619538293721"/>
    <Transaction CatCode="C" FiscalPeriodEnd="N" LeaID="51095" ReshID="94" SiteID="4219415" TransAmt="10.00" TransDate="2021-05-01" TransDesc="Resident Liability Compliance Fee (05/2021)" TransName="RESIDENTLIABILITYFEE" TransactionBatchID="1619538293722"/>
    <Transaction CatCode="C" FiscalPeriodEnd="N" LeaID="51190" ReshID="233" SiteID="4219415" TransAmt="10.00" TransDate="2021-05-01" TransDesc="Resident Liability Compliance Fee (05/2021)" TransName="RESIDENTLIABILITYFEE" TransactionBatchID="1619538293723"/>
    <Transaction CatCode="C" FiscalPeriodEnd="N" LeaID="61231" ReshID="284" SiteID="4219415" TransAmt="10.00" TransDate="2021-05-01" TransDesc="Resident Liability Compliance Fee (05/2021)" TransName="RESIDENTLIABILITYFEE" TransactionBatchID="1619538293724"/>
    <Transaction CatCode="C" FiscalPeriodEnd="N" LeaID="61361" ReshID="298" SiteID="4219415" TransAmt="10.00" TransDate="2021-05-01" TransDesc="Resident Liability Compliance Fee (05/2021)" TransName="RESIDENTLIABILITYFEE" TransactionBatchID="1619538293725"/>
    <Transaction CatCode="C" FiscalPeriodEnd="N" LeaID="61336" ReshID="333" SiteID="4219415" TransAmt="10.00" TransDate="2021-05-01" TransDesc="Resident Liability Compliance Fee (05/2021)" TransName="RESIDENTLIABILITYFEE" TransactionBatchID="1619538293726"/>
    <Transaction CatCode="C" FiscalPeriodEnd="N" LeaID="41019" ReshID="340" SiteID="4219415" TransAmt="10.00" TransDate="2021-05-01" TransDesc="Resident Liability Compliance Fee (05/2021)" TransName="RESIDENTLIABILITYFEE" TransactionBatchID="1619538293727"/>
    <Transaction CatCode="C" FiscalPeriodEnd="N" LeaID="41030" ReshID="348" SiteID="4219415" TransAmt="10.00" TransDate="2021-05-01" TransDesc="Resident Liability Compliance Fee (05/2021)" TransName="RESIDENTLIABILITYFEE" TransactionBatchID="1619538293728"/>
    <Transaction CatCode="C" FiscalPeriodEnd="N" LeaID="41007" ReshID="362" SiteID="4219415" TransAmt="10.00" TransDate="2021-05-01" TransDesc="Resident Liability Compliance Fee (05/2021)" TransName="RESIDENTLIABILITYFEE" TransactionBatchID="1619538293729"/>
    <Transaction CatCode="C" FiscalPeriodEnd="N" LeaID="496" ReshID="381" SiteID="4219415" TransAmt="10.00" TransDate="2021-05-01" TransDesc="Resident Liability Compliance Fee (05/2021)" TransName="RESIDENTLIABILITYFEE" TransactionBatchID="1619538293730"/>
    <Transaction CatCode="C" FiscalPeriodEnd="N" LeaID="51134" ReshID="426" SiteID="4219415" TransAmt="10.00" TransDate="2021-05-01" TransDesc="Resident Liability Compliance Fee (05/2021)" TransName="RESIDENTLIABILITYFEE" TransactionBatchID="1619538293731"/>
    <Transaction CatCode="C" FiscalPeriodEnd="N" LeaID="51191" ReshID="436" SiteID="4219415" TransAmt="10.00" TransDate="2021-05-01" TransDesc="Resident Liability Compliance Fee (05/2021)" TransName="RESIDENTLIABILITYFEE" TransactionBatchID="1619538293732"/>
    <Transaction CatCode="C" FiscalPeriodEnd="N" LeaID="51189" ReshID="438" SiteID="4219415" TransAmt="10.00" TransDate="2021-05-01" TransDesc="Resident Liability Compliance Fee (05/2021)" TransName="RESIDENTLIABILITYFEE" TransactionBatchID="1619538293733"/>
    <Transaction CatCode="C" FiscalPeriodEnd="N" LeaID="61226" ReshID="442" SiteID="4219415" TransAmt="10.00" TransDate="2021-05-01" TransDesc="Resident Liability Compliance Fee (05/2021)" TransName="RESIDENTLIABILITYFEE" TransactionBatchID="1619538293734"/>
    <Transaction CatCode="C" FiscalPeriodEnd="N" LeaID="61340" ReshID="477" SiteID="4219415" TransAmt="10.00" TransDate="2021-05-01" TransDesc="Resident Liability Compliance Fee (05/2021)" TransName="RESIDENTLIABILITYFEE" TransactionBatchID="1619538293735"/>
    <Transaction CatCode="C" FiscalPeriodEnd="N" LeaID="61295" ReshID="478" SiteID="4219415" TransAmt="10.00" TransDate="2021-05-01" TransDesc="Resident Liability Compliance Fee (05/2021)" TransName="RESIDENTLIABILITYFEE" TransactionBatchID="1619538293736"/>
    <Transaction CatCode="C" FiscalPeriodEnd="N" LeaID="41048" ReshID="506" SiteID="4219415" TransAmt="10.00" TransDate="2021-05-01" TransDesc="Resident Liability Compliance Fee (05/2021)" TransName="RESIDENTLIABILITYFEE" TransactionBatchID="1619538293737"/>
    <Transaction CatCode="C" FiscalPeriodEnd="N" LeaID="61344" ReshID="509" SiteID="4219415" TransAmt="10.00" TransDate="2021-05-01" TransDesc="Resident Liability Compliance Fee (05/2021)" TransName="RESIDENTLIABILITYFEE" TransactionBatchID="1619538293738"/>
    <Transaction CatCode="C" FiscalPeriodEnd="N" LeaID="41029" ReshID="512" SiteID="4219415" TransAmt="10.00" TransDate="2021-05-01" TransDesc="Resident Liability Compliance Fee (05/2021)" TransName="RESIDENTLIABILITYFEE" TransactionBatchID="1619538293739"/>
    <Transaction CatCode="C" FiscalPeriodEnd="N" LeaID="41035" ReshID="513" SiteID="4219415" TransAmt="10.00" TransDate="2021-05-01" TransDesc="Resident Liability Compliance Fee (05/2021)" TransName="RESIDENTLIABILITYFEE" TransactionBatchID="1619538293740"/>
    <Transaction CatCode="C" FiscalPeriodEnd="N" LeaID="41041" ReshID="366" SiteID="4219415" TransAmt="10.00" TransDate="2021-05-01" TransDesc="Resident Liability Compliance Fee (05/2021)" TransName="RESIDENTLIABILITYFEE" TransactionBatchID="1619538293741"/>
    <Transaction CatCode="C" FiscalPeriodEnd="N" LeaID="51083" ReshID="538" SiteID="4219415" TransAmt="10.00" TransDate="2021-05-01" TransDesc="Resident Liability Compliance Fee (05/2021)" TransName="RESIDENTLIABILITYFEE" TransactionBatchID="1619538293742"/>
    <Transaction CatCode="C" FiscalPeriodEnd="N" LeaID="51117" ReshID="49" SiteID="4219415" TransAmt="10.00" TransDate="2021-05-01" TransDesc="Resident Liability Compliance Fee (05/2021)" TransName="RESIDENTLIABILITYFEE" TransactionBatchID="1619538293743"/>
    <Transaction CatCode="C" FiscalPeriodEnd="N" LeaID="61308" ReshID="194" SiteID="4219415" TransAmt="10.00" TransDate="2021-05-01" TransDesc="Resident Liability Compliance Fee (05/2021)" TransName="RESIDENTLIABILITYFEE" TransactionBatchID="1619538293744"/>
    <Transaction CatCode="C" FiscalPeriodEnd="N" LeaID="41061" ReshID="198" SiteID="4219415" TransAmt="10.00" TransDate="2021-05-01" TransDesc="Resident Liability Compliance Fee (05/2021)" TransName="RESIDENTLIABILITYFEE" TransactionBatchID="1619538293745"/>
    <Transaction CatCode="C" FiscalPeriodEnd="N" LeaID="51110" ReshID="202" SiteID="4219415" TransAmt="10.00" TransDate="2021-05-01" TransDesc="Resident Liability Compliance Fee (05/2021)" TransName="RESIDENTLIABILITYFEE" TransactionBatchID="1619538293746"/>
    <Transaction CatCode="C" FiscalPeriodEnd="N" LeaID="51072" ReshID="217" SiteID="4219415" TransAmt="10.00" TransDate="2021-05-01" TransDesc="Resident Liability Compliance Fee (05/2021)" TransName="RESIDENTLIABILITYFEE" TransactionBatchID="1619538293747"/>
    <Transaction CatCode="C" FiscalPeriodEnd="N" LeaID="20811" ReshID="545" SiteID="4219415" TransAmt="10.00" TransDate="2021-05-01" TransDesc="Resident Liability Compliance Fee (05/2021)" TransName="RESIDENTLIABILITYFEE" TransactionBatchID="1619538293748"/>
    <Transaction CatCode="C" FiscalPeriodEnd="N" LeaID="61374" ReshID="427" SiteID="4219415" TransAmt="10.00" TransDate="2021-05-01" TransDesc="Resident Liability Compliance Fee (05/2021)" TransName="RESIDENTLIABILITYFEE" TransactionBatchID="1619538293749"/>
    <Transaction CatCode="C" FiscalPeriodEnd="N" LeaID="51115" ReshID="32" SiteID="4219415" TransAmt="10.00" TransDate="2021-05-01" TransDesc="Resident Liability Compliance Fee (05/2021)" TransName="RESIDENTLIABILITYFEE" TransactionBatchID="1619538293750"/>
    <Transaction CatCode="C" FiscalPeriodEnd="N" LeaID="41018" ReshID="93" SiteID="4219415" TransAmt="10.00" TransDate="2021-05-01" TransDesc="Resident Liability Compliance Fee (05/2021)" TransName="RESIDENTLIABILITYFEE" TransactionBatchID="1619538293751"/>
    <Transaction CatCode="C" FiscalPeriodEnd="N" LeaID="51077" ReshID="212" SiteID="4219415" TransAmt="10.00" TransDate="2021-05-01" TransDesc="Resident Liability Compliance Fee (05/2021)" TransName="RESIDENTLIABILITYFEE" TransactionBatchID="1619538293752"/>
    <Transaction CatCode="C" FiscalPeriodEnd="N" LeaID="41031" ReshID="420" SiteID="4219415" TransAmt="10.00" TransDate="2021-05-01" TransDesc="Resident Liability Compliance Fee (05/2021)" TransName="RESIDENTLIABILITYFEE" TransactionBatchID="1619538293753"/>
    <Transaction CatCode="C" FiscalPeriodEnd="N" LeaID="61269" ReshID="546" SiteID="4219415" TransAmt="10.00" TransDate="2021-05-01" TransDesc="Resident Liability Compliance Fee (05/2021)" TransName="RESIDENTLIABILITYFEE" TransactionBatchID="1619538293754"/>
    <Transaction CatCode="C" FiscalPeriodEnd="N" LeaID="51121" ReshID="547" SiteID="4219415" TransAmt="10.00" TransDate="2021-05-01" TransDesc="Resident Liability Compliance Fee (05/2021)" TransName="RESIDENTLIABILITYFEE" TransactionBatchID="1619538293755"/>
    <Transaction CatCode="C" FiscalPeriodEnd="N" LeaID="51135" ReshID="530" SiteID="4219415" TransAmt="10.00" TransDate="2021-05-01" TransDesc="Resident Liability Compliance Fee (05/2021)" TransName="RESIDENTLIABILITYFEE" TransactionBatchID="1619538293756"/>
    <Transaction CatCode="C" FiscalPeriodEnd="N" LeaID="51130" ReshID="555" SiteID="4219415" TransAmt="10.00" TransDate="2021-05-01" TransDesc="Resident Liability Compliance Fee (05/2021)" TransName="RESIDENTLIABILITYFEE" TransactionBatchID="1619538293757"/>
    <Transaction CatCode="C" FiscalPeriodEnd="N" LeaID="51209" ReshID="553" SiteID="4219415" TransAmt="10.00" TransDate="2021-05-01" TransDesc="Resident Liability Compliance Fee (05/2021)" TransName="RESIDENTLIABILITYFEE" TransactionBatchID="1619538293758"/>
    <Transaction CatCode="C" FiscalPeriodEnd="N" LeaID="61377" ReshID="562" SiteID="4219415" TransAmt="10.00" TransDate="2021-05-01" TransDesc="Resident Liability Compliance Fee (05/2021)" TransName="RESIDENTLIABILITYFEE" TransactionBatchID="1619538293759"/>
    <Transaction CatCode="C" FiscalPeriodEnd="N" LeaID="51116" ReshID="10567" SiteID="4219415" TransAmt="10.00" TransDate="2021-05-01" TransDesc="Resident Liability Compliance Fee (05/2021)" TransName="RESIDENTLIABILITYFEE" TransactionBatchID="1619538293760"/>
    <Transaction CatCode="C" FiscalPeriodEnd="N" LeaID="51109" ReshID="549" SiteID="4219415" TransAmt="10.00" TransDate="2021-05-01" TransDesc="Resident Liability Compliance Fee (05/2021)" TransName="RESIDENTLIABILITYFEE" TransactionBatchID="1619538293761"/>
    <Transaction CatCode="C" FiscalPeriodEnd="N" LeaID="51084" ReshID="557" SiteID="4219415" TransAmt="10.00" TransDate="2021-05-01" TransDesc="Resident Liability Compliance Fee (05/2021)" TransName="RESIDENTLIABILITYFEE" TransactionBatchID="1619538293762"/>
    <Transaction CatCode="C" FiscalPeriodEnd="N" LeaID="61259" ReshID="10595" SiteID="4219415" TransAmt="10.00" TransDate="2021-05-01" TransDesc="Resident Liability Compliance Fee (05/2021)" TransName="RESIDENTLIABILITYFEE" TransactionBatchID="1619538293763"/>
    <Transaction CatCode="C" FiscalPeriodEnd="N" LeaID="41012" ReshID="10618" SiteID="4219415" TransAmt="10.00" TransDate="2021-05-01" TransDesc="Resident Liability Compliance Fee (05/2021)" TransName="RESIDENTLIABILITYFEE" TransactionBatchID="1619538293764"/>
    <Transaction CatCode="C" FiscalPeriodEnd="N" LeaID="61260" ReshID="10610" SiteID="4219415" TransAmt="10.00" TransDate="2021-05-01" TransDesc="Resident Liability Compliance Fee (05/2021)" TransName="RESIDENTLIABILITYFEE" TransactionBatchID="1619538293765"/>
    <Transaction CatCode="C" FiscalPeriodEnd="N" LeaID="51211" ReshID="10645" SiteID="4219415" TransAmt="10.00" TransDate="2021-05-01" TransDesc="Resident Liability Compliance Fee (05/2021)" TransName="RESIDENTLIABILITYFEE" TransactionBatchID="1619538293766"/>
    <Transaction CatCode="C" FiscalPeriodEnd="N" LeaID="41062" ReshID="247" SiteID="4219415" TransAmt="10.00" TransDate="2021-05-01" TransDesc="Resident Liability Compliance Fee (05/2021)" TransName="RESIDENTLIABILITYFEE" TransactionBatchID="1619538293767"/>
    <Transaction CatCode="C" FiscalPeriodEnd="N" LeaID="61272" ReshID="10598" SiteID="4219415" TransAmt="10.00" TransDate="2021-05-01" TransDesc="Resident Liability Compliance Fee (05/2021)" TransName="RESIDENTLIABILITYFEE" TransactionBatchID="1619538293768"/>
    <Transaction CatCode="C" FiscalPeriodEnd="N" LeaID="61332" ReshID="10662" SiteID="4219415" TransAmt="10.00" TransDate="2021-05-01" TransDesc="Resident Liability Compliance Fee (05/2021)" TransName="RESIDENTLIABILITYFEE" TransactionBatchID="1619538293769"/>
    <Transaction CatCode="C" FiscalPeriodEnd="N" LeaID="61271" ReshID="10658" SiteID="4219415" TransAmt="10.00" TransDate="2021-05-01" TransDesc="Resident Liability Compliance Fee (05/2021)" TransName="RESIDENTLIABILITYFEE" TransactionBatchID="1619538293770"/>
    <Transaction CatCode="C" FiscalPeriodEnd="N" LeaID="40993" ReshID="10667" SiteID="4219415" TransAmt="10.00" TransDate="2021-05-01" TransDesc="Resident Liability Compliance Fee (05/2021)" TransName="RESIDENTLIABILITYFEE" TransactionBatchID="1619538293771"/>
    <Transaction CatCode="C" FiscalPeriodEnd="N" LeaID="61358" ReshID="10674" SiteID="4219415" TransAmt="10.00" TransDate="2021-05-01" TransDesc="Resident Liability Compliance Fee (05/2021)" TransName="RESIDENTLIABILITYFEE" TransactionBatchID="1619538293772"/>
    <Transaction CatCode="C" FiscalPeriodEnd="N" LeaID="41024" ReshID="10680" SiteID="4219415" TransAmt="10.00" TransDate="2021-05-01" TransDesc="Resident Liability Compliance Fee (05/2021)" TransName="RESIDENTLIABILITYFEE" TransactionBatchID="1619538293773"/>
    <Transaction CatCode="C" FiscalPeriodEnd="N" LeaID="61372" ReshID="10672" SiteID="4219415" TransAmt="10.00" TransDate="2021-05-01" TransDesc="Resident Liability Compliance Fee (05/2021)" TransName="RESIDENTLIABILITYFEE" TransactionBatchID="1619538293774"/>
    <Transaction CatCode="C" FiscalPeriodEnd="N" LeaID="41027" ReshID="10682" SiteID="4219415" TransAmt="10.00" TransDate="2021-05-01" TransDesc="Resident Liability Compliance Fee (05/2021)" TransName="RESIDENTLIABILITYFEE" TransactionBatchID="1619538293775"/>
    <Transaction CatCode="C" FiscalPeriodEnd="N" LeaID="41047" ReshID="10684" SiteID="4219415" TransAmt="10.00" TransDate="2021-05-01" TransDesc="Resident Liability Compliance Fee (05/2021)" TransName="RESIDENTLIABILITYFEE" TransactionBatchID="1619538293776"/>
    <Transaction CatCode="C" FiscalPeriodEnd="N" LeaID="51073" ReshID="20698" SiteID="4219415" TransAmt="10.00" TransDate="2021-05-01" TransDesc="Resident Liability Compliance Fee (05/2021)" TransName="RESIDENTLIABILITYFEE" TransactionBatchID="1619538293777"/>
    <Transaction CatCode="C" FiscalPeriodEnd="N" LeaID="41072" ReshID="10698" SiteID="4219415" TransAmt="10.00" TransDate="2021-05-01" TransDesc="Resident Liability Compliance Fee (05/2021)" TransName="RESIDENTLIABILITYFEE" TransactionBatchID="1619538293778"/>
    <Transaction CatCode="C" FiscalPeriodEnd="N" LeaID="51090" ReshID="20709" SiteID="4219415" TransAmt="10.00" TransDate="2021-05-01" TransDesc="Resident Liability Compliance Fee (05/2021)" TransName="RESIDENTLIABILITYFEE" TransactionBatchID="1619538293779"/>
    <Transaction CatCode="C" FiscalPeriodEnd="N" LeaID="51075" ReshID="20700" SiteID="4219415" TransAmt="10.00" TransDate="2021-05-01" TransDesc="Resident Liability Compliance Fee (05/2021)" TransName="RESIDENTLIABILITYFEE" TransactionBatchID="1619538293780"/>
    <Transaction CatCode="C" FiscalPeriodEnd="N" LeaID="51112" ReshID="20723" SiteID="4219415" TransAmt="10.00" TransDate="2021-05-01" TransDesc="Resident Liability Compliance Fee (05/2021)" TransName="RESIDENTLIABILITYFEE" TransactionBatchID="1619538293781"/>
    <Transaction CatCode="C" FiscalPeriodEnd="N" LeaID="51126" ReshID="20738" SiteID="4219415" TransAmt="10.00" TransDate="2021-05-01" TransDesc="Resident Liability Compliance Fee (05/2021)" TransName="RESIDENTLIABILITYFEE" TransactionBatchID="1619538293782"/>
    <Transaction CatCode="C" FiscalPeriodEnd="N" LeaID="51089" ReshID="20708" SiteID="4219415" TransAmt="10.00" TransDate="2021-05-01" TransDesc="Resident Liability Compliance Fee (05/2021)" TransName="RESIDENTLIABILITYFEE" TransactionBatchID="1619538293783"/>
    <Transaction CatCode="C" FiscalPeriodEnd="N" LeaID="51142" ReshID="20747" SiteID="4219415" TransAmt="10.00" TransDate="2021-05-01" TransDesc="Resident Liability Compliance Fee (05/2021)" TransName="RESIDENTLIABILITYFEE" TransactionBatchID="1619538293784"/>
    <Transaction CatCode="C" FiscalPeriodEnd="N" LeaID="51148" ReshID="20753" SiteID="4219415" TransAmt="10.00" TransDate="2021-05-01" TransDesc="Resident Liability Compliance Fee (05/2021)" TransName="RESIDENTLIABILITYFEE" TransactionBatchID="1619538293785"/>
    <Transaction CatCode="C" FiscalPeriodEnd="N" LeaID="51138" ReshID="20746" SiteID="4219415" TransAmt="10.00" TransDate="2021-05-01" TransDesc="Resident Liability Compliance Fee (05/2021)" TransName="RESIDENTLIABILITYFEE" TransactionBatchID="1619538293786"/>
    <Transaction CatCode="C" FiscalPeriodEnd="N" LeaID="51172" ReshID="20783" SiteID="4219415" TransAmt="10.00" TransDate="2021-05-01" TransDesc="Resident Liability Compliance Fee (05/2021)" TransName="RESIDENTLIABILITYFEE" TransactionBatchID="1619538293787"/>
    <Transaction CatCode="C" FiscalPeriodEnd="N" LeaID="51175" ReshID="20786" SiteID="4219415" TransAmt="10.00" TransDate="2021-05-01" TransDesc="Resident Liability Compliance Fee (05/2021)" TransName="RESIDENTLIABILITYFEE" TransactionBatchID="1619538293788"/>
    <Transaction CatCode="C" FiscalPeriodEnd="N" LeaID="51178" ReshID="20787" SiteID="4219415" TransAmt="10.00" TransDate="2021-05-01" TransDesc="Resident Liability Compliance Fee (05/2021)" TransName="RESIDENTLIABILITYFEE" TransactionBatchID="1619538293789"/>
    <Transaction CatCode="C" FiscalPeriodEnd="N" LeaID="51131" ReshID="20742" SiteID="4219415" TransAmt="10.00" TransDate="2021-05-01" TransDesc="Resident Liability Compliance Fee (05/2021)" TransName="RESIDENTLIABILITYFEE" TransactionBatchID="1619538293790"/>
    <Transaction CatCode="C" FiscalPeriodEnd="N" LeaID="51137" ReshID="20745" SiteID="4219415" TransAmt="10.00" TransDate="2021-05-01" TransDesc="Resident Liability Compliance Fee (05/2021)" TransName="RESIDENTLIABILITYFEE" TransactionBatchID="1619538293791"/>
    <Transaction CatCode="C" FiscalPeriodEnd="N" LeaID="51180" ReshID="20789" SiteID="4219415" TransAmt="10.00" TransDate="2021-05-01" TransDesc="Resident Liability Compliance Fee (05/2021)" TransName="RESIDENTLIABILITYFEE" TransactionBatchID="1619538293792"/>
    <Transaction CatCode="C" FiscalPeriodEnd="N" LeaID="61233" ReshID="10657" SiteID="4219415" TransAmt="10.00" TransDate="2021-05-01" TransDesc="Resident Liability Compliance Fee (05/2021)" TransName="RESIDENTLIABILITYFEE" TransactionBatchID="1619538293793"/>
    <Transaction CatCode="C" FiscalPeriodEnd="N" LeaID="51143" ReshID="20748" SiteID="4219415" TransAmt="10.00" TransDate="2021-05-01" TransDesc="Resident Liability Compliance Fee (05/2021)" TransName="RESIDENTLIABILITYFEE" TransactionBatchID="1619538293794"/>
    <Transaction CatCode="C" FiscalPeriodEnd="N" LeaID="51153" ReshID="20759" SiteID="4219415" TransAmt="10.00" TransDate="2021-05-01" TransDesc="Resident Liability Compliance Fee (05/2021)" TransName="RESIDENTLIABILITYFEE" TransactionBatchID="1619538293795"/>
    <Transaction CatCode="C" FiscalPeriodEnd="N" LeaID="61217" ReshID="30801" SiteID="4219415" TransAmt="10.00" TransDate="2021-05-01" TransDesc="Resident Liability Compliance Fee (05/2021)" TransName="RESIDENTLIABILITYFEE" TransactionBatchID="1619538293796"/>
    <Transaction CatCode="C" FiscalPeriodEnd="N" LeaID="61240" ReshID="30820" SiteID="4219415" TransAmt="10.00" TransDate="2021-05-01" TransDesc="Resident Liability Compliance Fee (05/2021)" TransName="RESIDENTLIABILITYFEE" TransactionBatchID="1619538293797"/>
    <Transaction CatCode="C" FiscalPeriodEnd="N" LeaID="61234" ReshID="30811" SiteID="4219415" TransAmt="10.00" TransDate="2021-05-01" TransDesc="Resident Liability Compliance Fee (05/2021)" TransName="RESIDENTLIABILITYFEE" TransactionBatchID="1619538293798"/>
    <Transaction CatCode="C" FiscalPeriodEnd="N" LeaID="61248" ReshID="30825" SiteID="4219415" TransAmt="10.00" TransDate="2021-05-01" TransDesc="Resident Liability Compliance Fee (05/2021)" TransName="RESIDENTLIABILITYFEE" TransactionBatchID="1619538293799"/>
    <Transaction CatCode="C" FiscalPeriodEnd="N" LeaID="61253" ReshID="30830" SiteID="4219415" TransAmt="10.00" TransDate="2021-05-01" TransDesc="Resident Liability Compliance Fee (05/2021)" TransName="RESIDENTLIABILITYFEE" TransactionBatchID="1619538293800"/>
    <Transaction CatCode="C" FiscalPeriodEnd="N" LeaID="61277" ReshID="30843" SiteID="4219415" TransAmt="10.00" TransDate="2021-05-01" TransDesc="Resident Liability Compliance Fee (05/2021)" TransName="RESIDENTLIABILITYFEE" TransactionBatchID="1619538293801"/>
    <Transaction CatCode="C" FiscalPeriodEnd="N" LeaID="61289" ReshID="30849" SiteID="4219415" TransAmt="10.00" TransDate="2021-05-01" TransDesc="Resident Liability Compliance Fee (05/2021)" TransName="RESIDENTLIABILITYFEE" TransactionBatchID="1619538293802"/>
    <Transaction CatCode="C" FiscalPeriodEnd="N" LeaID="61275" ReshID="30841" SiteID="4219415" TransAmt="10.00" TransDate="2021-05-01" TransDesc="Resident Liability Compliance Fee (05/2021)" TransName="RESIDENTLIABILITYFEE" TransactionBatchID="1619538293803"/>
    <Transaction CatCode="C" FiscalPeriodEnd="N" LeaID="61305" ReshID="30862" SiteID="4219415" TransAmt="10.00" TransDate="2021-05-01" TransDesc="Resident Liability Compliance Fee (05/2021)" TransName="RESIDENTLIABILITYFEE" TransactionBatchID="1619538293804"/>
    <Transaction CatCode="C" FiscalPeriodEnd="N" LeaID="61323" ReshID="30877" SiteID="4219415" TransAmt="10.00" TransDate="2021-05-01" TransDesc="Resident Liability Compliance Fee (05/2021)" TransName="RESIDENTLIABILITYFEE" TransactionBatchID="1619538293805"/>
    <Transaction CatCode="C" FiscalPeriodEnd="N" LeaID="61302" ReshID="30859" SiteID="4219415" TransAmt="10.00" TransDate="2021-05-01" TransDesc="Resident Liability Compliance Fee (05/2021)" TransName="RESIDENTLIABILITYFEE" TransactionBatchID="1619538293806"/>
    <Transaction CatCode="C" FiscalPeriodEnd="N" LeaID="61318" ReshID="30872" SiteID="4219415" TransAmt="10.00" TransDate="2021-05-01" TransDesc="Resident Liability Compliance Fee (05/2021)" TransName="RESIDENTLIABILITYFEE" TransactionBatchID="1619538293807"/>
    <Transaction CatCode="C" FiscalPeriodEnd="N" LeaID="61352" ReshID="30903" SiteID="4219415" TransAmt="10.00" TransDate="2021-05-01" TransDesc="Resident Liability Compliance Fee (05/2021)" TransName="RESIDENTLIABILITYFEE" TransactionBatchID="1619538293808"/>
    <Transaction CatCode="C" FiscalPeriodEnd="N" LeaID="61371" ReshID="30916" SiteID="4219415" TransAmt="10.00" TransDate="2021-05-01" TransDesc="Resident Liability Compliance Fee (05/2021)" TransName="RESIDENTLIABILITYFEE" TransactionBatchID="1619538293809"/>
    <Transaction CatCode="C" FiscalPeriodEnd="N" LeaID="61396" ReshID="30938" SiteID="4219415" TransAmt="10.00" TransDate="2021-05-01" TransDesc="Resident Liability Compliance Fee (05/2021)" TransName="RESIDENTLIABILITYFEE" TransactionBatchID="1619538293810"/>
    <Transaction CatCode="C" FiscalPeriodEnd="N" LeaID="61353" ReshID="30904" SiteID="4219415" TransAmt="10.00" TransDate="2021-05-01" TransDesc="Resident Liability Compliance Fee (05/2021)" TransName="RESIDENTLIABILITYFEE" TransactionBatchID="1619538293811"/>
    <Transaction CatCode="C" FiscalPeriodEnd="N" LeaID="61367" ReshID="30913" SiteID="4219415" TransAmt="10.00" TransDate="2021-05-01" TransDesc="Resident Liability Compliance Fee (05/2021)" TransName="RESIDENTLIABILITYFEE" TransactionBatchID="1619538293812"/>
    <Transaction CatCode="C" FiscalPeriodEnd="N" LeaID="61387" ReshID="30925" SiteID="4219415" TransAmt="10.00" TransDate="2021-05-01" TransDesc="Resident Liability Compliance Fee (05/2021)" TransName="RESIDENTLIABILITYFEE" TransactionBatchID="1619538293813"/>
    <Transaction CatCode="C" FiscalPeriodEnd="N" LeaID="61400" ReshID="30941" SiteID="4219415" TransAmt="10.00" TransDate="2021-05-01" TransDesc="Resident Liability Compliance Fee (05/2021)" TransName="RESIDENTLIABILITYFEE" TransactionBatchID="1619538293814"/>
</TransactionList>
