<TransactionList>
    <Validation>
        <Audit Count="117" Node="Transaction" Sum="1170.00"/>
    </Validation>
    <Transaction CatCode="C" FiscalPeriodEnd="N" LeaID="21390" ReshID="10" SiteID="4237685" TransAmt="10.00" TransDate="2021-05-01" TransDesc="Resident Liability Compliance Fee (05/2021)" TransName="RESIDENTLIABILITYFEE" TransactionBatchID="1619538297055"/>
    <Transaction CatCode="C" FiscalPeriodEnd="N" LeaID="21493" ReshID="107" SiteID="4237685" TransAmt="10.00" TransDate="2021-05-01" TransDesc="Resident Liability Compliance Fee (05/2021)" TransName="RESIDENTLIABILITYFEE" TransactionBatchID="1619538297056"/>
    <Transaction CatCode="C" FiscalPeriodEnd="N" LeaID="31614" ReshID="114" SiteID="4237685" TransAmt="10.00" TransDate="2021-05-01" TransDesc="Resident Liability Compliance Fee (05/2021)" TransName="RESIDENTLIABILITYFEE" TransactionBatchID="1619538297057"/>
    <Transaction CatCode="C" FiscalPeriodEnd="N" LeaID="31649" ReshID="149" SiteID="4237685" TransAmt="10.00" TransDate="2021-05-01" TransDesc="Resident Liability Compliance Fee (05/2021)" TransName="RESIDENTLIABILITYFEE" TransactionBatchID="1619538297058"/>
    <Transaction CatCode="C" FiscalPeriodEnd="N" LeaID="31642" ReshID="173" SiteID="4237685" TransAmt="10.00" TransDate="2021-05-01" TransDesc="Resident Liability Compliance Fee (05/2021)" TransName="RESIDENTLIABILITYFEE" TransactionBatchID="1619538297059"/>
    <Transaction CatCode="C" FiscalPeriodEnd="N" LeaID="31744" ReshID="174" SiteID="4237685" TransAmt="10.00" TransDate="2021-05-01" TransDesc="Resident Liability Compliance Fee (05/2021)" TransName="RESIDENTLIABILITYFEE" TransactionBatchID="1619538297060"/>
    <Transaction CatCode="C" FiscalPeriodEnd="N" LeaID="21405" ReshID="200" SiteID="4237685" TransAmt="10.00" TransDate="2021-05-01" TransDesc="Resident Liability Compliance Fee (05/2021)" TransName="RESIDENTLIABILITYFEE" TransactionBatchID="1619538297061"/>
    <Transaction CatCode="C" FiscalPeriodEnd="N" LeaID="31717" ReshID="241" SiteID="4237685" TransAmt="10.00" TransDate="2021-05-01" TransDesc="Resident Liability Compliance Fee (05/2021)" TransName="RESIDENTLIABILITYFEE" TransactionBatchID="1619538297062"/>
    <Transaction CatCode="C" FiscalPeriodEnd="N" LeaID="21460" ReshID="256" SiteID="4237685" TransAmt="10.00" TransDate="2021-05-01" TransDesc="Resident Liability Compliance Fee (05/2021)" TransName="RESIDENTLIABILITYFEE" TransactionBatchID="1619538297063"/>
    <Transaction CatCode="C" FiscalPeriodEnd="N" LeaID="31593" ReshID="264" SiteID="4237685" TransAmt="10.00" TransDate="2021-05-01" TransDesc="Resident Liability Compliance Fee (05/2021)" TransName="RESIDENTLIABILITYFEE" TransactionBatchID="1619538297064"/>
    <Transaction CatCode="C" FiscalPeriodEnd="N" LeaID="20979" ReshID="267" SiteID="4237685" TransAmt="10.00" TransDate="2021-05-01" TransDesc="Resident Liability Compliance Fee (05/2021)" TransName="RESIDENTLIABILITYFEE" TransactionBatchID="1619538297065"/>
    <Transaction CatCode="C" FiscalPeriodEnd="N" LeaID="31580" ReshID="319" SiteID="4237685" TransAmt="10.00" TransDate="2021-05-01" TransDesc="Resident Liability Compliance Fee (05/2021)" TransName="RESIDENTLIABILITYFEE" TransactionBatchID="1619538297066"/>
    <Transaction CatCode="C" FiscalPeriodEnd="N" LeaID="31680" ReshID="330" SiteID="4237685" TransAmt="10.00" TransDate="2021-05-01" TransDesc="Resident Liability Compliance Fee (05/2021)" TransName="RESIDENTLIABILITYFEE" TransactionBatchID="1619538297067"/>
    <Transaction CatCode="C" FiscalPeriodEnd="N" LeaID="31755" ReshID="409" SiteID="4237685" TransAmt="10.00" TransDate="2021-05-01" TransDesc="Resident Liability Compliance Fee (05/2021)" TransName="RESIDENTLIABILITYFEE" TransactionBatchID="1619538297068"/>
    <Transaction CatCode="C" FiscalPeriodEnd="N" LeaID="31533" ReshID="10425" SiteID="4237685" TransAmt="10.00" TransDate="2021-05-01" TransDesc="Resident Liability Compliance Fee (05/2021)" TransName="RESIDENTLIABILITYFEE" TransactionBatchID="1619538297069"/>
    <Transaction CatCode="C" FiscalPeriodEnd="N" LeaID="31763" ReshID="10426" SiteID="4237685" TransAmt="10.00" TransDate="2021-05-01" TransDesc="Resident Liability Compliance Fee (05/2021)" TransName="RESIDENTLIABILITYFEE" TransactionBatchID="1619538297070"/>
    <Transaction CatCode="C" FiscalPeriodEnd="N" LeaID="21447" ReshID="10437" SiteID="4237685" TransAmt="10.00" TransDate="2021-05-01" TransDesc="Resident Liability Compliance Fee (05/2021)" TransName="RESIDENTLIABILITYFEE" TransactionBatchID="1619538297071"/>
    <Transaction CatCode="C" FiscalPeriodEnd="N" LeaID="31554" ReshID="10456" SiteID="4237685" TransAmt="10.00" TransDate="2021-05-01" TransDesc="Resident Liability Compliance Fee (05/2021)" TransName="RESIDENTLIABILITYFEE" TransactionBatchID="1619538297072"/>
    <Transaction CatCode="C" FiscalPeriodEnd="N" LeaID="31613" ReshID="10536" SiteID="4237685" TransAmt="10.00" TransDate="2021-05-01" TransDesc="Resident Liability Compliance Fee (05/2021)" TransName="RESIDENTLIABILITYFEE" TransactionBatchID="1619538297073"/>
    <Transaction CatCode="C" FiscalPeriodEnd="N" LeaID="31585" ReshID="10569" SiteID="4237685" TransAmt="10.00" TransDate="2021-05-01" TransDesc="Resident Liability Compliance Fee (05/2021)" TransName="RESIDENTLIABILITYFEE" TransactionBatchID="1619538297074"/>
    <Transaction CatCode="C" FiscalPeriodEnd="N" LeaID="41807" ReshID="10640" SiteID="4237685" TransAmt="10.00" TransDate="2021-05-01" TransDesc="Resident Liability Compliance Fee (05/2021)" TransName="RESIDENTLIABILITYFEE" TransactionBatchID="1619538297075"/>
    <Transaction CatCode="C" FiscalPeriodEnd="N" LeaID="21267" ReshID="10656" SiteID="4237685" TransAmt="10.00" TransDate="2021-05-01" TransDesc="Resident Liability Compliance Fee (05/2021)" TransName="RESIDENTLIABILITYFEE" TransactionBatchID="1619538297076"/>
    <Transaction CatCode="C" FiscalPeriodEnd="N" LeaID="31715" ReshID="10668" SiteID="4237685" TransAmt="10.00" TransDate="2021-05-01" TransDesc="Resident Liability Compliance Fee (05/2021)" TransName="RESIDENTLIABILITYFEE" TransactionBatchID="1619538297077"/>
    <Transaction CatCode="C" FiscalPeriodEnd="N" LeaID="21333" ReshID="10678" SiteID="4237685" TransAmt="10.00" TransDate="2021-05-01" TransDesc="Resident Liability Compliance Fee (05/2021)" TransName="RESIDENTLIABILITYFEE" TransactionBatchID="1619538297078"/>
    <Transaction CatCode="C" FiscalPeriodEnd="N" LeaID="21365" ReshID="10694" SiteID="4237685" TransAmt="10.00" TransDate="2021-05-01" TransDesc="Resident Liability Compliance Fee (05/2021)" TransName="RESIDENTLIABILITYFEE" TransactionBatchID="1619538297079"/>
    <Transaction CatCode="C" FiscalPeriodEnd="N" LeaID="21305" ReshID="10696" SiteID="4237685" TransAmt="10.00" TransDate="2021-05-01" TransDesc="Resident Liability Compliance Fee (05/2021)" TransName="RESIDENTLIABILITYFEE" TransactionBatchID="1619538297080"/>
    <Transaction CatCode="C" FiscalPeriodEnd="N" LeaID="21395" ReshID="10723" SiteID="4237685" TransAmt="10.00" TransDate="2021-05-01" TransDesc="Resident Liability Compliance Fee (05/2021)" TransName="RESIDENTLIABILITYFEE" TransactionBatchID="1619538297081"/>
    <Transaction CatCode="C" FiscalPeriodEnd="N" LeaID="21336" ReshID="10732" SiteID="4237685" TransAmt="10.00" TransDate="2021-05-01" TransDesc="Resident Liability Compliance Fee (05/2021)" TransName="RESIDENTLIABILITYFEE" TransactionBatchID="1619538297082"/>
    <Transaction CatCode="C" FiscalPeriodEnd="N" LeaID="21429" ReshID="10738" SiteID="4237685" TransAmt="10.00" TransDate="2021-05-01" TransDesc="Resident Liability Compliance Fee (05/2021)" TransName="RESIDENTLIABILITYFEE" TransactionBatchID="1619538297083"/>
    <Transaction CatCode="C" FiscalPeriodEnd="N" LeaID="21396" ReshID="10740" SiteID="4237685" TransAmt="10.00" TransDate="2021-05-01" TransDesc="Resident Liability Compliance Fee (05/2021)" TransName="RESIDENTLIABILITYFEE" TransactionBatchID="1619538297084"/>
    <Transaction CatCode="C" FiscalPeriodEnd="N" LeaID="20983" ReshID="10762" SiteID="4237685" TransAmt="10.00" TransDate="2021-05-01" TransDesc="Resident Liability Compliance Fee (05/2021)" TransName="RESIDENTLIABILITYFEE" TransactionBatchID="1619538297085"/>
    <Transaction CatCode="C" FiscalPeriodEnd="N" LeaID="31742" ReshID="10778" SiteID="4237685" TransAmt="10.00" TransDate="2021-05-01" TransDesc="Resident Liability Compliance Fee (05/2021)" TransName="RESIDENTLIABILITYFEE" TransactionBatchID="1619538297086"/>
    <Transaction CatCode="C" FiscalPeriodEnd="N" LeaID="21468" ReshID="10782" SiteID="4237685" TransAmt="10.00" TransDate="2021-05-01" TransDesc="Resident Liability Compliance Fee (05/2021)" TransName="RESIDENTLIABILITYFEE" TransactionBatchID="1619538297087"/>
    <Transaction CatCode="C" FiscalPeriodEnd="N" LeaID="21502" ReshID="10805" SiteID="4237685" TransAmt="10.00" TransDate="2021-05-01" TransDesc="Resident Liability Compliance Fee (05/2021)" TransName="RESIDENTLIABILITYFEE" TransactionBatchID="1619538297088"/>
    <Transaction CatCode="C" FiscalPeriodEnd="N" LeaID="21489" ReshID="10811" SiteID="4237685" TransAmt="10.00" TransDate="2021-05-01" TransDesc="Resident Liability Compliance Fee (05/2021)" TransName="RESIDENTLIABILITYFEE" TransactionBatchID="1619538297089"/>
    <Transaction CatCode="C" FiscalPeriodEnd="N" LeaID="31539" ReshID="10812" SiteID="4237685" TransAmt="10.00" TransDate="2021-05-01" TransDesc="Resident Liability Compliance Fee (05/2021)" TransName="RESIDENTLIABILITYFEE" TransactionBatchID="1619538297090"/>
    <Transaction CatCode="C" FiscalPeriodEnd="N" LeaID="21494" ReshID="10816" SiteID="4237685" TransAmt="10.00" TransDate="2021-05-01" TransDesc="Resident Liability Compliance Fee (05/2021)" TransName="RESIDENTLIABILITYFEE" TransactionBatchID="1619538297091"/>
    <Transaction CatCode="C" FiscalPeriodEnd="N" LeaID="21503" ReshID="10817" SiteID="4237685" TransAmt="10.00" TransDate="2021-05-01" TransDesc="Resident Liability Compliance Fee (05/2021)" TransName="RESIDENTLIABILITYFEE" TransactionBatchID="1619538297092"/>
    <Transaction CatCode="C" FiscalPeriodEnd="N" LeaID="21501" ReshID="10818" SiteID="4237685" TransAmt="10.00" TransDate="2021-05-01" TransDesc="Resident Liability Compliance Fee (05/2021)" TransName="RESIDENTLIABILITYFEE" TransactionBatchID="1619538297093"/>
    <Transaction CatCode="C" FiscalPeriodEnd="N" LeaID="31546" ReshID="10822" SiteID="4237685" TransAmt="10.00" TransDate="2021-05-01" TransDesc="Resident Liability Compliance Fee (05/2021)" TransName="RESIDENTLIABILITYFEE" TransactionBatchID="1619538297094"/>
    <Transaction CatCode="C" FiscalPeriodEnd="N" LeaID="21412" ReshID="10828" SiteID="4237685" TransAmt="10.00" TransDate="2021-05-01" TransDesc="Resident Liability Compliance Fee (05/2021)" TransName="RESIDENTLIABILITYFEE" TransactionBatchID="1619538297095"/>
    <Transaction CatCode="C" FiscalPeriodEnd="N" LeaID="31651" ReshID="10829" SiteID="4237685" TransAmt="10.00" TransDate="2021-05-01" TransDesc="Resident Liability Compliance Fee (05/2021)" TransName="RESIDENTLIABILITYFEE" TransactionBatchID="1619538297096"/>
    <Transaction CatCode="C" FiscalPeriodEnd="N" LeaID="21067" ReshID="10834" SiteID="4237685" TransAmt="10.00" TransDate="2021-05-01" TransDesc="Resident Liability Compliance Fee (05/2021)" TransName="RESIDENTLIABILITYFEE" TransactionBatchID="1619538297097"/>
    <Transaction CatCode="C" FiscalPeriodEnd="N" LeaID="21078" ReshID="10843" SiteID="4237685" TransAmt="10.00" TransDate="2021-05-01" TransDesc="Resident Liability Compliance Fee (05/2021)" TransName="RESIDENTLIABILITYFEE" TransactionBatchID="1619538297098"/>
    <Transaction CatCode="C" FiscalPeriodEnd="N" LeaID="31560" ReshID="10846" SiteID="4237685" TransAmt="10.00" TransDate="2021-05-01" TransDesc="Resident Liability Compliance Fee (05/2021)" TransName="RESIDENTLIABILITYFEE" TransactionBatchID="1619538297099"/>
    <Transaction CatCode="C" FiscalPeriodEnd="N" LeaID="21455" ReshID="10853" SiteID="4237685" TransAmt="10.00" TransDate="2021-05-01" TransDesc="Resident Liability Compliance Fee (05/2021)" TransName="RESIDENTLIABILITYFEE" TransactionBatchID="1619538297100"/>
    <Transaction CatCode="C" FiscalPeriodEnd="N" LeaID="21504" ReshID="10832" SiteID="4237685" TransAmt="10.00" TransDate="2021-05-01" TransDesc="Resident Liability Compliance Fee (05/2021)" TransName="RESIDENTLIABILITYFEE" TransactionBatchID="1619538297101"/>
    <Transaction CatCode="C" FiscalPeriodEnd="N" LeaID="31598" ReshID="272" SiteID="4237685" TransAmt="10.00" TransDate="2021-05-01" TransDesc="Resident Liability Compliance Fee (05/2021)" TransName="RESIDENTLIABILITYFEE" TransactionBatchID="1619538297102"/>
    <Transaction CatCode="C" FiscalPeriodEnd="N" LeaID="21454" ReshID="10852" SiteID="4237685" TransAmt="10.00" TransDate="2021-05-01" TransDesc="Resident Liability Compliance Fee (05/2021)" TransName="RESIDENTLIABILITYFEE" TransactionBatchID="1619538297103"/>
    <Transaction CatCode="C" FiscalPeriodEnd="N" LeaID="21524" ReshID="10856" SiteID="4237685" TransAmt="10.00" TransDate="2021-05-01" TransDesc="Resident Liability Compliance Fee (05/2021)" TransName="RESIDENTLIABILITYFEE" TransactionBatchID="1619538297104"/>
    <Transaction CatCode="C" FiscalPeriodEnd="N" LeaID="31555" ReshID="10864" SiteID="4237685" TransAmt="10.00" TransDate="2021-05-01" TransDesc="Resident Liability Compliance Fee (05/2021)" TransName="RESIDENTLIABILITYFEE" TransactionBatchID="1619538297105"/>
    <Transaction CatCode="C" FiscalPeriodEnd="N" LeaID="21525" ReshID="10792" SiteID="4237685" TransAmt="10.00" TransDate="2021-05-01" TransDesc="Resident Liability Compliance Fee (05/2021)" TransName="RESIDENTLIABILITYFEE" TransactionBatchID="1619538297106"/>
    <Transaction CatCode="C" FiscalPeriodEnd="N" LeaID="31653" ReshID="10885" SiteID="4237685" TransAmt="10.00" TransDate="2021-05-01" TransDesc="Resident Liability Compliance Fee (05/2021)" TransName="RESIDENTLIABILITYFEE" TransactionBatchID="1619538297107"/>
    <Transaction CatCode="C" FiscalPeriodEnd="N" LeaID="31552" ReshID="10857" SiteID="4237685" TransAmt="10.00" TransDate="2021-05-01" TransDesc="Resident Liability Compliance Fee (05/2021)" TransName="RESIDENTLIABILITYFEE" TransactionBatchID="1619538297108"/>
    <Transaction CatCode="C" FiscalPeriodEnd="N" LeaID="31565" ReshID="10884" SiteID="4237685" TransAmt="10.00" TransDate="2021-05-01" TransDesc="Resident Liability Compliance Fee (05/2021)" TransName="RESIDENTLIABILITYFEE" TransactionBatchID="1619538297109"/>
    <Transaction CatCode="C" FiscalPeriodEnd="N" LeaID="31652" ReshID="10908" SiteID="4237685" TransAmt="10.00" TransDate="2021-05-01" TransDesc="Resident Liability Compliance Fee (05/2021)" TransName="RESIDENTLIABILITYFEE" TransactionBatchID="1619538297110"/>
    <Transaction CatCode="C" FiscalPeriodEnd="N" LeaID="31654" ReshID="10909" SiteID="4237685" TransAmt="10.00" TransDate="2021-05-01" TransDesc="Resident Liability Compliance Fee (05/2021)" TransName="RESIDENTLIABILITYFEE" TransactionBatchID="1619538297111"/>
    <Transaction CatCode="C" FiscalPeriodEnd="N" LeaID="31650" ReshID="10910" SiteID="4237685" TransAmt="10.00" TransDate="2021-05-01" TransDesc="Resident Liability Compliance Fee (05/2021)" TransName="RESIDENTLIABILITYFEE" TransactionBatchID="1619538297112"/>
    <Transaction CatCode="C" FiscalPeriodEnd="N" LeaID="31538" ReshID="10946" SiteID="4237685" TransAmt="10.00" TransDate="2021-05-01" TransDesc="Resident Liability Compliance Fee (05/2021)" TransName="RESIDENTLIABILITYFEE" TransactionBatchID="1619538297113"/>
    <Transaction CatCode="C" FiscalPeriodEnd="N" LeaID="31616" ReshID="10936" SiteID="4237685" TransAmt="10.00" TransDate="2021-05-01" TransDesc="Resident Liability Compliance Fee (05/2021)" TransName="RESIDENTLIABILITYFEE" TransactionBatchID="1619538297114"/>
    <Transaction CatCode="C" FiscalPeriodEnd="N" LeaID="31684" ReshID="10965" SiteID="4237685" TransAmt="10.00" TransDate="2021-05-01" TransDesc="Resident Liability Compliance Fee (05/2021)" TransName="RESIDENTLIABILITYFEE" TransactionBatchID="1619538297115"/>
    <Transaction CatCode="C" FiscalPeriodEnd="N" LeaID="21300" ReshID="10980" SiteID="4237685" TransAmt="10.00" TransDate="2021-05-01" TransDesc="Resident Liability Compliance Fee (05/2021)" TransName="RESIDENTLIABILITYFEE" TransactionBatchID="1619538297116"/>
    <Transaction CatCode="C" FiscalPeriodEnd="N" LeaID="31750" ReshID="10985" SiteID="4237685" TransAmt="10.00" TransDate="2021-05-01" TransDesc="Resident Liability Compliance Fee (05/2021)" TransName="RESIDENTLIABILITYFEE" TransactionBatchID="1619538297117"/>
    <Transaction CatCode="C" FiscalPeriodEnd="N" LeaID="31686" ReshID="10977" SiteID="4237685" TransAmt="10.00" TransDate="2021-05-01" TransDesc="Resident Liability Compliance Fee (05/2021)" TransName="RESIDENTLIABILITYFEE" TransactionBatchID="1619538297118"/>
    <Transaction CatCode="C" FiscalPeriodEnd="N" LeaID="41786" ReshID="10995" SiteID="4237685" TransAmt="10.00" TransDate="2021-05-01" TransDesc="Resident Liability Compliance Fee (05/2021)" TransName="RESIDENTLIABILITYFEE" TransactionBatchID="1619538297119"/>
    <Transaction CatCode="C" FiscalPeriodEnd="N" LeaID="21339" ReshID="11005" SiteID="4237685" TransAmt="10.00" TransDate="2021-05-01" TransDesc="Resident Liability Compliance Fee (05/2021)" TransName="RESIDENTLIABILITYFEE" TransactionBatchID="1619538297120"/>
    <Transaction CatCode="C" FiscalPeriodEnd="N" LeaID="21363" ReshID="11018" SiteID="4237685" TransAmt="10.00" TransDate="2021-05-01" TransDesc="Resident Liability Compliance Fee (05/2021)" TransName="RESIDENTLIABILITYFEE" TransactionBatchID="1619538297121"/>
    <Transaction CatCode="C" FiscalPeriodEnd="N" LeaID="21344" ReshID="11007" SiteID="4237685" TransAmt="10.00" TransDate="2021-05-01" TransDesc="Resident Liability Compliance Fee (05/2021)" TransName="RESIDENTLIABILITYFEE" TransactionBatchID="1619538297122"/>
    <Transaction CatCode="C" FiscalPeriodEnd="N" LeaID="21379" ReshID="11026" SiteID="4237685" TransAmt="10.00" TransDate="2021-05-01" TransDesc="Resident Liability Compliance Fee (05/2021)" TransName="RESIDENTLIABILITYFEE" TransactionBatchID="1619538297123"/>
    <Transaction CatCode="C" FiscalPeriodEnd="N" LeaID="31688" ReshID="11024" SiteID="4237685" TransAmt="10.00" TransDate="2021-05-01" TransDesc="Resident Liability Compliance Fee (05/2021)" TransName="RESIDENTLIABILITYFEE" TransactionBatchID="1619538297124"/>
    <Transaction CatCode="C" FiscalPeriodEnd="N" LeaID="21386" ReshID="11031" SiteID="4237685" TransAmt="10.00" TransDate="2021-05-01" TransDesc="Resident Liability Compliance Fee (05/2021)" TransName="RESIDENTLIABILITYFEE" TransactionBatchID="1619538297125"/>
    <Transaction CatCode="C" FiscalPeriodEnd="N" LeaID="21443" ReshID="11067" SiteID="4237685" TransAmt="10.00" TransDate="2021-05-01" TransDesc="Resident Liability Compliance Fee (05/2021)" TransName="RESIDENTLIABILITYFEE" TransactionBatchID="1619538297126"/>
    <Transaction CatCode="C" FiscalPeriodEnd="N" LeaID="21375" ReshID="11023" SiteID="4237685" TransAmt="10.00" TransDate="2021-05-01" TransDesc="Resident Liability Compliance Fee (05/2021)" TransName="RESIDENTLIABILITYFEE" TransactionBatchID="1619538297127"/>
    <Transaction CatCode="C" FiscalPeriodEnd="N" LeaID="21424" ReshID="11050" SiteID="4237685" TransAmt="10.00" TransDate="2021-05-01" TransDesc="Resident Liability Compliance Fee (05/2021)" TransName="RESIDENTLIABILITYFEE" TransactionBatchID="1619538297128"/>
    <Transaction CatCode="C" FiscalPeriodEnd="N" LeaID="21466" ReshID="11076" SiteID="4237685" TransAmt="10.00" TransDate="2021-05-01" TransDesc="Resident Liability Compliance Fee (05/2021)" TransName="RESIDENTLIABILITYFEE" TransactionBatchID="1619538297129"/>
    <Transaction CatCode="C" FiscalPeriodEnd="N" LeaID="21406" ReshID="11039" SiteID="4237685" TransAmt="10.00" TransDate="2021-05-01" TransDesc="Resident Liability Compliance Fee (05/2021)" TransName="RESIDENTLIABILITYFEE" TransactionBatchID="1619538297130"/>
    <Transaction CatCode="C" FiscalPeriodEnd="N" LeaID="21431" ReshID="11055" SiteID="4237685" TransAmt="10.00" TransDate="2021-05-01" TransDesc="Resident Liability Compliance Fee (05/2021)" TransName="RESIDENTLIABILITYFEE" TransactionBatchID="1619538297131"/>
    <Transaction CatCode="C" FiscalPeriodEnd="N" LeaID="21498" ReshID="11094" SiteID="4237685" TransAmt="10.00" TransDate="2021-05-01" TransDesc="Resident Liability Compliance Fee (05/2021)" TransName="RESIDENTLIABILITYFEE" TransactionBatchID="1619538297132"/>
    <Transaction CatCode="C" FiscalPeriodEnd="N" LeaID="21526" ReshID="11131" SiteID="4237685" TransAmt="10.00" TransDate="2021-05-01" TransDesc="Resident Liability Compliance Fee (05/2021)" TransName="RESIDENTLIABILITYFEE" TransactionBatchID="1619538297133"/>
    <Transaction CatCode="C" FiscalPeriodEnd="N" LeaID="31535" ReshID="21138" SiteID="4237685" TransAmt="10.00" TransDate="2021-05-01" TransDesc="Resident Liability Compliance Fee (05/2021)" TransName="RESIDENTLIABILITYFEE" TransactionBatchID="1619538297134"/>
    <Transaction CatCode="C" FiscalPeriodEnd="N" LeaID="31530" ReshID="21135" SiteID="4237685" TransAmt="10.00" TransDate="2021-05-01" TransDesc="Resident Liability Compliance Fee (05/2021)" TransName="RESIDENTLIABILITYFEE" TransactionBatchID="1619538297135"/>
    <Transaction CatCode="C" FiscalPeriodEnd="N" LeaID="31556" ReshID="21151" SiteID="4237685" TransAmt="10.00" TransDate="2021-05-01" TransDesc="Resident Liability Compliance Fee (05/2021)" TransName="RESIDENTLIABILITYFEE" TransactionBatchID="1619538297136"/>
    <Transaction CatCode="C" FiscalPeriodEnd="N" LeaID="31579" ReshID="21163" SiteID="4237685" TransAmt="10.00" TransDate="2021-05-01" TransDesc="Resident Liability Compliance Fee (05/2021)" TransName="RESIDENTLIABILITYFEE" TransactionBatchID="1619538297137"/>
    <Transaction CatCode="C" FiscalPeriodEnd="N" LeaID="31581" ReshID="21164" SiteID="4237685" TransAmt="10.00" TransDate="2021-05-01" TransDesc="Resident Liability Compliance Fee (05/2021)" TransName="RESIDENTLIABILITYFEE" TransactionBatchID="1619538297138"/>
    <Transaction CatCode="C" FiscalPeriodEnd="N" LeaID="31573" ReshID="21158" SiteID="4237685" TransAmt="10.00" TransDate="2021-05-01" TransDesc="Resident Liability Compliance Fee (05/2021)" TransName="RESIDENTLIABILITYFEE" TransactionBatchID="1619538297139"/>
    <Transaction CatCode="C" FiscalPeriodEnd="N" LeaID="31583" ReshID="21166" SiteID="4237685" TransAmt="10.00" TransDate="2021-05-01" TransDesc="Resident Liability Compliance Fee (05/2021)" TransName="RESIDENTLIABILITYFEE" TransactionBatchID="1619538297140"/>
    <Transaction CatCode="C" FiscalPeriodEnd="N" LeaID="31599" ReshID="21176" SiteID="4237685" TransAmt="10.00" TransDate="2021-05-01" TransDesc="Resident Liability Compliance Fee (05/2021)" TransName="RESIDENTLIABILITYFEE" TransactionBatchID="1619538297141"/>
    <Transaction CatCode="C" FiscalPeriodEnd="N" LeaID="31604" ReshID="21179" SiteID="4237685" TransAmt="10.00" TransDate="2021-05-01" TransDesc="Resident Liability Compliance Fee (05/2021)" TransName="RESIDENTLIABILITYFEE" TransactionBatchID="1619538297142"/>
    <Transaction CatCode="C" FiscalPeriodEnd="N" LeaID="31615" ReshID="21183" SiteID="4237685" TransAmt="10.00" TransDate="2021-05-01" TransDesc="Resident Liability Compliance Fee (05/2021)" TransName="RESIDENTLIABILITYFEE" TransactionBatchID="1619538297143"/>
    <Transaction CatCode="C" FiscalPeriodEnd="N" LeaID="31623" ReshID="21190" SiteID="4237685" TransAmt="10.00" TransDate="2021-05-01" TransDesc="Resident Liability Compliance Fee (05/2021)" TransName="RESIDENTLIABILITYFEE" TransactionBatchID="1619538297144"/>
    <Transaction CatCode="C" FiscalPeriodEnd="N" LeaID="31574" ReshID="21159" SiteID="4237685" TransAmt="10.00" TransDate="2021-05-01" TransDesc="Resident Liability Compliance Fee (05/2021)" TransName="RESIDENTLIABILITYFEE" TransactionBatchID="1619538297145"/>
    <Transaction CatCode="C" FiscalPeriodEnd="N" LeaID="31588" ReshID="21170" SiteID="4237685" TransAmt="10.00" TransDate="2021-05-01" TransDesc="Resident Liability Compliance Fee (05/2021)" TransName="RESIDENTLIABILITYFEE" TransactionBatchID="1619538297146"/>
    <Transaction CatCode="C" FiscalPeriodEnd="N" LeaID="31634" ReshID="21200" SiteID="4237685" TransAmt="10.00" TransDate="2021-05-01" TransDesc="Resident Liability Compliance Fee (05/2021)" TransName="RESIDENTLIABILITYFEE" TransactionBatchID="1619538297147"/>
    <Transaction CatCode="C" FiscalPeriodEnd="N" LeaID="31637" ReshID="21202" SiteID="4237685" TransAmt="10.00" TransDate="2021-05-01" TransDesc="Resident Liability Compliance Fee (05/2021)" TransName="RESIDENTLIABILITYFEE" TransactionBatchID="1619538297148"/>
    <Transaction CatCode="C" FiscalPeriodEnd="N" LeaID="31641" ReshID="21205" SiteID="4237685" TransAmt="10.00" TransDate="2021-05-01" TransDesc="Resident Liability Compliance Fee (05/2021)" TransName="RESIDENTLIABILITYFEE" TransactionBatchID="1619538297149"/>
    <Transaction CatCode="C" FiscalPeriodEnd="N" LeaID="31665" ReshID="21219" SiteID="4237685" TransAmt="10.00" TransDate="2021-05-01" TransDesc="Resident Liability Compliance Fee (05/2021)" TransName="RESIDENTLIABILITYFEE" TransactionBatchID="1619538297150"/>
    <Transaction CatCode="C" FiscalPeriodEnd="N" LeaID="31664" ReshID="21218" SiteID="4237685" TransAmt="10.00" TransDate="2021-05-01" TransDesc="Resident Liability Compliance Fee (05/2021)" TransName="RESIDENTLIABILITYFEE" TransactionBatchID="1619538297151"/>
    <Transaction CatCode="C" FiscalPeriodEnd="N" LeaID="31685" ReshID="21234" SiteID="4237685" TransAmt="10.00" TransDate="2021-05-01" TransDesc="Resident Liability Compliance Fee (05/2021)" TransName="RESIDENTLIABILITYFEE" TransactionBatchID="1619538297152"/>
    <Transaction CatCode="C" FiscalPeriodEnd="N" LeaID="31666" ReshID="21220" SiteID="4237685" TransAmt="10.00" TransDate="2021-05-01" TransDesc="Resident Liability Compliance Fee (05/2021)" TransName="RESIDENTLIABILITYFEE" TransactionBatchID="1619538297153"/>
    <Transaction CatCode="C" FiscalPeriodEnd="N" LeaID="31671" ReshID="21225" SiteID="4237685" TransAmt="10.00" TransDate="2021-05-01" TransDesc="Resident Liability Compliance Fee (05/2021)" TransName="RESIDENTLIABILITYFEE" TransactionBatchID="1619538297154"/>
    <Transaction CatCode="C" FiscalPeriodEnd="N" LeaID="31731" ReshID="21258" SiteID="4237685" TransAmt="10.00" TransDate="2021-05-01" TransDesc="Resident Liability Compliance Fee (05/2021)" TransName="RESIDENTLIABILITYFEE" TransactionBatchID="1619538297155"/>
    <Transaction CatCode="C" FiscalPeriodEnd="N" LeaID="31737" ReshID="21271" SiteID="4237685" TransAmt="10.00" TransDate="2021-05-01" TransDesc="Resident Liability Compliance Fee (05/2021)" TransName="RESIDENTLIABILITYFEE" TransactionBatchID="1619538297156"/>
    <Transaction CatCode="C" FiscalPeriodEnd="N" LeaID="31670" ReshID="21224" SiteID="4237685" TransAmt="10.00" TransDate="2021-05-01" TransDesc="Resident Liability Compliance Fee (05/2021)" TransName="RESIDENTLIABILITYFEE" TransactionBatchID="1619538297157"/>
    <Transaction CatCode="C" FiscalPeriodEnd="N" LeaID="31753" ReshID="21280" SiteID="4237685" TransAmt="10.00" TransDate="2021-05-01" TransDesc="Resident Liability Compliance Fee (05/2021)" TransName="RESIDENTLIABILITYFEE" TransactionBatchID="1619538297158"/>
    <Transaction CatCode="C" FiscalPeriodEnd="N" LeaID="31745" ReshID="21276" SiteID="4237685" TransAmt="10.00" TransDate="2021-05-01" TransDesc="Resident Liability Compliance Fee (05/2021)" TransName="RESIDENTLIABILITYFEE" TransactionBatchID="1619538297159"/>
    <Transaction CatCode="C" FiscalPeriodEnd="N" LeaID="31708" ReshID="21242" SiteID="4237685" TransAmt="10.00" TransDate="2021-05-01" TransDesc="Resident Liability Compliance Fee (05/2021)" TransName="RESIDENTLIABILITYFEE" TransactionBatchID="1619538297160"/>
    <Transaction CatCode="C" FiscalPeriodEnd="N" LeaID="31758" ReshID="21284" SiteID="4237685" TransAmt="10.00" TransDate="2021-05-01" TransDesc="Resident Liability Compliance Fee (05/2021)" TransName="RESIDENTLIABILITYFEE" TransactionBatchID="1619538297161"/>
    <Transaction CatCode="C" FiscalPeriodEnd="N" LeaID="31692" ReshID="21237" SiteID="4237685" TransAmt="10.00" TransDate="2021-05-01" TransDesc="Resident Liability Compliance Fee (05/2021)" TransName="RESIDENTLIABILITYFEE" TransactionBatchID="1619538297162"/>
    <Transaction CatCode="C" FiscalPeriodEnd="N" LeaID="31683" ReshID="21233" SiteID="4237685" TransAmt="10.00" TransDate="2021-05-01" TransDesc="Resident Liability Compliance Fee (05/2021)" TransName="RESIDENTLIABILITYFEE" TransactionBatchID="1619538297163"/>
    <Transaction CatCode="C" FiscalPeriodEnd="N" LeaID="41790" ReshID="31305" SiteID="4237685" TransAmt="10.00" TransDate="2021-05-01" TransDesc="Resident Liability Compliance Fee (05/2021)" TransName="RESIDENTLIABILITYFEE" TransactionBatchID="1619538297164"/>
    <Transaction CatCode="C" FiscalPeriodEnd="N" LeaID="31780" ReshID="21298" SiteID="4237685" TransAmt="10.00" TransDate="2021-05-01" TransDesc="Resident Liability Compliance Fee (05/2021)" TransName="RESIDENTLIABILITYFEE" TransactionBatchID="1619538297165"/>
    <Transaction CatCode="C" FiscalPeriodEnd="N" LeaID="41804" ReshID="31311" SiteID="4237685" TransAmt="10.00" TransDate="2021-05-01" TransDesc="Resident Liability Compliance Fee (05/2021)" TransName="RESIDENTLIABILITYFEE" TransactionBatchID="1619538297166"/>
    <Transaction CatCode="C" FiscalPeriodEnd="N" LeaID="41809" ReshID="31314" SiteID="4237685" TransAmt="10.00" TransDate="2021-05-01" TransDesc="Resident Liability Compliance Fee (05/2021)" TransName="RESIDENTLIABILITYFEE" TransactionBatchID="1619538297167"/>
    <Transaction CatCode="C" FiscalPeriodEnd="N" LeaID="31754" ReshID="21281" SiteID="4237685" TransAmt="10.00" TransDate="2021-05-01" TransDesc="Resident Liability Compliance Fee (05/2021)" TransName="RESIDENTLIABILITYFEE" TransactionBatchID="1619538297168"/>
    <Transaction CatCode="C" FiscalPeriodEnd="N" LeaID="31781" ReshID="21299" SiteID="4237685" TransAmt="10.00" TransDate="2021-05-01" TransDesc="Resident Liability Compliance Fee (05/2021)" TransName="RESIDENTLIABILITYFEE" TransactionBatchID="1619538297169"/>
    <Transaction CatCode="C" FiscalPeriodEnd="N" LeaID="31779" ReshID="21297" SiteID="4237685" TransAmt="10.00" TransDate="2021-05-01" TransDesc="Resident Liability Compliance Fee (05/2021)" TransName="RESIDENTLIABILITYFEE" TransactionBatchID="1619538297170"/>
    <Transaction CatCode="C" FiscalPeriodEnd="N" LeaID="41824" ReshID="31324" SiteID="4237685" TransAmt="10.00" TransDate="2021-05-01" TransDesc="Resident Liability Compliance Fee (05/2021)" TransName="RESIDENTLIABILITYFEE" TransactionBatchID="1619538297171"/>
</TransactionList>
