<TransactionList>
    <Validation>
        <Audit Count="167" Node="Transaction" Sum="1670.00"/>
    </Validation>
    <Transaction CatCode="C" FiscalPeriodEnd="N" LeaID="11225" ReshID="12" SiteID="4300780" TransAmt="10.00" TransDate="2021-05-01" TransDesc="Resident Liability Compliance Fee (05/2021)" TransName="RESIDENTLIABILITYFEE" TransactionBatchID="1619538294415"/>
    <Transaction CatCode="C" FiscalPeriodEnd="N" LeaID="11157" ReshID="14" SiteID="4300780" TransAmt="10.00" TransDate="2021-05-01" TransDesc="Resident Liability Compliance Fee (05/2021)" TransName="RESIDENTLIABILITYFEE" TransactionBatchID="1619538294416"/>
    <Transaction CatCode="C" FiscalPeriodEnd="N" LeaID="11399" ReshID="16" SiteID="4300780" TransAmt="10.00" TransDate="2021-05-01" TransDesc="Resident Liability Compliance Fee (05/2021)" TransName="RESIDENTLIABILITYFEE" TransactionBatchID="1619538294417"/>
    <Transaction CatCode="C" FiscalPeriodEnd="N" LeaID="11487" ReshID="20" SiteID="4300780" TransAmt="10.00" TransDate="2021-05-01" TransDesc="Resident Liability Compliance Fee (05/2021)" TransName="RESIDENTLIABILITYFEE" TransactionBatchID="1619538294418"/>
    <Transaction CatCode="C" FiscalPeriodEnd="N" LeaID="11125" ReshID="31" SiteID="4300780" TransAmt="10.00" TransDate="2021-05-01" TransDesc="Resident Liability Compliance Fee (05/2021)" TransName="RESIDENTLIABILITYFEE" TransactionBatchID="1619538294419"/>
    <Transaction CatCode="C" FiscalPeriodEnd="N" LeaID="11099" ReshID="34" SiteID="4300780" TransAmt="10.00" TransDate="2021-05-01" TransDesc="Resident Liability Compliance Fee (05/2021)" TransName="RESIDENTLIABILITYFEE" TransactionBatchID="1619538294420"/>
    <Transaction CatCode="C" FiscalPeriodEnd="N" LeaID="11363" ReshID="99" SiteID="4300780" TransAmt="10.00" TransDate="2021-05-01" TransDesc="Resident Liability Compliance Fee (05/2021)" TransName="RESIDENTLIABILITYFEE" TransactionBatchID="1619538294421"/>
    <Transaction CatCode="C" FiscalPeriodEnd="N" LeaID="11195" ReshID="126" SiteID="4300780" TransAmt="10.00" TransDate="2021-05-01" TransDesc="Resident Liability Compliance Fee (05/2021)" TransName="RESIDENTLIABILITYFEE" TransactionBatchID="1619538294422"/>
    <Transaction CatCode="C" FiscalPeriodEnd="N" LeaID="11408" ReshID="134" SiteID="4300780" TransAmt="10.00" TransDate="2021-05-01" TransDesc="Resident Liability Compliance Fee (05/2021)" TransName="RESIDENTLIABILITYFEE" TransactionBatchID="1619538294423"/>
    <Transaction CatCode="C" FiscalPeriodEnd="N" LeaID="11158" ReshID="136" SiteID="4300780" TransAmt="10.00" TransDate="2021-05-01" TransDesc="Resident Liability Compliance Fee (05/2021)" TransName="RESIDENTLIABILITYFEE" TransactionBatchID="1619538294424"/>
    <Transaction CatCode="C" FiscalPeriodEnd="N" LeaID="11188" ReshID="138" SiteID="4300780" TransAmt="10.00" TransDate="2021-05-01" TransDesc="Resident Liability Compliance Fee (05/2021)" TransName="RESIDENTLIABILITYFEE" TransactionBatchID="1619538294425"/>
    <Transaction CatCode="C" FiscalPeriodEnd="N" LeaID="11108" ReshID="140" SiteID="4300780" TransAmt="10.00" TransDate="2021-05-01" TransDesc="Resident Liability Compliance Fee (05/2021)" TransName="RESIDENTLIABILITYFEE" TransactionBatchID="1619538294426"/>
    <Transaction CatCode="C" FiscalPeriodEnd="N" LeaID="11110" ReshID="143" SiteID="4300780" TransAmt="10.00" TransDate="2021-05-01" TransDesc="Resident Liability Compliance Fee (05/2021)" TransName="RESIDENTLIABILITYFEE" TransactionBatchID="1619538294427"/>
    <Transaction CatCode="C" FiscalPeriodEnd="N" LeaID="11320" ReshID="172" SiteID="4300780" TransAmt="10.00" TransDate="2021-05-01" TransDesc="Resident Liability Compliance Fee (05/2021)" TransName="RESIDENTLIABILITYFEE" TransactionBatchID="1619538294428"/>
    <Transaction CatCode="C" FiscalPeriodEnd="N" LeaID="11262" ReshID="182" SiteID="4300780" TransAmt="10.00" TransDate="2021-05-01" TransDesc="Resident Liability Compliance Fee (05/2021)" TransName="RESIDENTLIABILITYFEE" TransactionBatchID="1619538294429"/>
    <Transaction CatCode="C" FiscalPeriodEnd="N" LeaID="11348" ReshID="195" SiteID="4300780" TransAmt="10.00" TransDate="2021-05-01" TransDesc="Resident Liability Compliance Fee (05/2021)" TransName="RESIDENTLIABILITYFEE" TransactionBatchID="1619538294430"/>
    <Transaction CatCode="C" FiscalPeriodEnd="N" LeaID="10988" ReshID="224" SiteID="4300780" TransAmt="10.00" TransDate="2021-05-01" TransDesc="Resident Liability Compliance Fee (05/2021)" TransName="RESIDENTLIABILITYFEE" TransactionBatchID="1619538294431"/>
    <Transaction CatCode="C" FiscalPeriodEnd="N" LeaID="11270" ReshID="227" SiteID="4300780" TransAmt="10.00" TransDate="2021-05-01" TransDesc="Resident Liability Compliance Fee (05/2021)" TransName="RESIDENTLIABILITYFEE" TransactionBatchID="1619538294432"/>
    <Transaction CatCode="C" FiscalPeriodEnd="N" LeaID="11311" ReshID="278" SiteID="4300780" TransAmt="10.00" TransDate="2021-05-01" TransDesc="Resident Liability Compliance Fee (05/2021)" TransName="RESIDENTLIABILITYFEE" TransactionBatchID="1619538294433"/>
    <Transaction CatCode="C" FiscalPeriodEnd="N" LeaID="11458" ReshID="280" SiteID="4300780" TransAmt="10.00" TransDate="2021-05-01" TransDesc="Resident Liability Compliance Fee (05/2021)" TransName="RESIDENTLIABILITYFEE" TransactionBatchID="1619538294434"/>
    <Transaction CatCode="C" FiscalPeriodEnd="N" LeaID="11085" ReshID="289" SiteID="4300780" TransAmt="10.00" TransDate="2021-05-01" TransDesc="Resident Liability Compliance Fee (05/2021)" TransName="RESIDENTLIABILITYFEE" TransactionBatchID="1619538294435"/>
    <Transaction CatCode="C" FiscalPeriodEnd="N" LeaID="11243" ReshID="294" SiteID="4300780" TransAmt="10.00" TransDate="2021-05-01" TransDesc="Resident Liability Compliance Fee (05/2021)" TransName="RESIDENTLIABILITYFEE" TransactionBatchID="1619538294436"/>
    <Transaction CatCode="C" FiscalPeriodEnd="N" LeaID="11411" ReshID="298" SiteID="4300780" TransAmt="10.00" TransDate="2021-05-01" TransDesc="Resident Liability Compliance Fee (05/2021)" TransName="RESIDENTLIABILITYFEE" TransactionBatchID="1619538294437"/>
    <Transaction CatCode="C" FiscalPeriodEnd="N" LeaID="11370" ReshID="309" SiteID="4300780" TransAmt="10.00" TransDate="2021-05-01" TransDesc="Resident Liability Compliance Fee (05/2021)" TransName="RESIDENTLIABILITYFEE" TransactionBatchID="1619538294438"/>
    <Transaction CatCode="C" FiscalPeriodEnd="N" LeaID="11227" ReshID="320" SiteID="4300780" TransAmt="10.00" TransDate="2021-05-01" TransDesc="Resident Liability Compliance Fee (05/2021)" TransName="RESIDENTLIABILITYFEE" TransactionBatchID="1619538294439"/>
    <Transaction CatCode="C" FiscalPeriodEnd="N" LeaID="11215" ReshID="359" SiteID="4300780" TransAmt="10.00" TransDate="2021-05-01" TransDesc="Resident Liability Compliance Fee (05/2021)" TransName="RESIDENTLIABILITYFEE" TransactionBatchID="1619538294440"/>
    <Transaction CatCode="C" FiscalPeriodEnd="N" LeaID="11101" ReshID="371" SiteID="4300780" TransAmt="10.00" TransDate="2021-05-01" TransDesc="Resident Liability Compliance Fee (05/2021)" TransName="RESIDENTLIABILITYFEE" TransactionBatchID="1619538294441"/>
    <Transaction CatCode="C" FiscalPeriodEnd="N" LeaID="11128" ReshID="373" SiteID="4300780" TransAmt="10.00" TransDate="2021-05-01" TransDesc="Resident Liability Compliance Fee (05/2021)" TransName="RESIDENTLIABILITYFEE" TransactionBatchID="1619538294442"/>
    <Transaction CatCode="C" FiscalPeriodEnd="N" LeaID="11418" ReshID="401" SiteID="4300780" TransAmt="10.00" TransDate="2021-05-01" TransDesc="Resident Liability Compliance Fee (05/2021)" TransName="RESIDENTLIABILITYFEE" TransactionBatchID="1619538294443"/>
    <Transaction CatCode="C" FiscalPeriodEnd="N" LeaID="11229" ReshID="415" SiteID="4300780" TransAmt="10.00" TransDate="2021-05-01" TransDesc="Resident Liability Compliance Fee (05/2021)" TransName="RESIDENTLIABILITYFEE" TransactionBatchID="1619538294444"/>
    <Transaction CatCode="C" FiscalPeriodEnd="N" LeaID="11302" ReshID="421" SiteID="4300780" TransAmt="10.00" TransDate="2021-05-01" TransDesc="Resident Liability Compliance Fee (05/2021)" TransName="RESIDENTLIABILITYFEE" TransactionBatchID="1619538294445"/>
    <Transaction CatCode="C" FiscalPeriodEnd="N" LeaID="11324" ReshID="430" SiteID="4300780" TransAmt="10.00" TransDate="2021-05-01" TransDesc="Resident Liability Compliance Fee (05/2021)" TransName="RESIDENTLIABILITYFEE" TransactionBatchID="1619538294446"/>
    <Transaction CatCode="C" FiscalPeriodEnd="N" LeaID="11319" ReshID="441" SiteID="4300780" TransAmt="10.00" TransDate="2021-05-01" TransDesc="Resident Liability Compliance Fee (05/2021)" TransName="RESIDENTLIABILITYFEE" TransactionBatchID="1619538294447"/>
    <Transaction CatCode="C" FiscalPeriodEnd="N" LeaID="11298" ReshID="453" SiteID="4300780" TransAmt="10.00" TransDate="2021-05-01" TransDesc="Resident Liability Compliance Fee (05/2021)" TransName="RESIDENTLIABILITYFEE" TransactionBatchID="1619538294448"/>
    <Transaction CatCode="C" FiscalPeriodEnd="N" LeaID="11299" ReshID="454" SiteID="4300780" TransAmt="10.00" TransDate="2021-05-01" TransDesc="Resident Liability Compliance Fee (05/2021)" TransName="RESIDENTLIABILITYFEE" TransactionBatchID="1619538294449"/>
    <Transaction CatCode="C" FiscalPeriodEnd="N" LeaID="11284" ReshID="457" SiteID="4300780" TransAmt="10.00" TransDate="2021-05-01" TransDesc="Resident Liability Compliance Fee (05/2021)" TransName="RESIDENTLIABILITYFEE" TransactionBatchID="1619538294450"/>
    <Transaction CatCode="C" FiscalPeriodEnd="N" LeaID="11265" ReshID="465" SiteID="4300780" TransAmt="10.00" TransDate="2021-05-01" TransDesc="Resident Liability Compliance Fee (05/2021)" TransName="RESIDENTLIABILITYFEE" TransactionBatchID="1619538294451"/>
    <Transaction CatCode="C" FiscalPeriodEnd="N" LeaID="11350" ReshID="467" SiteID="4300780" TransAmt="10.00" TransDate="2021-05-01" TransDesc="Resident Liability Compliance Fee (05/2021)" TransName="RESIDENTLIABILITYFEE" TransactionBatchID="1619538294452"/>
    <Transaction CatCode="C" FiscalPeriodEnd="N" LeaID="11352" ReshID="477" SiteID="4300780" TransAmt="10.00" TransDate="2021-05-01" TransDesc="Resident Liability Compliance Fee (05/2021)" TransName="RESIDENTLIABILITYFEE" TransactionBatchID="1619538294453"/>
    <Transaction CatCode="C" FiscalPeriodEnd="N" LeaID="11269" ReshID="483" SiteID="4300780" TransAmt="10.00" TransDate="2021-05-01" TransDesc="Resident Liability Compliance Fee (05/2021)" TransName="RESIDENTLIABILITYFEE" TransactionBatchID="1619538294454"/>
    <Transaction CatCode="C" FiscalPeriodEnd="N" LeaID="11292" ReshID="484" SiteID="4300780" TransAmt="10.00" TransDate="2021-05-01" TransDesc="Resident Liability Compliance Fee (05/2021)" TransName="RESIDENTLIABILITYFEE" TransactionBatchID="1619538294455"/>
    <Transaction CatCode="C" FiscalPeriodEnd="N" LeaID="11349" ReshID="485" SiteID="4300780" TransAmt="10.00" TransDate="2021-05-01" TransDesc="Resident Liability Compliance Fee (05/2021)" TransName="RESIDENTLIABILITYFEE" TransactionBatchID="1619538294456"/>
    <Transaction CatCode="C" FiscalPeriodEnd="N" LeaID="11236" ReshID="503" SiteID="4300780" TransAmt="10.00" TransDate="2021-05-01" TransDesc="Resident Liability Compliance Fee (05/2021)" TransName="RESIDENTLIABILITYFEE" TransactionBatchID="1619538294457"/>
    <Transaction CatCode="C" FiscalPeriodEnd="N" LeaID="11367" ReshID="512" SiteID="4300780" TransAmt="10.00" TransDate="2021-05-01" TransDesc="Resident Liability Compliance Fee (05/2021)" TransName="RESIDENTLIABILITYFEE" TransactionBatchID="1619538294458"/>
    <Transaction CatCode="C" FiscalPeriodEnd="N" LeaID="804" ReshID="513" SiteID="4300780" TransAmt="10.00" TransDate="2021-05-01" TransDesc="Resident Liability Compliance Fee (05/2021)" TransName="RESIDENTLIABILITYFEE" TransactionBatchID="1619538294459"/>
    <Transaction CatCode="C" FiscalPeriodEnd="N" LeaID="11071" ReshID="530" SiteID="4300780" TransAmt="10.00" TransDate="2021-05-01" TransDesc="Resident Liability Compliance Fee (05/2021)" TransName="RESIDENTLIABILITYFEE" TransactionBatchID="1619538294460"/>
    <Transaction CatCode="C" FiscalPeriodEnd="N" LeaID="11501" ReshID="541" SiteID="4300780" TransAmt="10.00" TransDate="2021-05-01" TransDesc="Resident Liability Compliance Fee (05/2021)" TransName="RESIDENTLIABILITYFEE" TransactionBatchID="1619538294461"/>
    <Transaction CatCode="C" FiscalPeriodEnd="N" LeaID="11095" ReshID="562" SiteID="4300780" TransAmt="10.00" TransDate="2021-05-01" TransDesc="Resident Liability Compliance Fee (05/2021)" TransName="RESIDENTLIABILITYFEE" TransactionBatchID="1619538294462"/>
    <Transaction CatCode="C" FiscalPeriodEnd="N" LeaID="11115" ReshID="564" SiteID="4300780" TransAmt="10.00" TransDate="2021-05-01" TransDesc="Resident Liability Compliance Fee (05/2021)" TransName="RESIDENTLIABILITYFEE" TransactionBatchID="1619538294463"/>
    <Transaction CatCode="C" FiscalPeriodEnd="N" LeaID="11129" ReshID="577" SiteID="4300780" TransAmt="10.00" TransDate="2021-05-01" TransDesc="Resident Liability Compliance Fee (05/2021)" TransName="RESIDENTLIABILITYFEE" TransactionBatchID="1619538294464"/>
    <Transaction CatCode="C" FiscalPeriodEnd="N" LeaID="11152" ReshID="593" SiteID="4300780" TransAmt="10.00" TransDate="2021-05-01" TransDesc="Resident Liability Compliance Fee (05/2021)" TransName="RESIDENTLIABILITYFEE" TransactionBatchID="1619538294465"/>
    <Transaction CatCode="C" FiscalPeriodEnd="N" LeaID="11240" ReshID="570" SiteID="4300780" TransAmt="10.00" TransDate="2021-05-01" TransDesc="Resident Liability Compliance Fee (05/2021)" TransName="RESIDENTLIABILITYFEE" TransactionBatchID="1619538294466"/>
    <Transaction CatCode="C" FiscalPeriodEnd="N" LeaID="11135" ReshID="596" SiteID="4300780" TransAmt="10.00" TransDate="2021-05-01" TransDesc="Resident Liability Compliance Fee (05/2021)" TransName="RESIDENTLIABILITYFEE" TransactionBatchID="1619538294467"/>
    <Transaction CatCode="C" FiscalPeriodEnd="N" LeaID="11120" ReshID="590" SiteID="4300780" TransAmt="10.00" TransDate="2021-05-01" TransDesc="Resident Liability Compliance Fee (05/2021)" TransName="RESIDENTLIABILITYFEE" TransactionBatchID="1619538294468"/>
    <Transaction CatCode="C" FiscalPeriodEnd="N" LeaID="11192" ReshID="567" SiteID="4300780" TransAmt="10.00" TransDate="2021-05-01" TransDesc="Resident Liability Compliance Fee (05/2021)" TransName="RESIDENTLIABILITYFEE" TransactionBatchID="1619538294469"/>
    <Transaction CatCode="C" FiscalPeriodEnd="N" LeaID="11168" ReshID="21" SiteID="4300780" TransAmt="10.00" TransDate="2021-05-01" TransDesc="Resident Liability Compliance Fee (05/2021)" TransName="RESIDENTLIABILITYFEE" TransactionBatchID="1619538294470"/>
    <Transaction CatCode="C" FiscalPeriodEnd="N" LeaID="11306" ReshID="597" SiteID="4300780" TransAmt="10.00" TransDate="2021-05-01" TransDesc="Resident Liability Compliance Fee (05/2021)" TransName="RESIDENTLIABILITYFEE" TransactionBatchID="1619538294471"/>
    <Transaction CatCode="C" FiscalPeriodEnd="N" LeaID="11196" ReshID="602" SiteID="4300780" TransAmt="10.00" TransDate="2021-05-01" TransDesc="Resident Liability Compliance Fee (05/2021)" TransName="RESIDENTLIABILITYFEE" TransactionBatchID="1619538294472"/>
    <Transaction CatCode="C" FiscalPeriodEnd="N" LeaID="11233" ReshID="631" SiteID="4300780" TransAmt="10.00" TransDate="2021-05-01" TransDesc="Resident Liability Compliance Fee (05/2021)" TransName="RESIDENTLIABILITYFEE" TransactionBatchID="1619538294473"/>
    <Transaction CatCode="C" FiscalPeriodEnd="N" LeaID="11275" ReshID="215" SiteID="4300780" TransAmt="10.00" TransDate="2021-05-01" TransDesc="Resident Liability Compliance Fee (05/2021)" TransName="RESIDENTLIABILITYFEE" TransactionBatchID="1619538294474"/>
    <Transaction CatCode="C" FiscalPeriodEnd="N" LeaID="11392" ReshID="641" SiteID="4300780" TransAmt="10.00" TransDate="2021-05-01" TransDesc="Resident Liability Compliance Fee (05/2021)" TransName="RESIDENTLIABILITYFEE" TransactionBatchID="1619538294475"/>
    <Transaction CatCode="C" FiscalPeriodEnd="N" LeaID="11194" ReshID="626" SiteID="4300780" TransAmt="10.00" TransDate="2021-05-01" TransDesc="Resident Liability Compliance Fee (05/2021)" TransName="RESIDENTLIABILITYFEE" TransactionBatchID="1619538294476"/>
    <Transaction CatCode="C" FiscalPeriodEnd="N" LeaID="11244" ReshID="645" SiteID="4300780" TransAmt="10.00" TransDate="2021-05-01" TransDesc="Resident Liability Compliance Fee (05/2021)" TransName="RESIDENTLIABILITYFEE" TransactionBatchID="1619538294477"/>
    <Transaction CatCode="C" FiscalPeriodEnd="N" LeaID="11444" ReshID="638" SiteID="4300780" TransAmt="10.00" TransDate="2021-05-01" TransDesc="Resident Liability Compliance Fee (05/2021)" TransName="RESIDENTLIABILITYFEE" TransactionBatchID="1619538294478"/>
    <Transaction CatCode="C" FiscalPeriodEnd="N" LeaID="11249" ReshID="644" SiteID="4300780" TransAmt="10.00" TransDate="2021-05-01" TransDesc="Resident Liability Compliance Fee (05/2021)" TransName="RESIDENTLIABILITYFEE" TransactionBatchID="1619538294479"/>
    <Transaction CatCode="C" FiscalPeriodEnd="N" LeaID="11263" ReshID="661" SiteID="4300780" TransAmt="10.00" TransDate="2021-05-01" TransDesc="Resident Liability Compliance Fee (05/2021)" TransName="RESIDENTLIABILITYFEE" TransactionBatchID="1619538294480"/>
    <Transaction CatCode="C" FiscalPeriodEnd="N" LeaID="11234" ReshID="652" SiteID="4300780" TransAmt="10.00" TransDate="2021-05-01" TransDesc="Resident Liability Compliance Fee (05/2021)" TransName="RESIDENTLIABILITYFEE" TransactionBatchID="1619538294481"/>
    <Transaction CatCode="C" FiscalPeriodEnd="N" LeaID="11214" ReshID="653" SiteID="4300780" TransAmt="10.00" TransDate="2021-05-01" TransDesc="Resident Liability Compliance Fee (05/2021)" TransName="RESIDENTLIABILITYFEE" TransactionBatchID="1619538294482"/>
    <Transaction CatCode="C" FiscalPeriodEnd="N" LeaID="11289" ReshID="634" SiteID="4300780" TransAmt="10.00" TransDate="2021-05-01" TransDesc="Resident Liability Compliance Fee (05/2021)" TransName="RESIDENTLIABILITYFEE" TransactionBatchID="1619538294483"/>
    <Transaction CatCode="C" FiscalPeriodEnd="N" LeaID="11253" ReshID="648" SiteID="4300780" TransAmt="10.00" TransDate="2021-05-01" TransDesc="Resident Liability Compliance Fee (05/2021)" TransName="RESIDENTLIABILITYFEE" TransactionBatchID="1619538294484"/>
    <Transaction CatCode="C" FiscalPeriodEnd="N" LeaID="11305" ReshID="10679" SiteID="4300780" TransAmt="10.00" TransDate="2021-05-01" TransDesc="Resident Liability Compliance Fee (05/2021)" TransName="RESIDENTLIABILITYFEE" TransactionBatchID="1619538294485"/>
    <Transaction CatCode="C" FiscalPeriodEnd="N" LeaID="11260" ReshID="672" SiteID="4300780" TransAmt="10.00" TransDate="2021-05-01" TransDesc="Resident Liability Compliance Fee (05/2021)" TransName="RESIDENTLIABILITYFEE" TransactionBatchID="1619538294486"/>
    <Transaction CatCode="C" FiscalPeriodEnd="N" LeaID="11340" ReshID="667" SiteID="4300780" TransAmt="10.00" TransDate="2021-05-01" TransDesc="Resident Liability Compliance Fee (05/2021)" TransName="RESIDENTLIABILITYFEE" TransactionBatchID="1619538294487"/>
    <Transaction CatCode="C" FiscalPeriodEnd="N" LeaID="11255" ReshID="10686" SiteID="4300780" TransAmt="10.00" TransDate="2021-05-01" TransDesc="Resident Liability Compliance Fee (05/2021)" TransName="RESIDENTLIABILITYFEE" TransactionBatchID="1619538294488"/>
    <Transaction CatCode="C" FiscalPeriodEnd="N" LeaID="11308" ReshID="10695" SiteID="4300780" TransAmt="10.00" TransDate="2021-05-01" TransDesc="Resident Liability Compliance Fee (05/2021)" TransName="RESIDENTLIABILITYFEE" TransactionBatchID="1619538294489"/>
    <Transaction CatCode="C" FiscalPeriodEnd="N" LeaID="11307" ReshID="10680" SiteID="4300780" TransAmt="10.00" TransDate="2021-05-01" TransDesc="Resident Liability Compliance Fee (05/2021)" TransName="RESIDENTLIABILITYFEE" TransactionBatchID="1619538294490"/>
    <Transaction CatCode="C" FiscalPeriodEnd="N" LeaID="11328" ReshID="10735" SiteID="4300780" TransAmt="10.00" TransDate="2021-05-01" TransDesc="Resident Liability Compliance Fee (05/2021)" TransName="RESIDENTLIABILITYFEE" TransactionBatchID="1619538294491"/>
    <Transaction CatCode="C" FiscalPeriodEnd="N" LeaID="11400" ReshID="10762" SiteID="4300780" TransAmt="10.00" TransDate="2021-05-01" TransDesc="Resident Liability Compliance Fee (05/2021)" TransName="RESIDENTLIABILITYFEE" TransactionBatchID="1619538294492"/>
    <Transaction CatCode="C" FiscalPeriodEnd="N" LeaID="11404" ReshID="10731" SiteID="4300780" TransAmt="10.00" TransDate="2021-05-01" TransDesc="Resident Liability Compliance Fee (05/2021)" TransName="RESIDENTLIABILITYFEE" TransactionBatchID="1619538294493"/>
    <Transaction CatCode="C" FiscalPeriodEnd="N" LeaID="11407" ReshID="10796" SiteID="4300780" TransAmt="10.00" TransDate="2021-05-01" TransDesc="Resident Liability Compliance Fee (05/2021)" TransName="RESIDENTLIABILITYFEE" TransactionBatchID="1619538294494"/>
    <Transaction CatCode="C" FiscalPeriodEnd="N" LeaID="11438" ReshID="10734" SiteID="4300780" TransAmt="10.00" TransDate="2021-05-01" TransDesc="Resident Liability Compliance Fee (05/2021)" TransName="RESIDENTLIABILITYFEE" TransactionBatchID="1619538294495"/>
    <Transaction CatCode="C" FiscalPeriodEnd="N" LeaID="11428" ReshID="10793" SiteID="4300780" TransAmt="10.00" TransDate="2021-05-01" TransDesc="Resident Liability Compliance Fee (05/2021)" TransName="RESIDENTLIABILITYFEE" TransactionBatchID="1619538294496"/>
    <Transaction CatCode="C" FiscalPeriodEnd="N" LeaID="11043" ReshID="10797" SiteID="4300780" TransAmt="10.00" TransDate="2021-05-01" TransDesc="Resident Liability Compliance Fee (05/2021)" TransName="RESIDENTLIABILITYFEE" TransactionBatchID="1619538294497"/>
    <Transaction CatCode="C" FiscalPeriodEnd="N" LeaID="11417" ReshID="10792" SiteID="4300780" TransAmt="10.00" TransDate="2021-05-01" TransDesc="Resident Liability Compliance Fee (05/2021)" TransName="RESIDENTLIABILITYFEE" TransactionBatchID="1619538294498"/>
    <Transaction CatCode="C" FiscalPeriodEnd="N" LeaID="11440" ReshID="10736" SiteID="4300780" TransAmt="10.00" TransDate="2021-05-01" TransDesc="Resident Liability Compliance Fee (05/2021)" TransName="RESIDENTLIABILITYFEE" TransactionBatchID="1619538294499"/>
    <Transaction CatCode="C" FiscalPeriodEnd="N" LeaID="11484" ReshID="10758" SiteID="4300780" TransAmt="10.00" TransDate="2021-05-01" TransDesc="Resident Liability Compliance Fee (05/2021)" TransName="RESIDENTLIABILITYFEE" TransactionBatchID="1619538294500"/>
    <Transaction CatCode="C" FiscalPeriodEnd="N" LeaID="11435" ReshID="10791" SiteID="4300780" TransAmt="10.00" TransDate="2021-05-01" TransDesc="Resident Liability Compliance Fee (05/2021)" TransName="RESIDENTLIABILITYFEE" TransactionBatchID="1619538294501"/>
    <Transaction CatCode="C" FiscalPeriodEnd="N" LeaID="11058" ReshID="10808" SiteID="4300780" TransAmt="10.00" TransDate="2021-05-01" TransDesc="Resident Liability Compliance Fee (05/2021)" TransName="RESIDENTLIABILITYFEE" TransactionBatchID="1619538294502"/>
    <Transaction CatCode="C" FiscalPeriodEnd="N" LeaID="11406" ReshID="10804" SiteID="4300780" TransAmt="10.00" TransDate="2021-05-01" TransDesc="Resident Liability Compliance Fee (05/2021)" TransName="RESIDENTLIABILITYFEE" TransactionBatchID="1619538294503"/>
    <Transaction CatCode="C" FiscalPeriodEnd="N" LeaID="11452" ReshID="10800" SiteID="4300780" TransAmt="10.00" TransDate="2021-05-01" TransDesc="Resident Liability Compliance Fee (05/2021)" TransName="RESIDENTLIABILITYFEE" TransactionBatchID="1619538294504"/>
    <Transaction CatCode="C" FiscalPeriodEnd="N" LeaID="11410" ReshID="10757" SiteID="4300780" TransAmt="10.00" TransDate="2021-05-01" TransDesc="Resident Liability Compliance Fee (05/2021)" TransName="RESIDENTLIABILITYFEE" TransactionBatchID="1619538294505"/>
    <Transaction CatCode="C" FiscalPeriodEnd="N" LeaID="11060" ReshID="10809" SiteID="4300780" TransAmt="10.00" TransDate="2021-05-01" TransDesc="Resident Liability Compliance Fee (05/2021)" TransName="RESIDENTLIABILITYFEE" TransactionBatchID="1619538294506"/>
    <Transaction CatCode="C" FiscalPeriodEnd="N" LeaID="11105" ReshID="10833" SiteID="4300780" TransAmt="10.00" TransDate="2021-05-01" TransDesc="Resident Liability Compliance Fee (05/2021)" TransName="RESIDENTLIABILITYFEE" TransactionBatchID="1619538294507"/>
    <Transaction CatCode="C" FiscalPeriodEnd="N" LeaID="11117" ReshID="10840" SiteID="4300780" TransAmt="10.00" TransDate="2021-05-01" TransDesc="Resident Liability Compliance Fee (05/2021)" TransName="RESIDENTLIABILITYFEE" TransactionBatchID="1619538294508"/>
    <Transaction CatCode="C" FiscalPeriodEnd="N" LeaID="11032" ReshID="10760" SiteID="4300780" TransAmt="10.00" TransDate="2021-05-01" TransDesc="Resident Liability Compliance Fee (05/2021)" TransName="RESIDENTLIABILITYFEE" TransactionBatchID="1619538294509"/>
    <Transaction CatCode="C" FiscalPeriodEnd="N" LeaID="11092" ReshID="10827" SiteID="4300780" TransAmt="10.00" TransDate="2021-05-01" TransDesc="Resident Liability Compliance Fee (05/2021)" TransName="RESIDENTLIABILITYFEE" TransactionBatchID="1619538294510"/>
    <Transaction CatCode="C" FiscalPeriodEnd="N" LeaID="11139" ReshID="10853" SiteID="4300780" TransAmt="10.00" TransDate="2021-05-01" TransDesc="Resident Liability Compliance Fee (05/2021)" TransName="RESIDENTLIABILITYFEE" TransactionBatchID="1619538294511"/>
    <Transaction CatCode="C" FiscalPeriodEnd="N" LeaID="11056" ReshID="10806" SiteID="4300780" TransAmt="10.00" TransDate="2021-05-01" TransDesc="Resident Liability Compliance Fee (05/2021)" TransName="RESIDENTLIABILITYFEE" TransactionBatchID="1619538294512"/>
    <Transaction CatCode="C" FiscalPeriodEnd="N" LeaID="11113" ReshID="10838" SiteID="4300780" TransAmt="10.00" TransDate="2021-05-01" TransDesc="Resident Liability Compliance Fee (05/2021)" TransName="RESIDENTLIABILITYFEE" TransactionBatchID="1619538294513"/>
    <Transaction CatCode="C" FiscalPeriodEnd="N" LeaID="11116" ReshID="10839" SiteID="4300780" TransAmt="10.00" TransDate="2021-05-01" TransDesc="Resident Liability Compliance Fee (05/2021)" TransName="RESIDENTLIABILITYFEE" TransactionBatchID="1619538294514"/>
    <Transaction CatCode="C" FiscalPeriodEnd="N" LeaID="11127" ReshID="10846" SiteID="4300780" TransAmt="10.00" TransDate="2021-05-01" TransDesc="Resident Liability Compliance Fee (05/2021)" TransName="RESIDENTLIABILITYFEE" TransactionBatchID="1619538294515"/>
    <Transaction CatCode="C" FiscalPeriodEnd="N" LeaID="11150" ReshID="10865" SiteID="4300780" TransAmt="10.00" TransDate="2021-05-01" TransDesc="Resident Liability Compliance Fee (05/2021)" TransName="RESIDENTLIABILITYFEE" TransactionBatchID="1619538294516"/>
    <Transaction CatCode="C" FiscalPeriodEnd="N" LeaID="11131" ReshID="10848" SiteID="4300780" TransAmt="10.00" TransDate="2021-05-01" TransDesc="Resident Liability Compliance Fee (05/2021)" TransName="RESIDENTLIABILITYFEE" TransactionBatchID="1619538294517"/>
    <Transaction CatCode="C" FiscalPeriodEnd="N" LeaID="11342" ReshID="10832" SiteID="4300780" TransAmt="10.00" TransDate="2021-05-01" TransDesc="Resident Liability Compliance Fee (05/2021)" TransName="RESIDENTLIABILITYFEE" TransactionBatchID="1619538294518"/>
    <Transaction CatCode="C" FiscalPeriodEnd="N" LeaID="11109" ReshID="10836" SiteID="4300780" TransAmt="10.00" TransDate="2021-05-01" TransDesc="Resident Liability Compliance Fee (05/2021)" TransName="RESIDENTLIABILITYFEE" TransactionBatchID="1619538294519"/>
    <Transaction CatCode="C" FiscalPeriodEnd="N" LeaID="11155" ReshID="10868" SiteID="4300780" TransAmt="10.00" TransDate="2021-05-01" TransDesc="Resident Liability Compliance Fee (05/2021)" TransName="RESIDENTLIABILITYFEE" TransactionBatchID="1619538294520"/>
    <Transaction CatCode="C" FiscalPeriodEnd="N" LeaID="11274" ReshID="445" SiteID="4300780" TransAmt="10.00" TransDate="2021-05-01" TransDesc="Resident Liability Compliance Fee (05/2021)" TransName="RESIDENTLIABILITYFEE" TransactionBatchID="1619538294521"/>
    <Transaction CatCode="C" FiscalPeriodEnd="N" LeaID="11140" ReshID="10854" SiteID="4300780" TransAmt="10.00" TransDate="2021-05-01" TransDesc="Resident Liability Compliance Fee (05/2021)" TransName="RESIDENTLIABILITYFEE" TransactionBatchID="1619538294522"/>
    <Transaction CatCode="C" FiscalPeriodEnd="N" LeaID="11173" ReshID="10880" SiteID="4300780" TransAmt="10.00" TransDate="2021-05-01" TransDesc="Resident Liability Compliance Fee (05/2021)" TransName="RESIDENTLIABILITYFEE" TransactionBatchID="1619538294523"/>
    <Transaction CatCode="C" FiscalPeriodEnd="N" LeaID="11176" ReshID="10883" SiteID="4300780" TransAmt="10.00" TransDate="2021-05-01" TransDesc="Resident Liability Compliance Fee (05/2021)" TransName="RESIDENTLIABILITYFEE" TransactionBatchID="1619538294524"/>
    <Transaction CatCode="C" FiscalPeriodEnd="N" LeaID="11107" ReshID="10835" SiteID="4300780" TransAmt="10.00" TransDate="2021-05-01" TransDesc="Resident Liability Compliance Fee (05/2021)" TransName="RESIDENTLIABILITYFEE" TransactionBatchID="1619538294525"/>
    <Transaction CatCode="C" FiscalPeriodEnd="N" LeaID="11178" ReshID="10884" SiteID="4300780" TransAmt="10.00" TransDate="2021-05-01" TransDesc="Resident Liability Compliance Fee (05/2021)" TransName="RESIDENTLIABILITYFEE" TransactionBatchID="1619538294526"/>
    <Transaction CatCode="C" FiscalPeriodEnd="N" LeaID="11123" ReshID="10845" SiteID="4300780" TransAmt="10.00" TransDate="2021-05-01" TransDesc="Resident Liability Compliance Fee (05/2021)" TransName="RESIDENTLIABILITYFEE" TransactionBatchID="1619538294527"/>
    <Transaction CatCode="C" FiscalPeriodEnd="N" LeaID="11143" ReshID="10859" SiteID="4300780" TransAmt="10.00" TransDate="2021-05-01" TransDesc="Resident Liability Compliance Fee (05/2021)" TransName="RESIDENTLIABILITYFEE" TransactionBatchID="1619538294528"/>
    <Transaction CatCode="C" FiscalPeriodEnd="N" LeaID="11141" ReshID="10856" SiteID="4300780" TransAmt="10.00" TransDate="2021-05-01" TransDesc="Resident Liability Compliance Fee (05/2021)" TransName="RESIDENTLIABILITYFEE" TransactionBatchID="1619538294529"/>
    <Transaction CatCode="C" FiscalPeriodEnd="N" LeaID="11093" ReshID="10828" SiteID="4300780" TransAmt="10.00" TransDate="2021-05-01" TransDesc="Resident Liability Compliance Fee (05/2021)" TransName="RESIDENTLIABILITYFEE" TransactionBatchID="1619538294530"/>
    <Transaction CatCode="C" FiscalPeriodEnd="N" LeaID="11205" ReshID="10899" SiteID="4300780" TransAmt="10.00" TransDate="2021-05-01" TransDesc="Resident Liability Compliance Fee (05/2021)" TransName="RESIDENTLIABILITYFEE" TransactionBatchID="1619538294531"/>
    <Transaction CatCode="C" FiscalPeriodEnd="N" LeaID="11220" ReshID="10904" SiteID="4300780" TransAmt="10.00" TransDate="2021-05-01" TransDesc="Resident Liability Compliance Fee (05/2021)" TransName="RESIDENTLIABILITYFEE" TransactionBatchID="1619538294532"/>
    <Transaction CatCode="C" FiscalPeriodEnd="N" LeaID="11130" ReshID="10847" SiteID="4300780" TransAmt="10.00" TransDate="2021-05-01" TransDesc="Resident Liability Compliance Fee (05/2021)" TransName="RESIDENTLIABILITYFEE" TransactionBatchID="1619538294533"/>
    <Transaction CatCode="C" FiscalPeriodEnd="N" LeaID="11148" ReshID="10863" SiteID="4300780" TransAmt="10.00" TransDate="2021-05-01" TransDesc="Resident Liability Compliance Fee (05/2021)" TransName="RESIDENTLIABILITYFEE" TransactionBatchID="1619538294534"/>
    <Transaction CatCode="C" FiscalPeriodEnd="N" LeaID="11224" ReshID="10918" SiteID="4300780" TransAmt="10.00" TransDate="2021-05-01" TransDesc="Resident Liability Compliance Fee (05/2021)" TransName="RESIDENTLIABILITYFEE" TransactionBatchID="1619538294535"/>
    <Transaction CatCode="C" FiscalPeriodEnd="N" LeaID="11230" ReshID="10920" SiteID="4300780" TransAmt="10.00" TransDate="2021-05-01" TransDesc="Resident Liability Compliance Fee (05/2021)" TransName="RESIDENTLIABILITYFEE" TransactionBatchID="1619538294536"/>
    <Transaction CatCode="C" FiscalPeriodEnd="N" LeaID="11242" ReshID="10924" SiteID="4300780" TransAmt="10.00" TransDate="2021-05-01" TransDesc="Resident Liability Compliance Fee (05/2021)" TransName="RESIDENTLIABILITYFEE" TransactionBatchID="1619538294537"/>
    <Transaction CatCode="C" FiscalPeriodEnd="N" LeaID="11232" ReshID="10922" SiteID="4300780" TransAmt="10.00" TransDate="2021-05-01" TransDesc="Resident Liability Compliance Fee (05/2021)" TransName="RESIDENTLIABILITYFEE" TransactionBatchID="1619538294538"/>
    <Transaction CatCode="C" FiscalPeriodEnd="N" LeaID="11362" ReshID="10927" SiteID="4300780" TransAmt="10.00" TransDate="2021-05-01" TransDesc="Resident Liability Compliance Fee (05/2021)" TransName="RESIDENTLIABILITYFEE" TransactionBatchID="1619538294539"/>
    <Transaction CatCode="C" FiscalPeriodEnd="N" LeaID="11254" ReshID="10929" SiteID="4300780" TransAmt="10.00" TransDate="2021-05-01" TransDesc="Resident Liability Compliance Fee (05/2021)" TransName="RESIDENTLIABILITYFEE" TransactionBatchID="1619538294540"/>
    <Transaction CatCode="C" FiscalPeriodEnd="N" LeaID="11183" ReshID="10886" SiteID="4300780" TransAmt="10.00" TransDate="2021-05-01" TransDesc="Resident Liability Compliance Fee (05/2021)" TransName="RESIDENTLIABILITYFEE" TransactionBatchID="1619538294541"/>
    <Transaction CatCode="C" FiscalPeriodEnd="N" LeaID="11276" ReshID="203" SiteID="4300780" TransAmt="10.00" TransDate="2021-05-01" TransDesc="Resident Liability Compliance Fee (05/2021)" TransName="RESIDENTLIABILITYFEE" TransactionBatchID="1619538294542"/>
    <Transaction CatCode="C" FiscalPeriodEnd="N" LeaID="11390" ReshID="660" SiteID="4300780" TransAmt="10.00" TransDate="2021-05-01" TransDesc="Resident Liability Compliance Fee (05/2021)" TransName="RESIDENTLIABILITYFEE" TransactionBatchID="1619538294543"/>
    <Transaction CatCode="C" FiscalPeriodEnd="N" LeaID="11266" ReshID="10933" SiteID="4300780" TransAmt="10.00" TransDate="2021-05-01" TransDesc="Resident Liability Compliance Fee (05/2021)" TransName="RESIDENTLIABILITYFEE" TransactionBatchID="1619538294544"/>
    <Transaction CatCode="C" FiscalPeriodEnd="N" LeaID="11416" ReshID="396" SiteID="4300780" TransAmt="10.00" TransDate="2021-05-01" TransDesc="Resident Liability Compliance Fee (05/2021)" TransName="RESIDENTLIABILITYFEE" TransactionBatchID="1619538294545"/>
    <Transaction CatCode="C" FiscalPeriodEnd="N" LeaID="11374" ReshID="10728" SiteID="4300780" TransAmt="10.00" TransDate="2021-05-01" TransDesc="Resident Liability Compliance Fee (05/2021)" TransName="RESIDENTLIABILITYFEE" TransactionBatchID="1619538294546"/>
    <Transaction CatCode="C" FiscalPeriodEnd="N" LeaID="11282" ReshID="10940" SiteID="4300780" TransAmt="10.00" TransDate="2021-05-01" TransDesc="Resident Liability Compliance Fee (05/2021)" TransName="RESIDENTLIABILITYFEE" TransactionBatchID="1619538294547"/>
    <Transaction CatCode="C" FiscalPeriodEnd="N" LeaID="11273" ReshID="10936" SiteID="4300780" TransAmt="10.00" TransDate="2021-05-01" TransDesc="Resident Liability Compliance Fee (05/2021)" TransName="RESIDENTLIABILITYFEE" TransactionBatchID="1619538294548"/>
    <Transaction CatCode="C" FiscalPeriodEnd="N" LeaID="11258" ReshID="10931" SiteID="4300780" TransAmt="10.00" TransDate="2021-05-01" TransDesc="Resident Liability Compliance Fee (05/2021)" TransName="RESIDENTLIABILITYFEE" TransactionBatchID="1619538294549"/>
    <Transaction CatCode="C" FiscalPeriodEnd="N" LeaID="11291" ReshID="10947" SiteID="4300780" TransAmt="10.00" TransDate="2021-05-01" TransDesc="Resident Liability Compliance Fee (05/2021)" TransName="RESIDENTLIABILITYFEE" TransactionBatchID="1619538294550"/>
    <Transaction CatCode="C" FiscalPeriodEnd="N" LeaID="11297" ReshID="10952" SiteID="4300780" TransAmt="10.00" TransDate="2021-05-01" TransDesc="Resident Liability Compliance Fee (05/2021)" TransName="RESIDENTLIABILITYFEE" TransactionBatchID="1619538294551"/>
    <Transaction CatCode="C" FiscalPeriodEnd="N" LeaID="11285" ReshID="10941" SiteID="4300780" TransAmt="10.00" TransDate="2021-05-01" TransDesc="Resident Liability Compliance Fee (05/2021)" TransName="RESIDENTLIABILITYFEE" TransactionBatchID="1619538294552"/>
    <Transaction CatCode="C" FiscalPeriodEnd="N" LeaID="11322" ReshID="10959" SiteID="4300780" TransAmt="10.00" TransDate="2021-05-01" TransDesc="Resident Liability Compliance Fee (05/2021)" TransName="RESIDENTLIABILITYFEE" TransactionBatchID="1619538294553"/>
    <Transaction CatCode="C" FiscalPeriodEnd="N" LeaID="11329" ReshID="10962" SiteID="4300780" TransAmt="10.00" TransDate="2021-05-01" TransDesc="Resident Liability Compliance Fee (05/2021)" TransName="RESIDENTLIABILITYFEE" TransactionBatchID="1619538294554"/>
    <Transaction CatCode="C" FiscalPeriodEnd="N" LeaID="11287" ReshID="10943" SiteID="4300780" TransAmt="10.00" TransDate="2021-05-01" TransDesc="Resident Liability Compliance Fee (05/2021)" TransName="RESIDENTLIABILITYFEE" TransactionBatchID="1619538294555"/>
    <Transaction CatCode="C" FiscalPeriodEnd="N" LeaID="11288" ReshID="10944" SiteID="4300780" TransAmt="10.00" TransDate="2021-05-01" TransDesc="Resident Liability Compliance Fee (05/2021)" TransName="RESIDENTLIABILITYFEE" TransactionBatchID="1619538294556"/>
    <Transaction CatCode="C" FiscalPeriodEnd="N" LeaID="11345" ReshID="10971" SiteID="4300780" TransAmt="10.00" TransDate="2021-05-01" TransDesc="Resident Liability Compliance Fee (05/2021)" TransName="RESIDENTLIABILITYFEE" TransactionBatchID="1619538294557"/>
    <Transaction CatCode="C" FiscalPeriodEnd="N" LeaID="11314" ReshID="10954" SiteID="4300780" TransAmt="10.00" TransDate="2021-05-01" TransDesc="Resident Liability Compliance Fee (05/2021)" TransName="RESIDENTLIABILITYFEE" TransactionBatchID="1619538294558"/>
    <Transaction CatCode="C" FiscalPeriodEnd="N" LeaID="11312" ReshID="10953" SiteID="4300780" TransAmt="10.00" TransDate="2021-05-01" TransDesc="Resident Liability Compliance Fee (05/2021)" TransName="RESIDENTLIABILITYFEE" TransactionBatchID="1619538294559"/>
    <Transaction CatCode="C" FiscalPeriodEnd="N" LeaID="11330" ReshID="10963" SiteID="4300780" TransAmt="10.00" TransDate="2021-05-01" TransDesc="Resident Liability Compliance Fee (05/2021)" TransName="RESIDENTLIABILITYFEE" TransactionBatchID="1619538294560"/>
    <Transaction CatCode="C" FiscalPeriodEnd="N" LeaID="11335" ReshID="10968" SiteID="4300780" TransAmt="10.00" TransDate="2021-05-01" TransDesc="Resident Liability Compliance Fee (05/2021)" TransName="RESIDENTLIABILITYFEE" TransactionBatchID="1619538294561"/>
    <Transaction CatCode="C" FiscalPeriodEnd="N" LeaID="11357" ReshID="10975" SiteID="4300780" TransAmt="10.00" TransDate="2021-05-01" TransDesc="Resident Liability Compliance Fee (05/2021)" TransName="RESIDENTLIABILITYFEE" TransactionBatchID="1619538294562"/>
    <Transaction CatCode="C" FiscalPeriodEnd="N" LeaID="11359" ReshID="10983" SiteID="4300780" TransAmt="10.00" TransDate="2021-05-01" TransDesc="Resident Liability Compliance Fee (05/2021)" TransName="RESIDENTLIABILITYFEE" TransactionBatchID="1619538294563"/>
    <Transaction CatCode="C" FiscalPeriodEnd="N" LeaID="11358" ReshID="10981" SiteID="4300780" TransAmt="10.00" TransDate="2021-05-01" TransDesc="Resident Liability Compliance Fee (05/2021)" TransName="RESIDENTLIABILITYFEE" TransactionBatchID="1619538294564"/>
    <Transaction CatCode="C" FiscalPeriodEnd="N" LeaID="11315" ReshID="10955" SiteID="4300780" TransAmt="10.00" TransDate="2021-05-01" TransDesc="Resident Liability Compliance Fee (05/2021)" TransName="RESIDENTLIABILITYFEE" TransactionBatchID="1619538294565"/>
    <Transaction CatCode="C" FiscalPeriodEnd="N" LeaID="11430" ReshID="387" SiteID="4300780" TransAmt="10.00" TransDate="2021-05-01" TransDesc="Resident Liability Compliance Fee (05/2021)" TransName="RESIDENTLIABILITYFEE" TransactionBatchID="1619538294566"/>
    <Transaction CatCode="C" FiscalPeriodEnd="N" LeaID="11378" ReshID="10992" SiteID="4300780" TransAmt="10.00" TransDate="2021-05-01" TransDesc="Resident Liability Compliance Fee (05/2021)" TransName="RESIDENTLIABILITYFEE" TransactionBatchID="1619538294567"/>
    <Transaction CatCode="C" FiscalPeriodEnd="N" LeaID="11391" ReshID="11001" SiteID="4300780" TransAmt="10.00" TransDate="2021-05-01" TransDesc="Resident Liability Compliance Fee (05/2021)" TransName="RESIDENTLIABILITYFEE" TransactionBatchID="1619538294568"/>
    <Transaction CatCode="C" FiscalPeriodEnd="N" LeaID="11356" ReshID="10974" SiteID="4300780" TransAmt="10.00" TransDate="2021-05-01" TransDesc="Resident Liability Compliance Fee (05/2021)" TransName="RESIDENTLIABILITYFEE" TransactionBatchID="1619538294569"/>
    <Transaction CatCode="C" FiscalPeriodEnd="N" LeaID="11402" ReshID="11009" SiteID="4300780" TransAmt="10.00" TransDate="2021-05-01" TransDesc="Resident Liability Compliance Fee (05/2021)" TransName="RESIDENTLIABILITYFEE" TransactionBatchID="1619538294570"/>
    <Transaction CatCode="C" FiscalPeriodEnd="N" LeaID="11405" ReshID="11011" SiteID="4300780" TransAmt="10.00" TransDate="2021-05-01" TransDesc="Resident Liability Compliance Fee (05/2021)" TransName="RESIDENTLIABILITYFEE" TransactionBatchID="1619538294571"/>
    <Transaction CatCode="C" FiscalPeriodEnd="N" LeaID="11450" ReshID="11037" SiteID="4300780" TransAmt="10.00" TransDate="2021-05-01" TransDesc="Resident Liability Compliance Fee (05/2021)" TransName="RESIDENTLIABILITYFEE" TransactionBatchID="1619538294572"/>
    <Transaction CatCode="C" FiscalPeriodEnd="N" LeaID="11420" ReshID="11015" SiteID="4300780" TransAmt="10.00" TransDate="2021-05-01" TransDesc="Resident Liability Compliance Fee (05/2021)" TransName="RESIDENTLIABILITYFEE" TransactionBatchID="1619538294573"/>
    <Transaction CatCode="C" FiscalPeriodEnd="N" LeaID="11083" ReshID="54" SiteID="4300780" TransAmt="10.00" TransDate="2021-05-01" TransDesc="Resident Liability Compliance Fee (05/2021)" TransName="RESIDENTLIABILITYFEE" TransactionBatchID="1619538294574"/>
    <Transaction CatCode="C" FiscalPeriodEnd="N" LeaID="11427" ReshID="11022" SiteID="4300780" TransAmt="10.00" TransDate="2021-05-01" TransDesc="Resident Liability Compliance Fee (05/2021)" TransName="RESIDENTLIABILITYFEE" TransactionBatchID="1619538294575"/>
    <Transaction CatCode="C" FiscalPeriodEnd="N" LeaID="11423" ReshID="11017" SiteID="4300780" TransAmt="10.00" TransDate="2021-05-01" TransDesc="Resident Liability Compliance Fee (05/2021)" TransName="RESIDENTLIABILITYFEE" TransactionBatchID="1619538294576"/>
    <Transaction CatCode="C" FiscalPeriodEnd="N" LeaID="11419" ReshID="11014" SiteID="4300780" TransAmt="10.00" TransDate="2021-05-01" TransDesc="Resident Liability Compliance Fee (05/2021)" TransName="RESIDENTLIABILITYFEE" TransactionBatchID="1619538294577"/>
    <Transaction CatCode="C" FiscalPeriodEnd="N" LeaID="11464" ReshID="11049" SiteID="4300780" TransAmt="10.00" TransDate="2021-05-01" TransDesc="Resident Liability Compliance Fee (05/2021)" TransName="RESIDENTLIABILITYFEE" TransactionBatchID="1619538294578"/>
    <Transaction CatCode="C" FiscalPeriodEnd="N" LeaID="11469" ReshID="11053" SiteID="4300780" TransAmt="10.00" TransDate="2021-05-01" TransDesc="Resident Liability Compliance Fee (05/2021)" TransName="RESIDENTLIABILITYFEE" TransactionBatchID="1619538294579"/>
    <Transaction CatCode="C" FiscalPeriodEnd="N" LeaID="11476" ReshID="11058" SiteID="4300780" TransAmt="10.00" TransDate="2021-05-01" TransDesc="Resident Liability Compliance Fee (05/2021)" TransName="RESIDENTLIABILITYFEE" TransactionBatchID="1619538294580"/>
    <Transaction CatCode="C" FiscalPeriodEnd="N" LeaID="11474" ReshID="11056" SiteID="4300780" TransAmt="10.00" TransDate="2021-05-01" TransDesc="Resident Liability Compliance Fee (05/2021)" TransName="RESIDENTLIABILITYFEE" TransactionBatchID="1619538294581"/>
</TransactionList>
