<TransactionList>
    <Validation>
        <Audit Count="69" Node="Transaction" Sum="690.00"/>
    </Validation>
    <Transaction CatCode="C" FiscalPeriodEnd="N" LeaID="11312" ReshID="47" SiteID="4333747" TransAmt="10.00" TransDate="2021-05-01" TransDesc="Resident Liability Compliance Fee (05/2021)" TransName="RESIDENTLIABILITYFEE" TransactionBatchID="1619538292820"/>
    <Transaction CatCode="C" FiscalPeriodEnd="N" LeaID="11098" ReshID="171" SiteID="4333747" TransAmt="10.00" TransDate="2021-05-01" TransDesc="Resident Liability Compliance Fee (05/2021)" TransName="RESIDENTLIABILITYFEE" TransactionBatchID="1619538292821"/>
    <Transaction CatCode="C" FiscalPeriodEnd="N" LeaID="11321" ReshID="192" SiteID="4333747" TransAmt="10.00" TransDate="2021-05-01" TransDesc="Resident Liability Compliance Fee (05/2021)" TransName="RESIDENTLIABILITYFEE" TransactionBatchID="1619538292822"/>
    <Transaction CatCode="C" FiscalPeriodEnd="N" LeaID="11316" ReshID="196" SiteID="4333747" TransAmt="10.00" TransDate="2021-05-01" TransDesc="Resident Liability Compliance Fee (05/2021)" TransName="RESIDENTLIABILITYFEE" TransactionBatchID="1619538292823"/>
    <Transaction CatCode="C" FiscalPeriodEnd="N" LeaID="11319" ReshID="202" SiteID="4333747" TransAmt="10.00" TransDate="2021-05-01" TransDesc="Resident Liability Compliance Fee (05/2021)" TransName="RESIDENTLIABILITYFEE" TransactionBatchID="1619538292824"/>
    <Transaction CatCode="C" FiscalPeriodEnd="N" LeaID="11318" ReshID="206" SiteID="4333747" TransAmt="10.00" TransDate="2021-05-01" TransDesc="Resident Liability Compliance Fee (05/2021)" TransName="RESIDENTLIABILITYFEE" TransactionBatchID="1619538292825"/>
    <Transaction CatCode="C" FiscalPeriodEnd="N" LeaID="11320" ReshID="209" SiteID="4333747" TransAmt="10.00" TransDate="2021-05-01" TransDesc="Resident Liability Compliance Fee (05/2021)" TransName="RESIDENTLIABILITYFEE" TransactionBatchID="1619538292826"/>
    <Transaction CatCode="C" FiscalPeriodEnd="N" LeaID="11298" ReshID="372" SiteID="4333747" TransAmt="10.00" TransDate="2021-05-01" TransDesc="Resident Liability Compliance Fee (05/2021)" TransName="RESIDENTLIABILITYFEE" TransactionBatchID="1619538292827"/>
    <Transaction CatCode="C" FiscalPeriodEnd="N" LeaID="11379" ReshID="378" SiteID="4333747" TransAmt="10.00" TransDate="2021-05-01" TransDesc="Resident Liability Compliance Fee (05/2021)" TransName="RESIDENTLIABILITYFEE" TransactionBatchID="1619538292828"/>
    <Transaction CatCode="C" FiscalPeriodEnd="N" LeaID="11328" ReshID="495" SiteID="4333747" TransAmt="10.00" TransDate="2021-05-01" TransDesc="Resident Liability Compliance Fee (05/2021)" TransName="RESIDENTLIABILITYFEE" TransactionBatchID="1619538292829"/>
    <Transaction CatCode="C" FiscalPeriodEnd="N" LeaID="11340" ReshID="500" SiteID="4333747" TransAmt="10.00" TransDate="2021-05-01" TransDesc="Resident Liability Compliance Fee (05/2021)" TransName="RESIDENTLIABILITYFEE" TransactionBatchID="1619538292830"/>
    <Transaction CatCode="C" FiscalPeriodEnd="N" LeaID="11453" ReshID="539" SiteID="4333747" TransAmt="10.00" TransDate="2021-05-01" TransDesc="Resident Liability Compliance Fee (05/2021)" TransName="RESIDENTLIABILITYFEE" TransactionBatchID="1619538292831"/>
    <Transaction CatCode="C" FiscalPeriodEnd="N" LeaID="11295" ReshID="589" SiteID="4333747" TransAmt="10.00" TransDate="2021-05-01" TransDesc="Resident Liability Compliance Fee (05/2021)" TransName="RESIDENTLIABILITYFEE" TransactionBatchID="1619538292832"/>
    <Transaction CatCode="C" FiscalPeriodEnd="N" LeaID="11293" ReshID="319" SiteID="4333747" TransAmt="10.00" TransDate="2021-05-01" TransDesc="Resident Liability Compliance Fee (05/2021)" TransName="RESIDENTLIABILITYFEE" TransactionBatchID="1619538292833"/>
    <Transaction CatCode="C" FiscalPeriodEnd="N" LeaID="11182" ReshID="359" SiteID="4333747" TransAmt="10.00" TransDate="2021-05-01" TransDesc="Resident Liability Compliance Fee (05/2021)" TransName="RESIDENTLIABILITYFEE" TransactionBatchID="1619538292834"/>
    <Transaction CatCode="C" FiscalPeriodEnd="N" LeaID="11184" ReshID="577" SiteID="4333747" TransAmt="10.00" TransDate="2021-05-01" TransDesc="Resident Liability Compliance Fee (05/2021)" TransName="RESIDENTLIABILITYFEE" TransactionBatchID="1619538292835"/>
    <Transaction CatCode="C" FiscalPeriodEnd="N" LeaID="11457" ReshID="636" SiteID="4333747" TransAmt="10.00" TransDate="2021-05-01" TransDesc="Resident Liability Compliance Fee (05/2021)" TransName="RESIDENTLIABILITYFEE" TransactionBatchID="1619538292836"/>
    <Transaction CatCode="C" FiscalPeriodEnd="N" LeaID="11384" ReshID="646" SiteID="4333747" TransAmt="10.00" TransDate="2021-05-01" TransDesc="Resident Liability Compliance Fee (05/2021)" TransName="RESIDENTLIABILITYFEE" TransactionBatchID="1619538292837"/>
    <Transaction CatCode="C" FiscalPeriodEnd="N" LeaID="11085" ReshID="626" SiteID="4333747" TransAmt="10.00" TransDate="2021-05-01" TransDesc="Resident Liability Compliance Fee (05/2021)" TransName="RESIDENTLIABILITYFEE" TransactionBatchID="1619538292838"/>
    <Transaction CatCode="C" FiscalPeriodEnd="N" LeaID="11142" ReshID="687" SiteID="4333747" TransAmt="10.00" TransDate="2021-05-01" TransDesc="Resident Liability Compliance Fee (05/2021)" TransName="RESIDENTLIABILITYFEE" TransactionBatchID="1619538292839"/>
    <Transaction CatCode="C" FiscalPeriodEnd="N" LeaID="11451" ReshID="10756" SiteID="4333747" TransAmt="10.00" TransDate="2021-05-01" TransDesc="Resident Liability Compliance Fee (05/2021)" TransName="RESIDENTLIABILITYFEE" TransactionBatchID="1619538292840"/>
    <Transaction CatCode="C" FiscalPeriodEnd="N" LeaID="11190" ReshID="10781" SiteID="4333747" TransAmt="10.00" TransDate="2021-05-01" TransDesc="Resident Liability Compliance Fee (05/2021)" TransName="RESIDENTLIABILITYFEE" TransactionBatchID="1619538292841"/>
    <Transaction CatCode="C" FiscalPeriodEnd="N" LeaID="11283" ReshID="10787" SiteID="4333747" TransAmt="10.00" TransDate="2021-05-01" TransDesc="Resident Liability Compliance Fee (05/2021)" TransName="RESIDENTLIABILITYFEE" TransactionBatchID="1619538292842"/>
    <Transaction CatCode="C" FiscalPeriodEnd="N" LeaID="909" ReshID="660" SiteID="4333747" TransAmt="10.00" TransDate="2021-05-01" TransDesc="Resident Liability Compliance Fee (05/2021)" TransName="RESIDENTLIABILITYFEE" TransactionBatchID="1619538292843"/>
    <Transaction CatCode="C" FiscalPeriodEnd="N" LeaID="11096" ReshID="10794" SiteID="4333747" TransAmt="10.00" TransDate="2021-05-01" TransDesc="Resident Liability Compliance Fee (05/2021)" TransName="RESIDENTLIABILITYFEE" TransactionBatchID="1619538292844"/>
    <Transaction CatCode="C" FiscalPeriodEnd="N" LeaID="11088" ReshID="10801" SiteID="4333747" TransAmt="10.00" TransDate="2021-05-01" TransDesc="Resident Liability Compliance Fee (05/2021)" TransName="RESIDENTLIABILITYFEE" TransactionBatchID="1619538292845"/>
    <Transaction CatCode="C" FiscalPeriodEnd="N" LeaID="11115" ReshID="10815" SiteID="4333747" TransAmt="10.00" TransDate="2021-05-01" TransDesc="Resident Liability Compliance Fee (05/2021)" TransName="RESIDENTLIABILITYFEE" TransactionBatchID="1619538292846"/>
    <Transaction CatCode="C" FiscalPeriodEnd="N" LeaID="11121" ReshID="10819" SiteID="4333747" TransAmt="10.00" TransDate="2021-05-01" TransDesc="Resident Liability Compliance Fee (05/2021)" TransName="RESIDENTLIABILITYFEE" TransactionBatchID="1619538292847"/>
    <Transaction CatCode="C" FiscalPeriodEnd="N" LeaID="11175" ReshID="585" SiteID="4333747" TransAmt="10.00" TransDate="2021-05-01" TransDesc="Resident Liability Compliance Fee (05/2021)" TransName="RESIDENTLIABILITYFEE" TransactionBatchID="1619538292848"/>
    <Transaction CatCode="C" FiscalPeriodEnd="N" LeaID="11123" ReshID="10821" SiteID="4333747" TransAmt="10.00" TransDate="2021-05-01" TransDesc="Resident Liability Compliance Fee (05/2021)" TransName="RESIDENTLIABILITYFEE" TransactionBatchID="1619538292849"/>
    <Transaction CatCode="C" FiscalPeriodEnd="N" LeaID="11111" ReshID="10813" SiteID="4333747" TransAmt="10.00" TransDate="2021-05-01" TransDesc="Resident Liability Compliance Fee (05/2021)" TransName="RESIDENTLIABILITYFEE" TransactionBatchID="1619538292850"/>
    <Transaction CatCode="C" FiscalPeriodEnd="N" LeaID="11167" ReshID="10840" SiteID="4333747" TransAmt="10.00" TransDate="2021-05-01" TransDesc="Resident Liability Compliance Fee (05/2021)" TransName="RESIDENTLIABILITYFEE" TransactionBatchID="1619538292851"/>
    <Transaction CatCode="C" FiscalPeriodEnd="N" LeaID="11169" ReshID="10850" SiteID="4333747" TransAmt="10.00" TransDate="2021-05-01" TransDesc="Resident Liability Compliance Fee (05/2021)" TransName="RESIDENTLIABILITYFEE" TransactionBatchID="1619538292852"/>
    <Transaction CatCode="C" FiscalPeriodEnd="N" LeaID="11179" ReshID="10856" SiteID="4333747" TransAmt="10.00" TransDate="2021-05-01" TransDesc="Resident Liability Compliance Fee (05/2021)" TransName="RESIDENTLIABILITYFEE" TransactionBatchID="1619538292853"/>
    <Transaction CatCode="C" FiscalPeriodEnd="N" LeaID="11170" ReshID="10851" SiteID="4333747" TransAmt="10.00" TransDate="2021-05-01" TransDesc="Resident Liability Compliance Fee (05/2021)" TransName="RESIDENTLIABILITYFEE" TransactionBatchID="1619538292854"/>
    <Transaction CatCode="C" FiscalPeriodEnd="N" LeaID="11373" ReshID="10835" SiteID="4333747" TransAmt="10.00" TransDate="2021-05-01" TransDesc="Resident Liability Compliance Fee (05/2021)" TransName="RESIDENTLIABILITYFEE" TransactionBatchID="1619538292855"/>
    <Transaction CatCode="C" FiscalPeriodEnd="N" LeaID="11199" ReshID="10866" SiteID="4333747" TransAmt="10.00" TransDate="2021-05-01" TransDesc="Resident Liability Compliance Fee (05/2021)" TransName="RESIDENTLIABILITYFEE" TransactionBatchID="1619538292856"/>
    <Transaction CatCode="C" FiscalPeriodEnd="N" LeaID="11378" ReshID="10876" SiteID="4333747" TransAmt="10.00" TransDate="2021-05-01" TransDesc="Resident Liability Compliance Fee (05/2021)" TransName="RESIDENTLIABILITYFEE" TransactionBatchID="1619538292857"/>
    <Transaction CatCode="C" FiscalPeriodEnd="N" LeaID="11200" ReshID="10867" SiteID="4333747" TransAmt="10.00" TransDate="2021-05-01" TransDesc="Resident Liability Compliance Fee (05/2021)" TransName="RESIDENTLIABILITYFEE" TransactionBatchID="1619538292858"/>
    <Transaction CatCode="C" FiscalPeriodEnd="N" LeaID="11213" ReshID="10877" SiteID="4333747" TransAmt="10.00" TransDate="2021-05-01" TransDesc="Resident Liability Compliance Fee (05/2021)" TransName="RESIDENTLIABILITYFEE" TransactionBatchID="1619538292859"/>
    <Transaction CatCode="C" FiscalPeriodEnd="N" LeaID="11245" ReshID="10914" SiteID="4333747" TransAmt="10.00" TransDate="2021-05-01" TransDesc="Resident Liability Compliance Fee (05/2021)" TransName="RESIDENTLIABILITYFEE" TransactionBatchID="1619538292860"/>
    <Transaction CatCode="C" FiscalPeriodEnd="N" LeaID="11401" ReshID="10946" SiteID="4333747" TransAmt="10.00" TransDate="2021-05-01" TransDesc="Resident Liability Compliance Fee (05/2021)" TransName="RESIDENTLIABILITYFEE" TransactionBatchID="1619538292861"/>
    <Transaction CatCode="C" FiscalPeriodEnd="N" LeaID="11254" ReshID="10932" SiteID="4333747" TransAmt="10.00" TransDate="2021-05-01" TransDesc="Resident Liability Compliance Fee (05/2021)" TransName="RESIDENTLIABILITYFEE" TransactionBatchID="1619538292862"/>
    <Transaction CatCode="C" FiscalPeriodEnd="N" LeaID="11286" ReshID="10959" SiteID="4333747" TransAmt="10.00" TransDate="2021-05-01" TransDesc="Resident Liability Compliance Fee (05/2021)" TransName="RESIDENTLIABILITYFEE" TransactionBatchID="1619538292863"/>
    <Transaction CatCode="C" FiscalPeriodEnd="N" LeaID="11279" ReshID="10955" SiteID="4333747" TransAmt="10.00" TransDate="2021-05-01" TransDesc="Resident Liability Compliance Fee (05/2021)" TransName="RESIDENTLIABILITYFEE" TransactionBatchID="1619538292864"/>
    <Transaction CatCode="C" FiscalPeriodEnd="N" LeaID="11371" ReshID="10937" SiteID="4333747" TransAmt="10.00" TransDate="2021-05-01" TransDesc="Resident Liability Compliance Fee (05/2021)" TransName="RESIDENTLIABILITYFEE" TransactionBatchID="1619538292865"/>
    <Transaction CatCode="C" FiscalPeriodEnd="N" LeaID="11263" ReshID="10940" SiteID="4333747" TransAmt="10.00" TransDate="2021-05-01" TransDesc="Resident Liability Compliance Fee (05/2021)" TransName="RESIDENTLIABILITYFEE" TransactionBatchID="1619538292866"/>
    <Transaction CatCode="C" FiscalPeriodEnd="N" LeaID="11284" ReshID="10958" SiteID="4333747" TransAmt="10.00" TransDate="2021-05-01" TransDesc="Resident Liability Compliance Fee (05/2021)" TransName="RESIDENTLIABILITYFEE" TransactionBatchID="1619538292867"/>
    <Transaction CatCode="C" FiscalPeriodEnd="N" LeaID="11313" ReshID="10975" SiteID="4333747" TransAmt="10.00" TransDate="2021-05-01" TransDesc="Resident Liability Compliance Fee (05/2021)" TransName="RESIDENTLIABILITYFEE" TransactionBatchID="1619538292868"/>
    <Transaction CatCode="C" FiscalPeriodEnd="N" LeaID="11331" ReshID="10985" SiteID="4333747" TransAmt="10.00" TransDate="2021-05-01" TransDesc="Resident Liability Compliance Fee (05/2021)" TransName="RESIDENTLIABILITYFEE" TransactionBatchID="1619538292869"/>
    <Transaction CatCode="C" FiscalPeriodEnd="N" LeaID="11416" ReshID="10993" SiteID="4333747" TransAmt="10.00" TransDate="2021-05-01" TransDesc="Resident Liability Compliance Fee (05/2021)" TransName="RESIDENTLIABILITYFEE" TransactionBatchID="1619538292870"/>
    <Transaction CatCode="C" FiscalPeriodEnd="N" LeaID="11345" ReshID="10996" SiteID="4333747" TransAmt="10.00" TransDate="2021-05-01" TransDesc="Resident Liability Compliance Fee (05/2021)" TransName="RESIDENTLIABILITYFEE" TransactionBatchID="1619538292871"/>
    <Transaction CatCode="C" FiscalPeriodEnd="N" LeaID="11355" ReshID="11006" SiteID="4333747" TransAmt="10.00" TransDate="2021-05-01" TransDesc="Resident Liability Compliance Fee (05/2021)" TransName="RESIDENTLIABILITYFEE" TransactionBatchID="1619538292872"/>
    <Transaction CatCode="C" FiscalPeriodEnd="N" LeaID="11367" ReshID="11015" SiteID="4333747" TransAmt="10.00" TransDate="2021-05-01" TransDesc="Resident Liability Compliance Fee (05/2021)" TransName="RESIDENTLIABILITYFEE" TransactionBatchID="1619538292873"/>
    <Transaction CatCode="C" FiscalPeriodEnd="N" LeaID="11364" ReshID="11011" SiteID="4333747" TransAmt="10.00" TransDate="2021-05-01" TransDesc="Resident Liability Compliance Fee (05/2021)" TransName="RESIDENTLIABILITYFEE" TransactionBatchID="1619538292874"/>
    <Transaction CatCode="C" FiscalPeriodEnd="N" LeaID="11380" ReshID="11023" SiteID="4333747" TransAmt="10.00" TransDate="2021-05-01" TransDesc="Resident Liability Compliance Fee (05/2021)" TransName="RESIDENTLIABILITYFEE" TransactionBatchID="1619538292875"/>
    <Transaction CatCode="C" FiscalPeriodEnd="N" LeaID="11403" ReshID="11021" SiteID="4333747" TransAmt="10.00" TransDate="2021-05-01" TransDesc="Resident Liability Compliance Fee (05/2021)" TransName="RESIDENTLIABILITYFEE" TransactionBatchID="1619538292876"/>
    <Transaction CatCode="C" FiscalPeriodEnd="N" LeaID="11374" ReshID="11019" SiteID="4333747" TransAmt="10.00" TransDate="2021-05-01" TransDesc="Resident Liability Compliance Fee (05/2021)" TransName="RESIDENTLIABILITYFEE" TransactionBatchID="1619538292877"/>
    <Transaction CatCode="C" FiscalPeriodEnd="N" LeaID="11386" ReshID="11026" SiteID="4333747" TransAmt="10.00" TransDate="2021-05-01" TransDesc="Resident Liability Compliance Fee (05/2021)" TransName="RESIDENTLIABILITYFEE" TransactionBatchID="1619538292878"/>
    <Transaction CatCode="C" FiscalPeriodEnd="N" LeaID="11396" ReshID="11035" SiteID="4333747" TransAmt="10.00" TransDate="2021-05-01" TransDesc="Resident Liability Compliance Fee (05/2021)" TransName="RESIDENTLIABILITYFEE" TransactionBatchID="1619538292879"/>
    <Transaction CatCode="C" FiscalPeriodEnd="N" LeaID="11393" ReshID="11032" SiteID="4333747" TransAmt="10.00" TransDate="2021-05-01" TransDesc="Resident Liability Compliance Fee (05/2021)" TransName="RESIDENTLIABILITYFEE" TransactionBatchID="1619538292880"/>
    <Transaction CatCode="C" FiscalPeriodEnd="N" LeaID="11402" ReshID="11040" SiteID="4333747" TransAmt="10.00" TransDate="2021-05-01" TransDesc="Resident Liability Compliance Fee (05/2021)" TransName="RESIDENTLIABILITYFEE" TransactionBatchID="1619538292881"/>
    <Transaction CatCode="C" FiscalPeriodEnd="N" LeaID="11407" ReshID="11043" SiteID="4333747" TransAmt="10.00" TransDate="2021-05-01" TransDesc="Resident Liability Compliance Fee (05/2021)" TransName="RESIDENTLIABILITYFEE" TransactionBatchID="1619538292882"/>
    <Transaction CatCode="C" FiscalPeriodEnd="N" LeaID="11411" ReshID="11047" SiteID="4333747" TransAmt="10.00" TransDate="2021-05-01" TransDesc="Resident Liability Compliance Fee (05/2021)" TransName="RESIDENTLIABILITYFEE" TransactionBatchID="1619538292883"/>
    <Transaction CatCode="C" FiscalPeriodEnd="N" LeaID="11408" ReshID="11044" SiteID="4333747" TransAmt="10.00" TransDate="2021-05-01" TransDesc="Resident Liability Compliance Fee (05/2021)" TransName="RESIDENTLIABILITYFEE" TransactionBatchID="1619538292884"/>
    <Transaction CatCode="C" FiscalPeriodEnd="N" LeaID="11418" ReshID="11052" SiteID="4333747" TransAmt="10.00" TransDate="2021-05-01" TransDesc="Resident Liability Compliance Fee (05/2021)" TransName="RESIDENTLIABILITYFEE" TransactionBatchID="1619538292885"/>
    <Transaction CatCode="C" FiscalPeriodEnd="N" LeaID="11447" ReshID="11071" SiteID="4333747" TransAmt="10.00" TransDate="2021-05-01" TransDesc="Resident Liability Compliance Fee (05/2021)" TransName="RESIDENTLIABILITYFEE" TransactionBatchID="1619538292886"/>
    <Transaction CatCode="C" FiscalPeriodEnd="N" LeaID="11438" ReshID="11066" SiteID="4333747" TransAmt="10.00" TransDate="2021-05-01" TransDesc="Resident Liability Compliance Fee (05/2021)" TransName="RESIDENTLIABILITYFEE" TransactionBatchID="1619538292887"/>
    <Transaction CatCode="C" FiscalPeriodEnd="N" LeaID="11446" ReshID="11070" SiteID="4333747" TransAmt="10.00" TransDate="2021-05-01" TransDesc="Resident Liability Compliance Fee (05/2021)" TransName="RESIDENTLIABILITYFEE" TransactionBatchID="1619538292888"/>
</TransactionList>
