<TransactionList>
    <Validation>
        <Audit Count="91" Node="Transaction" Sum="910.00"/>
    </Validation>
    <Transaction CatCode="C" FiscalPeriodEnd="N" LeaID="21074" ReshID="12" SiteID="4333293" TransAmt="10.00" TransDate="2021-05-01" TransDesc="Resident Liability Compliance Fee (05/2021)" TransName="RESIDENTLIABILITYFEE" TransactionBatchID="1619538299047"/>
    <Transaction CatCode="C" FiscalPeriodEnd="N" LeaID="21173" ReshID="37" SiteID="4333293" TransAmt="10.00" TransDate="2021-05-01" TransDesc="Resident Liability Compliance Fee (05/2021)" TransName="RESIDENTLIABILITYFEE" TransactionBatchID="1619538299048"/>
    <Transaction CatCode="C" FiscalPeriodEnd="N" LeaID="21267" ReshID="47" SiteID="4333293" TransAmt="10.00" TransDate="2021-05-01" TransDesc="Resident Liability Compliance Fee (05/2021)" TransName="RESIDENTLIABILITYFEE" TransactionBatchID="1619538299049"/>
    <Transaction CatCode="C" FiscalPeriodEnd="N" LeaID="20939" ReshID="80" SiteID="4333293" TransAmt="10.00" TransDate="2021-05-01" TransDesc="Resident Liability Compliance Fee (05/2021)" TransName="RESIDENTLIABILITYFEE" TransactionBatchID="1619538299050"/>
    <Transaction CatCode="C" FiscalPeriodEnd="N" LeaID="21340" ReshID="87" SiteID="4333293" TransAmt="10.00" TransDate="2021-05-01" TransDesc="Resident Liability Compliance Fee (05/2021)" TransName="RESIDENTLIABILITYFEE" TransactionBatchID="1619538299051"/>
    <Transaction CatCode="C" FiscalPeriodEnd="N" LeaID="21239" ReshID="91" SiteID="4333293" TransAmt="10.00" TransDate="2021-05-01" TransDesc="Resident Liability Compliance Fee (05/2021)" TransName="RESIDENTLIABILITYFEE" TransactionBatchID="1619538299052"/>
    <Transaction CatCode="C" FiscalPeriodEnd="N" LeaID="21144" ReshID="97" SiteID="4333293" TransAmt="10.00" TransDate="2021-05-01" TransDesc="Resident Liability Compliance Fee (05/2021)" TransName="RESIDENTLIABILITYFEE" TransactionBatchID="1619538299053"/>
    <Transaction CatCode="C" FiscalPeriodEnd="N" LeaID="21042" ReshID="107" SiteID="4333293" TransAmt="10.00" TransDate="2021-05-01" TransDesc="Resident Liability Compliance Fee (05/2021)" TransName="RESIDENTLIABILITYFEE" TransactionBatchID="1619538299054"/>
    <Transaction CatCode="C" FiscalPeriodEnd="N" LeaID="21070" ReshID="130" SiteID="4333293" TransAmt="10.00" TransDate="2021-05-01" TransDesc="Resident Liability Compliance Fee (05/2021)" TransName="RESIDENTLIABILITYFEE" TransactionBatchID="1619538299055"/>
    <Transaction CatCode="C" FiscalPeriodEnd="N" LeaID="21314" ReshID="148" SiteID="4333293" TransAmt="10.00" TransDate="2021-05-01" TransDesc="Resident Liability Compliance Fee (05/2021)" TransName="RESIDENTLIABILITYFEE" TransactionBatchID="1619538299056"/>
    <Transaction CatCode="C" FiscalPeriodEnd="N" LeaID="21245" ReshID="188" SiteID="4333293" TransAmt="10.00" TransDate="2021-05-01" TransDesc="Resident Liability Compliance Fee (05/2021)" TransName="RESIDENTLIABILITYFEE" TransactionBatchID="1619538299057"/>
    <Transaction CatCode="C" FiscalPeriodEnd="N" LeaID="20976" ReshID="224" SiteID="4333293" TransAmt="10.00" TransDate="2021-05-01" TransDesc="Resident Liability Compliance Fee (05/2021)" TransName="RESIDENTLIABILITYFEE" TransactionBatchID="1619538299058"/>
    <Transaction CatCode="C" FiscalPeriodEnd="N" LeaID="20993" ReshID="239" SiteID="4333293" TransAmt="10.00" TransDate="2021-05-01" TransDesc="Resident Liability Compliance Fee (05/2021)" TransName="RESIDENTLIABILITYFEE" TransactionBatchID="1619538299059"/>
    <Transaction CatCode="C" FiscalPeriodEnd="N" LeaID="21301" ReshID="241" SiteID="4333293" TransAmt="10.00" TransDate="2021-05-01" TransDesc="Resident Liability Compliance Fee (05/2021)" TransName="RESIDENTLIABILITYFEE" TransactionBatchID="1619538299060"/>
    <Transaction CatCode="C" FiscalPeriodEnd="N" LeaID="21038" ReshID="280" SiteID="4333293" TransAmt="10.00" TransDate="2021-05-01" TransDesc="Resident Liability Compliance Fee (05/2021)" TransName="RESIDENTLIABILITYFEE" TransactionBatchID="1619538299061"/>
    <Transaction CatCode="C" FiscalPeriodEnd="N" LeaID="21120" ReshID="285" SiteID="4333293" TransAmt="10.00" TransDate="2021-05-01" TransDesc="Resident Liability Compliance Fee (05/2021)" TransName="RESIDENTLIABILITYFEE" TransactionBatchID="1619538299062"/>
    <Transaction CatCode="C" FiscalPeriodEnd="N" LeaID="21090" ReshID="288" SiteID="4333293" TransAmt="10.00" TransDate="2021-05-01" TransDesc="Resident Liability Compliance Fee (05/2021)" TransName="RESIDENTLIABILITYFEE" TransactionBatchID="1619538299063"/>
    <Transaction CatCode="C" FiscalPeriodEnd="N" LeaID="21228" ReshID="291" SiteID="4333293" TransAmt="10.00" TransDate="2021-05-01" TransDesc="Resident Liability Compliance Fee (05/2021)" TransName="RESIDENTLIABILITYFEE" TransactionBatchID="1619538299064"/>
    <Transaction CatCode="C" FiscalPeriodEnd="N" LeaID="21097" ReshID="295" SiteID="4333293" TransAmt="10.00" TransDate="2021-05-01" TransDesc="Resident Liability Compliance Fee (05/2021)" TransName="RESIDENTLIABILITYFEE" TransactionBatchID="1619538299065"/>
    <Transaction CatCode="C" FiscalPeriodEnd="N" LeaID="20941" ReshID="307" SiteID="4333293" TransAmt="10.00" TransDate="2021-05-01" TransDesc="Resident Liability Compliance Fee (05/2021)" TransName="RESIDENTLIABILITYFEE" TransactionBatchID="1619538299066"/>
    <Transaction CatCode="C" FiscalPeriodEnd="N" LeaID="21234" ReshID="318" SiteID="4333293" TransAmt="10.00" TransDate="2021-05-01" TransDesc="Resident Liability Compliance Fee (05/2021)" TransName="RESIDENTLIABILITYFEE" TransactionBatchID="1619538299067"/>
    <Transaction CatCode="C" FiscalPeriodEnd="N" LeaID="20772" ReshID="342" SiteID="4333293" TransAmt="10.00" TransDate="2021-05-01" TransDesc="Resident Liability Compliance Fee (05/2021)" TransName="RESIDENTLIABILITYFEE" TransactionBatchID="1619538299068"/>
    <Transaction CatCode="C" FiscalPeriodEnd="N" LeaID="21155" ReshID="380" SiteID="4333293" TransAmt="10.00" TransDate="2021-05-01" TransDesc="Resident Liability Compliance Fee (05/2021)" TransName="RESIDENTLIABILITYFEE" TransactionBatchID="1619538299069"/>
    <Transaction CatCode="C" FiscalPeriodEnd="N" LeaID="20850" ReshID="10386" SiteID="4333293" TransAmt="10.00" TransDate="2021-05-01" TransDesc="Resident Liability Compliance Fee (05/2021)" TransName="RESIDENTLIABILITYFEE" TransactionBatchID="1619538299070"/>
    <Transaction CatCode="C" FiscalPeriodEnd="N" LeaID="21319" ReshID="10452" SiteID="4333293" TransAmt="10.00" TransDate="2021-05-01" TransDesc="Resident Liability Compliance Fee (05/2021)" TransName="RESIDENTLIABILITYFEE" TransactionBatchID="1619538299071"/>
    <Transaction CatCode="C" FiscalPeriodEnd="N" LeaID="20851" ReshID="10463" SiteID="4333293" TransAmt="10.00" TransDate="2021-05-01" TransDesc="Resident Liability Compliance Fee (05/2021)" TransName="RESIDENTLIABILITYFEE" TransactionBatchID="1619538299072"/>
    <Transaction CatCode="C" FiscalPeriodEnd="N" LeaID="20873" ReshID="10472" SiteID="4333293" TransAmt="10.00" TransDate="2021-05-01" TransDesc="Resident Liability Compliance Fee (05/2021)" TransName="RESIDENTLIABILITYFEE" TransactionBatchID="1619538299073"/>
    <Transaction CatCode="C" FiscalPeriodEnd="N" LeaID="21370" ReshID="10511" SiteID="4333293" TransAmt="10.00" TransDate="2021-05-01" TransDesc="Resident Liability Compliance Fee (05/2021)" TransName="RESIDENTLIABILITYFEE" TransactionBatchID="1619538299074"/>
    <Transaction CatCode="C" FiscalPeriodEnd="N" LeaID="21261" ReshID="10525" SiteID="4333293" TransAmt="10.00" TransDate="2021-05-01" TransDesc="Resident Liability Compliance Fee (05/2021)" TransName="RESIDENTLIABILITYFEE" TransactionBatchID="1619538299075"/>
    <Transaction CatCode="C" FiscalPeriodEnd="N" LeaID="21302" ReshID="10529" SiteID="4333293" TransAmt="10.00" TransDate="2021-05-01" TransDesc="Resident Liability Compliance Fee (05/2021)" TransName="RESIDENTLIABILITYFEE" TransactionBatchID="1619538299076"/>
    <Transaction CatCode="C" FiscalPeriodEnd="N" LeaID="21004" ReshID="10539" SiteID="4333293" TransAmt="10.00" TransDate="2021-05-01" TransDesc="Resident Liability Compliance Fee (05/2021)" TransName="RESIDENTLIABILITYFEE" TransactionBatchID="1619538299077"/>
    <Transaction CatCode="C" FiscalPeriodEnd="N" LeaID="21116" ReshID="10543" SiteID="4333293" TransAmt="10.00" TransDate="2021-05-01" TransDesc="Resident Liability Compliance Fee (05/2021)" TransName="RESIDENTLIABILITYFEE" TransactionBatchID="1619538299078"/>
    <Transaction CatCode="C" FiscalPeriodEnd="N" LeaID="21369" ReshID="10544" SiteID="4333293" TransAmt="10.00" TransDate="2021-05-01" TransDesc="Resident Liability Compliance Fee (05/2021)" TransName="RESIDENTLIABILITYFEE" TransactionBatchID="1619538299079"/>
    <Transaction CatCode="C" FiscalPeriodEnd="N" LeaID="20990" ReshID="83" SiteID="4333293" TransAmt="10.00" TransDate="2021-05-01" TransDesc="Resident Liability Compliance Fee (05/2021)" TransName="RESIDENTLIABILITYFEE" TransactionBatchID="1619538299080"/>
    <Transaction CatCode="C" FiscalPeriodEnd="N" LeaID="21016" ReshID="10557" SiteID="4333293" TransAmt="10.00" TransDate="2021-05-01" TransDesc="Resident Liability Compliance Fee (05/2021)" TransName="RESIDENTLIABILITYFEE" TransactionBatchID="1619538299081"/>
    <Transaction CatCode="C" FiscalPeriodEnd="N" LeaID="21183" ReshID="10578" SiteID="4333293" TransAmt="10.00" TransDate="2021-05-01" TransDesc="Resident Liability Compliance Fee (05/2021)" TransName="RESIDENTLIABILITYFEE" TransactionBatchID="1619538299082"/>
    <Transaction CatCode="C" FiscalPeriodEnd="N" LeaID="21047" ReshID="10586" SiteID="4333293" TransAmt="10.00" TransDate="2021-05-01" TransDesc="Resident Liability Compliance Fee (05/2021)" TransName="RESIDENTLIABILITYFEE" TransactionBatchID="1619538299083"/>
    <Transaction CatCode="C" FiscalPeriodEnd="N" LeaID="21073" ReshID="10595" SiteID="4333293" TransAmt="10.00" TransDate="2021-05-01" TransDesc="Resident Liability Compliance Fee (05/2021)" TransName="RESIDENTLIABILITYFEE" TransactionBatchID="1619538299084"/>
    <Transaction CatCode="C" FiscalPeriodEnd="N" LeaID="21065" ReshID="10600" SiteID="4333293" TransAmt="10.00" TransDate="2021-05-01" TransDesc="Resident Liability Compliance Fee (05/2021)" TransName="RESIDENTLIABILITYFEE" TransactionBatchID="1619538299085"/>
    <Transaction CatCode="C" FiscalPeriodEnd="N" LeaID="20691" ReshID="10588" SiteID="4333293" TransAmt="10.00" TransDate="2021-05-01" TransDesc="Resident Liability Compliance Fee (05/2021)" TransName="RESIDENTLIABILITYFEE" TransactionBatchID="1619538299086"/>
    <Transaction CatCode="C" FiscalPeriodEnd="N" LeaID="21128" ReshID="10611" SiteID="4333293" TransAmt="10.00" TransDate="2021-05-01" TransDesc="Resident Liability Compliance Fee (05/2021)" TransName="RESIDENTLIABILITYFEE" TransactionBatchID="1619538299087"/>
    <Transaction CatCode="C" FiscalPeriodEnd="N" LeaID="21108" ReshID="10609" SiteID="4333293" TransAmt="10.00" TransDate="2021-05-01" TransDesc="Resident Liability Compliance Fee (05/2021)" TransName="RESIDENTLIABILITYFEE" TransactionBatchID="1619538299088"/>
    <Transaction CatCode="C" FiscalPeriodEnd="N" LeaID="21126" ReshID="10587" SiteID="4333293" TransAmt="10.00" TransDate="2021-05-01" TransDesc="Resident Liability Compliance Fee (05/2021)" TransName="RESIDENTLIABILITYFEE" TransactionBatchID="1619538299089"/>
    <Transaction CatCode="C" FiscalPeriodEnd="N" LeaID="21063" ReshID="10631" SiteID="4333293" TransAmt="10.00" TransDate="2021-05-01" TransDesc="Resident Liability Compliance Fee (05/2021)" TransName="RESIDENTLIABILITYFEE" TransactionBatchID="1619538299090"/>
    <Transaction CatCode="C" FiscalPeriodEnd="N" LeaID="21125" ReshID="10651" SiteID="4333293" TransAmt="10.00" TransDate="2021-05-01" TransDesc="Resident Liability Compliance Fee (05/2021)" TransName="RESIDENTLIABILITYFEE" TransactionBatchID="1619538299091"/>
    <Transaction CatCode="C" FiscalPeriodEnd="N" LeaID="20965" ReshID="257" SiteID="4333293" TransAmt="10.00" TransDate="2021-05-01" TransDesc="Resident Liability Compliance Fee (05/2021)" TransName="RESIDENTLIABILITYFEE" TransactionBatchID="1619538299092"/>
    <Transaction CatCode="C" FiscalPeriodEnd="N" LeaID="21170" ReshID="10693" SiteID="4333293" TransAmt="10.00" TransDate="2021-05-01" TransDesc="Resident Liability Compliance Fee (05/2021)" TransName="RESIDENTLIABILITYFEE" TransactionBatchID="1619538299093"/>
    <Transaction CatCode="C" FiscalPeriodEnd="N" LeaID="21254" ReshID="10725" SiteID="4333293" TransAmt="10.00" TransDate="2021-05-01" TransDesc="Resident Liability Compliance Fee (05/2021)" TransName="RESIDENTLIABILITYFEE" TransactionBatchID="1619538299094"/>
    <Transaction CatCode="C" FiscalPeriodEnd="N" LeaID="21352" ReshID="10737" SiteID="4333293" TransAmt="10.00" TransDate="2021-05-01" TransDesc="Resident Liability Compliance Fee (05/2021)" TransName="RESIDENTLIABILITYFEE" TransactionBatchID="1619538299095"/>
    <Transaction CatCode="C" FiscalPeriodEnd="N" LeaID="21328" ReshID="10730" SiteID="4333293" TransAmt="10.00" TransDate="2021-05-01" TransDesc="Resident Liability Compliance Fee (05/2021)" TransName="RESIDENTLIABILITYFEE" TransactionBatchID="1619538299096"/>
    <Transaction CatCode="C" FiscalPeriodEnd="N" LeaID="21278" ReshID="10744" SiteID="4333293" TransAmt="10.00" TransDate="2021-05-01" TransDesc="Resident Liability Compliance Fee (05/2021)" TransName="RESIDENTLIABILITYFEE" TransactionBatchID="1619538299097"/>
    <Transaction CatCode="C" FiscalPeriodEnd="N" LeaID="21310" ReshID="10757" SiteID="4333293" TransAmt="10.00" TransDate="2021-05-01" TransDesc="Resident Liability Compliance Fee (05/2021)" TransName="RESIDENTLIABILITYFEE" TransactionBatchID="1619538299098"/>
    <Transaction CatCode="C" FiscalPeriodEnd="N" LeaID="20937" ReshID="10750" SiteID="4333293" TransAmt="10.00" TransDate="2021-05-01" TransDesc="Resident Liability Compliance Fee (05/2021)" TransName="RESIDENTLIABILITYFEE" TransactionBatchID="1619538299099"/>
    <Transaction CatCode="C" FiscalPeriodEnd="N" LeaID="21000" ReshID="10782" SiteID="4333293" TransAmt="10.00" TransDate="2021-05-01" TransDesc="Resident Liability Compliance Fee (05/2021)" TransName="RESIDENTLIABILITYFEE" TransactionBatchID="1619538299100"/>
    <Transaction CatCode="C" FiscalPeriodEnd="N" LeaID="20969" ReshID="28" SiteID="4333293" TransAmt="10.00" TransDate="2021-05-01" TransDesc="Resident Liability Compliance Fee (05/2021)" TransName="RESIDENTLIABILITYFEE" TransactionBatchID="1619538299101"/>
    <Transaction CatCode="C" FiscalPeriodEnd="N" LeaID="21009" ReshID="10785" SiteID="4333293" TransAmt="10.00" TransDate="2021-05-01" TransDesc="Resident Liability Compliance Fee (05/2021)" TransName="RESIDENTLIABILITYFEE" TransactionBatchID="1619538299102"/>
    <Transaction CatCode="C" FiscalPeriodEnd="N" LeaID="21014" ReshID="10790" SiteID="4333293" TransAmt="10.00" TransDate="2021-05-01" TransDesc="Resident Liability Compliance Fee (05/2021)" TransName="RESIDENTLIABILITYFEE" TransactionBatchID="1619538299103"/>
    <Transaction CatCode="C" FiscalPeriodEnd="N" LeaID="21075" ReshID="10822" SiteID="4333293" TransAmt="10.00" TransDate="2021-05-01" TransDesc="Resident Liability Compliance Fee (05/2021)" TransName="RESIDENTLIABILITYFEE" TransactionBatchID="1619538299104"/>
    <Transaction CatCode="C" FiscalPeriodEnd="N" LeaID="21072" ReshID="10821" SiteID="4333293" TransAmt="10.00" TransDate="2021-05-01" TransDesc="Resident Liability Compliance Fee (05/2021)" TransName="RESIDENTLIABILITYFEE" TransactionBatchID="1619538299105"/>
    <Transaction CatCode="C" FiscalPeriodEnd="N" LeaID="21087" ReshID="10834" SiteID="4333293" TransAmt="10.00" TransDate="2021-05-01" TransDesc="Resident Liability Compliance Fee (05/2021)" TransName="RESIDENTLIABILITYFEE" TransactionBatchID="1619538299106"/>
    <Transaction CatCode="C" FiscalPeriodEnd="N" LeaID="21053" ReshID="10812" SiteID="4333293" TransAmt="10.00" TransDate="2021-05-01" TransDesc="Resident Liability Compliance Fee (05/2021)" TransName="RESIDENTLIABILITYFEE" TransactionBatchID="1619538299107"/>
    <Transaction CatCode="C" FiscalPeriodEnd="N" LeaID="21134" ReshID="10615" SiteID="4333293" TransAmt="10.00" TransDate="2021-05-01" TransDesc="Resident Liability Compliance Fee (05/2021)" TransName="RESIDENTLIABILITYFEE" TransactionBatchID="1619538299108"/>
    <Transaction CatCode="C" FiscalPeriodEnd="N" LeaID="21179" ReshID="10414" SiteID="4333293" TransAmt="10.00" TransDate="2021-05-01" TransDesc="Resident Liability Compliance Fee (05/2021)" TransName="RESIDENTLIABILITYFEE" TransactionBatchID="1619538299109"/>
    <Transaction CatCode="C" FiscalPeriodEnd="N" LeaID="21139" ReshID="10889" SiteID="4333293" TransAmt="10.00" TransDate="2021-05-01" TransDesc="Resident Liability Compliance Fee (05/2021)" TransName="RESIDENTLIABILITYFEE" TransactionBatchID="1619538299110"/>
    <Transaction CatCode="C" FiscalPeriodEnd="N" LeaID="21028" ReshID="10799" SiteID="4333293" TransAmt="10.00" TransDate="2021-05-01" TransDesc="Resident Liability Compliance Fee (05/2021)" TransName="RESIDENTLIABILITYFEE" TransactionBatchID="1619538299111"/>
    <Transaction CatCode="C" FiscalPeriodEnd="N" LeaID="21067" ReshID="10819" SiteID="4333293" TransAmt="10.00" TransDate="2021-05-01" TransDesc="Resident Liability Compliance Fee (05/2021)" TransName="RESIDENTLIABILITYFEE" TransactionBatchID="1619538299112"/>
    <Transaction CatCode="C" FiscalPeriodEnd="N" LeaID="21113" ReshID="10845" SiteID="4333293" TransAmt="10.00" TransDate="2021-05-01" TransDesc="Resident Liability Compliance Fee (05/2021)" TransName="RESIDENTLIABILITYFEE" TransactionBatchID="1619538299113"/>
    <Transaction CatCode="C" FiscalPeriodEnd="N" LeaID="21164" ReshID="10902" SiteID="4333293" TransAmt="10.00" TransDate="2021-05-01" TransDesc="Resident Liability Compliance Fee (05/2021)" TransName="RESIDENTLIABILITYFEE" TransactionBatchID="1619538299114"/>
    <Transaction CatCode="C" FiscalPeriodEnd="N" LeaID="21168" ReshID="10903" SiteID="4333293" TransAmt="10.00" TransDate="2021-05-01" TransDesc="Resident Liability Compliance Fee (05/2021)" TransName="RESIDENTLIABILITYFEE" TransactionBatchID="1619538299115"/>
    <Transaction CatCode="C" FiscalPeriodEnd="N" LeaID="21187" ReshID="10913" SiteID="4333293" TransAmt="10.00" TransDate="2021-05-01" TransDesc="Resident Liability Compliance Fee (05/2021)" TransName="RESIDENTLIABILITYFEE" TransactionBatchID="1619538299116"/>
    <Transaction CatCode="C" FiscalPeriodEnd="N" LeaID="21186" ReshID="10912" SiteID="4333293" TransAmt="10.00" TransDate="2021-05-01" TransDesc="Resident Liability Compliance Fee (05/2021)" TransName="RESIDENTLIABILITYFEE" TransactionBatchID="1619538299117"/>
    <Transaction CatCode="C" FiscalPeriodEnd="N" LeaID="21136" ReshID="10887" SiteID="4333293" TransAmt="10.00" TransDate="2021-05-01" TransDesc="Resident Liability Compliance Fee (05/2021)" TransName="RESIDENTLIABILITYFEE" TransactionBatchID="1619538299118"/>
    <Transaction CatCode="C" FiscalPeriodEnd="N" LeaID="21169" ReshID="10904" SiteID="4333293" TransAmt="10.00" TransDate="2021-05-01" TransDesc="Resident Liability Compliance Fee (05/2021)" TransName="RESIDENTLIABILITYFEE" TransactionBatchID="1619538299119"/>
    <Transaction CatCode="C" FiscalPeriodEnd="N" LeaID="21190" ReshID="10916" SiteID="4333293" TransAmt="10.00" TransDate="2021-05-01" TransDesc="Resident Liability Compliance Fee (05/2021)" TransName="RESIDENTLIABILITYFEE" TransactionBatchID="1619538299120"/>
    <Transaction CatCode="C" FiscalPeriodEnd="N" LeaID="21229" ReshID="10961" SiteID="4333293" TransAmt="10.00" TransDate="2021-05-01" TransDesc="Resident Liability Compliance Fee (05/2021)" TransName="RESIDENTLIABILITYFEE" TransactionBatchID="1619538299121"/>
    <Transaction CatCode="C" FiscalPeriodEnd="N" LeaID="21230" ReshID="10962" SiteID="4333293" TransAmt="10.00" TransDate="2021-05-01" TransDesc="Resident Liability Compliance Fee (05/2021)" TransName="RESIDENTLIABILITYFEE" TransactionBatchID="1619538299122"/>
    <Transaction CatCode="C" FiscalPeriodEnd="N" LeaID="21235" ReshID="10966" SiteID="4333293" TransAmt="10.00" TransDate="2021-05-01" TransDesc="Resident Liability Compliance Fee (05/2021)" TransName="RESIDENTLIABILITYFEE" TransactionBatchID="1619538299123"/>
    <Transaction CatCode="C" FiscalPeriodEnd="N" LeaID="21249" ReshID="10973" SiteID="4333293" TransAmt="10.00" TransDate="2021-05-01" TransDesc="Resident Liability Compliance Fee (05/2021)" TransName="RESIDENTLIABILITYFEE" TransactionBatchID="1619538299124"/>
    <Transaction CatCode="C" FiscalPeriodEnd="N" LeaID="21084" ReshID="10831" SiteID="4333293" TransAmt="10.00" TransDate="2021-05-01" TransDesc="Resident Liability Compliance Fee (05/2021)" TransName="RESIDENTLIABILITYFEE" TransactionBatchID="1619538299125"/>
    <Transaction CatCode="C" FiscalPeriodEnd="N" LeaID="21277" ReshID="10990" SiteID="4333293" TransAmt="10.00" TransDate="2021-05-01" TransDesc="Resident Liability Compliance Fee (05/2021)" TransName="RESIDENTLIABILITYFEE" TransactionBatchID="1619538299126"/>
    <Transaction CatCode="C" FiscalPeriodEnd="N" LeaID="21247" ReshID="10971" SiteID="4333293" TransAmt="10.00" TransDate="2021-05-01" TransDesc="Resident Liability Compliance Fee (05/2021)" TransName="RESIDENTLIABILITYFEE" TransactionBatchID="1619538299127"/>
    <Transaction CatCode="C" FiscalPeriodEnd="N" LeaID="21284" ReshID="10993" SiteID="4333293" TransAmt="10.00" TransDate="2021-05-01" TransDesc="Resident Liability Compliance Fee (05/2021)" TransName="RESIDENTLIABILITYFEE" TransactionBatchID="1619538299128"/>
    <Transaction CatCode="C" FiscalPeriodEnd="N" LeaID="21291" ReshID="10996" SiteID="4333293" TransAmt="10.00" TransDate="2021-05-01" TransDesc="Resident Liability Compliance Fee (05/2021)" TransName="RESIDENTLIABILITYFEE" TransactionBatchID="1619538299129"/>
    <Transaction CatCode="C" FiscalPeriodEnd="N" LeaID="21298" ReshID="11003" SiteID="4333293" TransAmt="10.00" TransDate="2021-05-01" TransDesc="Resident Liability Compliance Fee (05/2021)" TransName="RESIDENTLIABILITYFEE" TransactionBatchID="1619538299130"/>
    <Transaction CatCode="C" FiscalPeriodEnd="N" LeaID="21256" ReshID="10977" SiteID="4333293" TransAmt="10.00" TransDate="2021-05-01" TransDesc="Resident Liability Compliance Fee (05/2021)" TransName="RESIDENTLIABILITYFEE" TransactionBatchID="1619538299131"/>
    <Transaction CatCode="C" FiscalPeriodEnd="N" LeaID="21262" ReshID="10982" SiteID="4333293" TransAmt="10.00" TransDate="2021-05-01" TransDesc="Resident Liability Compliance Fee (05/2021)" TransName="RESIDENTLIABILITYFEE" TransactionBatchID="1619538299132"/>
    <Transaction CatCode="C" FiscalPeriodEnd="N" LeaID="21326" ReshID="11020" SiteID="4333293" TransAmt="10.00" TransDate="2021-05-01" TransDesc="Resident Liability Compliance Fee (05/2021)" TransName="RESIDENTLIABILITYFEE" TransactionBatchID="1619538299133"/>
    <Transaction CatCode="C" FiscalPeriodEnd="N" LeaID="20924" ReshID="232" SiteID="4333293" TransAmt="10.00" TransDate="2021-05-01" TransDesc="Resident Liability Compliance Fee (05/2021)" TransName="RESIDENTLIABILITYFEE" TransactionBatchID="1619538299134"/>
    <Transaction CatCode="C" FiscalPeriodEnd="N" LeaID="21280" ReshID="10991" SiteID="4333293" TransAmt="10.00" TransDate="2021-05-01" TransDesc="Resident Liability Compliance Fee (05/2021)" TransName="RESIDENTLIABILITYFEE" TransactionBatchID="1619538299135"/>
    <Transaction CatCode="C" FiscalPeriodEnd="N" LeaID="21350" ReshID="11027" SiteID="4333293" TransAmt="10.00" TransDate="2021-05-01" TransDesc="Resident Liability Compliance Fee (05/2021)" TransName="RESIDENTLIABILITYFEE" TransactionBatchID="1619538299136"/>
    <Transaction CatCode="C" FiscalPeriodEnd="N" LeaID="21351" ReshID="11028" SiteID="4333293" TransAmt="10.00" TransDate="2021-05-01" TransDesc="Resident Liability Compliance Fee (05/2021)" TransName="RESIDENTLIABILITYFEE" TransactionBatchID="1619538299137"/>
</TransactionList>
