<TransactionList>
    <Validation>
        <Audit Count="123" Node="Transaction" Sum="1230.00"/>
    </Validation>
    <Transaction CatCode="C" FiscalPeriodEnd="N" LeaID="1337" ReshID="16" SiteID="4333746" TransAmt="10.00" TransDate="2021-05-01" TransDesc="Resident Liability Compliance Fee (05/2021)" TransName="RESIDENTLIABILITYFEE" TransactionBatchID="1619538293122"/>
    <Transaction CatCode="C" FiscalPeriodEnd="N" LeaID="1149" ReshID="40" SiteID="4333746" TransAmt="10.00" TransDate="2021-05-01" TransDesc="Resident Liability Compliance Fee (05/2021)" TransName="RESIDENTLIABILITYFEE" TransactionBatchID="1619538293123"/>
    <Transaction CatCode="C" FiscalPeriodEnd="N" LeaID="1203" ReshID="57" SiteID="4333746" TransAmt="10.00" TransDate="2021-05-01" TransDesc="Resident Liability Compliance Fee (05/2021)" TransName="RESIDENTLIABILITYFEE" TransactionBatchID="1619538293124"/>
    <Transaction CatCode="C" FiscalPeriodEnd="N" LeaID="1458" ReshID="74" SiteID="4333746" TransAmt="10.00" TransDate="2021-05-01" TransDesc="Resident Liability Compliance Fee (05/2021)" TransName="RESIDENTLIABILITYFEE" TransactionBatchID="1619538293125"/>
    <Transaction CatCode="C" FiscalPeriodEnd="N" LeaID="1315" ReshID="79" SiteID="4333746" TransAmt="10.00" TransDate="2021-05-01" TransDesc="Resident Liability Compliance Fee (05/2021)" TransName="RESIDENTLIABILITYFEE" TransactionBatchID="1619538293126"/>
    <Transaction CatCode="C" FiscalPeriodEnd="N" LeaID="1125" ReshID="87" SiteID="4333746" TransAmt="10.00" TransDate="2021-05-01" TransDesc="Resident Liability Compliance Fee (05/2021)" TransName="RESIDENTLIABILITYFEE" TransactionBatchID="1619538293127"/>
    <Transaction CatCode="C" FiscalPeriodEnd="N" LeaID="1292" ReshID="99" SiteID="4333746" TransAmt="10.00" TransDate="2021-05-01" TransDesc="Resident Liability Compliance Fee (05/2021)" TransName="RESIDENTLIABILITYFEE" TransactionBatchID="1619538293128"/>
    <Transaction CatCode="C" FiscalPeriodEnd="N" LeaID="1310" ReshID="100" SiteID="4333746" TransAmt="10.00" TransDate="2021-05-01" TransDesc="Resident Liability Compliance Fee (05/2021)" TransName="RESIDENTLIABILITYFEE" TransactionBatchID="1619538293129"/>
    <Transaction CatCode="C" FiscalPeriodEnd="N" LeaID="1405" ReshID="114" SiteID="4333746" TransAmt="10.00" TransDate="2021-05-01" TransDesc="Resident Liability Compliance Fee (05/2021)" TransName="RESIDENTLIABILITYFEE" TransactionBatchID="1619538293130"/>
    <Transaction CatCode="C" FiscalPeriodEnd="N" LeaID="1350" ReshID="127" SiteID="4333746" TransAmt="10.00" TransDate="2021-05-01" TransDesc="Resident Liability Compliance Fee (05/2021)" TransName="RESIDENTLIABILITYFEE" TransactionBatchID="1619538293131"/>
    <Transaction CatCode="C" FiscalPeriodEnd="N" LeaID="910" ReshID="129" SiteID="4333746" TransAmt="10.00" TransDate="2021-05-01" TransDesc="Resident Liability Compliance Fee (05/2021)" TransName="RESIDENTLIABILITYFEE" TransactionBatchID="1619538293132"/>
    <Transaction CatCode="C" FiscalPeriodEnd="N" LeaID="1455" ReshID="161" SiteID="4333746" TransAmt="10.00" TransDate="2021-05-01" TransDesc="Resident Liability Compliance Fee (05/2021)" TransName="RESIDENTLIABILITYFEE" TransactionBatchID="1619538293133"/>
    <Transaction CatCode="C" FiscalPeriodEnd="N" LeaID="1394" ReshID="275" SiteID="4333746" TransAmt="10.00" TransDate="2021-05-01" TransDesc="Resident Liability Compliance Fee (05/2021)" TransName="RESIDENTLIABILITYFEE" TransactionBatchID="1619538293134"/>
    <Transaction CatCode="C" FiscalPeriodEnd="N" LeaID="1485" ReshID="285" SiteID="4333746" TransAmt="10.00" TransDate="2021-05-01" TransDesc="Resident Liability Compliance Fee (05/2021)" TransName="RESIDENTLIABILITYFEE" TransactionBatchID="1619538293135"/>
    <Transaction CatCode="C" FiscalPeriodEnd="N" LeaID="1280" ReshID="446" SiteID="4333746" TransAmt="10.00" TransDate="2021-05-01" TransDesc="Resident Liability Compliance Fee (05/2021)" TransName="RESIDENTLIABILITYFEE" TransactionBatchID="1619538293136"/>
    <Transaction CatCode="C" FiscalPeriodEnd="N" LeaID="1448" ReshID="33" SiteID="4333746" TransAmt="10.00" TransDate="2021-05-01" TransDesc="Resident Liability Compliance Fee (05/2021)" TransName="RESIDENTLIABILITYFEE" TransactionBatchID="1619538293137"/>
    <Transaction CatCode="C" FiscalPeriodEnd="N" LeaID="1334" ReshID="481" SiteID="4333746" TransAmt="10.00" TransDate="2021-05-01" TransDesc="Resident Liability Compliance Fee (05/2021)" TransName="RESIDENTLIABILITYFEE" TransactionBatchID="1619538293138"/>
    <Transaction CatCode="C" FiscalPeriodEnd="N" LeaID="1456" ReshID="102" SiteID="4333746" TransAmt="10.00" TransDate="2021-05-01" TransDesc="Resident Liability Compliance Fee (05/2021)" TransName="RESIDENTLIABILITYFEE" TransactionBatchID="1619538293139"/>
    <Transaction CatCode="C" FiscalPeriodEnd="N" LeaID="1366" ReshID="530" SiteID="4333746" TransAmt="10.00" TransDate="2021-05-01" TransDesc="Resident Liability Compliance Fee (05/2021)" TransName="RESIDENTLIABILITYFEE" TransactionBatchID="1619538293140"/>
    <Transaction CatCode="C" FiscalPeriodEnd="N" LeaID="1444" ReshID="591" SiteID="4333746" TransAmt="10.00" TransDate="2021-05-01" TransDesc="Resident Liability Compliance Fee (05/2021)" TransName="RESIDENTLIABILITYFEE" TransactionBatchID="1619538293141"/>
    <Transaction CatCode="C" FiscalPeriodEnd="N" LeaID="1253" ReshID="638" SiteID="4333746" TransAmt="10.00" TransDate="2021-05-01" TransDesc="Resident Liability Compliance Fee (05/2021)" TransName="RESIDENTLIABILITYFEE" TransactionBatchID="1619538293142"/>
    <Transaction CatCode="C" FiscalPeriodEnd="N" LeaID="1269" ReshID="663" SiteID="4333746" TransAmt="10.00" TransDate="2021-05-01" TransDesc="Resident Liability Compliance Fee (05/2021)" TransName="RESIDENTLIABILITYFEE" TransactionBatchID="1619538293143"/>
    <Transaction CatCode="C" FiscalPeriodEnd="N" LeaID="1395" ReshID="676" SiteID="4333746" TransAmt="10.00" TransDate="2021-05-01" TransDesc="Resident Liability Compliance Fee (05/2021)" TransName="RESIDENTLIABILITYFEE" TransactionBatchID="1619538293144"/>
    <Transaction CatCode="C" FiscalPeriodEnd="N" LeaID="1353" ReshID="46" SiteID="4333746" TransAmt="10.00" TransDate="2021-05-01" TransDesc="Resident Liability Compliance Fee (05/2021)" TransName="RESIDENTLIABILITYFEE" TransactionBatchID="1619538293145"/>
    <Transaction CatCode="C" FiscalPeriodEnd="N" LeaID="1369" ReshID="34" SiteID="4333746" TransAmt="10.00" TransDate="2021-05-01" TransDesc="Resident Liability Compliance Fee (05/2021)" TransName="RESIDENTLIABILITYFEE" TransactionBatchID="1619538293146"/>
    <Transaction CatCode="C" FiscalPeriodEnd="N" LeaID="1025" ReshID="695" SiteID="4333746" TransAmt="10.00" TransDate="2021-05-01" TransDesc="Resident Liability Compliance Fee (05/2021)" TransName="RESIDENTLIABILITYFEE" TransactionBatchID="1619538293147"/>
    <Transaction CatCode="C" FiscalPeriodEnd="N" LeaID="1422" ReshID="91" SiteID="4333746" TransAmt="10.00" TransDate="2021-05-01" TransDesc="Resident Liability Compliance Fee (05/2021)" TransName="RESIDENTLIABILITYFEE" TransactionBatchID="1619538293148"/>
    <Transaction CatCode="C" FiscalPeriodEnd="N" LeaID="837" ReshID="682" SiteID="4333746" TransAmt="10.00" TransDate="2021-05-01" TransDesc="Resident Liability Compliance Fee (05/2021)" TransName="RESIDENTLIABILITYFEE" TransactionBatchID="1619538293149"/>
    <Transaction CatCode="C" FiscalPeriodEnd="N" LeaID="1498" ReshID="713" SiteID="4333746" TransAmt="10.00" TransDate="2021-05-01" TransDesc="Resident Liability Compliance Fee (05/2021)" TransName="RESIDENTLIABILITYFEE" TransactionBatchID="1619538293150"/>
    <Transaction CatCode="C" FiscalPeriodEnd="N" LeaID="1418" ReshID="717" SiteID="4333746" TransAmt="10.00" TransDate="2021-05-01" TransDesc="Resident Liability Compliance Fee (05/2021)" TransName="RESIDENTLIABILITYFEE" TransactionBatchID="1619538293151"/>
    <Transaction CatCode="C" FiscalPeriodEnd="N" LeaID="1190" ReshID="720" SiteID="4333746" TransAmt="10.00" TransDate="2021-05-01" TransDesc="Resident Liability Compliance Fee (05/2021)" TransName="RESIDENTLIABILITYFEE" TransactionBatchID="1619538293152"/>
    <Transaction CatCode="C" FiscalPeriodEnd="N" LeaID="872" ReshID="707" SiteID="4333746" TransAmt="10.00" TransDate="2021-05-01" TransDesc="Resident Liability Compliance Fee (05/2021)" TransName="RESIDENTLIABILITYFEE" TransactionBatchID="1619538293153"/>
    <Transaction CatCode="C" FiscalPeriodEnd="N" LeaID="1355" ReshID="788" SiteID="4333746" TransAmt="10.00" TransDate="2021-05-01" TransDesc="Resident Liability Compliance Fee (05/2021)" TransName="RESIDENTLIABILITYFEE" TransactionBatchID="1619538293154"/>
    <Transaction CatCode="C" FiscalPeriodEnd="N" LeaID="1358" ReshID="789" SiteID="4333746" TransAmt="10.00" TransDate="2021-05-01" TransDesc="Resident Liability Compliance Fee (05/2021)" TransName="RESIDENTLIABILITYFEE" TransactionBatchID="1619538293155"/>
    <Transaction CatCode="C" FiscalPeriodEnd="N" LeaID="1357" ReshID="790" SiteID="4333746" TransAmt="10.00" TransDate="2021-05-01" TransDesc="Resident Liability Compliance Fee (05/2021)" TransName="RESIDENTLIABILITYFEE" TransactionBatchID="1619538293156"/>
    <Transaction CatCode="C" FiscalPeriodEnd="N" LeaID="1368" ReshID="807" SiteID="4333746" TransAmt="10.00" TransDate="2021-05-01" TransDesc="Resident Liability Compliance Fee (05/2021)" TransName="RESIDENTLIABILITYFEE" TransactionBatchID="1619538293157"/>
    <Transaction CatCode="C" FiscalPeriodEnd="N" LeaID="1361" ReshID="805" SiteID="4333746" TransAmt="10.00" TransDate="2021-05-01" TransDesc="Resident Liability Compliance Fee (05/2021)" TransName="RESIDENTLIABILITYFEE" TransactionBatchID="1619538293158"/>
    <Transaction CatCode="C" FiscalPeriodEnd="N" LeaID="1314" ReshID="810" SiteID="4333746" TransAmt="10.00" TransDate="2021-05-01" TransDesc="Resident Liability Compliance Fee (05/2021)" TransName="RESIDENTLIABILITYFEE" TransactionBatchID="1619538293159"/>
    <Transaction CatCode="C" FiscalPeriodEnd="N" LeaID="1099" ReshID="822" SiteID="4333746" TransAmt="10.00" TransDate="2021-05-01" TransDesc="Resident Liability Compliance Fee (05/2021)" TransName="RESIDENTLIABILITYFEE" TransactionBatchID="1619538293160"/>
    <Transaction CatCode="C" FiscalPeriodEnd="N" LeaID="1438" ReshID="849" SiteID="4333746" TransAmt="10.00" TransDate="2021-05-01" TransDesc="Resident Liability Compliance Fee (05/2021)" TransName="RESIDENTLIABILITYFEE" TransactionBatchID="1619538293161"/>
    <Transaction CatCode="C" FiscalPeriodEnd="N" LeaID="1484" ReshID="844" SiteID="4333746" TransAmt="10.00" TransDate="2021-05-01" TransDesc="Resident Liability Compliance Fee (05/2021)" TransName="RESIDENTLIABILITYFEE" TransactionBatchID="1619538293162"/>
    <Transaction CatCode="C" FiscalPeriodEnd="N" LeaID="1500" ReshID="843" SiteID="4333746" TransAmt="10.00" TransDate="2021-05-01" TransDesc="Resident Liability Compliance Fee (05/2021)" TransName="RESIDENTLIABILITYFEE" TransactionBatchID="1619538293163"/>
    <Transaction CatCode="C" FiscalPeriodEnd="N" LeaID="1155" ReshID="852" SiteID="4333746" TransAmt="10.00" TransDate="2021-05-01" TransDesc="Resident Liability Compliance Fee (05/2021)" TransName="RESIDENTLIABILITYFEE" TransactionBatchID="1619538293164"/>
    <Transaction CatCode="C" FiscalPeriodEnd="N" LeaID="1506" ReshID="863" SiteID="4333746" TransAmt="10.00" TransDate="2021-05-01" TransDesc="Resident Liability Compliance Fee (05/2021)" TransName="RESIDENTLIABILITYFEE" TransactionBatchID="1619538293165"/>
    <Transaction CatCode="C" FiscalPeriodEnd="N" LeaID="1185" ReshID="874" SiteID="4333746" TransAmt="10.00" TransDate="2021-05-01" TransDesc="Resident Liability Compliance Fee (05/2021)" TransName="RESIDENTLIABILITYFEE" TransactionBatchID="1619538293166"/>
    <Transaction CatCode="C" FiscalPeriodEnd="N" LeaID="1375" ReshID="875" SiteID="4333746" TransAmt="10.00" TransDate="2021-05-01" TransDesc="Resident Liability Compliance Fee (05/2021)" TransName="RESIDENTLIABILITYFEE" TransactionBatchID="1619538293167"/>
    <Transaction CatCode="C" FiscalPeriodEnd="N" LeaID="1482" ReshID="854" SiteID="4333746" TransAmt="10.00" TransDate="2021-05-01" TransDesc="Resident Liability Compliance Fee (05/2021)" TransName="RESIDENTLIABILITYFEE" TransactionBatchID="1619538293168"/>
    <Transaction CatCode="C" FiscalPeriodEnd="N" LeaID="1488" ReshID="877" SiteID="4333746" TransAmt="10.00" TransDate="2021-05-01" TransDesc="Resident Liability Compliance Fee (05/2021)" TransName="RESIDENTLIABILITYFEE" TransactionBatchID="1619538293169"/>
    <Transaction CatCode="C" FiscalPeriodEnd="N" LeaID="1538" ReshID="891" SiteID="4333746" TransAmt="10.00" TransDate="2021-05-01" TransDesc="Resident Liability Compliance Fee (05/2021)" TransName="RESIDENTLIABILITYFEE" TransactionBatchID="1619538293170"/>
    <Transaction CatCode="C" FiscalPeriodEnd="N" LeaID="1174" ReshID="866" SiteID="4333746" TransAmt="10.00" TransDate="2021-05-01" TransDesc="Resident Liability Compliance Fee (05/2021)" TransName="RESIDENTLIABILITYFEE" TransactionBatchID="1619538293171"/>
    <Transaction CatCode="C" FiscalPeriodEnd="N" LeaID="1212" ReshID="906" SiteID="4333746" TransAmt="10.00" TransDate="2021-05-01" TransDesc="Resident Liability Compliance Fee (05/2021)" TransName="RESIDENTLIABILITYFEE" TransactionBatchID="1619538293172"/>
    <Transaction CatCode="C" FiscalPeriodEnd="N" LeaID="1213" ReshID="908" SiteID="4333746" TransAmt="10.00" TransDate="2021-05-01" TransDesc="Resident Liability Compliance Fee (05/2021)" TransName="RESIDENTLIABILITYFEE" TransactionBatchID="1619538293173"/>
    <Transaction CatCode="C" FiscalPeriodEnd="N" LeaID="1240" ReshID="944" SiteID="4333746" TransAmt="10.00" TransDate="2021-05-01" TransDesc="Resident Liability Compliance Fee (05/2021)" TransName="RESIDENTLIABILITYFEE" TransactionBatchID="1619538293174"/>
    <Transaction CatCode="C" FiscalPeriodEnd="N" LeaID="1243" ReshID="946" SiteID="4333746" TransAmt="10.00" TransDate="2021-05-01" TransDesc="Resident Liability Compliance Fee (05/2021)" TransName="RESIDENTLIABILITYFEE" TransactionBatchID="1619538293175"/>
    <Transaction CatCode="C" FiscalPeriodEnd="N" LeaID="1223" ReshID="919" SiteID="4333746" TransAmt="10.00" TransDate="2021-05-01" TransDesc="Resident Liability Compliance Fee (05/2021)" TransName="RESIDENTLIABILITYFEE" TransactionBatchID="1619538293176"/>
    <Transaction CatCode="C" FiscalPeriodEnd="N" LeaID="1245" ReshID="947" SiteID="4333746" TransAmt="10.00" TransDate="2021-05-01" TransDesc="Resident Liability Compliance Fee (05/2021)" TransName="RESIDENTLIABILITYFEE" TransactionBatchID="1619538293177"/>
    <Transaction CatCode="C" FiscalPeriodEnd="N" LeaID="1225" ReshID="921" SiteID="4333746" TransAmt="10.00" TransDate="2021-05-01" TransDesc="Resident Liability Compliance Fee (05/2021)" TransName="RESIDENTLIABILITYFEE" TransactionBatchID="1619538293178"/>
    <Transaction CatCode="C" FiscalPeriodEnd="N" LeaID="1284" ReshID="988" SiteID="4333746" TransAmt="10.00" TransDate="2021-05-01" TransDesc="Resident Liability Compliance Fee (05/2021)" TransName="RESIDENTLIABILITYFEE" TransactionBatchID="1619538293179"/>
    <Transaction CatCode="C" FiscalPeriodEnd="N" LeaID="1278" ReshID="985" SiteID="4333746" TransAmt="10.00" TransDate="2021-05-01" TransDesc="Resident Liability Compliance Fee (05/2021)" TransName="RESIDENTLIABILITYFEE" TransactionBatchID="1619538293180"/>
    <Transaction CatCode="C" FiscalPeriodEnd="N" LeaID="1297" ReshID="998" SiteID="4333746" TransAmt="10.00" TransDate="2021-05-01" TransDesc="Resident Liability Compliance Fee (05/2021)" TransName="RESIDENTLIABILITYFEE" TransactionBatchID="1619538293181"/>
    <Transaction CatCode="C" FiscalPeriodEnd="N" LeaID="1450" ReshID="1007" SiteID="4333746" TransAmt="10.00" TransDate="2021-05-01" TransDesc="Resident Liability Compliance Fee (05/2021)" TransName="RESIDENTLIABILITYFEE" TransactionBatchID="1619538293182"/>
    <Transaction CatCode="C" FiscalPeriodEnd="N" LeaID="1289" ReshID="992" SiteID="4333746" TransAmt="10.00" TransDate="2021-05-01" TransDesc="Resident Liability Compliance Fee (05/2021)" TransName="RESIDENTLIABILITYFEE" TransactionBatchID="1619538293183"/>
    <Transaction CatCode="C" FiscalPeriodEnd="N" LeaID="1307" ReshID="1005" SiteID="4333746" TransAmt="10.00" TransDate="2021-05-01" TransDesc="Resident Liability Compliance Fee (05/2021)" TransName="RESIDENTLIABILITYFEE" TransactionBatchID="1619538293184"/>
    <Transaction CatCode="C" FiscalPeriodEnd="N" LeaID="1313" ReshID="1008" SiteID="4333746" TransAmt="10.00" TransDate="2021-05-01" TransDesc="Resident Liability Compliance Fee (05/2021)" TransName="RESIDENTLIABILITYFEE" TransactionBatchID="1619538293185"/>
    <Transaction CatCode="C" FiscalPeriodEnd="N" LeaID="1321" ReshID="1016" SiteID="4333746" TransAmt="10.00" TransDate="2021-05-01" TransDesc="Resident Liability Compliance Fee (05/2021)" TransName="RESIDENTLIABILITYFEE" TransactionBatchID="1619538293186"/>
    <Transaction CatCode="C" FiscalPeriodEnd="N" LeaID="1192" ReshID="881" SiteID="4333746" TransAmt="10.00" TransDate="2021-05-01" TransDesc="Resident Liability Compliance Fee (05/2021)" TransName="RESIDENTLIABILITYFEE" TransactionBatchID="1619538293187"/>
    <Transaction CatCode="C" FiscalPeriodEnd="N" LeaID="1299" ReshID="999" SiteID="4333746" TransAmt="10.00" TransDate="2021-05-01" TransDesc="Resident Liability Compliance Fee (05/2021)" TransName="RESIDENTLIABILITYFEE" TransactionBatchID="1619538293188"/>
    <Transaction CatCode="C" FiscalPeriodEnd="N" LeaID="1319" ReshID="1013" SiteID="4333746" TransAmt="10.00" TransDate="2021-05-01" TransDesc="Resident Liability Compliance Fee (05/2021)" TransName="RESIDENTLIABILITYFEE" TransactionBatchID="1619538293189"/>
    <Transaction CatCode="C" FiscalPeriodEnd="N" LeaID="1335" ReshID="1030" SiteID="4333746" TransAmt="10.00" TransDate="2021-05-01" TransDesc="Resident Liability Compliance Fee (05/2021)" TransName="RESIDENTLIABILITYFEE" TransactionBatchID="1619538293190"/>
    <Transaction CatCode="C" FiscalPeriodEnd="N" LeaID="1317" ReshID="1011" SiteID="4333746" TransAmt="10.00" TransDate="2021-05-01" TransDesc="Resident Liability Compliance Fee (05/2021)" TransName="RESIDENTLIABILITYFEE" TransactionBatchID="1619538293191"/>
    <Transaction CatCode="C" FiscalPeriodEnd="N" LeaID="1333" ReshID="1029" SiteID="4333746" TransAmt="10.00" TransDate="2021-05-01" TransDesc="Resident Liability Compliance Fee (05/2021)" TransName="RESIDENTLIABILITYFEE" TransactionBatchID="1619538293192"/>
    <Transaction CatCode="C" FiscalPeriodEnd="N" LeaID="1349" ReshID="1031" SiteID="4333746" TransAmt="10.00" TransDate="2021-05-01" TransDesc="Resident Liability Compliance Fee (05/2021)" TransName="RESIDENTLIABILITYFEE" TransactionBatchID="1619538293193"/>
    <Transaction CatCode="C" FiscalPeriodEnd="N" LeaID="1301" ReshID="1001" SiteID="4333746" TransAmt="10.00" TransDate="2021-05-01" TransDesc="Resident Liability Compliance Fee (05/2021)" TransName="RESIDENTLIABILITYFEE" TransactionBatchID="1619538293194"/>
    <Transaction CatCode="C" FiscalPeriodEnd="N" LeaID="1363" ReshID="1035" SiteID="4333746" TransAmt="10.00" TransDate="2021-05-01" TransDesc="Resident Liability Compliance Fee (05/2021)" TransName="RESIDENTLIABILITYFEE" TransactionBatchID="1619538293195"/>
    <Transaction CatCode="C" FiscalPeriodEnd="N" LeaID="1364" ReshID="1036" SiteID="4333746" TransAmt="10.00" TransDate="2021-05-01" TransDesc="Resident Liability Compliance Fee (05/2021)" TransName="RESIDENTLIABILITYFEE" TransactionBatchID="1619538293196"/>
    <Transaction CatCode="C" FiscalPeriodEnd="N" LeaID="1372" ReshID="1039" SiteID="4333746" TransAmt="10.00" TransDate="2021-05-01" TransDesc="Resident Liability Compliance Fee (05/2021)" TransName="RESIDENTLIABILITYFEE" TransactionBatchID="1619538293197"/>
    <Transaction CatCode="C" FiscalPeriodEnd="N" LeaID="1383" ReshID="1047" SiteID="4333746" TransAmt="10.00" TransDate="2021-05-01" TransDesc="Resident Liability Compliance Fee (05/2021)" TransName="RESIDENTLIABILITYFEE" TransactionBatchID="1619538293198"/>
    <Transaction CatCode="C" FiscalPeriodEnd="N" LeaID="1377" ReshID="1041" SiteID="4333746" TransAmt="10.00" TransDate="2021-05-01" TransDesc="Resident Liability Compliance Fee (05/2021)" TransName="RESIDENTLIABILITYFEE" TransactionBatchID="1619538293199"/>
    <Transaction CatCode="C" FiscalPeriodEnd="N" LeaID="1378" ReshID="1042" SiteID="4333746" TransAmt="10.00" TransDate="2021-05-01" TransDesc="Resident Liability Compliance Fee (05/2021)" TransName="RESIDENTLIABILITYFEE" TransactionBatchID="1619538293200"/>
    <Transaction CatCode="C" FiscalPeriodEnd="N" LeaID="1374" ReshID="1040" SiteID="4333746" TransAmt="10.00" TransDate="2021-05-01" TransDesc="Resident Liability Compliance Fee (05/2021)" TransName="RESIDENTLIABILITYFEE" TransactionBatchID="1619538293201"/>
    <Transaction CatCode="C" FiscalPeriodEnd="N" LeaID="1390" ReshID="1054" SiteID="4333746" TransAmt="10.00" TransDate="2021-05-01" TransDesc="Resident Liability Compliance Fee (05/2021)" TransName="RESIDENTLIABILITYFEE" TransactionBatchID="1619538293202"/>
    <Transaction CatCode="C" FiscalPeriodEnd="N" LeaID="1403" ReshID="1064" SiteID="4333746" TransAmt="10.00" TransDate="2021-05-01" TransDesc="Resident Liability Compliance Fee (05/2021)" TransName="RESIDENTLIABILITYFEE" TransactionBatchID="1619538293203"/>
    <Transaction CatCode="C" FiscalPeriodEnd="N" LeaID="1409" ReshID="1068" SiteID="4333746" TransAmt="10.00" TransDate="2021-05-01" TransDesc="Resident Liability Compliance Fee (05/2021)" TransName="RESIDENTLIABILITYFEE" TransactionBatchID="1619538293204"/>
    <Transaction CatCode="C" FiscalPeriodEnd="N" LeaID="1388" ReshID="1052" SiteID="4333746" TransAmt="10.00" TransDate="2021-05-01" TransDesc="Resident Liability Compliance Fee (05/2021)" TransName="RESIDENTLIABILITYFEE" TransactionBatchID="1619538293205"/>
    <Transaction CatCode="C" FiscalPeriodEnd="N" LeaID="1389" ReshID="1053" SiteID="4333746" TransAmt="10.00" TransDate="2021-05-01" TransDesc="Resident Liability Compliance Fee (05/2021)" TransName="RESIDENTLIABILITYFEE" TransactionBatchID="1619538293206"/>
    <Transaction CatCode="C" FiscalPeriodEnd="N" LeaID="1414" ReshID="1073" SiteID="4333746" TransAmt="10.00" TransDate="2021-05-01" TransDesc="Resident Liability Compliance Fee (05/2021)" TransName="RESIDENTLIABILITYFEE" TransactionBatchID="1619538293207"/>
    <Transaction CatCode="C" FiscalPeriodEnd="N" LeaID="1427" ReshID="1082" SiteID="4333746" TransAmt="10.00" TransDate="2021-05-01" TransDesc="Resident Liability Compliance Fee (05/2021)" TransName="RESIDENTLIABILITYFEE" TransactionBatchID="1619538293208"/>
    <Transaction CatCode="C" FiscalPeriodEnd="N" LeaID="1426" ReshID="1081" SiteID="4333746" TransAmt="10.00" TransDate="2021-05-01" TransDesc="Resident Liability Compliance Fee (05/2021)" TransName="RESIDENTLIABILITYFEE" TransactionBatchID="1619538293209"/>
    <Transaction CatCode="C" FiscalPeriodEnd="N" LeaID="1433" ReshID="1087" SiteID="4333746" TransAmt="10.00" TransDate="2021-05-01" TransDesc="Resident Liability Compliance Fee (05/2021)" TransName="RESIDENTLIABILITYFEE" TransactionBatchID="1619538293210"/>
    <Transaction CatCode="C" FiscalPeriodEnd="N" LeaID="1434" ReshID="1088" SiteID="4333746" TransAmt="10.00" TransDate="2021-05-01" TransDesc="Resident Liability Compliance Fee (05/2021)" TransName="RESIDENTLIABILITYFEE" TransactionBatchID="1619538293211"/>
    <Transaction CatCode="C" FiscalPeriodEnd="N" LeaID="1435" ReshID="1089" SiteID="4333746" TransAmt="10.00" TransDate="2021-05-01" TransDesc="Resident Liability Compliance Fee (05/2021)" TransName="RESIDENTLIABILITYFEE" TransactionBatchID="1619538293212"/>
    <Transaction CatCode="C" FiscalPeriodEnd="N" LeaID="1439" ReshID="1092" SiteID="4333746" TransAmt="10.00" TransDate="2021-05-01" TransDesc="Resident Liability Compliance Fee (05/2021)" TransName="RESIDENTLIABILITYFEE" TransactionBatchID="1619538293213"/>
    <Transaction CatCode="C" FiscalPeriodEnd="N" LeaID="1423" ReshID="1078" SiteID="4333746" TransAmt="10.00" TransDate="2021-05-01" TransDesc="Resident Liability Compliance Fee (05/2021)" TransName="RESIDENTLIABILITYFEE" TransactionBatchID="1619538293214"/>
    <Transaction CatCode="C" FiscalPeriodEnd="N" LeaID="1442" ReshID="1095" SiteID="4333746" TransAmt="10.00" TransDate="2021-05-01" TransDesc="Resident Liability Compliance Fee (05/2021)" TransName="RESIDENTLIABILITYFEE" TransactionBatchID="1619538293215"/>
    <Transaction CatCode="C" FiscalPeriodEnd="N" LeaID="1425" ReshID="1080" SiteID="4333746" TransAmt="10.00" TransDate="2021-05-01" TransDesc="Resident Liability Compliance Fee (05/2021)" TransName="RESIDENTLIABILITYFEE" TransactionBatchID="1619538293216"/>
    <Transaction CatCode="C" FiscalPeriodEnd="N" LeaID="1429" ReshID="1084" SiteID="4333746" TransAmt="10.00" TransDate="2021-05-01" TransDesc="Resident Liability Compliance Fee (05/2021)" TransName="RESIDENTLIABILITYFEE" TransactionBatchID="1619538293217"/>
    <Transaction CatCode="C" FiscalPeriodEnd="N" LeaID="1449" ReshID="1100" SiteID="4333746" TransAmt="10.00" TransDate="2021-05-01" TransDesc="Resident Liability Compliance Fee (05/2021)" TransName="RESIDENTLIABILITYFEE" TransactionBatchID="1619538293218"/>
    <Transaction CatCode="C" FiscalPeriodEnd="N" LeaID="1465" ReshID="1107" SiteID="4333746" TransAmt="10.00" TransDate="2021-05-01" TransDesc="Resident Liability Compliance Fee (05/2021)" TransName="RESIDENTLIABILITYFEE" TransactionBatchID="1619538293219"/>
    <Transaction CatCode="C" FiscalPeriodEnd="N" LeaID="1476" ReshID="1115" SiteID="4333746" TransAmt="10.00" TransDate="2021-05-01" TransDesc="Resident Liability Compliance Fee (05/2021)" TransName="RESIDENTLIABILITYFEE" TransactionBatchID="1619538293220"/>
    <Transaction CatCode="C" FiscalPeriodEnd="N" LeaID="1478" ReshID="1117" SiteID="4333746" TransAmt="10.00" TransDate="2021-05-01" TransDesc="Resident Liability Compliance Fee (05/2021)" TransName="RESIDENTLIABILITYFEE" TransactionBatchID="1619538293221"/>
    <Transaction CatCode="C" FiscalPeriodEnd="N" LeaID="1480" ReshID="1119" SiteID="4333746" TransAmt="10.00" TransDate="2021-05-01" TransDesc="Resident Liability Compliance Fee (05/2021)" TransName="RESIDENTLIABILITYFEE" TransactionBatchID="1619538293222"/>
    <Transaction CatCode="C" FiscalPeriodEnd="N" LeaID="1481" ReshID="1120" SiteID="4333746" TransAmt="10.00" TransDate="2021-05-01" TransDesc="Resident Liability Compliance Fee (05/2021)" TransName="RESIDENTLIABILITYFEE" TransactionBatchID="1619538293223"/>
    <Transaction CatCode="C" FiscalPeriodEnd="N" LeaID="1490" ReshID="1122" SiteID="4333746" TransAmt="10.00" TransDate="2021-05-01" TransDesc="Resident Liability Compliance Fee (05/2021)" TransName="RESIDENTLIABILITYFEE" TransactionBatchID="1619538293224"/>
    <Transaction CatCode="C" FiscalPeriodEnd="N" LeaID="1437" ReshID="1091" SiteID="4333746" TransAmt="10.00" TransDate="2021-05-01" TransDesc="Resident Liability Compliance Fee (05/2021)" TransName="RESIDENTLIABILITYFEE" TransactionBatchID="1619538293225"/>
    <Transaction CatCode="C" FiscalPeriodEnd="N" LeaID="1509" ReshID="1135" SiteID="4333746" TransAmt="10.00" TransDate="2021-05-01" TransDesc="Resident Liability Compliance Fee (05/2021)" TransName="RESIDENTLIABILITYFEE" TransactionBatchID="1619538293226"/>
    <Transaction CatCode="C" FiscalPeriodEnd="N" LeaID="1463" ReshID="708" SiteID="4333746" TransAmt="10.00" TransDate="2021-05-01" TransDesc="Resident Liability Compliance Fee (05/2021)" TransName="RESIDENTLIABILITYFEE" TransactionBatchID="1619538293227"/>
    <Transaction CatCode="C" FiscalPeriodEnd="N" LeaID="1494" ReshID="1125" SiteID="4333746" TransAmt="10.00" TransDate="2021-05-01" TransDesc="Resident Liability Compliance Fee (05/2021)" TransName="RESIDENTLIABILITYFEE" TransactionBatchID="1619538293228"/>
    <Transaction CatCode="C" FiscalPeriodEnd="N" LeaID="1527" ReshID="1142" SiteID="4333746" TransAmt="10.00" TransDate="2021-05-01" TransDesc="Resident Liability Compliance Fee (05/2021)" TransName="RESIDENTLIABILITYFEE" TransactionBatchID="1619538293229"/>
    <Transaction CatCode="C" FiscalPeriodEnd="N" LeaID="1471" ReshID="1110" SiteID="4333746" TransAmt="10.00" TransDate="2021-05-01" TransDesc="Resident Liability Compliance Fee (05/2021)" TransName="RESIDENTLIABILITYFEE" TransactionBatchID="1619538293230"/>
    <Transaction CatCode="C" FiscalPeriodEnd="N" LeaID="1511" ReshID="1137" SiteID="4333746" TransAmt="10.00" TransDate="2021-05-01" TransDesc="Resident Liability Compliance Fee (05/2021)" TransName="RESIDENTLIABILITYFEE" TransactionBatchID="1619538293231"/>
    <Transaction CatCode="C" FiscalPeriodEnd="N" LeaID="1440" ReshID="1093" SiteID="4333746" TransAmt="10.00" TransDate="2021-05-01" TransDesc="Resident Liability Compliance Fee (05/2021)" TransName="RESIDENTLIABILITYFEE" TransactionBatchID="1619538293232"/>
    <Transaction CatCode="C" FiscalPeriodEnd="N" LeaID="1493" ReshID="1124" SiteID="4333746" TransAmt="10.00" TransDate="2021-05-01" TransDesc="Resident Liability Compliance Fee (05/2021)" TransName="RESIDENTLIABILITYFEE" TransactionBatchID="1619538293233"/>
    <Transaction CatCode="C" FiscalPeriodEnd="N" LeaID="1528" ReshID="1151" SiteID="4333746" TransAmt="10.00" TransDate="2021-05-01" TransDesc="Resident Liability Compliance Fee (05/2021)" TransName="RESIDENTLIABILITYFEE" TransactionBatchID="1619538293234"/>
    <Transaction CatCode="C" FiscalPeriodEnd="N" LeaID="1529" ReshID="1152" SiteID="4333746" TransAmt="10.00" TransDate="2021-05-01" TransDesc="Resident Liability Compliance Fee (05/2021)" TransName="RESIDENTLIABILITYFEE" TransactionBatchID="1619538293235"/>
    <Transaction CatCode="C" FiscalPeriodEnd="N" LeaID="1523" ReshID="1147" SiteID="4333746" TransAmt="10.00" TransDate="2021-05-01" TransDesc="Resident Liability Compliance Fee (05/2021)" TransName="RESIDENTLIABILITYFEE" TransactionBatchID="1619538293236"/>
    <Transaction CatCode="C" FiscalPeriodEnd="N" LeaID="1524" ReshID="1148" SiteID="4333746" TransAmt="10.00" TransDate="2021-05-01" TransDesc="Resident Liability Compliance Fee (05/2021)" TransName="RESIDENTLIABILITYFEE" TransactionBatchID="1619538293237"/>
    <Transaction CatCode="C" FiscalPeriodEnd="N" LeaID="1550" ReshID="1168" SiteID="4333746" TransAmt="10.00" TransDate="2021-05-01" TransDesc="Resident Liability Compliance Fee (05/2021)" TransName="RESIDENTLIABILITYFEE" TransactionBatchID="1619538293238"/>
    <Transaction CatCode="C" FiscalPeriodEnd="N" LeaID="1544" ReshID="1163" SiteID="4333746" TransAmt="10.00" TransDate="2021-05-01" TransDesc="Resident Liability Compliance Fee (05/2021)" TransName="RESIDENTLIABILITYFEE" TransactionBatchID="1619538293239"/>
    <Transaction CatCode="C" FiscalPeriodEnd="N" LeaID="1504" ReshID="1131" SiteID="4333746" TransAmt="10.00" TransDate="2021-05-01" TransDesc="Resident Liability Compliance Fee (05/2021)" TransName="RESIDENTLIABILITYFEE" TransactionBatchID="1619538293240"/>
    <Transaction CatCode="C" FiscalPeriodEnd="N" LeaID="1537" ReshID="1161" SiteID="4333746" TransAmt="10.00" TransDate="2021-05-01" TransDesc="Resident Liability Compliance Fee (05/2021)" TransName="RESIDENTLIABILITYFEE" TransactionBatchID="1619538293241"/>
    <Transaction CatCode="C" FiscalPeriodEnd="N" LeaID="1514" ReshID="1141" SiteID="4333746" TransAmt="10.00" TransDate="2021-05-01" TransDesc="Resident Liability Compliance Fee (05/2021)" TransName="RESIDENTLIABILITYFEE" TransactionBatchID="1619538293242"/>
    <Transaction CatCode="C" FiscalPeriodEnd="N" LeaID="1535" ReshID="1159" SiteID="4333746" TransAmt="10.00" TransDate="2021-05-01" TransDesc="Resident Liability Compliance Fee (05/2021)" TransName="RESIDENTLIABILITYFEE" TransactionBatchID="1619538293243"/>
    <Transaction CatCode="C" FiscalPeriodEnd="N" LeaID="1532" ReshID="1155" SiteID="4333746" TransAmt="10.00" TransDate="2021-05-01" TransDesc="Resident Liability Compliance Fee (05/2021)" TransName="RESIDENTLIABILITYFEE" TransactionBatchID="1619538293244"/>
</TransactionList>
