<TransactionList>
    <Validation>
        <Audit Count="74" Node="Transaction" Sum="740.00"/>
    </Validation>
    <Transaction CatCode="C" FiscalPeriodEnd="N" LeaID="11199" ReshID="19" SiteID="4369522" TransAmt="10.00" TransDate="2021-05-01" TransDesc="Resident Liability Compliance Fee (05/2021)" TransName="RESIDENTLIABILITYFEE" TransactionBatchID="1619538296913"/>
    <Transaction CatCode="C" FiscalPeriodEnd="N" LeaID="1025" ReshID="48" SiteID="4369522" TransAmt="10.00" TransDate="2021-05-01" TransDesc="Resident Liability Compliance Fee (05/2021)" TransName="RESIDENTLIABILITYFEE" TransactionBatchID="1619538296914"/>
    <Transaction CatCode="C" FiscalPeriodEnd="N" LeaID="992" ReshID="78" SiteID="4369522" TransAmt="10.00" TransDate="2021-05-01" TransDesc="Resident Liability Compliance Fee (05/2021)" TransName="RESIDENTLIABILITYFEE" TransactionBatchID="1619538296915"/>
    <Transaction CatCode="C" FiscalPeriodEnd="N" LeaID="11228" ReshID="93" SiteID="4369522" TransAmt="10.00" TransDate="2021-05-01" TransDesc="Resident Liability Compliance Fee (05/2021)" TransName="RESIDENTLIABILITYFEE" TransactionBatchID="1619538296916"/>
    <Transaction CatCode="C" FiscalPeriodEnd="N" LeaID="11250" ReshID="114" SiteID="4369522" TransAmt="10.00" TransDate="2021-05-01" TransDesc="Resident Liability Compliance Fee (05/2021)" TransName="RESIDENTLIABILITYFEE" TransactionBatchID="1619538296917"/>
    <Transaction CatCode="C" FiscalPeriodEnd="N" LeaID="969" ReshID="118" SiteID="4369522" TransAmt="10.00" TransDate="2021-05-01" TransDesc="Resident Liability Compliance Fee (05/2021)" TransName="RESIDENTLIABILITYFEE" TransactionBatchID="1619538296918"/>
    <Transaction CatCode="C" FiscalPeriodEnd="N" LeaID="1107" ReshID="124" SiteID="4369522" TransAmt="10.00" TransDate="2021-05-01" TransDesc="Resident Liability Compliance Fee (05/2021)" TransName="RESIDENTLIABILITYFEE" TransactionBatchID="1619538296919"/>
    <Transaction CatCode="C" FiscalPeriodEnd="N" LeaID="937" ReshID="137" SiteID="4369522" TransAmt="10.00" TransDate="2021-05-01" TransDesc="Resident Liability Compliance Fee (05/2021)" TransName="RESIDENTLIABILITYFEE" TransactionBatchID="1619538296920"/>
    <Transaction CatCode="C" FiscalPeriodEnd="N" LeaID="11175" ReshID="158" SiteID="4369522" TransAmt="10.00" TransDate="2021-05-01" TransDesc="Resident Liability Compliance Fee (05/2021)" TransName="RESIDENTLIABILITYFEE" TransactionBatchID="1619538296921"/>
    <Transaction CatCode="C" FiscalPeriodEnd="N" LeaID="1022" ReshID="173" SiteID="4369522" TransAmt="10.00" TransDate="2021-05-01" TransDesc="Resident Liability Compliance Fee (05/2021)" TransName="RESIDENTLIABILITYFEE" TransactionBatchID="1619538296922"/>
    <Transaction CatCode="C" FiscalPeriodEnd="N" LeaID="11243" ReshID="222" SiteID="4369522" TransAmt="10.00" TransDate="2021-05-01" TransDesc="Resident Liability Compliance Fee (05/2021)" TransName="RESIDENTLIABILITYFEE" TransactionBatchID="1619538296923"/>
    <Transaction CatCode="C" FiscalPeriodEnd="N" LeaID="1111" ReshID="227" SiteID="4369522" TransAmt="10.00" TransDate="2021-05-01" TransDesc="Resident Liability Compliance Fee (05/2021)" TransName="RESIDENTLIABILITYFEE" TransactionBatchID="1619538296924"/>
    <Transaction CatCode="C" FiscalPeriodEnd="N" LeaID="11237" ReshID="343" SiteID="4369522" TransAmt="10.00" TransDate="2021-05-01" TransDesc="Resident Liability Compliance Fee (05/2021)" TransName="RESIDENTLIABILITYFEE" TransactionBatchID="1619538296925"/>
    <Transaction CatCode="C" FiscalPeriodEnd="N" LeaID="970" ReshID="373" SiteID="4369522" TransAmt="10.00" TransDate="2021-05-01" TransDesc="Resident Liability Compliance Fee (05/2021)" TransName="RESIDENTLIABILITYFEE" TransactionBatchID="1619538296926"/>
    <Transaction CatCode="C" FiscalPeriodEnd="N" LeaID="1138" ReshID="374" SiteID="4369522" TransAmt="10.00" TransDate="2021-05-01" TransDesc="Resident Liability Compliance Fee (05/2021)" TransName="RESIDENTLIABILITYFEE" TransactionBatchID="1619538296927"/>
    <Transaction CatCode="C" FiscalPeriodEnd="N" LeaID="484" ReshID="467" SiteID="4369522" TransAmt="10.00" TransDate="2021-05-01" TransDesc="Resident Liability Compliance Fee (05/2021)" TransName="RESIDENTLIABILITYFEE" TransactionBatchID="1619538296928"/>
    <Transaction CatCode="C" FiscalPeriodEnd="N" LeaID="749" ReshID="484" SiteID="4369522" TransAmt="10.00" TransDate="2021-05-01" TransDesc="Resident Liability Compliance Fee (05/2021)" TransName="RESIDENTLIABILITYFEE" TransactionBatchID="1619538296929"/>
    <Transaction CatCode="C" FiscalPeriodEnd="N" LeaID="11342" ReshID="510" SiteID="4369522" TransAmt="10.00" TransDate="2021-05-01" TransDesc="Resident Liability Compliance Fee (05/2021)" TransName="RESIDENTLIABILITYFEE" TransactionBatchID="1619538296930"/>
    <Transaction CatCode="C" FiscalPeriodEnd="N" LeaID="1133" ReshID="511" SiteID="4369522" TransAmt="10.00" TransDate="2021-05-01" TransDesc="Resident Liability Compliance Fee (05/2021)" TransName="RESIDENTLIABILITYFEE" TransactionBatchID="1619538296931"/>
    <Transaction CatCode="C" FiscalPeriodEnd="N" LeaID="980" ReshID="536" SiteID="4369522" TransAmt="10.00" TransDate="2021-05-01" TransDesc="Resident Liability Compliance Fee (05/2021)" TransName="RESIDENTLIABILITYFEE" TransactionBatchID="1619538296932"/>
    <Transaction CatCode="C" FiscalPeriodEnd="N" LeaID="995" ReshID="556" SiteID="4369522" TransAmt="10.00" TransDate="2021-05-01" TransDesc="Resident Liability Compliance Fee (05/2021)" TransName="RESIDENTLIABILITYFEE" TransactionBatchID="1619538296933"/>
    <Transaction CatCode="C" FiscalPeriodEnd="N" LeaID="978" ReshID="163" SiteID="4369522" TransAmt="10.00" TransDate="2021-05-01" TransDesc="Resident Liability Compliance Fee (05/2021)" TransName="RESIDENTLIABILITYFEE" TransactionBatchID="1619538296934"/>
    <Transaction CatCode="C" FiscalPeriodEnd="N" LeaID="11234" ReshID="207" SiteID="4369522" TransAmt="10.00" TransDate="2021-05-01" TransDesc="Resident Liability Compliance Fee (05/2021)" TransName="RESIDENTLIABILITYFEE" TransactionBatchID="1619538296935"/>
    <Transaction CatCode="C" FiscalPeriodEnd="N" LeaID="1019" ReshID="560" SiteID="4369522" TransAmt="10.00" TransDate="2021-05-01" TransDesc="Resident Liability Compliance Fee (05/2021)" TransName="RESIDENTLIABILITYFEE" TransactionBatchID="1619538296936"/>
    <Transaction CatCode="C" FiscalPeriodEnd="N" LeaID="989" ReshID="558" SiteID="4369522" TransAmt="10.00" TransDate="2021-05-01" TransDesc="Resident Liability Compliance Fee (05/2021)" TransName="RESIDENTLIABILITYFEE" TransactionBatchID="1619538296937"/>
    <Transaction CatCode="C" FiscalPeriodEnd="N" LeaID="1015" ReshID="572" SiteID="4369522" TransAmt="10.00" TransDate="2021-05-01" TransDesc="Resident Liability Compliance Fee (05/2021)" TransName="RESIDENTLIABILITYFEE" TransactionBatchID="1619538296938"/>
    <Transaction CatCode="C" FiscalPeriodEnd="N" LeaID="1117" ReshID="633" SiteID="4369522" TransAmt="10.00" TransDate="2021-05-01" TransDesc="Resident Liability Compliance Fee (05/2021)" TransName="RESIDENTLIABILITYFEE" TransactionBatchID="1619538296939"/>
    <Transaction CatCode="C" FiscalPeriodEnd="N" LeaID="1123" ReshID="613" SiteID="4369522" TransAmt="10.00" TransDate="2021-05-01" TransDesc="Resident Liability Compliance Fee (05/2021)" TransName="RESIDENTLIABILITYFEE" TransactionBatchID="1619538296940"/>
    <Transaction CatCode="C" FiscalPeriodEnd="N" LeaID="1057" ReshID="658" SiteID="4369522" TransAmt="10.00" TransDate="2021-05-01" TransDesc="Resident Liability Compliance Fee (05/2021)" TransName="RESIDENTLIABILITYFEE" TransactionBatchID="1619538296941"/>
    <Transaction CatCode="C" FiscalPeriodEnd="N" LeaID="1151" ReshID="661" SiteID="4369522" TransAmt="10.00" TransDate="2021-05-01" TransDesc="Resident Liability Compliance Fee (05/2021)" TransName="RESIDENTLIABILITYFEE" TransactionBatchID="1619538296942"/>
    <Transaction CatCode="C" FiscalPeriodEnd="N" LeaID="1148" ReshID="664" SiteID="4369522" TransAmt="10.00" TransDate="2021-05-01" TransDesc="Resident Liability Compliance Fee (05/2021)" TransName="RESIDENTLIABILITYFEE" TransactionBatchID="1619538296943"/>
    <Transaction CatCode="C" FiscalPeriodEnd="N" LeaID="1121" ReshID="700" SiteID="4369522" TransAmt="10.00" TransDate="2021-05-01" TransDesc="Resident Liability Compliance Fee (05/2021)" TransName="RESIDENTLIABILITYFEE" TransactionBatchID="1619538296944"/>
    <Transaction CatCode="C" FiscalPeriodEnd="N" LeaID="11235" ReshID="564" SiteID="4369522" TransAmt="10.00" TransDate="2021-05-01" TransDesc="Resident Liability Compliance Fee (05/2021)" TransName="RESIDENTLIABILITYFEE" TransactionBatchID="1619538296945"/>
    <Transaction CatCode="C" FiscalPeriodEnd="N" LeaID="11180" ReshID="724" SiteID="4369522" TransAmt="10.00" TransDate="2021-05-01" TransDesc="Resident Liability Compliance Fee (05/2021)" TransName="RESIDENTLIABILITYFEE" TransactionBatchID="1619538296946"/>
    <Transaction CatCode="C" FiscalPeriodEnd="N" LeaID="11219" ReshID="745" SiteID="4369522" TransAmt="10.00" TransDate="2021-05-01" TransDesc="Resident Liability Compliance Fee (05/2021)" TransName="RESIDENTLIABILITYFEE" TransactionBatchID="1619538296947"/>
    <Transaction CatCode="C" FiscalPeriodEnd="N" LeaID="11216" ReshID="750" SiteID="4369522" TransAmt="10.00" TransDate="2021-05-01" TransDesc="Resident Liability Compliance Fee (05/2021)" TransName="RESIDENTLIABILITYFEE" TransactionBatchID="1619538296948"/>
    <Transaction CatCode="C" FiscalPeriodEnd="N" LeaID="11230" ReshID="777" SiteID="4369522" TransAmt="10.00" TransDate="2021-05-01" TransDesc="Resident Liability Compliance Fee (05/2021)" TransName="RESIDENTLIABILITYFEE" TransactionBatchID="1619538296949"/>
    <Transaction CatCode="C" FiscalPeriodEnd="N" LeaID="11258" ReshID="521" SiteID="4369522" TransAmt="10.00" TransDate="2021-05-01" TransDesc="Resident Liability Compliance Fee (05/2021)" TransName="RESIDENTLIABILITYFEE" TransactionBatchID="1619538296950"/>
    <Transaction CatCode="C" FiscalPeriodEnd="N" LeaID="11276" ReshID="780" SiteID="4369522" TransAmt="10.00" TransDate="2021-05-01" TransDesc="Resident Liability Compliance Fee (05/2021)" TransName="RESIDENTLIABILITYFEE" TransactionBatchID="1619538296951"/>
    <Transaction CatCode="C" FiscalPeriodEnd="N" LeaID="987" ReshID="772" SiteID="4369522" TransAmt="10.00" TransDate="2021-05-01" TransDesc="Resident Liability Compliance Fee (05/2021)" TransName="RESIDENTLIABILITYFEE" TransactionBatchID="1619538296952"/>
    <Transaction CatCode="C" FiscalPeriodEnd="N" LeaID="973" ReshID="806" SiteID="4369522" TransAmt="10.00" TransDate="2021-05-01" TransDesc="Resident Liability Compliance Fee (05/2021)" TransName="RESIDENTLIABILITYFEE" TransactionBatchID="1619538296953"/>
    <Transaction CatCode="C" FiscalPeriodEnd="N" LeaID="976" ReshID="807" SiteID="4369522" TransAmt="10.00" TransDate="2021-05-01" TransDesc="Resident Liability Compliance Fee (05/2021)" TransName="RESIDENTLIABILITYFEE" TransactionBatchID="1619538296954"/>
    <Transaction CatCode="C" FiscalPeriodEnd="N" LeaID="918" ReshID="776" SiteID="4369522" TransAmt="10.00" TransDate="2021-05-01" TransDesc="Resident Liability Compliance Fee (05/2021)" TransName="RESIDENTLIABILITYFEE" TransactionBatchID="1619538296955"/>
    <Transaction CatCode="C" FiscalPeriodEnd="N" LeaID="1135" ReshID="782" SiteID="4369522" TransAmt="10.00" TransDate="2021-05-01" TransDesc="Resident Liability Compliance Fee (05/2021)" TransName="RESIDENTLIABILITYFEE" TransactionBatchID="1619538296956"/>
    <Transaction CatCode="C" FiscalPeriodEnd="N" LeaID="957" ReshID="795" SiteID="4369522" TransAmt="10.00" TransDate="2021-05-01" TransDesc="Resident Liability Compliance Fee (05/2021)" TransName="RESIDENTLIABILITYFEE" TransactionBatchID="1619538296957"/>
    <Transaction CatCode="C" FiscalPeriodEnd="N" LeaID="1037" ReshID="832" SiteID="4369522" TransAmt="10.00" TransDate="2021-05-01" TransDesc="Resident Liability Compliance Fee (05/2021)" TransName="RESIDENTLIABILITYFEE" TransactionBatchID="1619538296958"/>
    <Transaction CatCode="C" FiscalPeriodEnd="N" LeaID="967" ReshID="804" SiteID="4369522" TransAmt="10.00" TransDate="2021-05-01" TransDesc="Resident Liability Compliance Fee (05/2021)" TransName="RESIDENTLIABILITYFEE" TransactionBatchID="1619538296959"/>
    <Transaction CatCode="C" FiscalPeriodEnd="N" LeaID="1066" ReshID="859" SiteID="4369522" TransAmt="10.00" TransDate="2021-05-01" TransDesc="Resident Liability Compliance Fee (05/2021)" TransName="RESIDENTLIABILITYFEE" TransactionBatchID="1619538296960"/>
    <Transaction CatCode="C" FiscalPeriodEnd="N" LeaID="11215" ReshID="863" SiteID="4369522" TransAmt="10.00" TransDate="2021-05-01" TransDesc="Resident Liability Compliance Fee (05/2021)" TransName="RESIDENTLIABILITYFEE" TransactionBatchID="1619538296961"/>
    <Transaction CatCode="C" FiscalPeriodEnd="N" LeaID="1096" ReshID="896" SiteID="4369522" TransAmt="10.00" TransDate="2021-05-01" TransDesc="Resident Liability Compliance Fee (05/2021)" TransName="RESIDENTLIABILITYFEE" TransactionBatchID="1619538296962"/>
    <Transaction CatCode="C" FiscalPeriodEnd="N" LeaID="1065" ReshID="858" SiteID="4369522" TransAmt="10.00" TransDate="2021-05-01" TransDesc="Resident Liability Compliance Fee (05/2021)" TransName="RESIDENTLIABILITYFEE" TransactionBatchID="1619538296963"/>
    <Transaction CatCode="C" FiscalPeriodEnd="N" LeaID="1108" ReshID="902" SiteID="4369522" TransAmt="10.00" TransDate="2021-05-01" TransDesc="Resident Liability Compliance Fee (05/2021)" TransName="RESIDENTLIABILITYFEE" TransactionBatchID="1619538296964"/>
    <Transaction CatCode="C" FiscalPeriodEnd="N" LeaID="1105" ReshID="901" SiteID="4369522" TransAmt="10.00" TransDate="2021-05-01" TransDesc="Resident Liability Compliance Fee (05/2021)" TransName="RESIDENTLIABILITYFEE" TransactionBatchID="1619538296965"/>
    <Transaction CatCode="C" FiscalPeriodEnd="N" LeaID="1149" ReshID="916" SiteID="4369522" TransAmt="10.00" TransDate="2021-05-01" TransDesc="Resident Liability Compliance Fee (05/2021)" TransName="RESIDENTLIABILITYFEE" TransactionBatchID="1619538296966"/>
    <Transaction CatCode="C" FiscalPeriodEnd="N" LeaID="11168" ReshID="10928" SiteID="4369522" TransAmt="10.00" TransDate="2021-05-01" TransDesc="Resident Liability Compliance Fee (05/2021)" TransName="RESIDENTLIABILITYFEE" TransactionBatchID="1619538296967"/>
    <Transaction CatCode="C" FiscalPeriodEnd="N" LeaID="1159" ReshID="923" SiteID="4369522" TransAmt="10.00" TransDate="2021-05-01" TransDesc="Resident Liability Compliance Fee (05/2021)" TransName="RESIDENTLIABILITYFEE" TransactionBatchID="1619538296968"/>
    <Transaction CatCode="C" FiscalPeriodEnd="N" LeaID="11169" ReshID="10929" SiteID="4369522" TransAmt="10.00" TransDate="2021-05-01" TransDesc="Resident Liability Compliance Fee (05/2021)" TransName="RESIDENTLIABILITYFEE" TransactionBatchID="1619538296969"/>
    <Transaction CatCode="C" FiscalPeriodEnd="N" LeaID="11183" ReshID="10935" SiteID="4369522" TransAmt="10.00" TransDate="2021-05-01" TransDesc="Resident Liability Compliance Fee (05/2021)" TransName="RESIDENTLIABILITYFEE" TransactionBatchID="1619538296970"/>
    <Transaction CatCode="C" FiscalPeriodEnd="N" LeaID="11190" ReshID="10941" SiteID="4369522" TransAmt="10.00" TransDate="2021-05-01" TransDesc="Resident Liability Compliance Fee (05/2021)" TransName="RESIDENTLIABILITYFEE" TransactionBatchID="1619538296971"/>
    <Transaction CatCode="C" FiscalPeriodEnd="N" LeaID="11198" ReshID="10948" SiteID="4369522" TransAmt="10.00" TransDate="2021-05-01" TransDesc="Resident Liability Compliance Fee (05/2021)" TransName="RESIDENTLIABILITYFEE" TransactionBatchID="1619538296972"/>
    <Transaction CatCode="C" FiscalPeriodEnd="N" LeaID="11171" ReshID="10930" SiteID="4369522" TransAmt="10.00" TransDate="2021-05-01" TransDesc="Resident Liability Compliance Fee (05/2021)" TransName="RESIDENTLIABILITYFEE" TransactionBatchID="1619538296973"/>
    <Transaction CatCode="C" FiscalPeriodEnd="N" LeaID="11231" ReshID="10967" SiteID="4369522" TransAmt="10.00" TransDate="2021-05-01" TransDesc="Resident Liability Compliance Fee (05/2021)" TransName="RESIDENTLIABILITYFEE" TransactionBatchID="1619538296974"/>
    <Transaction CatCode="C" FiscalPeriodEnd="N" LeaID="11236" ReshID="10970" SiteID="4369522" TransAmt="10.00" TransDate="2021-05-01" TransDesc="Resident Liability Compliance Fee (05/2021)" TransName="RESIDENTLIABILITYFEE" TransactionBatchID="1619538296975"/>
    <Transaction CatCode="C" FiscalPeriodEnd="N" LeaID="11269" ReshID="10989" SiteID="4369522" TransAmt="10.00" TransDate="2021-05-01" TransDesc="Resident Liability Compliance Fee (05/2021)" TransName="RESIDENTLIABILITYFEE" TransactionBatchID="1619538296976"/>
    <Transaction CatCode="C" FiscalPeriodEnd="N" LeaID="11273" ReshID="10991" SiteID="4369522" TransAmt="10.00" TransDate="2021-05-01" TransDesc="Resident Liability Compliance Fee (05/2021)" TransName="RESIDENTLIABILITYFEE" TransactionBatchID="1619538296977"/>
    <Transaction CatCode="C" FiscalPeriodEnd="N" LeaID="11285" ReshID="10999" SiteID="4369522" TransAmt="10.00" TransDate="2021-05-01" TransDesc="Resident Liability Compliance Fee (05/2021)" TransName="RESIDENTLIABILITYFEE" TransactionBatchID="1619538296978"/>
    <Transaction CatCode="C" FiscalPeriodEnd="N" LeaID="11281" ReshID="10995" SiteID="4369522" TransAmt="10.00" TransDate="2021-05-01" TransDesc="Resident Liability Compliance Fee (05/2021)" TransName="RESIDENTLIABILITYFEE" TransactionBatchID="1619538296979"/>
    <Transaction CatCode="C" FiscalPeriodEnd="N" LeaID="11287" ReshID="11000" SiteID="4369522" TransAmt="10.00" TransDate="2021-05-01" TransDesc="Resident Liability Compliance Fee (05/2021)" TransName="RESIDENTLIABILITYFEE" TransactionBatchID="1619538296980"/>
    <Transaction CatCode="C" FiscalPeriodEnd="N" LeaID="11260" ReshID="10984" SiteID="4369522" TransAmt="10.00" TransDate="2021-05-01" TransDesc="Resident Liability Compliance Fee (05/2021)" TransName="RESIDENTLIABILITYFEE" TransactionBatchID="1619538296981"/>
    <Transaction CatCode="C" FiscalPeriodEnd="N" LeaID="11266" ReshID="10987" SiteID="4369522" TransAmt="10.00" TransDate="2021-05-01" TransDesc="Resident Liability Compliance Fee (05/2021)" TransName="RESIDENTLIABILITYFEE" TransactionBatchID="1619538296982"/>
    <Transaction CatCode="C" FiscalPeriodEnd="N" LeaID="11300" ReshID="11011" SiteID="4369522" TransAmt="10.00" TransDate="2021-05-01" TransDesc="Resident Liability Compliance Fee (05/2021)" TransName="RESIDENTLIABILITYFEE" TransactionBatchID="1619538296983"/>
    <Transaction CatCode="C" FiscalPeriodEnd="N" LeaID="11312" ReshID="11024" SiteID="4369522" TransAmt="10.00" TransDate="2021-05-01" TransDesc="Resident Liability Compliance Fee (05/2021)" TransName="RESIDENTLIABILITYFEE" TransactionBatchID="1619538296984"/>
    <Transaction CatCode="C" FiscalPeriodEnd="N" LeaID="11293" ReshID="11005" SiteID="4369522" TransAmt="10.00" TransDate="2021-05-01" TransDesc="Resident Liability Compliance Fee (05/2021)" TransName="RESIDENTLIABILITYFEE" TransactionBatchID="1619538296985"/>
    <Transaction CatCode="C" FiscalPeriodEnd="N" LeaID="11348" ReshID="11043" SiteID="4369522" TransAmt="10.00" TransDate="2021-05-01" TransDesc="Resident Liability Compliance Fee (05/2021)" TransName="RESIDENTLIABILITYFEE" TransactionBatchID="1619538296986"/>
</TransactionList>
