<TransactionList>
    <Validation>
        <Audit Count="66" Node="Transaction" Sum="660.00"/>
    </Validation>
    <Transaction CatCode="C" FiscalPeriodEnd="N" LeaID="10680" ReshID="27" SiteID="4372464" TransAmt="10.00" TransDate="2021-05-01" TransDesc="Resident Liability Compliance Fee (05/2021)" TransName="RESIDENTLIABILITYFEE" TransactionBatchID="1619538297207"/>
    <Transaction CatCode="C" FiscalPeriodEnd="N" LeaID="10726" ReshID="29" SiteID="4372464" TransAmt="10.00" TransDate="2021-05-01" TransDesc="Resident Liability Compliance Fee (05/2021)" TransName="RESIDENTLIABILITYFEE" TransactionBatchID="1619538297208"/>
    <Transaction CatCode="C" FiscalPeriodEnd="N" LeaID="10771" ReshID="33" SiteID="4372464" TransAmt="10.00" TransDate="2021-05-01" TransDesc="Resident Liability Compliance Fee (05/2021)" TransName="RESIDENTLIABILITYFEE" TransactionBatchID="1619538297209"/>
    <Transaction CatCode="C" FiscalPeriodEnd="N" LeaID="10765" ReshID="48" SiteID="4372464" TransAmt="10.00" TransDate="2021-05-01" TransDesc="Resident Liability Compliance Fee (05/2021)" TransName="RESIDENTLIABILITYFEE" TransactionBatchID="1619538297210"/>
    <Transaction CatCode="C" FiscalPeriodEnd="N" LeaID="10737" ReshID="54" SiteID="4372464" TransAmt="10.00" TransDate="2021-05-01" TransDesc="Resident Liability Compliance Fee (05/2021)" TransName="RESIDENTLIABILITYFEE" TransactionBatchID="1619538297211"/>
    <Transaction CatCode="C" FiscalPeriodEnd="N" LeaID="10841" ReshID="64" SiteID="4372464" TransAmt="10.00" TransDate="2021-05-01" TransDesc="Resident Liability Compliance Fee (05/2021)" TransName="RESIDENTLIABILITYFEE" TransactionBatchID="1619538297212"/>
    <Transaction CatCode="C" FiscalPeriodEnd="N" LeaID="10876" ReshID="66" SiteID="4372464" TransAmt="10.00" TransDate="2021-05-01" TransDesc="Resident Liability Compliance Fee (05/2021)" TransName="RESIDENTLIABILITYFEE" TransactionBatchID="1619538297213"/>
    <Transaction CatCode="C" FiscalPeriodEnd="N" LeaID="10936" ReshID="72" SiteID="4372464" TransAmt="10.00" TransDate="2021-05-01" TransDesc="Resident Liability Compliance Fee (05/2021)" TransName="RESIDENTLIABILITYFEE" TransactionBatchID="1619538297214"/>
    <Transaction CatCode="C" FiscalPeriodEnd="N" LeaID="10693" ReshID="81" SiteID="4372464" TransAmt="10.00" TransDate="2021-05-01" TransDesc="Resident Liability Compliance Fee (05/2021)" TransName="RESIDENTLIABILITYFEE" TransactionBatchID="1619538297215"/>
    <Transaction CatCode="C" FiscalPeriodEnd="N" LeaID="10843" ReshID="146" SiteID="4372464" TransAmt="10.00" TransDate="2021-05-01" TransDesc="Resident Liability Compliance Fee (05/2021)" TransName="RESIDENTLIABILITYFEE" TransactionBatchID="1619538297216"/>
    <Transaction CatCode="C" FiscalPeriodEnd="N" LeaID="10782" ReshID="149" SiteID="4372464" TransAmt="10.00" TransDate="2021-05-01" TransDesc="Resident Liability Compliance Fee (05/2021)" TransName="RESIDENTLIABILITYFEE" TransactionBatchID="1619538297217"/>
    <Transaction CatCode="C" FiscalPeriodEnd="N" LeaID="10863" ReshID="162" SiteID="4372464" TransAmt="10.00" TransDate="2021-05-01" TransDesc="Resident Liability Compliance Fee (05/2021)" TransName="RESIDENTLIABILITYFEE" TransactionBatchID="1619538297218"/>
    <Transaction CatCode="C" FiscalPeriodEnd="N" LeaID="10710" ReshID="163" SiteID="4372464" TransAmt="10.00" TransDate="2021-05-01" TransDesc="Resident Liability Compliance Fee (05/2021)" TransName="RESIDENTLIABILITYFEE" TransactionBatchID="1619538297219"/>
    <Transaction CatCode="C" FiscalPeriodEnd="N" LeaID="10822" ReshID="169" SiteID="4372464" TransAmt="10.00" TransDate="2021-05-01" TransDesc="Resident Liability Compliance Fee (05/2021)" TransName="RESIDENTLIABILITYFEE" TransactionBatchID="1619538297220"/>
    <Transaction CatCode="C" FiscalPeriodEnd="N" LeaID="10762" ReshID="172" SiteID="4372464" TransAmt="10.00" TransDate="2021-05-01" TransDesc="Resident Liability Compliance Fee (05/2021)" TransName="RESIDENTLIABILITYFEE" TransactionBatchID="1619538297221"/>
    <Transaction CatCode="C" FiscalPeriodEnd="N" LeaID="10852" ReshID="176" SiteID="4372464" TransAmt="10.00" TransDate="2021-05-01" TransDesc="Resident Liability Compliance Fee (05/2021)" TransName="RESIDENTLIABILITYFEE" TransactionBatchID="1619538297222"/>
    <Transaction CatCode="C" FiscalPeriodEnd="N" LeaID="10930" ReshID="185" SiteID="4372464" TransAmt="10.00" TransDate="2021-05-01" TransDesc="Resident Liability Compliance Fee (05/2021)" TransName="RESIDENTLIABILITYFEE" TransactionBatchID="1619538297223"/>
    <Transaction CatCode="C" FiscalPeriodEnd="N" LeaID="10688" ReshID="195" SiteID="4372464" TransAmt="10.00" TransDate="2021-05-01" TransDesc="Resident Liability Compliance Fee (05/2021)" TransName="RESIDENTLIABILITYFEE" TransactionBatchID="1619538297224"/>
    <Transaction CatCode="C" FiscalPeriodEnd="N" LeaID="10719" ReshID="202" SiteID="4372464" TransAmt="10.00" TransDate="2021-05-01" TransDesc="Resident Liability Compliance Fee (05/2021)" TransName="RESIDENTLIABILITYFEE" TransactionBatchID="1619538297225"/>
    <Transaction CatCode="C" FiscalPeriodEnd="N" LeaID="10713" ReshID="206" SiteID="4372464" TransAmt="10.00" TransDate="2021-05-01" TransDesc="Resident Liability Compliance Fee (05/2021)" TransName="RESIDENTLIABILITYFEE" TransactionBatchID="1619538297226"/>
    <Transaction CatCode="C" FiscalPeriodEnd="N" LeaID="10834" ReshID="209" SiteID="4372464" TransAmt="10.00" TransDate="2021-05-01" TransDesc="Resident Liability Compliance Fee (05/2021)" TransName="RESIDENTLIABILITYFEE" TransactionBatchID="1619538297227"/>
    <Transaction CatCode="C" FiscalPeriodEnd="N" LeaID="10766" ReshID="232" SiteID="4372464" TransAmt="10.00" TransDate="2021-05-01" TransDesc="Resident Liability Compliance Fee (05/2021)" TransName="RESIDENTLIABILITYFEE" TransactionBatchID="1619538297228"/>
    <Transaction CatCode="C" FiscalPeriodEnd="N" LeaID="10786" ReshID="241" SiteID="4372464" TransAmt="10.00" TransDate="2021-05-01" TransDesc="Resident Liability Compliance Fee (05/2021)" TransName="RESIDENTLIABILITYFEE" TransactionBatchID="1619538297229"/>
    <Transaction CatCode="C" FiscalPeriodEnd="N" LeaID="10814" ReshID="255" SiteID="4372464" TransAmt="10.00" TransDate="2021-05-01" TransDesc="Resident Liability Compliance Fee (05/2021)" TransName="RESIDENTLIABILITYFEE" TransactionBatchID="1619538297230"/>
    <Transaction CatCode="C" FiscalPeriodEnd="N" LeaID="10811" ReshID="260" SiteID="4372464" TransAmt="10.00" TransDate="2021-05-01" TransDesc="Resident Liability Compliance Fee (05/2021)" TransName="RESIDENTLIABILITYFEE" TransactionBatchID="1619538297231"/>
    <Transaction CatCode="C" FiscalPeriodEnd="N" LeaID="10911" ReshID="298" SiteID="4372464" TransAmt="10.00" TransDate="2021-05-01" TransDesc="Resident Liability Compliance Fee (05/2021)" TransName="RESIDENTLIABILITYFEE" TransactionBatchID="1619538297232"/>
    <Transaction CatCode="C" FiscalPeriodEnd="N" LeaID="10883" ReshID="305" SiteID="4372464" TransAmt="10.00" TransDate="2021-05-01" TransDesc="Resident Liability Compliance Fee (05/2021)" TransName="RESIDENTLIABILITYFEE" TransactionBatchID="1619538297233"/>
    <Transaction CatCode="C" FiscalPeriodEnd="N" LeaID="655" ReshID="331" SiteID="4372464" TransAmt="10.00" TransDate="2021-05-01" TransDesc="Resident Liability Compliance Fee (05/2021)" TransName="RESIDENTLIABILITYFEE" TransactionBatchID="1619538297234"/>
    <Transaction CatCode="C" FiscalPeriodEnd="N" LeaID="10698" ReshID="335" SiteID="4372464" TransAmt="10.00" TransDate="2021-05-01" TransDesc="Resident Liability Compliance Fee (05/2021)" TransName="RESIDENTLIABILITYFEE" TransactionBatchID="1619538297235"/>
    <Transaction CatCode="C" FiscalPeriodEnd="N" LeaID="668" ReshID="339" SiteID="4372464" TransAmt="10.00" TransDate="2021-05-01" TransDesc="Resident Liability Compliance Fee (05/2021)" TransName="RESIDENTLIABILITYFEE" TransactionBatchID="1619538297236"/>
    <Transaction CatCode="C" FiscalPeriodEnd="N" LeaID="10677" ReshID="345" SiteID="4372464" TransAmt="10.00" TransDate="2021-05-01" TransDesc="Resident Liability Compliance Fee (05/2021)" TransName="RESIDENTLIABILITYFEE" TransactionBatchID="1619538297237"/>
    <Transaction CatCode="C" FiscalPeriodEnd="N" LeaID="10884" ReshID="347" SiteID="4372464" TransAmt="10.00" TransDate="2021-05-01" TransDesc="Resident Liability Compliance Fee (05/2021)" TransName="RESIDENTLIABILITYFEE" TransactionBatchID="1619538297238"/>
    <Transaction CatCode="C" FiscalPeriodEnd="N" LeaID="10692" ReshID="354" SiteID="4372464" TransAmt="10.00" TransDate="2021-05-01" TransDesc="Resident Liability Compliance Fee (05/2021)" TransName="RESIDENTLIABILITYFEE" TransactionBatchID="1619538297239"/>
    <Transaction CatCode="C" FiscalPeriodEnd="N" LeaID="10736" ReshID="101" SiteID="4372464" TransAmt="10.00" TransDate="2021-05-01" TransDesc="Resident Liability Compliance Fee (05/2021)" TransName="RESIDENTLIABILITYFEE" TransactionBatchID="1619538297240"/>
    <Transaction CatCode="C" FiscalPeriodEnd="N" LeaID="10716" ReshID="411" SiteID="4372464" TransAmt="10.00" TransDate="2021-05-01" TransDesc="Resident Liability Compliance Fee (05/2021)" TransName="RESIDENTLIABILITYFEE" TransactionBatchID="1619538297241"/>
    <Transaction CatCode="C" FiscalPeriodEnd="N" LeaID="10825" ReshID="381" SiteID="4372464" TransAmt="10.00" TransDate="2021-05-01" TransDesc="Resident Liability Compliance Fee (05/2021)" TransName="RESIDENTLIABILITYFEE" TransactionBatchID="1619538297242"/>
    <Transaction CatCode="C" FiscalPeriodEnd="N" LeaID="10804" ReshID="392" SiteID="4372464" TransAmt="10.00" TransDate="2021-05-01" TransDesc="Resident Liability Compliance Fee (05/2021)" TransName="RESIDENTLIABILITYFEE" TransactionBatchID="1619538297243"/>
    <Transaction CatCode="C" FiscalPeriodEnd="N" LeaID="10933" ReshID="430" SiteID="4372464" TransAmt="10.00" TransDate="2021-05-01" TransDesc="Resident Liability Compliance Fee (05/2021)" TransName="RESIDENTLIABILITYFEE" TransactionBatchID="1619538297244"/>
    <Transaction CatCode="C" FiscalPeriodEnd="N" LeaID="10840" ReshID="437" SiteID="4372464" TransAmt="10.00" TransDate="2021-05-01" TransDesc="Resident Liability Compliance Fee (05/2021)" TransName="RESIDENTLIABILITYFEE" TransactionBatchID="1619538297245"/>
    <Transaction CatCode="C" FiscalPeriodEnd="N" LeaID="10850" ReshID="449" SiteID="4372464" TransAmt="10.00" TransDate="2021-05-01" TransDesc="Resident Liability Compliance Fee (05/2021)" TransName="RESIDENTLIABILITYFEE" TransactionBatchID="1619538297246"/>
    <Transaction CatCode="C" FiscalPeriodEnd="N" LeaID="10830" ReshID="464" SiteID="4372464" TransAmt="10.00" TransDate="2021-05-01" TransDesc="Resident Liability Compliance Fee (05/2021)" TransName="RESIDENTLIABILITYFEE" TransactionBatchID="1619538297247"/>
    <Transaction CatCode="C" FiscalPeriodEnd="N" LeaID="10901" ReshID="451" SiteID="4372464" TransAmt="10.00" TransDate="2021-05-01" TransDesc="Resident Liability Compliance Fee (05/2021)" TransName="RESIDENTLIABILITYFEE" TransactionBatchID="1619538297248"/>
    <Transaction CatCode="C" FiscalPeriodEnd="N" LeaID="10896" ReshID="461" SiteID="4372464" TransAmt="10.00" TransDate="2021-05-01" TransDesc="Resident Liability Compliance Fee (05/2021)" TransName="RESIDENTLIABILITYFEE" TransactionBatchID="1619538297249"/>
    <Transaction CatCode="C" FiscalPeriodEnd="N" LeaID="419" ReshID="207" SiteID="4372464" TransAmt="10.00" TransDate="2021-05-01" TransDesc="Resident Liability Compliance Fee (05/2021)" TransName="RESIDENTLIABILITYFEE" TransactionBatchID="1619538297250"/>
    <Transaction CatCode="C" FiscalPeriodEnd="N" LeaID="10816" ReshID="492" SiteID="4372464" TransAmt="10.00" TransDate="2021-05-01" TransDesc="Resident Liability Compliance Fee (05/2021)" TransName="RESIDENTLIABILITYFEE" TransactionBatchID="1619538297251"/>
    <Transaction CatCode="C" FiscalPeriodEnd="N" LeaID="10699" ReshID="10508" SiteID="4372464" TransAmt="10.00" TransDate="2021-05-01" TransDesc="Resident Liability Compliance Fee (05/2021)" TransName="RESIDENTLIABILITYFEE" TransactionBatchID="1619538297252"/>
    <Transaction CatCode="C" FiscalPeriodEnd="N" LeaID="10729" ReshID="10523" SiteID="4372464" TransAmt="10.00" TransDate="2021-05-01" TransDesc="Resident Liability Compliance Fee (05/2021)" TransName="RESIDENTLIABILITYFEE" TransactionBatchID="1619538297253"/>
    <Transaction CatCode="C" FiscalPeriodEnd="N" LeaID="10731" ReshID="10525" SiteID="4372464" TransAmt="10.00" TransDate="2021-05-01" TransDesc="Resident Liability Compliance Fee (05/2021)" TransName="RESIDENTLIABILITYFEE" TransactionBatchID="1619538297254"/>
    <Transaction CatCode="C" FiscalPeriodEnd="N" LeaID="10749" ReshID="10534" SiteID="4372464" TransAmt="10.00" TransDate="2021-05-01" TransDesc="Resident Liability Compliance Fee (05/2021)" TransName="RESIDENTLIABILITYFEE" TransactionBatchID="1619538297255"/>
    <Transaction CatCode="C" FiscalPeriodEnd="N" LeaID="10707" ReshID="10511" SiteID="4372464" TransAmt="10.00" TransDate="2021-05-01" TransDesc="Resident Liability Compliance Fee (05/2021)" TransName="RESIDENTLIABILITYFEE" TransactionBatchID="1619538297256"/>
    <Transaction CatCode="C" FiscalPeriodEnd="N" LeaID="10732" ReshID="10526" SiteID="4372464" TransAmt="10.00" TransDate="2021-05-01" TransDesc="Resident Liability Compliance Fee (05/2021)" TransName="RESIDENTLIABILITYFEE" TransactionBatchID="1619538297257"/>
    <Transaction CatCode="C" FiscalPeriodEnd="N" LeaID="10753" ReshID="10536" SiteID="4372464" TransAmt="10.00" TransDate="2021-05-01" TransDesc="Resident Liability Compliance Fee (05/2021)" TransName="RESIDENTLIABILITYFEE" TransactionBatchID="1619538297258"/>
    <Transaction CatCode="C" FiscalPeriodEnd="N" LeaID="10833" ReshID="10573" SiteID="4372464" TransAmt="10.00" TransDate="2021-05-01" TransDesc="Resident Liability Compliance Fee (05/2021)" TransName="RESIDENTLIABILITYFEE" TransactionBatchID="1619538297259"/>
    <Transaction CatCode="C" FiscalPeriodEnd="N" LeaID="10871" ReshID="10600" SiteID="4372464" TransAmt="10.00" TransDate="2021-05-01" TransDesc="Resident Liability Compliance Fee (05/2021)" TransName="RESIDENTLIABILITYFEE" TransactionBatchID="1619538297260"/>
    <Transaction CatCode="C" FiscalPeriodEnd="N" LeaID="10783" ReshID="10554" SiteID="4372464" TransAmt="10.00" TransDate="2021-05-01" TransDesc="Resident Liability Compliance Fee (05/2021)" TransName="RESIDENTLIABILITYFEE" TransactionBatchID="1619538297261"/>
    <Transaction CatCode="C" FiscalPeriodEnd="N" LeaID="10877" ReshID="10608" SiteID="4372464" TransAmt="10.00" TransDate="2021-05-01" TransDesc="Resident Liability Compliance Fee (05/2021)" TransName="RESIDENTLIABILITYFEE" TransactionBatchID="1619538297262"/>
    <Transaction CatCode="C" FiscalPeriodEnd="N" LeaID="10910" ReshID="10625" SiteID="4372464" TransAmt="10.00" TransDate="2021-05-01" TransDesc="Resident Liability Compliance Fee (05/2021)" TransName="RESIDENTLIABILITYFEE" TransactionBatchID="1619538297263"/>
    <Transaction CatCode="C" FiscalPeriodEnd="N" LeaID="10906" ReshID="10624" SiteID="4372464" TransAmt="10.00" TransDate="2021-05-01" TransDesc="Resident Liability Compliance Fee (05/2021)" TransName="RESIDENTLIABILITYFEE" TransactionBatchID="1619538297264"/>
    <Transaction CatCode="C" FiscalPeriodEnd="N" LeaID="10916" ReshID="10627" SiteID="4372464" TransAmt="10.00" TransDate="2021-05-01" TransDesc="Resident Liability Compliance Fee (05/2021)" TransName="RESIDENTLIABILITYFEE" TransactionBatchID="1619538297265"/>
    <Transaction CatCode="C" FiscalPeriodEnd="N" LeaID="10952" ReshID="10647" SiteID="4372464" TransAmt="10.00" TransDate="2021-05-01" TransDesc="Resident Liability Compliance Fee (05/2021)" TransName="RESIDENTLIABILITYFEE" TransactionBatchID="1619538297266"/>
    <Transaction CatCode="C" FiscalPeriodEnd="N" LeaID="10985" ReshID="10670" SiteID="4372464" TransAmt="10.00" TransDate="2021-05-01" TransDesc="Resident Liability Compliance Fee (05/2021)" TransName="RESIDENTLIABILITYFEE" TransactionBatchID="1619538297267"/>
    <Transaction CatCode="C" FiscalPeriodEnd="N" LeaID="10978" ReshID="10668" SiteID="4372464" TransAmt="10.00" TransDate="2021-05-01" TransDesc="Resident Liability Compliance Fee (05/2021)" TransName="RESIDENTLIABILITYFEE" TransactionBatchID="1619538297268"/>
    <Transaction CatCode="C" FiscalPeriodEnd="N" LeaID="10967" ReshID="10659" SiteID="4372464" TransAmt="10.00" TransDate="2021-05-01" TransDesc="Resident Liability Compliance Fee (05/2021)" TransName="RESIDENTLIABILITYFEE" TransactionBatchID="1619538297269"/>
    <Transaction CatCode="C" FiscalPeriodEnd="N" LeaID="10994" ReshID="10678" SiteID="4372464" TransAmt="10.00" TransDate="2021-05-01" TransDesc="Resident Liability Compliance Fee (05/2021)" TransName="RESIDENTLIABILITYFEE" TransactionBatchID="1619538297270"/>
    <Transaction CatCode="C" FiscalPeriodEnd="N" LeaID="10990" ReshID="10674" SiteID="4372464" TransAmt="10.00" TransDate="2021-05-01" TransDesc="Resident Liability Compliance Fee (05/2021)" TransName="RESIDENTLIABILITYFEE" TransactionBatchID="1619538297271"/>
    <Transaction CatCode="C" FiscalPeriodEnd="N" LeaID="10995" ReshID="10679" SiteID="4372464" TransAmt="10.00" TransDate="2021-05-01" TransDesc="Resident Liability Compliance Fee (05/2021)" TransName="RESIDENTLIABILITYFEE" TransactionBatchID="1619538297272"/>
</TransactionList>
