<TransactionList>
    <Validation>
        <Audit Count="181" Node="Transaction" Sum="1810.00"/>
    </Validation>
    <Transaction CatCode="C" FiscalPeriodEnd="N" LeaID="11463" ReshID="18" SiteID="4372463" TransAmt="10.00" TransDate="2021-05-01" TransDesc="Resident Liability Compliance Fee (05/2021)" TransName="RESIDENTLIABILITYFEE" TransactionBatchID="1619538299325"/>
    <Transaction CatCode="C" FiscalPeriodEnd="N" LeaID="11208" ReshID="21" SiteID="4372463" TransAmt="10.00" TransDate="2021-05-01" TransDesc="Resident Liability Compliance Fee (05/2021)" TransName="RESIDENTLIABILITYFEE" TransactionBatchID="1619538299326"/>
    <Transaction CatCode="C" FiscalPeriodEnd="N" LeaID="11122" ReshID="38" SiteID="4372463" TransAmt="10.00" TransDate="2021-05-01" TransDesc="Resident Liability Compliance Fee (05/2021)" TransName="RESIDENTLIABILITYFEE" TransactionBatchID="1619538299327"/>
    <Transaction CatCode="C" FiscalPeriodEnd="N" LeaID="11339" ReshID="44" SiteID="4372463" TransAmt="10.00" TransDate="2021-05-01" TransDesc="Resident Liability Compliance Fee (05/2021)" TransName="RESIDENTLIABILITYFEE" TransactionBatchID="1619538299328"/>
    <Transaction CatCode="C" FiscalPeriodEnd="N" LeaID="11233" ReshID="53" SiteID="4372463" TransAmt="10.00" TransDate="2021-05-01" TransDesc="Resident Liability Compliance Fee (05/2021)" TransName="RESIDENTLIABILITYFEE" TransactionBatchID="1619538299329"/>
    <Transaction CatCode="C" FiscalPeriodEnd="N" LeaID="11446" ReshID="56" SiteID="4372463" TransAmt="10.00" TransDate="2021-05-01" TransDesc="Resident Liability Compliance Fee (05/2021)" TransName="RESIDENTLIABILITYFEE" TransactionBatchID="1619538299330"/>
    <Transaction CatCode="C" FiscalPeriodEnd="N" LeaID="11395" ReshID="69" SiteID="4372463" TransAmt="10.00" TransDate="2021-05-01" TransDesc="Resident Liability Compliance Fee (05/2021)" TransName="RESIDENTLIABILITYFEE" TransactionBatchID="1619538299331"/>
    <Transaction CatCode="C" FiscalPeriodEnd="N" LeaID="11361" ReshID="75" SiteID="4372463" TransAmt="10.00" TransDate="2021-05-01" TransDesc="Resident Liability Compliance Fee (05/2021)" TransName="RESIDENTLIABILITYFEE" TransactionBatchID="1619538299332"/>
    <Transaction CatCode="C" FiscalPeriodEnd="N" LeaID="11407" ReshID="80" SiteID="4372463" TransAmt="10.00" TransDate="2021-05-01" TransDesc="Resident Liability Compliance Fee (05/2021)" TransName="RESIDENTLIABILITYFEE" TransactionBatchID="1619538299333"/>
    <Transaction CatCode="C" FiscalPeriodEnd="N" LeaID="11356" ReshID="85" SiteID="4372463" TransAmt="10.00" TransDate="2021-05-01" TransDesc="Resident Liability Compliance Fee (05/2021)" TransName="RESIDENTLIABILITYFEE" TransactionBatchID="1619538299334"/>
    <Transaction CatCode="C" FiscalPeriodEnd="N" LeaID="11396" ReshID="93" SiteID="4372463" TransAmt="10.00" TransDate="2021-05-01" TransDesc="Resident Liability Compliance Fee (05/2021)" TransName="RESIDENTLIABILITYFEE" TransactionBatchID="1619538299335"/>
    <Transaction CatCode="C" FiscalPeriodEnd="N" LeaID="11558" ReshID="109" SiteID="4372463" TransAmt="10.00" TransDate="2021-05-01" TransDesc="Resident Liability Compliance Fee (05/2021)" TransName="RESIDENTLIABILITYFEE" TransactionBatchID="1619538299336"/>
    <Transaction CatCode="C" FiscalPeriodEnd="N" LeaID="11562" ReshID="110" SiteID="4372463" TransAmt="10.00" TransDate="2021-05-01" TransDesc="Resident Liability Compliance Fee (05/2021)" TransName="RESIDENTLIABILITYFEE" TransactionBatchID="1619538299337"/>
    <Transaction CatCode="C" FiscalPeriodEnd="N" LeaID="11582" ReshID="117" SiteID="4372463" TransAmt="10.00" TransDate="2021-05-01" TransDesc="Resident Liability Compliance Fee (05/2021)" TransName="RESIDENTLIABILITYFEE" TransactionBatchID="1619538299338"/>
    <Transaction CatCode="C" FiscalPeriodEnd="N" LeaID="11160" ReshID="124" SiteID="4372463" TransAmt="10.00" TransDate="2021-05-01" TransDesc="Resident Liability Compliance Fee (05/2021)" TransName="RESIDENTLIABILITYFEE" TransactionBatchID="1619538299339"/>
    <Transaction CatCode="C" FiscalPeriodEnd="N" LeaID="11192" ReshID="151" SiteID="4372463" TransAmt="10.00" TransDate="2021-05-01" TransDesc="Resident Liability Compliance Fee (05/2021)" TransName="RESIDENTLIABILITYFEE" TransactionBatchID="1619538299340"/>
    <Transaction CatCode="C" FiscalPeriodEnd="N" LeaID="11438" ReshID="171" SiteID="4372463" TransAmt="10.00" TransDate="2021-05-01" TransDesc="Resident Liability Compliance Fee (05/2021)" TransName="RESIDENTLIABILITYFEE" TransactionBatchID="1619538299341"/>
    <Transaction CatCode="C" FiscalPeriodEnd="N" LeaID="11074" ReshID="186" SiteID="4372463" TransAmt="10.00" TransDate="2021-05-01" TransDesc="Resident Liability Compliance Fee (05/2021)" TransName="RESIDENTLIABILITYFEE" TransactionBatchID="1619538299342"/>
    <Transaction CatCode="C" FiscalPeriodEnd="N" LeaID="11303" ReshID="187" SiteID="4372463" TransAmt="10.00" TransDate="2021-05-01" TransDesc="Resident Liability Compliance Fee (05/2021)" TransName="RESIDENTLIABILITYFEE" TransactionBatchID="1619538299343"/>
    <Transaction CatCode="C" FiscalPeriodEnd="N" LeaID="11503" ReshID="218" SiteID="4372463" TransAmt="10.00" TransDate="2021-05-01" TransDesc="Resident Liability Compliance Fee (05/2021)" TransName="RESIDENTLIABILITYFEE" TransactionBatchID="1619538299344"/>
    <Transaction CatCode="C" FiscalPeriodEnd="N" LeaID="11324" ReshID="240" SiteID="4372463" TransAmt="10.00" TransDate="2021-05-01" TransDesc="Resident Liability Compliance Fee (05/2021)" TransName="RESIDENTLIABILITYFEE" TransactionBatchID="1619538299345"/>
    <Transaction CatCode="C" FiscalPeriodEnd="N" LeaID="11054" ReshID="244" SiteID="4372463" TransAmt="10.00" TransDate="2021-05-01" TransDesc="Resident Liability Compliance Fee (05/2021)" TransName="RESIDENTLIABILITYFEE" TransactionBatchID="1619538299346"/>
    <Transaction CatCode="C" FiscalPeriodEnd="N" LeaID="11589" ReshID="248" SiteID="4372463" TransAmt="10.00" TransDate="2021-05-01" TransDesc="Resident Liability Compliance Fee (05/2021)" TransName="RESIDENTLIABILITYFEE" TransactionBatchID="1619538299347"/>
    <Transaction CatCode="C" FiscalPeriodEnd="N" LeaID="11435" ReshID="250" SiteID="4372463" TransAmt="10.00" TransDate="2021-05-01" TransDesc="Resident Liability Compliance Fee (05/2021)" TransName="RESIDENTLIABILITYFEE" TransactionBatchID="1619538299348"/>
    <Transaction CatCode="C" FiscalPeriodEnd="N" LeaID="11571" ReshID="251" SiteID="4372463" TransAmt="10.00" TransDate="2021-05-01" TransDesc="Resident Liability Compliance Fee (05/2021)" TransName="RESIDENTLIABILITYFEE" TransactionBatchID="1619538299349"/>
    <Transaction CatCode="C" FiscalPeriodEnd="N" LeaID="11115" ReshID="257" SiteID="4372463" TransAmt="10.00" TransDate="2021-05-01" TransDesc="Resident Liability Compliance Fee (05/2021)" TransName="RESIDENTLIABILITYFEE" TransactionBatchID="1619538299350"/>
    <Transaction CatCode="C" FiscalPeriodEnd="N" LeaID="11168" ReshID="262" SiteID="4372463" TransAmt="10.00" TransDate="2021-05-01" TransDesc="Resident Liability Compliance Fee (05/2021)" TransName="RESIDENTLIABILITYFEE" TransactionBatchID="1619538299351"/>
    <Transaction CatCode="C" FiscalPeriodEnd="N" LeaID="1034" ReshID="263" SiteID="4372463" TransAmt="10.00" TransDate="2021-05-01" TransDesc="Resident Liability Compliance Fee (05/2021)" TransName="RESIDENTLIABILITYFEE" TransactionBatchID="1619538299352"/>
    <Transaction CatCode="C" FiscalPeriodEnd="N" LeaID="11299" ReshID="275" SiteID="4372463" TransAmt="10.00" TransDate="2021-05-01" TransDesc="Resident Liability Compliance Fee (05/2021)" TransName="RESIDENTLIABILITYFEE" TransactionBatchID="1619538299353"/>
    <Transaction CatCode="C" FiscalPeriodEnd="N" LeaID="11261" ReshID="279" SiteID="4372463" TransAmt="10.00" TransDate="2021-05-01" TransDesc="Resident Liability Compliance Fee (05/2021)" TransName="RESIDENTLIABILITYFEE" TransactionBatchID="1619538299354"/>
    <Transaction CatCode="C" FiscalPeriodEnd="N" LeaID="11480" ReshID="282" SiteID="4372463" TransAmt="10.00" TransDate="2021-05-01" TransDesc="Resident Liability Compliance Fee (05/2021)" TransName="RESIDENTLIABILITYFEE" TransactionBatchID="1619538299355"/>
    <Transaction CatCode="C" FiscalPeriodEnd="N" LeaID="11556" ReshID="310" SiteID="4372463" TransAmt="10.00" TransDate="2021-05-01" TransDesc="Resident Liability Compliance Fee (05/2021)" TransName="RESIDENTLIABILITYFEE" TransactionBatchID="1619538299356"/>
    <Transaction CatCode="C" FiscalPeriodEnd="N" LeaID="11266" ReshID="325" SiteID="4372463" TransAmt="10.00" TransDate="2021-05-01" TransDesc="Resident Liability Compliance Fee (05/2021)" TransName="RESIDENTLIABILITYFEE" TransactionBatchID="1619538299357"/>
    <Transaction CatCode="C" FiscalPeriodEnd="N" LeaID="11193" ReshID="326" SiteID="4372463" TransAmt="10.00" TransDate="2021-05-01" TransDesc="Resident Liability Compliance Fee (05/2021)" TransName="RESIDENTLIABILITYFEE" TransactionBatchID="1619538299358"/>
    <Transaction CatCode="C" FiscalPeriodEnd="N" LeaID="11285" ReshID="352" SiteID="4372463" TransAmt="10.00" TransDate="2021-05-01" TransDesc="Resident Liability Compliance Fee (05/2021)" TransName="RESIDENTLIABILITYFEE" TransactionBatchID="1619538299359"/>
    <Transaction CatCode="C" FiscalPeriodEnd="N" LeaID="11555" ReshID="359" SiteID="4372463" TransAmt="10.00" TransDate="2021-05-01" TransDesc="Resident Liability Compliance Fee (05/2021)" TransName="RESIDENTLIABILITYFEE" TransactionBatchID="1619538299360"/>
    <Transaction CatCode="C" FiscalPeriodEnd="N" LeaID="20" ReshID="20" SiteID="4372463" TransAmt="10.00" TransDate="2021-05-01" TransDesc="Resident Liability Compliance Fee (05/2021)" TransName="RESIDENTLIABILITYFEE" TransactionBatchID="1619538299361"/>
    <Transaction CatCode="C" FiscalPeriodEnd="N" LeaID="11470" ReshID="407" SiteID="4372463" TransAmt="10.00" TransDate="2021-05-01" TransDesc="Resident Liability Compliance Fee (05/2021)" TransName="RESIDENTLIABILITYFEE" TransactionBatchID="1619538299362"/>
    <Transaction CatCode="C" FiscalPeriodEnd="N" LeaID="11336" ReshID="413" SiteID="4372463" TransAmt="10.00" TransDate="2021-05-01" TransDesc="Resident Liability Compliance Fee (05/2021)" TransName="RESIDENTLIABILITYFEE" TransactionBatchID="1619538299363"/>
    <Transaction CatCode="C" FiscalPeriodEnd="N" LeaID="11314" ReshID="415" SiteID="4372463" TransAmt="10.00" TransDate="2021-05-01" TransDesc="Resident Liability Compliance Fee (05/2021)" TransName="RESIDENTLIABILITYFEE" TransactionBatchID="1619538299364"/>
    <Transaction CatCode="C" FiscalPeriodEnd="N" LeaID="11259" ReshID="430" SiteID="4372463" TransAmt="10.00" TransDate="2021-05-01" TransDesc="Resident Liability Compliance Fee (05/2021)" TransName="RESIDENTLIABILITYFEE" TransactionBatchID="1619538299365"/>
    <Transaction CatCode="C" FiscalPeriodEnd="N" LeaID="11340" ReshID="437" SiteID="4372463" TransAmt="10.00" TransDate="2021-05-01" TransDesc="Resident Liability Compliance Fee (05/2021)" TransName="RESIDENTLIABILITYFEE" TransactionBatchID="1619538299366"/>
    <Transaction CatCode="C" FiscalPeriodEnd="N" LeaID="11346" ReshID="441" SiteID="4372463" TransAmt="10.00" TransDate="2021-05-01" TransDesc="Resident Liability Compliance Fee (05/2021)" TransName="RESIDENTLIABILITYFEE" TransactionBatchID="1619538299367"/>
    <Transaction CatCode="C" FiscalPeriodEnd="N" LeaID="11501" ReshID="485" SiteID="4372463" TransAmt="10.00" TransDate="2021-05-01" TransDesc="Resident Liability Compliance Fee (05/2021)" TransName="RESIDENTLIABILITYFEE" TransactionBatchID="1619538299368"/>
    <Transaction CatCode="C" FiscalPeriodEnd="N" LeaID="11522" ReshID="492" SiteID="4372463" TransAmt="10.00" TransDate="2021-05-01" TransDesc="Resident Liability Compliance Fee (05/2021)" TransName="RESIDENTLIABILITYFEE" TransactionBatchID="1619538299369"/>
    <Transaction CatCode="C" FiscalPeriodEnd="N" LeaID="11499" ReshID="514" SiteID="4372463" TransAmt="10.00" TransDate="2021-05-01" TransDesc="Resident Liability Compliance Fee (05/2021)" TransName="RESIDENTLIABILITYFEE" TransactionBatchID="1619538299370"/>
    <Transaction CatCode="C" FiscalPeriodEnd="N" LeaID="11258" ReshID="515" SiteID="4372463" TransAmt="10.00" TransDate="2021-05-01" TransDesc="Resident Liability Compliance Fee (05/2021)" TransName="RESIDENTLIABILITYFEE" TransactionBatchID="1619538299371"/>
    <Transaction CatCode="C" FiscalPeriodEnd="N" LeaID="11338" ReshID="518" SiteID="4372463" TransAmt="10.00" TransDate="2021-05-01" TransDesc="Resident Liability Compliance Fee (05/2021)" TransName="RESIDENTLIABILITYFEE" TransactionBatchID="1619538299372"/>
    <Transaction CatCode="C" FiscalPeriodEnd="N" LeaID="11111" ReshID="568" SiteID="4372463" TransAmt="10.00" TransDate="2021-05-01" TransDesc="Resident Liability Compliance Fee (05/2021)" TransName="RESIDENTLIABILITYFEE" TransactionBatchID="1619538299373"/>
    <Transaction CatCode="C" FiscalPeriodEnd="N" LeaID="11252" ReshID="570" SiteID="4372463" TransAmt="10.00" TransDate="2021-05-01" TransDesc="Resident Liability Compliance Fee (05/2021)" TransName="RESIDENTLIABILITYFEE" TransactionBatchID="1619538299374"/>
    <Transaction CatCode="C" FiscalPeriodEnd="N" LeaID="11055" ReshID="585" SiteID="4372463" TransAmt="10.00" TransDate="2021-05-01" TransDesc="Resident Liability Compliance Fee (05/2021)" TransName="RESIDENTLIABILITYFEE" TransactionBatchID="1619538299375"/>
    <Transaction CatCode="C" FiscalPeriodEnd="N" LeaID="11069" ReshID="596" SiteID="4372463" TransAmt="10.00" TransDate="2021-05-01" TransDesc="Resident Liability Compliance Fee (05/2021)" TransName="RESIDENTLIABILITYFEE" TransactionBatchID="1619538299376"/>
    <Transaction CatCode="C" FiscalPeriodEnd="N" LeaID="11143" ReshID="597" SiteID="4372463" TransAmt="10.00" TransDate="2021-05-01" TransDesc="Resident Liability Compliance Fee (05/2021)" TransName="RESIDENTLIABILITYFEE" TransactionBatchID="1619538299377"/>
    <Transaction CatCode="C" FiscalPeriodEnd="N" LeaID="11512" ReshID="599" SiteID="4372463" TransAmt="10.00" TransDate="2021-05-01" TransDesc="Resident Liability Compliance Fee (05/2021)" TransName="RESIDENTLIABILITYFEE" TransactionBatchID="1619538299378"/>
    <Transaction CatCode="C" FiscalPeriodEnd="N" LeaID="11140" ReshID="606" SiteID="4372463" TransAmt="10.00" TransDate="2021-05-01" TransDesc="Resident Liability Compliance Fee (05/2021)" TransName="RESIDENTLIABILITYFEE" TransactionBatchID="1619538299379"/>
    <Transaction CatCode="C" FiscalPeriodEnd="N" LeaID="11155" ReshID="610" SiteID="4372463" TransAmt="10.00" TransDate="2021-05-01" TransDesc="Resident Liability Compliance Fee (05/2021)" TransName="RESIDENTLIABILITYFEE" TransactionBatchID="1619538299380"/>
    <Transaction CatCode="C" FiscalPeriodEnd="N" LeaID="11445" ReshID="637" SiteID="4372463" TransAmt="10.00" TransDate="2021-05-01" TransDesc="Resident Liability Compliance Fee (05/2021)" TransName="RESIDENTLIABILITYFEE" TransactionBatchID="1619538299381"/>
    <Transaction CatCode="C" FiscalPeriodEnd="N" LeaID="11367" ReshID="661" SiteID="4372463" TransAmt="10.00" TransDate="2021-05-01" TransDesc="Resident Liability Compliance Fee (05/2021)" TransName="RESIDENTLIABILITYFEE" TransactionBatchID="1619538299382"/>
    <Transaction CatCode="C" FiscalPeriodEnd="N" LeaID="11397" ReshID="660" SiteID="4372463" TransAmt="10.00" TransDate="2021-05-01" TransDesc="Resident Liability Compliance Fee (05/2021)" TransName="RESIDENTLIABILITYFEE" TransactionBatchID="1619538299383"/>
    <Transaction CatCode="C" FiscalPeriodEnd="N" LeaID="11150" ReshID="645" SiteID="4372463" TransAmt="10.00" TransDate="2021-05-01" TransDesc="Resident Liability Compliance Fee (05/2021)" TransName="RESIDENTLIABILITYFEE" TransactionBatchID="1619538299384"/>
    <Transaction CatCode="C" FiscalPeriodEnd="N" LeaID="11213" ReshID="672" SiteID="4372463" TransAmt="10.00" TransDate="2021-05-01" TransDesc="Resident Liability Compliance Fee (05/2021)" TransName="RESIDENTLIABILITYFEE" TransactionBatchID="1619538299385"/>
    <Transaction CatCode="C" FiscalPeriodEnd="N" LeaID="11270" ReshID="130" SiteID="4372463" TransAmt="10.00" TransDate="2021-05-01" TransDesc="Resident Liability Compliance Fee (05/2021)" TransName="RESIDENTLIABILITYFEE" TransactionBatchID="1619538299386"/>
    <Transaction CatCode="C" FiscalPeriodEnd="N" LeaID="11144" ReshID="630" SiteID="4372463" TransAmt="10.00" TransDate="2021-05-01" TransDesc="Resident Liability Compliance Fee (05/2021)" TransName="RESIDENTLIABILITYFEE" TransactionBatchID="1619538299387"/>
    <Transaction CatCode="C" FiscalPeriodEnd="N" LeaID="11124" ReshID="683" SiteID="4372463" TransAmt="10.00" TransDate="2021-05-01" TransDesc="Resident Liability Compliance Fee (05/2021)" TransName="RESIDENTLIABILITYFEE" TransactionBatchID="1619538299388"/>
    <Transaction CatCode="C" FiscalPeriodEnd="N" LeaID="11194" ReshID="687" SiteID="4372463" TransAmt="10.00" TransDate="2021-05-01" TransDesc="Resident Liability Compliance Fee (05/2021)" TransName="RESIDENTLIABILITYFEE" TransactionBatchID="1619538299389"/>
    <Transaction CatCode="C" FiscalPeriodEnd="N" LeaID="11190" ReshID="656" SiteID="4372463" TransAmt="10.00" TransDate="2021-05-01" TransDesc="Resident Liability Compliance Fee (05/2021)" TransName="RESIDENTLIABILITYFEE" TransactionBatchID="1619538299390"/>
    <Transaction CatCode="C" FiscalPeriodEnd="N" LeaID="11523" ReshID="314" SiteID="4372463" TransAmt="10.00" TransDate="2021-05-01" TransDesc="Resident Liability Compliance Fee (05/2021)" TransName="RESIDENTLIABILITYFEE" TransactionBatchID="1619538299391"/>
    <Transaction CatCode="C" FiscalPeriodEnd="N" LeaID="11205" ReshID="707" SiteID="4372463" TransAmt="10.00" TransDate="2021-05-01" TransDesc="Resident Liability Compliance Fee (05/2021)" TransName="RESIDENTLIABILITYFEE" TransactionBatchID="1619538299392"/>
    <Transaction CatCode="C" FiscalPeriodEnd="N" LeaID="11145" ReshID="674" SiteID="4372463" TransAmt="10.00" TransDate="2021-05-01" TransDesc="Resident Liability Compliance Fee (05/2021)" TransName="RESIDENTLIABILITYFEE" TransactionBatchID="1619538299393"/>
    <Transaction CatCode="C" FiscalPeriodEnd="N" LeaID="11227" ReshID="685" SiteID="4372463" TransAmt="10.00" TransDate="2021-05-01" TransDesc="Resident Liability Compliance Fee (05/2021)" TransName="RESIDENTLIABILITYFEE" TransactionBatchID="1619538299394"/>
    <Transaction CatCode="C" FiscalPeriodEnd="N" LeaID="11214" ReshID="694" SiteID="4372463" TransAmt="10.00" TransDate="2021-05-01" TransDesc="Resident Liability Compliance Fee (05/2021)" TransName="RESIDENTLIABILITYFEE" TransactionBatchID="1619538299395"/>
    <Transaction CatCode="C" FiscalPeriodEnd="N" LeaID="11200" ReshID="649" SiteID="4372463" TransAmt="10.00" TransDate="2021-05-01" TransDesc="Resident Liability Compliance Fee (05/2021)" TransName="RESIDENTLIABILITYFEE" TransactionBatchID="1619538299396"/>
    <Transaction CatCode="C" FiscalPeriodEnd="N" LeaID="11260" ReshID="723" SiteID="4372463" TransAmt="10.00" TransDate="2021-05-01" TransDesc="Resident Liability Compliance Fee (05/2021)" TransName="RESIDENTLIABILITYFEE" TransactionBatchID="1619538299397"/>
    <Transaction CatCode="C" FiscalPeriodEnd="N" LeaID="11242" ReshID="701" SiteID="4372463" TransAmt="10.00" TransDate="2021-05-01" TransDesc="Resident Liability Compliance Fee (05/2021)" TransName="RESIDENTLIABILITYFEE" TransactionBatchID="1619538299398"/>
    <Transaction CatCode="C" FiscalPeriodEnd="N" LeaID="11207" ReshID="712" SiteID="4372463" TransAmt="10.00" TransDate="2021-05-01" TransDesc="Resident Liability Compliance Fee (05/2021)" TransName="RESIDENTLIABILITYFEE" TransactionBatchID="1619538299399"/>
    <Transaction CatCode="C" FiscalPeriodEnd="N" LeaID="11217" ReshID="696" SiteID="4372463" TransAmt="10.00" TransDate="2021-05-01" TransDesc="Resident Liability Compliance Fee (05/2021)" TransName="RESIDENTLIABILITYFEE" TransactionBatchID="1619538299400"/>
    <Transaction CatCode="C" FiscalPeriodEnd="N" LeaID="11246" ReshID="737" SiteID="4372463" TransAmt="10.00" TransDate="2021-05-01" TransDesc="Resident Liability Compliance Fee (05/2021)" TransName="RESIDENTLIABILITYFEE" TransactionBatchID="1619538299401"/>
    <Transaction CatCode="C" FiscalPeriodEnd="N" LeaID="11588" ReshID="693" SiteID="4372463" TransAmt="10.00" TransDate="2021-05-01" TransDesc="Resident Liability Compliance Fee (05/2021)" TransName="RESIDENTLIABILITYFEE" TransactionBatchID="1619538299402"/>
    <Transaction CatCode="C" FiscalPeriodEnd="N" LeaID="11220" ReshID="748" SiteID="4372463" TransAmt="10.00" TransDate="2021-05-01" TransDesc="Resident Liability Compliance Fee (05/2021)" TransName="RESIDENTLIABILITYFEE" TransactionBatchID="1619538299403"/>
    <Transaction CatCode="C" FiscalPeriodEnd="N" LeaID="11289" ReshID="744" SiteID="4372463" TransAmt="10.00" TransDate="2021-05-01" TransDesc="Resident Liability Compliance Fee (05/2021)" TransName="RESIDENTLIABILITYFEE" TransactionBatchID="1619538299404"/>
    <Transaction CatCode="C" FiscalPeriodEnd="N" LeaID="11388" ReshID="742" SiteID="4372463" TransAmt="10.00" TransDate="2021-05-01" TransDesc="Resident Liability Compliance Fee (05/2021)" TransName="RESIDENTLIABILITYFEE" TransactionBatchID="1619538299405"/>
    <Transaction CatCode="C" FiscalPeriodEnd="N" LeaID="11291" ReshID="753" SiteID="4372463" TransAmt="10.00" TransDate="2021-05-01" TransDesc="Resident Liability Compliance Fee (05/2021)" TransName="RESIDENTLIABILITYFEE" TransactionBatchID="1619538299406"/>
    <Transaction CatCode="C" FiscalPeriodEnd="N" LeaID="11255" ReshID="691" SiteID="4372463" TransAmt="10.00" TransDate="2021-05-01" TransDesc="Resident Liability Compliance Fee (05/2021)" TransName="RESIDENTLIABILITYFEE" TransactionBatchID="1619538299407"/>
    <Transaction CatCode="C" FiscalPeriodEnd="N" LeaID="11294" ReshID="751" SiteID="4372463" TransAmt="10.00" TransDate="2021-05-01" TransDesc="Resident Liability Compliance Fee (05/2021)" TransName="RESIDENTLIABILITYFEE" TransactionBatchID="1619538299408"/>
    <Transaction CatCode="C" FiscalPeriodEnd="N" LeaID="11335" ReshID="752" SiteID="4372463" TransAmt="10.00" TransDate="2021-05-01" TransDesc="Resident Liability Compliance Fee (05/2021)" TransName="RESIDENTLIABILITYFEE" TransactionBatchID="1619538299409"/>
    <Transaction CatCode="C" FiscalPeriodEnd="N" LeaID="11288" ReshID="762" SiteID="4372463" TransAmt="10.00" TransDate="2021-05-01" TransDesc="Resident Liability Compliance Fee (05/2021)" TransName="RESIDENTLIABILITYFEE" TransactionBatchID="1619538299410"/>
    <Transaction CatCode="C" FiscalPeriodEnd="N" LeaID="11355" ReshID="398" SiteID="4372463" TransAmt="10.00" TransDate="2021-05-01" TransDesc="Resident Liability Compliance Fee (05/2021)" TransName="RESIDENTLIABILITYFEE" TransactionBatchID="1619538299411"/>
    <Transaction CatCode="C" FiscalPeriodEnd="N" LeaID="11343" ReshID="726" SiteID="4372463" TransAmt="10.00" TransDate="2021-05-01" TransDesc="Resident Liability Compliance Fee (05/2021)" TransName="RESIDENTLIABILITYFEE" TransactionBatchID="1619538299412"/>
    <Transaction CatCode="C" FiscalPeriodEnd="N" LeaID="11351" ReshID="790" SiteID="4372463" TransAmt="10.00" TransDate="2021-05-01" TransDesc="Resident Liability Compliance Fee (05/2021)" TransName="RESIDENTLIABILITYFEE" TransactionBatchID="1619538299413"/>
    <Transaction CatCode="C" FiscalPeriodEnd="N" LeaID="11352" ReshID="771" SiteID="4372463" TransAmt="10.00" TransDate="2021-05-01" TransDesc="Resident Liability Compliance Fee (05/2021)" TransName="RESIDENTLIABILITYFEE" TransactionBatchID="1619538299414"/>
    <Transaction CatCode="C" FiscalPeriodEnd="N" LeaID="11394" ReshID="766" SiteID="4372463" TransAmt="10.00" TransDate="2021-05-01" TransDesc="Resident Liability Compliance Fee (05/2021)" TransName="RESIDENTLIABILITYFEE" TransactionBatchID="1619538299415"/>
    <Transaction CatCode="C" FiscalPeriodEnd="N" LeaID="11348" ReshID="811" SiteID="4372463" TransAmt="10.00" TransDate="2021-05-01" TransDesc="Resident Liability Compliance Fee (05/2021)" TransName="RESIDENTLIABILITYFEE" TransactionBatchID="1619538299416"/>
    <Transaction CatCode="C" FiscalPeriodEnd="N" LeaID="11393" ReshID="804" SiteID="4372463" TransAmt="10.00" TransDate="2021-05-01" TransDesc="Resident Liability Compliance Fee (05/2021)" TransName="RESIDENTLIABILITYFEE" TransactionBatchID="1619538299417"/>
    <Transaction CatCode="C" FiscalPeriodEnd="N" LeaID="11437" ReshID="845" SiteID="4372463" TransAmt="10.00" TransDate="2021-05-01" TransDesc="Resident Liability Compliance Fee (05/2021)" TransName="RESIDENTLIABILITYFEE" TransactionBatchID="1619538299418"/>
    <Transaction CatCode="C" FiscalPeriodEnd="N" LeaID="11515" ReshID="507" SiteID="4372463" TransAmt="10.00" TransDate="2021-05-01" TransDesc="Resident Liability Compliance Fee (05/2021)" TransName="RESIDENTLIABILITYFEE" TransactionBatchID="1619538299419"/>
    <Transaction CatCode="C" FiscalPeriodEnd="N" LeaID="11439" ReshID="822" SiteID="4372463" TransAmt="10.00" TransDate="2021-05-01" TransDesc="Resident Liability Compliance Fee (05/2021)" TransName="RESIDENTLIABILITYFEE" TransactionBatchID="1619538299420"/>
    <Transaction CatCode="C" FiscalPeriodEnd="N" LeaID="11504" ReshID="860" SiteID="4372463" TransAmt="10.00" TransDate="2021-05-01" TransDesc="Resident Liability Compliance Fee (05/2021)" TransName="RESIDENTLIABILITYFEE" TransactionBatchID="1619538299421"/>
    <Transaction CatCode="C" FiscalPeriodEnd="N" LeaID="11528" ReshID="460" SiteID="4372463" TransAmt="10.00" TransDate="2021-05-01" TransDesc="Resident Liability Compliance Fee (05/2021)" TransName="RESIDENTLIABILITYFEE" TransactionBatchID="1619538299422"/>
    <Transaction CatCode="C" FiscalPeriodEnd="N" LeaID="11391" ReshID="814" SiteID="4372463" TransAmt="10.00" TransDate="2021-05-01" TransDesc="Resident Liability Compliance Fee (05/2021)" TransName="RESIDENTLIABILITYFEE" TransactionBatchID="1619538299423"/>
    <Transaction CatCode="C" FiscalPeriodEnd="N" LeaID="11488" ReshID="816" SiteID="4372463" TransAmt="10.00" TransDate="2021-05-01" TransDesc="Resident Liability Compliance Fee (05/2021)" TransName="RESIDENTLIABILITYFEE" TransactionBatchID="1619538299424"/>
    <Transaction CatCode="C" FiscalPeriodEnd="N" LeaID="11536" ReshID="883" SiteID="4372463" TransAmt="10.00" TransDate="2021-05-01" TransDesc="Resident Liability Compliance Fee (05/2021)" TransName="RESIDENTLIABILITYFEE" TransactionBatchID="1619538299425"/>
    <Transaction CatCode="C" FiscalPeriodEnd="N" LeaID="11421" ReshID="848" SiteID="4372463" TransAmt="10.00" TransDate="2021-05-01" TransDesc="Resident Liability Compliance Fee (05/2021)" TransName="RESIDENTLIABILITYFEE" TransactionBatchID="1619538299426"/>
    <Transaction CatCode="C" FiscalPeriodEnd="N" LeaID="11447" ReshID="817" SiteID="4372463" TransAmt="10.00" TransDate="2021-05-01" TransDesc="Resident Liability Compliance Fee (05/2021)" TransName="RESIDENTLIABILITYFEE" TransactionBatchID="1619538299427"/>
    <Transaction CatCode="C" FiscalPeriodEnd="N" LeaID="11513" ReshID="884" SiteID="4372463" TransAmt="10.00" TransDate="2021-05-01" TransDesc="Resident Liability Compliance Fee (05/2021)" TransName="RESIDENTLIABILITYFEE" TransactionBatchID="1619538299428"/>
    <Transaction CatCode="C" FiscalPeriodEnd="N" LeaID="11557" ReshID="876" SiteID="4372463" TransAmt="10.00" TransDate="2021-05-01" TransDesc="Resident Liability Compliance Fee (05/2021)" TransName="RESIDENTLIABILITYFEE" TransactionBatchID="1619538299429"/>
    <Transaction CatCode="C" FiscalPeriodEnd="N" LeaID="11508" ReshID="10916" SiteID="4372463" TransAmt="10.00" TransDate="2021-05-01" TransDesc="Resident Liability Compliance Fee (05/2021)" TransName="RESIDENTLIABILITYFEE" TransactionBatchID="1619538299430"/>
    <Transaction CatCode="C" FiscalPeriodEnd="N" LeaID="11491" ReshID="10900" SiteID="4372463" TransAmt="10.00" TransDate="2021-05-01" TransDesc="Resident Liability Compliance Fee (05/2021)" TransName="RESIDENTLIABILITYFEE" TransactionBatchID="1619538299431"/>
    <Transaction CatCode="C" FiscalPeriodEnd="N" LeaID="11575" ReshID="286" SiteID="4372463" TransAmt="10.00" TransDate="2021-05-01" TransDesc="Resident Liability Compliance Fee (05/2021)" TransName="RESIDENTLIABILITYFEE" TransactionBatchID="1619538299432"/>
    <Transaction CatCode="C" FiscalPeriodEnd="N" LeaID="11149" ReshID="640" SiteID="4372463" TransAmt="10.00" TransDate="2021-05-01" TransDesc="Resident Liability Compliance Fee (05/2021)" TransName="RESIDENTLIABILITYFEE" TransactionBatchID="1619538299433"/>
    <Transaction CatCode="C" FiscalPeriodEnd="N" LeaID="11077" ReshID="10926" SiteID="4372463" TransAmt="10.00" TransDate="2021-05-01" TransDesc="Resident Liability Compliance Fee (05/2021)" TransName="RESIDENTLIABILITYFEE" TransactionBatchID="1619538299434"/>
    <Transaction CatCode="C" FiscalPeriodEnd="N" LeaID="11580" ReshID="10957" SiteID="4372463" TransAmt="10.00" TransDate="2021-05-01" TransDesc="Resident Liability Compliance Fee (05/2021)" TransName="RESIDENTLIABILITYFEE" TransactionBatchID="1619538299435"/>
    <Transaction CatCode="C" FiscalPeriodEnd="N" LeaID="11104" ReshID="10956" SiteID="4372463" TransAmt="10.00" TransDate="2021-05-01" TransDesc="Resident Liability Compliance Fee (05/2021)" TransName="RESIDENTLIABILITYFEE" TransactionBatchID="1619538299436"/>
    <Transaction CatCode="C" FiscalPeriodEnd="N" LeaID="11066" ReshID="10920" SiteID="4372463" TransAmt="10.00" TransDate="2021-05-01" TransDesc="Resident Liability Compliance Fee (05/2021)" TransName="RESIDENTLIABILITYFEE" TransactionBatchID="1619538299437"/>
    <Transaction CatCode="C" FiscalPeriodEnd="N" LeaID="11097" ReshID="10947" SiteID="4372463" TransAmt="10.00" TransDate="2021-05-01" TransDesc="Resident Liability Compliance Fee (05/2021)" TransName="RESIDENTLIABILITYFEE" TransactionBatchID="1619538299438"/>
    <Transaction CatCode="C" FiscalPeriodEnd="N" LeaID="11080" ReshID="10929" SiteID="4372463" TransAmt="10.00" TransDate="2021-05-01" TransDesc="Resident Liability Compliance Fee (05/2021)" TransName="RESIDENTLIABILITYFEE" TransactionBatchID="1619538299439"/>
    <Transaction CatCode="C" FiscalPeriodEnd="N" LeaID="11107" ReshID="10958" SiteID="4372463" TransAmt="10.00" TransDate="2021-05-01" TransDesc="Resident Liability Compliance Fee (05/2021)" TransName="RESIDENTLIABILITYFEE" TransactionBatchID="1619538299440"/>
    <Transaction CatCode="C" FiscalPeriodEnd="N" LeaID="11142" ReshID="10975" SiteID="4372463" TransAmt="10.00" TransDate="2021-05-01" TransDesc="Resident Liability Compliance Fee (05/2021)" TransName="RESIDENTLIABILITYFEE" TransactionBatchID="1619538299441"/>
    <Transaction CatCode="C" FiscalPeriodEnd="N" LeaID="11169" ReshID="10983" SiteID="4372463" TransAmt="10.00" TransDate="2021-05-01" TransDesc="Resident Liability Compliance Fee (05/2021)" TransName="RESIDENTLIABILITYFEE" TransactionBatchID="1619538299442"/>
    <Transaction CatCode="C" FiscalPeriodEnd="N" LeaID="11086" ReshID="10932" SiteID="4372463" TransAmt="10.00" TransDate="2021-05-01" TransDesc="Resident Liability Compliance Fee (05/2021)" TransName="RESIDENTLIABILITYFEE" TransactionBatchID="1619538299443"/>
    <Transaction CatCode="C" FiscalPeriodEnd="N" LeaID="11152" ReshID="10980" SiteID="4372463" TransAmt="10.00" TransDate="2021-05-01" TransDesc="Resident Liability Compliance Fee (05/2021)" TransName="RESIDENTLIABILITYFEE" TransactionBatchID="1619538299444"/>
    <Transaction CatCode="C" FiscalPeriodEnd="N" LeaID="11178" ReshID="10991" SiteID="4372463" TransAmt="10.00" TransDate="2021-05-01" TransDesc="Resident Liability Compliance Fee (05/2021)" TransName="RESIDENTLIABILITYFEE" TransactionBatchID="1619538299445"/>
    <Transaction CatCode="C" FiscalPeriodEnd="N" LeaID="11177" ReshID="10990" SiteID="4372463" TransAmt="10.00" TransDate="2021-05-01" TransDesc="Resident Liability Compliance Fee (05/2021)" TransName="RESIDENTLIABILITYFEE" TransactionBatchID="1619538299446"/>
    <Transaction CatCode="C" FiscalPeriodEnd="N" LeaID="11228" ReshID="573" SiteID="4372463" TransAmt="10.00" TransDate="2021-05-01" TransDesc="Resident Liability Compliance Fee (05/2021)" TransName="RESIDENTLIABILITYFEE" TransactionBatchID="1619538299447"/>
    <Transaction CatCode="C" FiscalPeriodEnd="N" LeaID="11166" ReshID="10981" SiteID="4372463" TransAmt="10.00" TransDate="2021-05-01" TransDesc="Resident Liability Compliance Fee (05/2021)" TransName="RESIDENTLIABILITYFEE" TransactionBatchID="1619538299448"/>
    <Transaction CatCode="C" FiscalPeriodEnd="N" LeaID="11226" ReshID="11024" SiteID="4372463" TransAmt="10.00" TransDate="2021-05-01" TransDesc="Resident Liability Compliance Fee (05/2021)" TransName="RESIDENTLIABILITYFEE" TransactionBatchID="1619538299449"/>
    <Transaction CatCode="C" FiscalPeriodEnd="N" LeaID="11272" ReshID="11060" SiteID="4372463" TransAmt="10.00" TransDate="2021-05-01" TransDesc="Resident Liability Compliance Fee (05/2021)" TransName="RESIDENTLIABILITYFEE" TransactionBatchID="1619538299450"/>
    <Transaction CatCode="C" FiscalPeriodEnd="N" LeaID="11311" ReshID="11092" SiteID="4372463" TransAmt="10.00" TransDate="2021-05-01" TransDesc="Resident Liability Compliance Fee (05/2021)" TransName="RESIDENTLIABILITYFEE" TransactionBatchID="1619538299451"/>
    <Transaction CatCode="C" FiscalPeriodEnd="N" LeaID="11326" ReshID="11102" SiteID="4372463" TransAmt="10.00" TransDate="2021-05-01" TransDesc="Resident Liability Compliance Fee (05/2021)" TransName="RESIDENTLIABILITYFEE" TransactionBatchID="1619538299452"/>
    <Transaction CatCode="C" FiscalPeriodEnd="N" LeaID="11332" ReshID="11107" SiteID="4372463" TransAmt="10.00" TransDate="2021-05-01" TransDesc="Resident Liability Compliance Fee (05/2021)" TransName="RESIDENTLIABILITYFEE" TransactionBatchID="1619538299453"/>
    <Transaction CatCode="C" FiscalPeriodEnd="N" LeaID="11247" ReshID="11047" SiteID="4372463" TransAmt="10.00" TransDate="2021-05-01" TransDesc="Resident Liability Compliance Fee (05/2021)" TransName="RESIDENTLIABILITYFEE" TransactionBatchID="1619538299454"/>
    <Transaction CatCode="C" FiscalPeriodEnd="N" LeaID="11249" ReshID="11048" SiteID="4372463" TransAmt="10.00" TransDate="2021-05-01" TransDesc="Resident Liability Compliance Fee (05/2021)" TransName="RESIDENTLIABILITYFEE" TransactionBatchID="1619538299455"/>
    <Transaction CatCode="C" FiscalPeriodEnd="N" LeaID="11344" ReshID="163" SiteID="4372463" TransAmt="10.00" TransDate="2021-05-01" TransDesc="Resident Liability Compliance Fee (05/2021)" TransName="RESIDENTLIABILITYFEE" TransactionBatchID="1619538299456"/>
    <Transaction CatCode="C" FiscalPeriodEnd="N" LeaID="11264" ReshID="11054" SiteID="4372463" TransAmt="10.00" TransDate="2021-05-01" TransDesc="Resident Liability Compliance Fee (05/2021)" TransName="RESIDENTLIABILITYFEE" TransactionBatchID="1619538299457"/>
    <Transaction CatCode="C" FiscalPeriodEnd="N" LeaID="11293" ReshID="11077" SiteID="4372463" TransAmt="10.00" TransDate="2021-05-01" TransDesc="Resident Liability Compliance Fee (05/2021)" TransName="RESIDENTLIABILITYFEE" TransactionBatchID="1619538299458"/>
    <Transaction CatCode="C" FiscalPeriodEnd="N" LeaID="11307" ReshID="11087" SiteID="4372463" TransAmt="10.00" TransDate="2021-05-01" TransDesc="Resident Liability Compliance Fee (05/2021)" TransName="RESIDENTLIABILITYFEE" TransactionBatchID="1619538299459"/>
    <Transaction CatCode="C" FiscalPeriodEnd="N" LeaID="11330" ReshID="11105" SiteID="4372463" TransAmt="10.00" TransDate="2021-05-01" TransDesc="Resident Liability Compliance Fee (05/2021)" TransName="RESIDENTLIABILITYFEE" TransactionBatchID="1619538299460"/>
    <Transaction CatCode="C" FiscalPeriodEnd="N" LeaID="11274" ReshID="11062" SiteID="4372463" TransAmt="10.00" TransDate="2021-05-01" TransDesc="Resident Liability Compliance Fee (05/2021)" TransName="RESIDENTLIABILITYFEE" TransactionBatchID="1619538299461"/>
    <Transaction CatCode="C" FiscalPeriodEnd="N" LeaID="11297" ReshID="11080" SiteID="4372463" TransAmt="10.00" TransDate="2021-05-01" TransDesc="Resident Liability Compliance Fee (05/2021)" TransName="RESIDENTLIABILITYFEE" TransactionBatchID="1619538299462"/>
    <Transaction CatCode="C" FiscalPeriodEnd="N" LeaID="11306" ReshID="11086" SiteID="4372463" TransAmt="10.00" TransDate="2021-05-01" TransDesc="Resident Liability Compliance Fee (05/2021)" TransName="RESIDENTLIABILITYFEE" TransactionBatchID="1619538299463"/>
    <Transaction CatCode="C" FiscalPeriodEnd="N" LeaID="11118" ReshID="10962" SiteID="4372463" TransAmt="10.00" TransDate="2021-05-01" TransDesc="Resident Liability Compliance Fee (05/2021)" TransName="RESIDENTLIABILITYFEE" TransactionBatchID="1619538299464"/>
    <Transaction CatCode="C" FiscalPeriodEnd="N" LeaID="11365" ReshID="11117" SiteID="4372463" TransAmt="10.00" TransDate="2021-05-01" TransDesc="Resident Liability Compliance Fee (05/2021)" TransName="RESIDENTLIABILITYFEE" TransactionBatchID="1619538299465"/>
    <Transaction CatCode="C" FiscalPeriodEnd="N" LeaID="11380" ReshID="11131" SiteID="4372463" TransAmt="10.00" TransDate="2021-05-01" TransDesc="Resident Liability Compliance Fee (05/2021)" TransName="RESIDENTLIABILITYFEE" TransactionBatchID="1619538299466"/>
    <Transaction CatCode="C" FiscalPeriodEnd="N" LeaID="11385" ReshID="11136" SiteID="4372463" TransAmt="10.00" TransDate="2021-05-01" TransDesc="Resident Liability Compliance Fee (05/2021)" TransName="RESIDENTLIABILITYFEE" TransactionBatchID="1619538299467"/>
    <Transaction CatCode="C" FiscalPeriodEnd="N" LeaID="11398" ReshID="11139" SiteID="4372463" TransAmt="10.00" TransDate="2021-05-01" TransDesc="Resident Liability Compliance Fee (05/2021)" TransName="RESIDENTLIABILITYFEE" TransactionBatchID="1619538299468"/>
    <Transaction CatCode="C" FiscalPeriodEnd="N" LeaID="11354" ReshID="858" SiteID="4372463" TransAmt="10.00" TransDate="2021-05-01" TransDesc="Resident Liability Compliance Fee (05/2021)" TransName="RESIDENTLIABILITYFEE" TransactionBatchID="1619538299469"/>
    <Transaction CatCode="C" FiscalPeriodEnd="N" LeaID="11296" ReshID="11079" SiteID="4372463" TransAmt="10.00" TransDate="2021-05-01" TransDesc="Resident Liability Compliance Fee (05/2021)" TransName="RESIDENTLIABILITYFEE" TransactionBatchID="1619538299470"/>
    <Transaction CatCode="C" FiscalPeriodEnd="N" LeaID="11405" ReshID="11145" SiteID="4372463" TransAmt="10.00" TransDate="2021-05-01" TransDesc="Resident Liability Compliance Fee (05/2021)" TransName="RESIDENTLIABILITYFEE" TransactionBatchID="1619538299471"/>
    <Transaction CatCode="C" FiscalPeriodEnd="N" LeaID="11413" ReshID="11151" SiteID="4372463" TransAmt="10.00" TransDate="2021-05-01" TransDesc="Resident Liability Compliance Fee (05/2021)" TransName="RESIDENTLIABILITYFEE" TransactionBatchID="1619538299472"/>
    <Transaction CatCode="C" FiscalPeriodEnd="N" LeaID="11414" ReshID="11152" SiteID="4372463" TransAmt="10.00" TransDate="2021-05-01" TransDesc="Resident Liability Compliance Fee (05/2021)" TransName="RESIDENTLIABILITYFEE" TransactionBatchID="1619538299473"/>
    <Transaction CatCode="C" FiscalPeriodEnd="N" LeaID="11416" ReshID="11155" SiteID="4372463" TransAmt="10.00" TransDate="2021-05-01" TransDesc="Resident Liability Compliance Fee (05/2021)" TransName="RESIDENTLIABILITYFEE" TransactionBatchID="1619538299474"/>
    <Transaction CatCode="C" FiscalPeriodEnd="N" LeaID="11432" ReshID="11168" SiteID="4372463" TransAmt="10.00" TransDate="2021-05-01" TransDesc="Resident Liability Compliance Fee (05/2021)" TransName="RESIDENTLIABILITYFEE" TransactionBatchID="1619538299475"/>
    <Transaction CatCode="C" FiscalPeriodEnd="N" LeaID="11442" ReshID="11173" SiteID="4372463" TransAmt="10.00" TransDate="2021-05-01" TransDesc="Resident Liability Compliance Fee (05/2021)" TransName="RESIDENTLIABILITYFEE" TransactionBatchID="1619538299476"/>
    <Transaction CatCode="C" FiscalPeriodEnd="N" LeaID="11449" ReshID="11177" SiteID="4372463" TransAmt="10.00" TransDate="2021-05-01" TransDesc="Resident Liability Compliance Fee (05/2021)" TransName="RESIDENTLIABILITYFEE" TransactionBatchID="1619538299477"/>
    <Transaction CatCode="C" FiscalPeriodEnd="N" LeaID="11342" ReshID="11111" SiteID="4372463" TransAmt="10.00" TransDate="2021-05-01" TransDesc="Resident Liability Compliance Fee (05/2021)" TransName="RESIDENTLIABILITYFEE" TransactionBatchID="1619538299478"/>
    <Transaction CatCode="C" FiscalPeriodEnd="N" LeaID="11434" ReshID="11169" SiteID="4372463" TransAmt="10.00" TransDate="2021-05-01" TransDesc="Resident Liability Compliance Fee (05/2021)" TransName="RESIDENTLIABILITYFEE" TransactionBatchID="1619538299479"/>
    <Transaction CatCode="C" FiscalPeriodEnd="N" LeaID="11468" ReshID="11189" SiteID="4372463" TransAmt="10.00" TransDate="2021-05-01" TransDesc="Resident Liability Compliance Fee (05/2021)" TransName="RESIDENTLIABILITYFEE" TransactionBatchID="1619538299480"/>
    <Transaction CatCode="C" FiscalPeriodEnd="N" LeaID="11222" ReshID="11020" SiteID="4372463" TransAmt="10.00" TransDate="2021-05-01" TransDesc="Resident Liability Compliance Fee (05/2021)" TransName="RESIDENTLIABILITYFEE" TransactionBatchID="1619538299481"/>
    <Transaction CatCode="C" FiscalPeriodEnd="N" LeaID="11455" ReshID="11181" SiteID="4372463" TransAmt="10.00" TransDate="2021-05-01" TransDesc="Resident Liability Compliance Fee (05/2021)" TransName="RESIDENTLIABILITYFEE" TransactionBatchID="1619538299482"/>
    <Transaction CatCode="C" FiscalPeriodEnd="N" LeaID="11403" ReshID="11143" SiteID="4372463" TransAmt="10.00" TransDate="2021-05-01" TransDesc="Resident Liability Compliance Fee (05/2021)" TransName="RESIDENTLIABILITYFEE" TransactionBatchID="1619538299483"/>
    <Transaction CatCode="C" FiscalPeriodEnd="N" LeaID="11448" ReshID="11176" SiteID="4372463" TransAmt="10.00" TransDate="2021-05-01" TransDesc="Resident Liability Compliance Fee (05/2021)" TransName="RESIDENTLIABILITYFEE" TransactionBatchID="1619538299484"/>
    <Transaction CatCode="C" FiscalPeriodEnd="N" LeaID="11467" ReshID="11188" SiteID="4372463" TransAmt="10.00" TransDate="2021-05-01" TransDesc="Resident Liability Compliance Fee (05/2021)" TransName="RESIDENTLIABILITYFEE" TransactionBatchID="1619538299485"/>
    <Transaction CatCode="C" FiscalPeriodEnd="N" LeaID="11502" ReshID="869" SiteID="4372463" TransAmt="10.00" TransDate="2021-05-01" TransDesc="Resident Liability Compliance Fee (05/2021)" TransName="RESIDENTLIABILITYFEE" TransactionBatchID="1619538299486"/>
    <Transaction CatCode="C" FiscalPeriodEnd="N" LeaID="11482" ReshID="11200" SiteID="4372463" TransAmt="10.00" TransDate="2021-05-01" TransDesc="Resident Liability Compliance Fee (05/2021)" TransName="RESIDENTLIABILITYFEE" TransactionBatchID="1619538299487"/>
    <Transaction CatCode="C" FiscalPeriodEnd="N" LeaID="11466" ReshID="11186" SiteID="4372463" TransAmt="10.00" TransDate="2021-05-01" TransDesc="Resident Liability Compliance Fee (05/2021)" TransName="RESIDENTLIABILITYFEE" TransactionBatchID="1619538299488"/>
    <Transaction CatCode="C" FiscalPeriodEnd="N" LeaID="11493" ReshID="11206" SiteID="4372463" TransAmt="10.00" TransDate="2021-05-01" TransDesc="Resident Liability Compliance Fee (05/2021)" TransName="RESIDENTLIABILITYFEE" TransactionBatchID="1619538299489"/>
    <Transaction CatCode="C" FiscalPeriodEnd="N" LeaID="11509" ReshID="11217" SiteID="4372463" TransAmt="10.00" TransDate="2021-05-01" TransDesc="Resident Liability Compliance Fee (05/2021)" TransName="RESIDENTLIABILITYFEE" TransactionBatchID="1619538299490"/>
    <Transaction CatCode="C" FiscalPeriodEnd="N" LeaID="11498" ReshID="11213" SiteID="4372463" TransAmt="10.00" TransDate="2021-05-01" TransDesc="Resident Liability Compliance Fee (05/2021)" TransName="RESIDENTLIABILITYFEE" TransactionBatchID="1619538299491"/>
    <Transaction CatCode="C" FiscalPeriodEnd="N" LeaID="11539" ReshID="234" SiteID="4372463" TransAmt="10.00" TransDate="2021-05-01" TransDesc="Resident Liability Compliance Fee (05/2021)" TransName="RESIDENTLIABILITYFEE" TransactionBatchID="1619538299492"/>
    <Transaction CatCode="C" FiscalPeriodEnd="N" LeaID="11546" ReshID="11235" SiteID="4372463" TransAmt="10.00" TransDate="2021-05-01" TransDesc="Resident Liability Compliance Fee (05/2021)" TransName="RESIDENTLIABILITYFEE" TransactionBatchID="1619538299493"/>
    <Transaction CatCode="C" FiscalPeriodEnd="N" LeaID="11566" ReshID="11246" SiteID="4372463" TransAmt="10.00" TransDate="2021-05-01" TransDesc="Resident Liability Compliance Fee (05/2021)" TransName="RESIDENTLIABILITYFEE" TransactionBatchID="1619538299494"/>
    <Transaction CatCode="C" FiscalPeriodEnd="N" LeaID="11572" ReshID="11250" SiteID="4372463" TransAmt="10.00" TransDate="2021-05-01" TransDesc="Resident Liability Compliance Fee (05/2021)" TransName="RESIDENTLIABILITYFEE" TransactionBatchID="1619538299495"/>
    <Transaction CatCode="C" FiscalPeriodEnd="N" LeaID="11368" ReshID="11119" SiteID="4372463" TransAmt="10.00" TransDate="2021-05-01" TransDesc="Resident Liability Compliance Fee (05/2021)" TransName="RESIDENTLIABILITYFEE" TransactionBatchID="1619538299496"/>
    <Transaction CatCode="C" FiscalPeriodEnd="N" LeaID="11530" ReshID="11227" SiteID="4372463" TransAmt="10.00" TransDate="2021-05-01" TransDesc="Resident Liability Compliance Fee (05/2021)" TransName="RESIDENTLIABILITYFEE" TransactionBatchID="1619538299497"/>
    <Transaction CatCode="C" FiscalPeriodEnd="N" LeaID="11549" ReshID="11238" SiteID="4372463" TransAmt="10.00" TransDate="2021-05-01" TransDesc="Resident Liability Compliance Fee (05/2021)" TransName="RESIDENTLIABILITYFEE" TransactionBatchID="1619538299498"/>
    <Transaction CatCode="C" FiscalPeriodEnd="N" LeaID="11527" ReshID="11225" SiteID="4372463" TransAmt="10.00" TransDate="2021-05-01" TransDesc="Resident Liability Compliance Fee (05/2021)" TransName="RESIDENTLIABILITYFEE" TransactionBatchID="1619538299499"/>
    <Transaction CatCode="C" FiscalPeriodEnd="N" LeaID="11526" ReshID="11224" SiteID="4372463" TransAmt="10.00" TransDate="2021-05-01" TransDesc="Resident Liability Compliance Fee (05/2021)" TransName="RESIDENTLIABILITYFEE" TransactionBatchID="1619538299500"/>
    <Transaction CatCode="C" FiscalPeriodEnd="N" LeaID="11541" ReshID="11231" SiteID="4372463" TransAmt="10.00" TransDate="2021-05-01" TransDesc="Resident Liability Compliance Fee (05/2021)" TransName="RESIDENTLIABILITYFEE" TransactionBatchID="1619538299501"/>
    <Transaction CatCode="C" FiscalPeriodEnd="N" LeaID="11578" ReshID="11254" SiteID="4372463" TransAmt="10.00" TransDate="2021-05-01" TransDesc="Resident Liability Compliance Fee (05/2021)" TransName="RESIDENTLIABILITYFEE" TransactionBatchID="1619538299502"/>
    <Transaction CatCode="C" FiscalPeriodEnd="N" LeaID="11561" ReshID="11244" SiteID="4372463" TransAmt="10.00" TransDate="2021-05-01" TransDesc="Resident Liability Compliance Fee (05/2021)" TransName="RESIDENTLIABILITYFEE" TransactionBatchID="1619538299503"/>
    <Transaction CatCode="C" FiscalPeriodEnd="N" LeaID="11594" ReshID="11256" SiteID="4372463" TransAmt="10.00" TransDate="2021-05-01" TransDesc="Resident Liability Compliance Fee (05/2021)" TransName="RESIDENTLIABILITYFEE" TransactionBatchID="1619538299504"/>
    <Transaction CatCode="C" FiscalPeriodEnd="N" LeaID="11531" ReshID="11228" SiteID="4372463" TransAmt="10.00" TransDate="2021-05-01" TransDesc="Resident Liability Compliance Fee (05/2021)" TransName="RESIDENTLIABILITYFEE" TransactionBatchID="1619538299505"/>
</TransactionList>
