<TransactionList>
    <Validation>
        <Audit Count="88" Node="Transaction" Sum="880.00"/>
    </Validation>
    <Transaction CatCode="C" FiscalPeriodEnd="N" LeaID="1091" ReshID="25" SiteID="4381575" TransAmt="10.00" TransDate="2021-05-01" TransDesc="Resident Liability Compliance Fee (05/2021)" TransName="RESIDENTLIABILITYFEE" TransactionBatchID="1619538296773"/>
    <Transaction CatCode="C" FiscalPeriodEnd="N" LeaID="1274" ReshID="79" SiteID="4381575" TransAmt="10.00" TransDate="2021-05-01" TransDesc="Resident Liability Compliance Fee (05/2021)" TransName="RESIDENTLIABILITYFEE" TransactionBatchID="1619538296774"/>
    <Transaction CatCode="C" FiscalPeriodEnd="N" LeaID="969" ReshID="88" SiteID="4381575" TransAmt="10.00" TransDate="2021-05-01" TransDesc="Resident Liability Compliance Fee (05/2021)" TransName="RESIDENTLIABILITYFEE" TransactionBatchID="1619538296775"/>
    <Transaction CatCode="C" FiscalPeriodEnd="N" LeaID="1214" ReshID="95" SiteID="4381575" TransAmt="10.00" TransDate="2021-05-01" TransDesc="Resident Liability Compliance Fee (05/2021)" TransName="RESIDENTLIABILITYFEE" TransactionBatchID="1619538296776"/>
    <Transaction CatCode="C" FiscalPeriodEnd="N" LeaID="1046" ReshID="100" SiteID="4381575" TransAmt="10.00" TransDate="2021-05-01" TransDesc="Resident Liability Compliance Fee (05/2021)" TransName="RESIDENTLIABILITYFEE" TransactionBatchID="1619538296777"/>
    <Transaction CatCode="C" FiscalPeriodEnd="N" LeaID="1259" ReshID="101" SiteID="4381575" TransAmt="10.00" TransDate="2021-05-01" TransDesc="Resident Liability Compliance Fee (05/2021)" TransName="RESIDENTLIABILITYFEE" TransactionBatchID="1619538296778"/>
    <Transaction CatCode="C" FiscalPeriodEnd="N" LeaID="1387" ReshID="150" SiteID="4381575" TransAmt="10.00" TransDate="2021-05-01" TransDesc="Resident Liability Compliance Fee (05/2021)" TransName="RESIDENTLIABILITYFEE" TransactionBatchID="1619538296779"/>
    <Transaction CatCode="C" FiscalPeriodEnd="N" LeaID="1297" ReshID="154" SiteID="4381575" TransAmt="10.00" TransDate="2021-05-01" TransDesc="Resident Liability Compliance Fee (05/2021)" TransName="RESIDENTLIABILITYFEE" TransactionBatchID="1619538296780"/>
    <Transaction CatCode="C" FiscalPeriodEnd="N" LeaID="1448" ReshID="160" SiteID="4381575" TransAmt="10.00" TransDate="2021-05-01" TransDesc="Resident Liability Compliance Fee (05/2021)" TransName="RESIDENTLIABILITYFEE" TransactionBatchID="1619538296781"/>
    <Transaction CatCode="C" FiscalPeriodEnd="N" LeaID="1381" ReshID="182" SiteID="4381575" TransAmt="10.00" TransDate="2021-05-01" TransDesc="Resident Liability Compliance Fee (05/2021)" TransName="RESIDENTLIABILITYFEE" TransactionBatchID="1619538296782"/>
    <Transaction CatCode="C" FiscalPeriodEnd="N" LeaID="1351" ReshID="184" SiteID="4381575" TransAmt="10.00" TransDate="2021-05-01" TransDesc="Resident Liability Compliance Fee (05/2021)" TransName="RESIDENTLIABILITYFEE" TransactionBatchID="1619538296783"/>
    <Transaction CatCode="C" FiscalPeriodEnd="N" LeaID="1041" ReshID="191" SiteID="4381575" TransAmt="10.00" TransDate="2021-05-01" TransDesc="Resident Liability Compliance Fee (05/2021)" TransName="RESIDENTLIABILITYFEE" TransactionBatchID="1619538296784"/>
    <Transaction CatCode="C" FiscalPeriodEnd="N" LeaID="1353" ReshID="192" SiteID="4381575" TransAmt="10.00" TransDate="2021-05-01" TransDesc="Resident Liability Compliance Fee (05/2021)" TransName="RESIDENTLIABILITYFEE" TransactionBatchID="1619538296785"/>
    <Transaction CatCode="C" FiscalPeriodEnd="N" LeaID="863" ReshID="198" SiteID="4381575" TransAmt="10.00" TransDate="2021-05-01" TransDesc="Resident Liability Compliance Fee (05/2021)" TransName="RESIDENTLIABILITYFEE" TransactionBatchID="1619538296786"/>
    <Transaction CatCode="C" FiscalPeriodEnd="N" LeaID="1316" ReshID="199" SiteID="4381575" TransAmt="10.00" TransDate="2021-05-01" TransDesc="Resident Liability Compliance Fee (05/2021)" TransName="RESIDENTLIABILITYFEE" TransactionBatchID="1619538296787"/>
    <Transaction CatCode="C" FiscalPeriodEnd="N" LeaID="1377" ReshID="200" SiteID="4381575" TransAmt="10.00" TransDate="2021-05-01" TransDesc="Resident Liability Compliance Fee (05/2021)" TransName="RESIDENTLIABILITYFEE" TransactionBatchID="1619538296788"/>
    <Transaction CatCode="C" FiscalPeriodEnd="N" LeaID="1002" ReshID="206" SiteID="4381575" TransAmt="10.00" TransDate="2021-05-01" TransDesc="Resident Liability Compliance Fee (05/2021)" TransName="RESIDENTLIABILITYFEE" TransactionBatchID="1619538296789"/>
    <Transaction CatCode="C" FiscalPeriodEnd="N" LeaID="1075" ReshID="229" SiteID="4381575" TransAmt="10.00" TransDate="2021-05-01" TransDesc="Resident Liability Compliance Fee (05/2021)" TransName="RESIDENTLIABILITYFEE" TransactionBatchID="1619538296790"/>
    <Transaction CatCode="C" FiscalPeriodEnd="N" LeaID="1049" ReshID="252" SiteID="4381575" TransAmt="10.00" TransDate="2021-05-01" TransDesc="Resident Liability Compliance Fee (05/2021)" TransName="RESIDENTLIABILITYFEE" TransactionBatchID="1619538296791"/>
    <Transaction CatCode="C" FiscalPeriodEnd="N" LeaID="1265" ReshID="272" SiteID="4381575" TransAmt="10.00" TransDate="2021-05-01" TransDesc="Resident Liability Compliance Fee (05/2021)" TransName="RESIDENTLIABILITYFEE" TransactionBatchID="1619538296792"/>
    <Transaction CatCode="C" FiscalPeriodEnd="N" LeaID="1308" ReshID="333" SiteID="4381575" TransAmt="10.00" TransDate="2021-05-01" TransDesc="Resident Liability Compliance Fee (05/2021)" TransName="RESIDENTLIABILITYFEE" TransactionBatchID="1619538296793"/>
    <Transaction CatCode="C" FiscalPeriodEnd="N" LeaID="1040" ReshID="356" SiteID="4381575" TransAmt="10.00" TransDate="2021-05-01" TransDesc="Resident Liability Compliance Fee (05/2021)" TransName="RESIDENTLIABILITYFEE" TransactionBatchID="1619538296794"/>
    <Transaction CatCode="C" FiscalPeriodEnd="N" LeaID="1310" ReshID="382" SiteID="4381575" TransAmt="10.00" TransDate="2021-05-01" TransDesc="Resident Liability Compliance Fee (05/2021)" TransName="RESIDENTLIABILITYFEE" TransactionBatchID="1619538296795"/>
    <Transaction CatCode="C" FiscalPeriodEnd="N" LeaID="1358" ReshID="399" SiteID="4381575" TransAmt="10.00" TransDate="2021-05-01" TransDesc="Resident Liability Compliance Fee (05/2021)" TransName="RESIDENTLIABILITYFEE" TransactionBatchID="1619538296796"/>
    <Transaction CatCode="C" FiscalPeriodEnd="N" LeaID="1380" ReshID="402" SiteID="4381575" TransAmt="10.00" TransDate="2021-05-01" TransDesc="Resident Liability Compliance Fee (05/2021)" TransName="RESIDENTLIABILITYFEE" TransactionBatchID="1619538296797"/>
    <Transaction CatCode="C" FiscalPeriodEnd="N" LeaID="1335" ReshID="403" SiteID="4381575" TransAmt="10.00" TransDate="2021-05-01" TransDesc="Resident Liability Compliance Fee (05/2021)" TransName="RESIDENTLIABILITYFEE" TransactionBatchID="1619538296798"/>
    <Transaction CatCode="C" FiscalPeriodEnd="N" LeaID="1417" ReshID="413" SiteID="4381575" TransAmt="10.00" TransDate="2021-05-01" TransDesc="Resident Liability Compliance Fee (05/2021)" TransName="RESIDENTLIABILITYFEE" TransactionBatchID="1619538296799"/>
    <Transaction CatCode="C" FiscalPeriodEnd="N" LeaID="959" ReshID="442" SiteID="4381575" TransAmt="10.00" TransDate="2021-05-01" TransDesc="Resident Liability Compliance Fee (05/2021)" TransName="RESIDENTLIABILITYFEE" TransactionBatchID="1619538296800"/>
    <Transaction CatCode="C" FiscalPeriodEnd="N" LeaID="997" ReshID="446" SiteID="4381575" TransAmt="10.00" TransDate="2021-05-01" TransDesc="Resident Liability Compliance Fee (05/2021)" TransName="RESIDENTLIABILITYFEE" TransactionBatchID="1619538296801"/>
    <Transaction CatCode="C" FiscalPeriodEnd="N" LeaID="1021" ReshID="451" SiteID="4381575" TransAmt="10.00" TransDate="2021-05-01" TransDesc="Resident Liability Compliance Fee (05/2021)" TransName="RESIDENTLIABILITYFEE" TransactionBatchID="1619538296802"/>
    <Transaction CatCode="C" FiscalPeriodEnd="N" LeaID="1112" ReshID="486" SiteID="4381575" TransAmt="10.00" TransDate="2021-05-01" TransDesc="Resident Liability Compliance Fee (05/2021)" TransName="RESIDENTLIABILITYFEE" TransactionBatchID="1619538296803"/>
    <Transaction CatCode="C" FiscalPeriodEnd="N" LeaID="1275" ReshID="496" SiteID="4381575" TransAmt="10.00" TransDate="2021-05-01" TransDesc="Resident Liability Compliance Fee (05/2021)" TransName="RESIDENTLIABILITYFEE" TransactionBatchID="1619538296804"/>
    <Transaction CatCode="C" FiscalPeriodEnd="N" LeaID="1006" ReshID="57" SiteID="4381575" TransAmt="10.00" TransDate="2021-05-01" TransDesc="Resident Liability Compliance Fee (05/2021)" TransName="RESIDENTLIABILITYFEE" TransactionBatchID="1619538296805"/>
    <Transaction CatCode="C" FiscalPeriodEnd="N" LeaID="1028" ReshID="224" SiteID="4381575" TransAmt="10.00" TransDate="2021-05-01" TransDesc="Resident Liability Compliance Fee (05/2021)" TransName="RESIDENTLIABILITYFEE" TransactionBatchID="1619538296806"/>
    <Transaction CatCode="C" FiscalPeriodEnd="N" LeaID="1066" ReshID="322" SiteID="4381575" TransAmt="10.00" TransDate="2021-05-01" TransDesc="Resident Liability Compliance Fee (05/2021)" TransName="RESIDENTLIABILITYFEE" TransactionBatchID="1619538296807"/>
    <Transaction CatCode="C" FiscalPeriodEnd="N" LeaID="1050" ReshID="334" SiteID="4381575" TransAmt="10.00" TransDate="2021-05-01" TransDesc="Resident Liability Compliance Fee (05/2021)" TransName="RESIDENTLIABILITYFEE" TransactionBatchID="1619538296808"/>
    <Transaction CatCode="C" FiscalPeriodEnd="N" LeaID="1126" ReshID="483" SiteID="4381575" TransAmt="10.00" TransDate="2021-05-01" TransDesc="Resident Liability Compliance Fee (05/2021)" TransName="RESIDENTLIABILITYFEE" TransactionBatchID="1619538296809"/>
    <Transaction CatCode="C" FiscalPeriodEnd="N" LeaID="1186" ReshID="551" SiteID="4381575" TransAmt="10.00" TransDate="2021-05-01" TransDesc="Resident Liability Compliance Fee (05/2021)" TransName="RESIDENTLIABILITYFEE" TransactionBatchID="1619538296810"/>
    <Transaction CatCode="C" FiscalPeriodEnd="N" LeaID="1289" ReshID="547" SiteID="4381575" TransAmt="10.00" TransDate="2021-05-01" TransDesc="Resident Liability Compliance Fee (05/2021)" TransName="RESIDENTLIABILITYFEE" TransactionBatchID="1619538296811"/>
    <Transaction CatCode="C" FiscalPeriodEnd="N" LeaID="1052" ReshID="557" SiteID="4381575" TransAmt="10.00" TransDate="2021-05-01" TransDesc="Resident Liability Compliance Fee (05/2021)" TransName="RESIDENTLIABILITYFEE" TransactionBatchID="1619538296812"/>
    <Transaction CatCode="C" FiscalPeriodEnd="N" LeaID="1344" ReshID="620" SiteID="4381575" TransAmt="10.00" TransDate="2021-05-01" TransDesc="Resident Liability Compliance Fee (05/2021)" TransName="RESIDENTLIABILITYFEE" TransactionBatchID="1619538296813"/>
    <Transaction CatCode="C" FiscalPeriodEnd="N" LeaID="1218" ReshID="616" SiteID="4381575" TransAmt="10.00" TransDate="2021-05-01" TransDesc="Resident Liability Compliance Fee (05/2021)" TransName="RESIDENTLIABILITYFEE" TransactionBatchID="1619538296814"/>
    <Transaction CatCode="C" FiscalPeriodEnd="N" LeaID="1014" ReshID="630" SiteID="4381575" TransAmt="10.00" TransDate="2021-05-01" TransDesc="Resident Liability Compliance Fee (05/2021)" TransName="RESIDENTLIABILITYFEE" TransactionBatchID="1619538296815"/>
    <Transaction CatCode="C" FiscalPeriodEnd="N" LeaID="1261" ReshID="649" SiteID="4381575" TransAmt="10.00" TransDate="2021-05-01" TransDesc="Resident Liability Compliance Fee (05/2021)" TransName="RESIDENTLIABILITYFEE" TransactionBatchID="1619538296816"/>
    <Transaction CatCode="C" FiscalPeriodEnd="N" LeaID="1334" ReshID="647" SiteID="4381575" TransAmt="10.00" TransDate="2021-05-01" TransDesc="Resident Liability Compliance Fee (05/2021)" TransName="RESIDENTLIABILITYFEE" TransactionBatchID="1619538296817"/>
    <Transaction CatCode="C" FiscalPeriodEnd="N" LeaID="1306" ReshID="658" SiteID="4381575" TransAmt="10.00" TransDate="2021-05-01" TransDesc="Resident Liability Compliance Fee (05/2021)" TransName="RESIDENTLIABILITYFEE" TransactionBatchID="1619538296818"/>
    <Transaction CatCode="C" FiscalPeriodEnd="N" LeaID="1309" ReshID="675" SiteID="4381575" TransAmt="10.00" TransDate="2021-05-01" TransDesc="Resident Liability Compliance Fee (05/2021)" TransName="RESIDENTLIABILITYFEE" TransactionBatchID="1619538296819"/>
    <Transaction CatCode="C" FiscalPeriodEnd="N" LeaID="1321" ReshID="643" SiteID="4381575" TransAmt="10.00" TransDate="2021-05-01" TransDesc="Resident Liability Compliance Fee (05/2021)" TransName="RESIDENTLIABILITYFEE" TransactionBatchID="1619538296820"/>
    <Transaction CatCode="C" FiscalPeriodEnd="N" LeaID="1354" ReshID="646" SiteID="4381575" TransAmt="10.00" TransDate="2021-05-01" TransDesc="Resident Liability Compliance Fee (05/2021)" TransName="RESIDENTLIABILITYFEE" TransactionBatchID="1619538296821"/>
    <Transaction CatCode="C" FiscalPeriodEnd="N" LeaID="1340" ReshID="695" SiteID="4381575" TransAmt="10.00" TransDate="2021-05-01" TransDesc="Resident Liability Compliance Fee (05/2021)" TransName="RESIDENTLIABILITYFEE" TransactionBatchID="1619538296822"/>
    <Transaction CatCode="C" FiscalPeriodEnd="N" LeaID="961" ReshID="727" SiteID="4381575" TransAmt="10.00" TransDate="2021-05-01" TransDesc="Resident Liability Compliance Fee (05/2021)" TransName="RESIDENTLIABILITYFEE" TransactionBatchID="1619538296823"/>
    <Transaction CatCode="C" FiscalPeriodEnd="N" LeaID="853" ReshID="650" SiteID="4381575" TransAmt="10.00" TransDate="2021-05-01" TransDesc="Resident Liability Compliance Fee (05/2021)" TransName="RESIDENTLIABILITYFEE" TransactionBatchID="1619538296824"/>
    <Transaction CatCode="C" FiscalPeriodEnd="N" LeaID="990" ReshID="736" SiteID="4381575" TransAmt="10.00" TransDate="2021-05-01" TransDesc="Resident Liability Compliance Fee (05/2021)" TransName="RESIDENTLIABILITYFEE" TransactionBatchID="1619538296825"/>
    <Transaction CatCode="C" FiscalPeriodEnd="N" LeaID="977" ReshID="732" SiteID="4381575" TransAmt="10.00" TransDate="2021-05-01" TransDesc="Resident Liability Compliance Fee (05/2021)" TransName="RESIDENTLIABILITYFEE" TransactionBatchID="1619538296826"/>
    <Transaction CatCode="C" FiscalPeriodEnd="N" LeaID="1039" ReshID="751" SiteID="4381575" TransAmt="10.00" TransDate="2021-05-01" TransDesc="Resident Liability Compliance Fee (05/2021)" TransName="RESIDENTLIABILITYFEE" TransactionBatchID="1619538296827"/>
    <Transaction CatCode="C" FiscalPeriodEnd="N" LeaID="1010" ReshID="746" SiteID="4381575" TransAmt="10.00" TransDate="2021-05-01" TransDesc="Resident Liability Compliance Fee (05/2021)" TransName="RESIDENTLIABILITYFEE" TransactionBatchID="1619538296828"/>
    <Transaction CatCode="C" FiscalPeriodEnd="N" LeaID="1079" ReshID="774" SiteID="4381575" TransAmt="10.00" TransDate="2021-05-01" TransDesc="Resident Liability Compliance Fee (05/2021)" TransName="RESIDENTLIABILITYFEE" TransactionBatchID="1619538296829"/>
    <Transaction CatCode="C" FiscalPeriodEnd="N" LeaID="1089" ReshID="64" SiteID="4381575" TransAmt="10.00" TransDate="2021-05-01" TransDesc="Resident Liability Compliance Fee (05/2021)" TransName="RESIDENTLIABILITYFEE" TransactionBatchID="1619538296830"/>
    <Transaction CatCode="C" FiscalPeriodEnd="N" LeaID="1122" ReshID="103" SiteID="4381575" TransAmt="10.00" TransDate="2021-05-01" TransDesc="Resident Liability Compliance Fee (05/2021)" TransName="RESIDENTLIABILITYFEE" TransactionBatchID="1619538296831"/>
    <Transaction CatCode="C" FiscalPeriodEnd="N" LeaID="1036" ReshID="106" SiteID="4381575" TransAmt="10.00" TransDate="2021-05-01" TransDesc="Resident Liability Compliance Fee (05/2021)" TransName="RESIDENTLIABILITYFEE" TransactionBatchID="1619538296832"/>
    <Transaction CatCode="C" FiscalPeriodEnd="N" LeaID="1025" ReshID="141" SiteID="4381575" TransAmt="10.00" TransDate="2021-05-01" TransDesc="Resident Liability Compliance Fee (05/2021)" TransName="RESIDENTLIABILITYFEE" TransactionBatchID="1619538296833"/>
    <Transaction CatCode="C" FiscalPeriodEnd="N" LeaID="1416" ReshID="506" SiteID="4381575" TransAmt="10.00" TransDate="2021-05-01" TransDesc="Resident Liability Compliance Fee (05/2021)" TransName="RESIDENTLIABILITYFEE" TransactionBatchID="1619538296834"/>
    <Transaction CatCode="C" FiscalPeriodEnd="N" LeaID="1230" ReshID="584" SiteID="4381575" TransAmt="10.00" TransDate="2021-05-01" TransDesc="Resident Liability Compliance Fee (05/2021)" TransName="RESIDENTLIABILITYFEE" TransactionBatchID="1619538296835"/>
    <Transaction CatCode="C" FiscalPeriodEnd="N" LeaID="991" ReshID="737" SiteID="4381575" TransAmt="10.00" TransDate="2021-05-01" TransDesc="Resident Liability Compliance Fee (05/2021)" TransName="RESIDENTLIABILITYFEE" TransactionBatchID="1619538296836"/>
    <Transaction CatCode="C" FiscalPeriodEnd="N" LeaID="1077" ReshID="773" SiteID="4381575" TransAmt="10.00" TransDate="2021-05-01" TransDesc="Resident Liability Compliance Fee (05/2021)" TransName="RESIDENTLIABILITYFEE" TransactionBatchID="1619538296837"/>
    <Transaction CatCode="C" FiscalPeriodEnd="N" LeaID="1067" ReshID="763" SiteID="4381575" TransAmt="10.00" TransDate="2021-05-01" TransDesc="Resident Liability Compliance Fee (05/2021)" TransName="RESIDENTLIABILITYFEE" TransactionBatchID="1619538296838"/>
    <Transaction CatCode="C" FiscalPeriodEnd="N" LeaID="1167" ReshID="835" SiteID="4381575" TransAmt="10.00" TransDate="2021-05-01" TransDesc="Resident Liability Compliance Fee (05/2021)" TransName="RESIDENTLIABILITYFEE" TransactionBatchID="1619538296839"/>
    <Transaction CatCode="C" FiscalPeriodEnd="N" LeaID="1159" ReshID="829" SiteID="4381575" TransAmt="10.00" TransDate="2021-05-01" TransDesc="Resident Liability Compliance Fee (05/2021)" TransName="RESIDENTLIABILITYFEE" TransactionBatchID="1619538296840"/>
    <Transaction CatCode="C" FiscalPeriodEnd="N" LeaID="1170" ReshID="837" SiteID="4381575" TransAmt="10.00" TransDate="2021-05-01" TransDesc="Resident Liability Compliance Fee (05/2021)" TransName="RESIDENTLIABILITYFEE" TransactionBatchID="1619538296841"/>
    <Transaction CatCode="C" FiscalPeriodEnd="N" LeaID="1211" ReshID="862" SiteID="4381575" TransAmt="10.00" TransDate="2021-05-01" TransDesc="Resident Liability Compliance Fee (05/2021)" TransName="RESIDENTLIABILITYFEE" TransactionBatchID="1619538296842"/>
    <Transaction CatCode="C" FiscalPeriodEnd="N" LeaID="1229" ReshID="874" SiteID="4381575" TransAmt="10.00" TransDate="2021-05-01" TransDesc="Resident Liability Compliance Fee (05/2021)" TransName="RESIDENTLIABILITYFEE" TransactionBatchID="1619538296843"/>
    <Transaction CatCode="C" FiscalPeriodEnd="N" LeaID="1234" ReshID="877" SiteID="4381575" TransAmt="10.00" TransDate="2021-05-01" TransDesc="Resident Liability Compliance Fee (05/2021)" TransName="RESIDENTLIABILITYFEE" TransactionBatchID="1619538296844"/>
    <Transaction CatCode="C" FiscalPeriodEnd="N" LeaID="1216" ReshID="864" SiteID="4381575" TransAmt="10.00" TransDate="2021-05-01" TransDesc="Resident Liability Compliance Fee (05/2021)" TransName="RESIDENTLIABILITYFEE" TransactionBatchID="1619538296845"/>
    <Transaction CatCode="C" FiscalPeriodEnd="N" LeaID="1270" ReshID="895" SiteID="4381575" TransAmt="10.00" TransDate="2021-05-01" TransDesc="Resident Liability Compliance Fee (05/2021)" TransName="RESIDENTLIABILITYFEE" TransactionBatchID="1619538296846"/>
    <Transaction CatCode="C" FiscalPeriodEnd="N" LeaID="1255" ReshID="889" SiteID="4381575" TransAmt="10.00" TransDate="2021-05-01" TransDesc="Resident Liability Compliance Fee (05/2021)" TransName="RESIDENTLIABILITYFEE" TransactionBatchID="1619538296847"/>
    <Transaction CatCode="C" FiscalPeriodEnd="N" LeaID="1311" ReshID="915" SiteID="4381575" TransAmt="10.00" TransDate="2021-05-01" TransDesc="Resident Liability Compliance Fee (05/2021)" TransName="RESIDENTLIABILITYFEE" TransactionBatchID="1619538296848"/>
    <Transaction CatCode="C" FiscalPeriodEnd="N" LeaID="1324" ReshID="921" SiteID="4381575" TransAmt="10.00" TransDate="2021-05-01" TransDesc="Resident Liability Compliance Fee (05/2021)" TransName="RESIDENTLIABILITYFEE" TransactionBatchID="1619538296849"/>
    <Transaction CatCode="C" FiscalPeriodEnd="N" LeaID="1337" ReshID="935" SiteID="4381575" TransAmt="10.00" TransDate="2021-05-01" TransDesc="Resident Liability Compliance Fee (05/2021)" TransName="RESIDENTLIABILITYFEE" TransactionBatchID="1619538296850"/>
    <Transaction CatCode="C" FiscalPeriodEnd="N" LeaID="1361" ReshID="950" SiteID="4381575" TransAmt="10.00" TransDate="2021-05-01" TransDesc="Resident Liability Compliance Fee (05/2021)" TransName="RESIDENTLIABILITYFEE" TransactionBatchID="1619538296851"/>
    <Transaction CatCode="C" FiscalPeriodEnd="N" LeaID="1389" ReshID="967" SiteID="4381575" TransAmt="10.00" TransDate="2021-05-01" TransDesc="Resident Liability Compliance Fee (05/2021)" TransName="RESIDENTLIABILITYFEE" TransactionBatchID="1619538296852"/>
    <Transaction CatCode="C" FiscalPeriodEnd="N" LeaID="1407" ReshID="977" SiteID="4381575" TransAmt="10.00" TransDate="2021-05-01" TransDesc="Resident Liability Compliance Fee (05/2021)" TransName="RESIDENTLIABILITYFEE" TransactionBatchID="1619538296853"/>
    <Transaction CatCode="C" FiscalPeriodEnd="N" LeaID="1412" ReshID="997" SiteID="4381575" TransAmt="10.00" TransDate="2021-05-01" TransDesc="Resident Liability Compliance Fee (05/2021)" TransName="RESIDENTLIABILITYFEE" TransactionBatchID="1619538296854"/>
    <Transaction CatCode="C" FiscalPeriodEnd="N" LeaID="1374" ReshID="957" SiteID="4381575" TransAmt="10.00" TransDate="2021-05-01" TransDesc="Resident Liability Compliance Fee (05/2021)" TransName="RESIDENTLIABILITYFEE" TransactionBatchID="1619538296855"/>
    <Transaction CatCode="C" FiscalPeriodEnd="N" LeaID="1421" ReshID="1001" SiteID="4381575" TransAmt="10.00" TransDate="2021-05-01" TransDesc="Resident Liability Compliance Fee (05/2021)" TransName="RESIDENTLIABILITYFEE" TransactionBatchID="1619538296856"/>
    <Transaction CatCode="C" FiscalPeriodEnd="N" LeaID="1440" ReshID="1014" SiteID="4381575" TransAmt="10.00" TransDate="2021-05-01" TransDesc="Resident Liability Compliance Fee (05/2021)" TransName="RESIDENTLIABILITYFEE" TransactionBatchID="1619538296857"/>
    <Transaction CatCode="C" FiscalPeriodEnd="N" LeaID="1342" ReshID="937" SiteID="4381575" TransAmt="10.00" TransDate="2021-05-01" TransDesc="Resident Liability Compliance Fee (05/2021)" TransName="RESIDENTLIABILITYFEE" TransactionBatchID="1619538296858"/>
    <Transaction CatCode="C" FiscalPeriodEnd="N" LeaID="1449" ReshID="1023" SiteID="4381575" TransAmt="10.00" TransDate="2021-05-01" TransDesc="Resident Liability Compliance Fee (05/2021)" TransName="RESIDENTLIABILITYFEE" TransactionBatchID="1619538296859"/>
    <Transaction CatCode="C" FiscalPeriodEnd="N" LeaID="1463" ReshID="1031" SiteID="4381575" TransAmt="10.00" TransDate="2021-05-01" TransDesc="Resident Liability Compliance Fee (05/2021)" TransName="RESIDENTLIABILITYFEE" TransactionBatchID="1619538296860"/>
</TransactionList>
