<TransactionList>
    <Validation>
        <Audit Count="80" Node="Transaction" Sum="800.00"/>
    </Validation>
    <Transaction CatCode="C" FiscalPeriodEnd="N" LeaID="935" ReshID="42" SiteID="4389612" TransAmt="10.00" TransDate="2021-05-01" TransDesc="Resident Liability Compliance Fee (05/2021)" TransName="RESIDENTLIABILITYFEE" TransactionBatchID="1619538296634"/>
    <Transaction CatCode="C" FiscalPeriodEnd="N" LeaID="915" ReshID="44" SiteID="4389612" TransAmt="10.00" TransDate="2021-05-01" TransDesc="Resident Liability Compliance Fee (05/2021)" TransName="RESIDENTLIABILITYFEE" TransactionBatchID="1619538296635"/>
    <Transaction CatCode="C" FiscalPeriodEnd="N" LeaID="942" ReshID="47" SiteID="4389612" TransAmt="10.00" TransDate="2021-05-01" TransDesc="Resident Liability Compliance Fee (05/2021)" TransName="RESIDENTLIABILITYFEE" TransactionBatchID="1619538296636"/>
    <Transaction CatCode="C" FiscalPeriodEnd="N" LeaID="463" ReshID="61" SiteID="4389612" TransAmt="10.00" TransDate="2021-05-01" TransDesc="Resident Liability Compliance Fee (05/2021)" TransName="RESIDENTLIABILITYFEE" TransactionBatchID="1619538296637"/>
    <Transaction CatCode="C" FiscalPeriodEnd="N" LeaID="460" ReshID="89" SiteID="4389612" TransAmt="10.00" TransDate="2021-05-01" TransDesc="Resident Liability Compliance Fee (05/2021)" TransName="RESIDENTLIABILITYFEE" TransactionBatchID="1619538296638"/>
    <Transaction CatCode="C" FiscalPeriodEnd="N" LeaID="473" ReshID="96" SiteID="4389612" TransAmt="10.00" TransDate="2021-05-01" TransDesc="Resident Liability Compliance Fee (05/2021)" TransName="RESIDENTLIABILITYFEE" TransactionBatchID="1619538296639"/>
    <Transaction CatCode="C" FiscalPeriodEnd="N" LeaID="489" ReshID="100" SiteID="4389612" TransAmt="10.00" TransDate="2021-05-01" TransDesc="Resident Liability Compliance Fee (05/2021)" TransName="RESIDENTLIABILITYFEE" TransactionBatchID="1619538296640"/>
    <Transaction CatCode="C" FiscalPeriodEnd="N" LeaID="517" ReshID="102" SiteID="4389612" TransAmt="10.00" TransDate="2021-05-01" TransDesc="Resident Liability Compliance Fee (05/2021)" TransName="RESIDENTLIABILITYFEE" TransactionBatchID="1619538296641"/>
    <Transaction CatCode="C" FiscalPeriodEnd="N" LeaID="495" ReshID="125" SiteID="4389612" TransAmt="10.00" TransDate="2021-05-01" TransDesc="Resident Liability Compliance Fee (05/2021)" TransName="RESIDENTLIABILITYFEE" TransactionBatchID="1619538296642"/>
    <Transaction CatCode="C" FiscalPeriodEnd="N" LeaID="521" ReshID="177" SiteID="4389612" TransAmt="10.00" TransDate="2021-05-01" TransDesc="Resident Liability Compliance Fee (05/2021)" TransName="RESIDENTLIABILITYFEE" TransactionBatchID="1619538296643"/>
    <Transaction CatCode="C" FiscalPeriodEnd="N" LeaID="911" ReshID="185" SiteID="4389612" TransAmt="10.00" TransDate="2021-05-01" TransDesc="Resident Liability Compliance Fee (05/2021)" TransName="RESIDENTLIABILITYFEE" TransactionBatchID="1619538296644"/>
    <Transaction CatCode="C" FiscalPeriodEnd="N" LeaID="562" ReshID="164" SiteID="4389612" TransAmt="10.00" TransDate="2021-05-01" TransDesc="Resident Liability Compliance Fee (05/2021)" TransName="RESIDENTLIABILITYFEE" TransactionBatchID="1619538296645"/>
    <Transaction CatCode="C" FiscalPeriodEnd="N" LeaID="550" ReshID="103" SiteID="4389612" TransAmt="10.00" TransDate="2021-05-01" TransDesc="Resident Liability Compliance Fee (05/2021)" TransName="RESIDENTLIABILITYFEE" TransactionBatchID="1619538296646"/>
    <Transaction CatCode="C" FiscalPeriodEnd="N" LeaID="564" ReshID="192" SiteID="4389612" TransAmt="10.00" TransDate="2021-05-01" TransDesc="Resident Liability Compliance Fee (05/2021)" TransName="RESIDENTLIABILITYFEE" TransactionBatchID="1619538296647"/>
    <Transaction CatCode="C" FiscalPeriodEnd="N" LeaID="525" ReshID="197" SiteID="4389612" TransAmt="10.00" TransDate="2021-05-01" TransDesc="Resident Liability Compliance Fee (05/2021)" TransName="RESIDENTLIABILITYFEE" TransactionBatchID="1619538296648"/>
    <Transaction CatCode="C" FiscalPeriodEnd="N" LeaID="552" ReshID="200" SiteID="4389612" TransAmt="10.00" TransDate="2021-05-01" TransDesc="Resident Liability Compliance Fee (05/2021)" TransName="RESIDENTLIABILITYFEE" TransactionBatchID="1619538296649"/>
    <Transaction CatCode="C" FiscalPeriodEnd="N" LeaID="565" ReshID="132" SiteID="4389612" TransAmt="10.00" TransDate="2021-05-01" TransDesc="Resident Liability Compliance Fee (05/2021)" TransName="RESIDENTLIABILITYFEE" TransactionBatchID="1619538296650"/>
    <Transaction CatCode="C" FiscalPeriodEnd="N" LeaID="518" ReshID="175" SiteID="4389612" TransAmt="10.00" TransDate="2021-05-01" TransDesc="Resident Liability Compliance Fee (05/2021)" TransName="RESIDENTLIABILITYFEE" TransactionBatchID="1619538296651"/>
    <Transaction CatCode="C" FiscalPeriodEnd="N" LeaID="771" ReshID="236" SiteID="4389612" TransAmt="10.00" TransDate="2021-05-01" TransDesc="Resident Liability Compliance Fee (05/2021)" TransName="RESIDENTLIABILITYFEE" TransactionBatchID="1619538296652"/>
    <Transaction CatCode="C" FiscalPeriodEnd="N" LeaID="580" ReshID="138" SiteID="4389612" TransAmt="10.00" TransDate="2021-05-01" TransDesc="Resident Liability Compliance Fee (05/2021)" TransName="RESIDENTLIABILITYFEE" TransactionBatchID="1619538296653"/>
    <Transaction CatCode="C" FiscalPeriodEnd="N" LeaID="823" ReshID="167" SiteID="4389612" TransAmt="10.00" TransDate="2021-05-01" TransDesc="Resident Liability Compliance Fee (05/2021)" TransName="RESIDENTLIABILITYFEE" TransactionBatchID="1619538296654"/>
    <Transaction CatCode="C" FiscalPeriodEnd="N" LeaID="543" ReshID="257" SiteID="4389612" TransAmt="10.00" TransDate="2021-05-01" TransDesc="Resident Liability Compliance Fee (05/2021)" TransName="RESIDENTLIABILITYFEE" TransactionBatchID="1619538296655"/>
    <Transaction CatCode="C" FiscalPeriodEnd="N" LeaID="547" ReshID="266" SiteID="4389612" TransAmt="10.00" TransDate="2021-05-01" TransDesc="Resident Liability Compliance Fee (05/2021)" TransName="RESIDENTLIABILITYFEE" TransactionBatchID="1619538296656"/>
    <Transaction CatCode="C" FiscalPeriodEnd="N" LeaID="583" ReshID="302" SiteID="4389612" TransAmt="10.00" TransDate="2021-05-01" TransDesc="Resident Liability Compliance Fee (05/2021)" TransName="RESIDENTLIABILITYFEE" TransactionBatchID="1619538296657"/>
    <Transaction CatCode="C" FiscalPeriodEnd="N" LeaID="874" ReshID="299" SiteID="4389612" TransAmt="10.00" TransDate="2021-05-01" TransDesc="Resident Liability Compliance Fee (05/2021)" TransName="RESIDENTLIABILITYFEE" TransactionBatchID="1619538296658"/>
    <Transaction CatCode="C" FiscalPeriodEnd="N" LeaID="603" ReshID="347" SiteID="4389612" TransAmt="10.00" TransDate="2021-05-01" TransDesc="Resident Liability Compliance Fee (05/2021)" TransName="RESIDENTLIABILITYFEE" TransactionBatchID="1619538296659"/>
    <Transaction CatCode="C" FiscalPeriodEnd="N" LeaID="654" ReshID="294" SiteID="4389612" TransAmt="10.00" TransDate="2021-05-01" TransDesc="Resident Liability Compliance Fee (05/2021)" TransName="RESIDENTLIABILITYFEE" TransactionBatchID="1619538296660"/>
    <Transaction CatCode="C" FiscalPeriodEnd="N" LeaID="624" ReshID="343" SiteID="4389612" TransAmt="10.00" TransDate="2021-05-01" TransDesc="Resident Liability Compliance Fee (05/2021)" TransName="RESIDENTLIABILITYFEE" TransactionBatchID="1619538296661"/>
    <Transaction CatCode="C" FiscalPeriodEnd="N" LeaID="798" ReshID="285" SiteID="4389612" TransAmt="10.00" TransDate="2021-05-01" TransDesc="Resident Liability Compliance Fee (05/2021)" TransName="RESIDENTLIABILITYFEE" TransactionBatchID="1619538296662"/>
    <Transaction CatCode="C" FiscalPeriodEnd="N" LeaID="797" ReshID="351" SiteID="4389612" TransAmt="10.00" TransDate="2021-05-01" TransDesc="Resident Liability Compliance Fee (05/2021)" TransName="RESIDENTLIABILITYFEE" TransactionBatchID="1619538296663"/>
    <Transaction CatCode="C" FiscalPeriodEnd="N" LeaID="734" ReshID="396" SiteID="4389612" TransAmt="10.00" TransDate="2021-05-01" TransDesc="Resident Liability Compliance Fee (05/2021)" TransName="RESIDENTLIABILITYFEE" TransactionBatchID="1619538296664"/>
    <Transaction CatCode="C" FiscalPeriodEnd="N" LeaID="697" ReshID="346" SiteID="4389612" TransAmt="10.00" TransDate="2021-05-01" TransDesc="Resident Liability Compliance Fee (05/2021)" TransName="RESIDENTLIABILITYFEE" TransactionBatchID="1619538296665"/>
    <Transaction CatCode="C" FiscalPeriodEnd="N" LeaID="667" ReshID="408" SiteID="4389612" TransAmt="10.00" TransDate="2021-05-01" TransDesc="Resident Liability Compliance Fee (05/2021)" TransName="RESIDENTLIABILITYFEE" TransactionBatchID="1619538296666"/>
    <Transaction CatCode="C" FiscalPeriodEnd="N" LeaID="657" ReshID="322" SiteID="4389612" TransAmt="10.00" TransDate="2021-05-01" TransDesc="Resident Liability Compliance Fee (05/2021)" TransName="RESIDENTLIABILITYFEE" TransactionBatchID="1619538296667"/>
    <Transaction CatCode="C" FiscalPeriodEnd="N" LeaID="801" ReshID="389" SiteID="4389612" TransAmt="10.00" TransDate="2021-05-01" TransDesc="Resident Liability Compliance Fee (05/2021)" TransName="RESIDENTLIABILITYFEE" TransactionBatchID="1619538296668"/>
    <Transaction CatCode="C" FiscalPeriodEnd="N" LeaID="666" ReshID="157" SiteID="4389612" TransAmt="10.00" TransDate="2021-05-01" TransDesc="Resident Liability Compliance Fee (05/2021)" TransName="RESIDENTLIABILITYFEE" TransactionBatchID="1619538296669"/>
    <Transaction CatCode="C" FiscalPeriodEnd="N" LeaID="782" ReshID="443" SiteID="4389612" TransAmt="10.00" TransDate="2021-05-01" TransDesc="Resident Liability Compliance Fee (05/2021)" TransName="RESIDENTLIABILITYFEE" TransactionBatchID="1619538296670"/>
    <Transaction CatCode="C" FiscalPeriodEnd="N" LeaID="764" ReshID="441" SiteID="4389612" TransAmt="10.00" TransDate="2021-05-01" TransDesc="Resident Liability Compliance Fee (05/2021)" TransName="RESIDENTLIABILITYFEE" TransactionBatchID="1619538296671"/>
    <Transaction CatCode="C" FiscalPeriodEnd="N" LeaID="719" ReshID="432" SiteID="4389612" TransAmt="10.00" TransDate="2021-05-01" TransDesc="Resident Liability Compliance Fee (05/2021)" TransName="RESIDENTLIABILITYFEE" TransactionBatchID="1619538296672"/>
    <Transaction CatCode="C" FiscalPeriodEnd="N" LeaID="792" ReshID="444" SiteID="4389612" TransAmt="10.00" TransDate="2021-05-01" TransDesc="Resident Liability Compliance Fee (05/2021)" TransName="RESIDENTLIABILITYFEE" TransactionBatchID="1619538296673"/>
    <Transaction CatCode="C" FiscalPeriodEnd="N" LeaID="799" ReshID="429" SiteID="4389612" TransAmt="10.00" TransDate="2021-05-01" TransDesc="Resident Liability Compliance Fee (05/2021)" TransName="RESIDENTLIABILITYFEE" TransactionBatchID="1619538296674"/>
    <Transaction CatCode="C" FiscalPeriodEnd="N" LeaID="774" ReshID="430" SiteID="4389612" TransAmt="10.00" TransDate="2021-05-01" TransDesc="Resident Liability Compliance Fee (05/2021)" TransName="RESIDENTLIABILITYFEE" TransactionBatchID="1619538296675"/>
    <Transaction CatCode="C" FiscalPeriodEnd="N" LeaID="832" ReshID="459" SiteID="4389612" TransAmt="10.00" TransDate="2021-05-01" TransDesc="Resident Liability Compliance Fee (05/2021)" TransName="RESIDENTLIABILITYFEE" TransactionBatchID="1619538296676"/>
    <Transaction CatCode="C" FiscalPeriodEnd="N" LeaID="455" ReshID="84" SiteID="4389612" TransAmt="10.00" TransDate="2021-05-01" TransDesc="Resident Liability Compliance Fee (05/2021)" TransName="RESIDENTLIABILITYFEE" TransactionBatchID="1619538296677"/>
    <Transaction CatCode="C" FiscalPeriodEnd="N" LeaID="868" ReshID="462" SiteID="4389612" TransAmt="10.00" TransDate="2021-05-01" TransDesc="Resident Liability Compliance Fee (05/2021)" TransName="RESIDENTLIABILITYFEE" TransactionBatchID="1619538296678"/>
    <Transaction CatCode="C" FiscalPeriodEnd="N" LeaID="881" ReshID="463" SiteID="4389612" TransAmt="10.00" TransDate="2021-05-01" TransDesc="Resident Liability Compliance Fee (05/2021)" TransName="RESIDENTLIABILITYFEE" TransactionBatchID="1619538296679"/>
    <Transaction CatCode="C" FiscalPeriodEnd="N" LeaID="446" ReshID="457" SiteID="4389612" TransAmt="10.00" TransDate="2021-05-01" TransDesc="Resident Liability Compliance Fee (05/2021)" TransName="RESIDENTLIABILITYFEE" TransactionBatchID="1619538296680"/>
    <Transaction CatCode="C" FiscalPeriodEnd="N" LeaID="545" ReshID="482" SiteID="4389612" TransAmt="10.00" TransDate="2021-05-01" TransDesc="Resident Liability Compliance Fee (05/2021)" TransName="RESIDENTLIABILITYFEE" TransactionBatchID="1619538296681"/>
    <Transaction CatCode="C" FiscalPeriodEnd="N" LeaID="572" ReshID="492" SiteID="4389612" TransAmt="10.00" TransDate="2021-05-01" TransDesc="Resident Liability Compliance Fee (05/2021)" TransName="RESIDENTLIABILITYFEE" TransactionBatchID="1619538296682"/>
    <Transaction CatCode="C" FiscalPeriodEnd="N" LeaID="616" ReshID="512" SiteID="4389612" TransAmt="10.00" TransDate="2021-05-01" TransDesc="Resident Liability Compliance Fee (05/2021)" TransName="RESIDENTLIABILITYFEE" TransactionBatchID="1619538296683"/>
    <Transaction CatCode="C" FiscalPeriodEnd="N" LeaID="622" ReshID="516" SiteID="4389612" TransAmt="10.00" TransDate="2021-05-01" TransDesc="Resident Liability Compliance Fee (05/2021)" TransName="RESIDENTLIABILITYFEE" TransactionBatchID="1619538296684"/>
    <Transaction CatCode="C" FiscalPeriodEnd="N" LeaID="673" ReshID="542" SiteID="4389612" TransAmt="10.00" TransDate="2021-05-01" TransDesc="Resident Liability Compliance Fee (05/2021)" TransName="RESIDENTLIABILITYFEE" TransactionBatchID="1619538296685"/>
    <Transaction CatCode="C" FiscalPeriodEnd="N" LeaID="682" ReshID="548" SiteID="4389612" TransAmt="10.00" TransDate="2021-05-01" TransDesc="Resident Liability Compliance Fee (05/2021)" TransName="RESIDENTLIABILITYFEE" TransactionBatchID="1619538296686"/>
    <Transaction CatCode="C" FiscalPeriodEnd="N" LeaID="676" ReshID="544" SiteID="4389612" TransAmt="10.00" TransDate="2021-05-01" TransDesc="Resident Liability Compliance Fee (05/2021)" TransName="RESIDENTLIABILITYFEE" TransactionBatchID="1619538296687"/>
    <Transaction CatCode="C" FiscalPeriodEnd="N" LeaID="687" ReshID="553" SiteID="4389612" TransAmt="10.00" TransDate="2021-05-01" TransDesc="Resident Liability Compliance Fee (05/2021)" TransName="RESIDENTLIABILITYFEE" TransactionBatchID="1619538296688"/>
    <Transaction CatCode="C" FiscalPeriodEnd="N" LeaID="688" ReshID="554" SiteID="4389612" TransAmt="10.00" TransDate="2021-05-01" TransDesc="Resident Liability Compliance Fee (05/2021)" TransName="RESIDENTLIABILITYFEE" TransactionBatchID="1619538296689"/>
    <Transaction CatCode="C" FiscalPeriodEnd="N" LeaID="721" ReshID="581" SiteID="4389612" TransAmt="10.00" TransDate="2021-05-01" TransDesc="Resident Liability Compliance Fee (05/2021)" TransName="RESIDENTLIABILITYFEE" TransactionBatchID="1619538296690"/>
    <Transaction CatCode="C" FiscalPeriodEnd="N" LeaID="733" ReshID="587" SiteID="4389612" TransAmt="10.00" TransDate="2021-05-01" TransDesc="Resident Liability Compliance Fee (05/2021)" TransName="RESIDENTLIABILITYFEE" TransactionBatchID="1619538296691"/>
    <Transaction CatCode="C" FiscalPeriodEnd="N" LeaID="747" ReshID="596" SiteID="4389612" TransAmt="10.00" TransDate="2021-05-01" TransDesc="Resident Liability Compliance Fee (05/2021)" TransName="RESIDENTLIABILITYFEE" TransactionBatchID="1619538296692"/>
    <Transaction CatCode="C" FiscalPeriodEnd="N" LeaID="718" ReshID="579" SiteID="4389612" TransAmt="10.00" TransDate="2021-05-01" TransDesc="Resident Liability Compliance Fee (05/2021)" TransName="RESIDENTLIABILITYFEE" TransactionBatchID="1619538296693"/>
    <Transaction CatCode="C" FiscalPeriodEnd="N" LeaID="736" ReshID="589" SiteID="4389612" TransAmt="10.00" TransDate="2021-05-01" TransDesc="Resident Liability Compliance Fee (05/2021)" TransName="RESIDENTLIABILITYFEE" TransactionBatchID="1619538296694"/>
    <Transaction CatCode="C" FiscalPeriodEnd="N" LeaID="828" ReshID="104" SiteID="4389612" TransAmt="10.00" TransDate="2021-05-01" TransDesc="Resident Liability Compliance Fee (05/2021)" TransName="RESIDENTLIABILITYFEE" TransactionBatchID="1619538296695"/>
    <Transaction CatCode="C" FiscalPeriodEnd="N" LeaID="714" ReshID="575" SiteID="4389612" TransAmt="10.00" TransDate="2021-05-01" TransDesc="Resident Liability Compliance Fee (05/2021)" TransName="RESIDENTLIABILITYFEE" TransactionBatchID="1619538296696"/>
    <Transaction CatCode="C" FiscalPeriodEnd="N" LeaID="744" ReshID="593" SiteID="4389612" TransAmt="10.00" TransDate="2021-05-01" TransDesc="Resident Liability Compliance Fee (05/2021)" TransName="RESIDENTLIABILITYFEE" TransactionBatchID="1619538296697"/>
    <Transaction CatCode="C" FiscalPeriodEnd="N" LeaID="711" ReshID="572" SiteID="4389612" TransAmt="10.00" TransDate="2021-05-01" TransDesc="Resident Liability Compliance Fee (05/2021)" TransName="RESIDENTLIABILITYFEE" TransactionBatchID="1619538296698"/>
    <Transaction CatCode="C" FiscalPeriodEnd="N" LeaID="810" ReshID="636" SiteID="4389612" TransAmt="10.00" TransDate="2021-05-01" TransDesc="Resident Liability Compliance Fee (05/2021)" TransName="RESIDENTLIABILITYFEE" TransactionBatchID="1619538296699"/>
    <Transaction CatCode="C" FiscalPeriodEnd="N" LeaID="815" ReshID="640" SiteID="4389612" TransAmt="10.00" TransDate="2021-05-01" TransDesc="Resident Liability Compliance Fee (05/2021)" TransName="RESIDENTLIABILITYFEE" TransactionBatchID="1619538296700"/>
    <Transaction CatCode="C" FiscalPeriodEnd="N" LeaID="841" ReshID="660" SiteID="4389612" TransAmt="10.00" TransDate="2021-05-01" TransDesc="Resident Liability Compliance Fee (05/2021)" TransName="RESIDENTLIABILITYFEE" TransactionBatchID="1619538296701"/>
    <Transaction CatCode="C" FiscalPeriodEnd="N" LeaID="853" ReshID="674" SiteID="4389612" TransAmt="10.00" TransDate="2021-05-01" TransDesc="Resident Liability Compliance Fee (05/2021)" TransName="RESIDENTLIABILITYFEE" TransactionBatchID="1619538296702"/>
    <Transaction CatCode="C" FiscalPeriodEnd="N" LeaID="844" ReshID="663" SiteID="4389612" TransAmt="10.00" TransDate="2021-05-01" TransDesc="Resident Liability Compliance Fee (05/2021)" TransName="RESIDENTLIABILITYFEE" TransactionBatchID="1619538296703"/>
    <Transaction CatCode="C" FiscalPeriodEnd="N" LeaID="837" ReshID="656" SiteID="4389612" TransAmt="10.00" TransDate="2021-05-01" TransDesc="Resident Liability Compliance Fee (05/2021)" TransName="RESIDENTLIABILITYFEE" TransactionBatchID="1619538296704"/>
    <Transaction CatCode="C" FiscalPeriodEnd="N" LeaID="870" ReshID="684" SiteID="4389612" TransAmt="10.00" TransDate="2021-05-01" TransDesc="Resident Liability Compliance Fee (05/2021)" TransName="RESIDENTLIABILITYFEE" TransactionBatchID="1619538296705"/>
    <Transaction CatCode="C" FiscalPeriodEnd="N" LeaID="885" ReshID="687" SiteID="4389612" TransAmt="10.00" TransDate="2021-05-01" TransDesc="Resident Liability Compliance Fee (05/2021)" TransName="RESIDENTLIABILITYFEE" TransactionBatchID="1619538296706"/>
    <Transaction CatCode="C" FiscalPeriodEnd="N" LeaID="910" ReshID="706" SiteID="4389612" TransAmt="10.00" TransDate="2021-05-01" TransDesc="Resident Liability Compliance Fee (05/2021)" TransName="RESIDENTLIABILITYFEE" TransactionBatchID="1619538296707"/>
    <Transaction CatCode="C" FiscalPeriodEnd="N" LeaID="872" ReshID="685" SiteID="4389612" TransAmt="10.00" TransDate="2021-05-01" TransDesc="Resident Liability Compliance Fee (05/2021)" TransName="RESIDENTLIABILITYFEE" TransactionBatchID="1619538296708"/>
    <Transaction CatCode="C" FiscalPeriodEnd="N" LeaID="919" ReshID="710" SiteID="4389612" TransAmt="10.00" TransDate="2021-05-01" TransDesc="Resident Liability Compliance Fee (05/2021)" TransName="RESIDENTLIABILITYFEE" TransactionBatchID="1619538296709"/>
    <Transaction CatCode="C" FiscalPeriodEnd="N" LeaID="866" ReshID="681" SiteID="4389612" TransAmt="10.00" TransDate="2021-05-01" TransDesc="Resident Liability Compliance Fee (05/2021)" TransName="RESIDENTLIABILITYFEE" TransactionBatchID="1619538296710"/>
    <Transaction CatCode="C" FiscalPeriodEnd="N" LeaID="929" ReshID="716" SiteID="4389612" TransAmt="10.00" TransDate="2021-05-01" TransDesc="Resident Liability Compliance Fee (05/2021)" TransName="RESIDENTLIABILITYFEE" TransactionBatchID="1619538296711"/>
    <Transaction CatCode="C" FiscalPeriodEnd="N" LeaID="936" ReshID="720" SiteID="4389612" TransAmt="10.00" TransDate="2021-05-01" TransDesc="Resident Liability Compliance Fee (05/2021)" TransName="RESIDENTLIABILITYFEE" TransactionBatchID="1619538296712"/>
    <Transaction CatCode="C" FiscalPeriodEnd="N" LeaID="933" ReshID="718" SiteID="4389612" TransAmt="10.00" TransDate="2021-05-01" TransDesc="Resident Liability Compliance Fee (05/2021)" TransName="RESIDENTLIABILITYFEE" TransactionBatchID="1619538296713"/>
</TransactionList>
