<TransactionList>
    <Validation>
        <Audit Count="65" Node="Transaction" Sum="650.00"/>
    </Validation>
    <Transaction CatCode="C" FiscalPeriodEnd="N" LeaID="11142" ReshID="41" SiteID="4404850" TransAmt="10.00" TransDate="2021-05-01" TransDesc="Resident Liability Compliance Fee (05/2021)" TransName="RESIDENTLIABILITYFEE" TransactionBatchID="1619538297920"/>
    <Transaction CatCode="C" FiscalPeriodEnd="N" LeaID="11088" ReshID="59" SiteID="4404850" TransAmt="10.00" TransDate="2021-05-01" TransDesc="Resident Liability Compliance Fee (05/2021)" TransName="RESIDENTLIABILITYFEE" TransactionBatchID="1619538297921"/>
    <Transaction CatCode="C" FiscalPeriodEnd="N" LeaID="11223" ReshID="64" SiteID="4404850" TransAmt="10.00" TransDate="2021-05-01" TransDesc="Resident Liability Compliance Fee (05/2021)" TransName="RESIDENTLIABILITYFEE" TransactionBatchID="1619538297922"/>
    <Transaction CatCode="C" FiscalPeriodEnd="N" LeaID="11121" ReshID="93" SiteID="4404850" TransAmt="10.00" TransDate="2021-05-01" TransDesc="Resident Liability Compliance Fee (05/2021)" TransName="RESIDENTLIABILITYFEE" TransactionBatchID="1619538297923"/>
    <Transaction CatCode="C" FiscalPeriodEnd="N" LeaID="779" ReshID="153" SiteID="4404850" TransAmt="10.00" TransDate="2021-05-01" TransDesc="Resident Liability Compliance Fee (05/2021)" TransName="RESIDENTLIABILITYFEE" TransactionBatchID="1619538297924"/>
    <Transaction CatCode="C" FiscalPeriodEnd="N" LeaID="1025" ReshID="163" SiteID="4404850" TransAmt="10.00" TransDate="2021-05-01" TransDesc="Resident Liability Compliance Fee (05/2021)" TransName="RESIDENTLIABILITYFEE" TransactionBatchID="1619538297925"/>
    <Transaction CatCode="C" FiscalPeriodEnd="N" LeaID="948" ReshID="254" SiteID="4404850" TransAmt="10.00" TransDate="2021-05-01" TransDesc="Resident Liability Compliance Fee (05/2021)" TransName="RESIDENTLIABILITYFEE" TransactionBatchID="1619538297926"/>
    <Transaction CatCode="C" FiscalPeriodEnd="N" LeaID="297" ReshID="290" SiteID="4404850" TransAmt="10.00" TransDate="2021-05-01" TransDesc="Resident Liability Compliance Fee (05/2021)" TransName="RESIDENTLIABILITYFEE" TransactionBatchID="1619538297927"/>
    <Transaction CatCode="C" FiscalPeriodEnd="N" LeaID="1014" ReshID="322" SiteID="4404850" TransAmt="10.00" TransDate="2021-05-01" TransDesc="Resident Liability Compliance Fee (05/2021)" TransName="RESIDENTLIABILITYFEE" TransactionBatchID="1619538297928"/>
    <Transaction CatCode="C" FiscalPeriodEnd="N" LeaID="11214" ReshID="324" SiteID="4404850" TransAmt="10.00" TransDate="2021-05-01" TransDesc="Resident Liability Compliance Fee (05/2021)" TransName="RESIDENTLIABILITYFEE" TransactionBatchID="1619538297929"/>
    <Transaction CatCode="C" FiscalPeriodEnd="N" LeaID="1035" ReshID="335" SiteID="4404850" TransAmt="10.00" TransDate="2021-05-01" TransDesc="Resident Liability Compliance Fee (05/2021)" TransName="RESIDENTLIABILITYFEE" TransactionBatchID="1619538297930"/>
    <Transaction CatCode="C" FiscalPeriodEnd="N" LeaID="1059" ReshID="476" SiteID="4404850" TransAmt="10.00" TransDate="2021-05-01" TransDesc="Resident Liability Compliance Fee (05/2021)" TransName="RESIDENTLIABILITYFEE" TransactionBatchID="1619538297931"/>
    <Transaction CatCode="C" FiscalPeriodEnd="N" LeaID="1053" ReshID="503" SiteID="4404850" TransAmt="10.00" TransDate="2021-05-01" TransDesc="Resident Liability Compliance Fee (05/2021)" TransName="RESIDENTLIABILITYFEE" TransactionBatchID="1619538297932"/>
    <Transaction CatCode="C" FiscalPeriodEnd="N" LeaID="11225" ReshID="515" SiteID="4404850" TransAmt="10.00" TransDate="2021-05-01" TransDesc="Resident Liability Compliance Fee (05/2021)" TransName="RESIDENTLIABILITYFEE" TransactionBatchID="1619538297933"/>
    <Transaction CatCode="C" FiscalPeriodEnd="N" LeaID="1027" ReshID="521" SiteID="4404850" TransAmt="10.00" TransDate="2021-05-01" TransDesc="Resident Liability Compliance Fee (05/2021)" TransName="RESIDENTLIABILITYFEE" TransactionBatchID="1619538297934"/>
    <Transaction CatCode="C" FiscalPeriodEnd="N" LeaID="880" ReshID="526" SiteID="4404850" TransAmt="10.00" TransDate="2021-05-01" TransDesc="Resident Liability Compliance Fee (05/2021)" TransName="RESIDENTLIABILITYFEE" TransactionBatchID="1619538297935"/>
    <Transaction CatCode="C" FiscalPeriodEnd="N" LeaID="11119" ReshID="552" SiteID="4404850" TransAmt="10.00" TransDate="2021-05-01" TransDesc="Resident Liability Compliance Fee (05/2021)" TransName="RESIDENTLIABILITYFEE" TransactionBatchID="1619538297936"/>
    <Transaction CatCode="C" FiscalPeriodEnd="N" LeaID="11115" ReshID="577" SiteID="4404850" TransAmt="10.00" TransDate="2021-05-01" TransDesc="Resident Liability Compliance Fee (05/2021)" TransName="RESIDENTLIABILITYFEE" TransactionBatchID="1619538297937"/>
    <Transaction CatCode="C" FiscalPeriodEnd="N" LeaID="1058" ReshID="126" SiteID="4404850" TransAmt="10.00" TransDate="2021-05-01" TransDesc="Resident Liability Compliance Fee (05/2021)" TransName="RESIDENTLIABILITYFEE" TransactionBatchID="1619538297938"/>
    <Transaction CatCode="C" FiscalPeriodEnd="N" LeaID="1049" ReshID="55" SiteID="4404850" TransAmt="10.00" TransDate="2021-05-01" TransDesc="Resident Liability Compliance Fee (05/2021)" TransName="RESIDENTLIABILITYFEE" TransactionBatchID="1619538297939"/>
    <Transaction CatCode="C" FiscalPeriodEnd="N" LeaID="1019" ReshID="293" SiteID="4404850" TransAmt="10.00" TransDate="2021-05-01" TransDesc="Resident Liability Compliance Fee (05/2021)" TransName="RESIDENTLIABILITYFEE" TransactionBatchID="1619538297940"/>
    <Transaction CatCode="C" FiscalPeriodEnd="N" LeaID="11094" ReshID="308" SiteID="4404850" TransAmt="10.00" TransDate="2021-05-01" TransDesc="Resident Liability Compliance Fee (05/2021)" TransName="RESIDENTLIABILITYFEE" TransactionBatchID="1619538297941"/>
    <Transaction CatCode="C" FiscalPeriodEnd="N" LeaID="1032" ReshID="638" SiteID="4404850" TransAmt="10.00" TransDate="2021-05-01" TransDesc="Resident Liability Compliance Fee (05/2021)" TransName="RESIDENTLIABILITYFEE" TransactionBatchID="1619538297942"/>
    <Transaction CatCode="C" FiscalPeriodEnd="N" LeaID="1046" ReshID="647" SiteID="4404850" TransAmt="10.00" TransDate="2021-05-01" TransDesc="Resident Liability Compliance Fee (05/2021)" TransName="RESIDENTLIABILITYFEE" TransactionBatchID="1619538297943"/>
    <Transaction CatCode="C" FiscalPeriodEnd="N" LeaID="11106" ReshID="668" SiteID="4404850" TransAmt="10.00" TransDate="2021-05-01" TransDesc="Resident Liability Compliance Fee (05/2021)" TransName="RESIDENTLIABILITYFEE" TransactionBatchID="1619538297944"/>
    <Transaction CatCode="C" FiscalPeriodEnd="N" LeaID="11159" ReshID="694" SiteID="4404850" TransAmt="10.00" TransDate="2021-05-01" TransDesc="Resident Liability Compliance Fee (05/2021)" TransName="RESIDENTLIABILITYFEE" TransactionBatchID="1619538297945"/>
    <Transaction CatCode="C" FiscalPeriodEnd="N" LeaID="1054" ReshID="707" SiteID="4404850" TransAmt="10.00" TransDate="2021-05-01" TransDesc="Resident Liability Compliance Fee (05/2021)" TransName="RESIDENTLIABILITYFEE" TransactionBatchID="1619538297946"/>
    <Transaction CatCode="C" FiscalPeriodEnd="N" LeaID="11116" ReshID="682" SiteID="4404850" TransAmt="10.00" TransDate="2021-05-01" TransDesc="Resident Liability Compliance Fee (05/2021)" TransName="RESIDENTLIABILITYFEE" TransactionBatchID="1619538297947"/>
    <Transaction CatCode="C" FiscalPeriodEnd="N" LeaID="909" ReshID="728" SiteID="4404850" TransAmt="10.00" TransDate="2021-05-01" TransDesc="Resident Liability Compliance Fee (05/2021)" TransName="RESIDENTLIABILITYFEE" TransactionBatchID="1619538297948"/>
    <Transaction CatCode="C" FiscalPeriodEnd="N" LeaID="11226" ReshID="731" SiteID="4404850" TransAmt="10.00" TransDate="2021-05-01" TransDesc="Resident Liability Compliance Fee (05/2021)" TransName="RESIDENTLIABILITYFEE" TransactionBatchID="1619538297949"/>
    <Transaction CatCode="C" FiscalPeriodEnd="N" LeaID="11165" ReshID="738" SiteID="4404850" TransAmt="10.00" TransDate="2021-05-01" TransDesc="Resident Liability Compliance Fee (05/2021)" TransName="RESIDENTLIABILITYFEE" TransactionBatchID="1619538297950"/>
    <Transaction CatCode="C" FiscalPeriodEnd="N" LeaID="11100" ReshID="751" SiteID="4404850" TransAmt="10.00" TransDate="2021-05-01" TransDesc="Resident Liability Compliance Fee (05/2021)" TransName="RESIDENTLIABILITYFEE" TransactionBatchID="1619538297951"/>
    <Transaction CatCode="C" FiscalPeriodEnd="N" LeaID="11179" ReshID="754" SiteID="4404850" TransAmt="10.00" TransDate="2021-05-01" TransDesc="Resident Liability Compliance Fee (05/2021)" TransName="RESIDENTLIABILITYFEE" TransactionBatchID="1619538297952"/>
    <Transaction CatCode="C" FiscalPeriodEnd="N" LeaID="980" ReshID="755" SiteID="4404850" TransAmt="10.00" TransDate="2021-05-01" TransDesc="Resident Liability Compliance Fee (05/2021)" TransName="RESIDENTLIABILITYFEE" TransactionBatchID="1619538297953"/>
    <Transaction CatCode="C" FiscalPeriodEnd="N" LeaID="969" ReshID="747" SiteID="4404850" TransAmt="10.00" TransDate="2021-05-01" TransDesc="Resident Liability Compliance Fee (05/2021)" TransName="RESIDENTLIABILITYFEE" TransactionBatchID="1619538297954"/>
    <Transaction CatCode="C" FiscalPeriodEnd="N" LeaID="1004" ReshID="770" SiteID="4404850" TransAmt="10.00" TransDate="2021-05-01" TransDesc="Resident Liability Compliance Fee (05/2021)" TransName="RESIDENTLIABILITYFEE" TransactionBatchID="1619538297955"/>
    <Transaction CatCode="C" FiscalPeriodEnd="N" LeaID="1007" ReshID="777" SiteID="4404850" TransAmt="10.00" TransDate="2021-05-01" TransDesc="Resident Liability Compliance Fee (05/2021)" TransName="RESIDENTLIABILITYFEE" TransactionBatchID="1619538297956"/>
    <Transaction CatCode="C" FiscalPeriodEnd="N" LeaID="990" ReshID="762" SiteID="4404850" TransAmt="10.00" TransDate="2021-05-01" TransDesc="Resident Liability Compliance Fee (05/2021)" TransName="RESIDENTLIABILITYFEE" TransactionBatchID="1619538297957"/>
    <Transaction CatCode="C" FiscalPeriodEnd="N" LeaID="1015" ReshID="781" SiteID="4404850" TransAmt="10.00" TransDate="2021-05-01" TransDesc="Resident Liability Compliance Fee (05/2021)" TransName="RESIDENTLIABILITYFEE" TransactionBatchID="1619538297958"/>
    <Transaction CatCode="C" FiscalPeriodEnd="N" LeaID="1016" ReshID="782" SiteID="4404850" TransAmt="10.00" TransDate="2021-05-01" TransDesc="Resident Liability Compliance Fee (05/2021)" TransName="RESIDENTLIABILITYFEE" TransactionBatchID="1619538297959"/>
    <Transaction CatCode="C" FiscalPeriodEnd="N" LeaID="986" ReshID="760" SiteID="4404850" TransAmt="10.00" TransDate="2021-05-01" TransDesc="Resident Liability Compliance Fee (05/2021)" TransName="RESIDENTLIABILITYFEE" TransactionBatchID="1619538297960"/>
    <Transaction CatCode="C" FiscalPeriodEnd="N" LeaID="1024" ReshID="678" SiteID="4404850" TransAmt="10.00" TransDate="2021-05-01" TransDesc="Resident Liability Compliance Fee (05/2021)" TransName="RESIDENTLIABILITYFEE" TransactionBatchID="1619538297961"/>
    <Transaction CatCode="C" FiscalPeriodEnd="N" LeaID="1013" ReshID="780" SiteID="4404850" TransAmt="10.00" TransDate="2021-05-01" TransDesc="Resident Liability Compliance Fee (05/2021)" TransName="RESIDENTLIABILITYFEE" TransactionBatchID="1619538297962"/>
    <Transaction CatCode="C" FiscalPeriodEnd="N" LeaID="1048" ReshID="813" SiteID="4404850" TransAmt="10.00" TransDate="2021-05-01" TransDesc="Resident Liability Compliance Fee (05/2021)" TransName="RESIDENTLIABILITYFEE" TransactionBatchID="1619538297963"/>
    <Transaction CatCode="C" FiscalPeriodEnd="N" LeaID="11203" ReshID="812" SiteID="4404850" TransAmt="10.00" TransDate="2021-05-01" TransDesc="Resident Liability Compliance Fee (05/2021)" TransName="RESIDENTLIABILITYFEE" TransactionBatchID="1619538297964"/>
    <Transaction CatCode="C" FiscalPeriodEnd="N" LeaID="1060" ReshID="821" SiteID="4404850" TransAmt="10.00" TransDate="2021-05-01" TransDesc="Resident Liability Compliance Fee (05/2021)" TransName="RESIDENTLIABILITYFEE" TransactionBatchID="1619538297965"/>
    <Transaction CatCode="C" FiscalPeriodEnd="N" LeaID="1023" ReshID="786" SiteID="4404850" TransAmt="10.00" TransDate="2021-05-01" TransDesc="Resident Liability Compliance Fee (05/2021)" TransName="RESIDENTLIABILITYFEE" TransactionBatchID="1619538297966"/>
    <Transaction CatCode="C" FiscalPeriodEnd="N" LeaID="11087" ReshID="824" SiteID="4404850" TransAmt="10.00" TransDate="2021-05-01" TransDesc="Resident Liability Compliance Fee (05/2021)" TransName="RESIDENTLIABILITYFEE" TransactionBatchID="1619538297967"/>
    <Transaction CatCode="C" FiscalPeriodEnd="N" LeaID="1073" ReshID="836" SiteID="4404850" TransAmt="10.00" TransDate="2021-05-01" TransDesc="Resident Liability Compliance Fee (05/2021)" TransName="RESIDENTLIABILITYFEE" TransactionBatchID="1619538297968"/>
    <Transaction CatCode="C" FiscalPeriodEnd="N" LeaID="1061" ReshID="822" SiteID="4404850" TransAmt="10.00" TransDate="2021-05-01" TransDesc="Resident Liability Compliance Fee (05/2021)" TransName="RESIDENTLIABILITYFEE" TransactionBatchID="1619538297969"/>
    <Transaction CatCode="C" FiscalPeriodEnd="N" LeaID="1074" ReshID="837" SiteID="4404850" TransAmt="10.00" TransDate="2021-05-01" TransDesc="Resident Liability Compliance Fee (05/2021)" TransName="RESIDENTLIABILITYFEE" TransactionBatchID="1619538297970"/>
    <Transaction CatCode="C" FiscalPeriodEnd="N" LeaID="1042" ReshID="803" SiteID="4404850" TransAmt="10.00" TransDate="2021-05-01" TransDesc="Resident Liability Compliance Fee (05/2021)" TransName="RESIDENTLIABILITYFEE" TransactionBatchID="1619538297971"/>
    <Transaction CatCode="C" FiscalPeriodEnd="N" LeaID="11200" ReshID="10842" SiteID="4404850" TransAmt="10.00" TransDate="2021-05-01" TransDesc="Resident Liability Compliance Fee (05/2021)" TransName="RESIDENTLIABILITYFEE" TransactionBatchID="1619538297972"/>
    <Transaction CatCode="C" FiscalPeriodEnd="N" LeaID="11082" ReshID="10844" SiteID="4404850" TransAmt="10.00" TransDate="2021-05-01" TransDesc="Resident Liability Compliance Fee (05/2021)" TransName="RESIDENTLIABILITYFEE" TransactionBatchID="1619538297973"/>
    <Transaction CatCode="C" FiscalPeriodEnd="N" LeaID="11085" ReshID="10847" SiteID="4404850" TransAmt="10.00" TransDate="2021-05-01" TransDesc="Resident Liability Compliance Fee (05/2021)" TransName="RESIDENTLIABILITYFEE" TransactionBatchID="1619538297974"/>
    <Transaction CatCode="C" FiscalPeriodEnd="N" LeaID="11083" ReshID="10845" SiteID="4404850" TransAmt="10.00" TransDate="2021-05-01" TransDesc="Resident Liability Compliance Fee (05/2021)" TransName="RESIDENTLIABILITYFEE" TransactionBatchID="1619538297975"/>
    <Transaction CatCode="C" FiscalPeriodEnd="N" LeaID="11111" ReshID="10865" SiteID="4404850" TransAmt="10.00" TransDate="2021-05-01" TransDesc="Resident Liability Compliance Fee (05/2021)" TransName="RESIDENTLIABILITYFEE" TransactionBatchID="1619538297976"/>
    <Transaction CatCode="C" FiscalPeriodEnd="N" LeaID="11095" ReshID="10852" SiteID="4404850" TransAmt="10.00" TransDate="2021-05-01" TransDesc="Resident Liability Compliance Fee (05/2021)" TransName="RESIDENTLIABILITYFEE" TransactionBatchID="1619538297977"/>
    <Transaction CatCode="C" FiscalPeriodEnd="N" LeaID="11139" ReshID="10885" SiteID="4404850" TransAmt="10.00" TransDate="2021-05-01" TransDesc="Resident Liability Compliance Fee (05/2021)" TransName="RESIDENTLIABILITYFEE" TransactionBatchID="1619538297978"/>
    <Transaction CatCode="C" FiscalPeriodEnd="N" LeaID="11157" ReshID="10902" SiteID="4404850" TransAmt="10.00" TransDate="2021-05-01" TransDesc="Resident Liability Compliance Fee (05/2021)" TransName="RESIDENTLIABILITYFEE" TransactionBatchID="1619538297979"/>
    <Transaction CatCode="C" FiscalPeriodEnd="N" LeaID="11177" ReshID="10920" SiteID="4404850" TransAmt="10.00" TransDate="2021-05-01" TransDesc="Resident Liability Compliance Fee (05/2021)" TransName="RESIDENTLIABILITYFEE" TransactionBatchID="1619538297980"/>
    <Transaction CatCode="C" FiscalPeriodEnd="N" LeaID="11173" ReshID="10915" SiteID="4404850" TransAmt="10.00" TransDate="2021-05-01" TransDesc="Resident Liability Compliance Fee (05/2021)" TransName="RESIDENTLIABILITYFEE" TransactionBatchID="1619538297981"/>
    <Transaction CatCode="C" FiscalPeriodEnd="N" LeaID="11239" ReshID="10959" SiteID="4404850" TransAmt="10.00" TransDate="2021-05-01" TransDesc="Resident Liability Compliance Fee (05/2021)" TransName="RESIDENTLIABILITYFEE" TransactionBatchID="1619538297982"/>
    <Transaction CatCode="C" FiscalPeriodEnd="N" LeaID="11244" ReshID="10963" SiteID="4404850" TransAmt="10.00" TransDate="2021-05-01" TransDesc="Resident Liability Compliance Fee (05/2021)" TransName="RESIDENTLIABILITYFEE" TransactionBatchID="1619538297983"/>
    <Transaction CatCode="C" FiscalPeriodEnd="N" LeaID="11238" ReshID="10958" SiteID="4404850" TransAmt="10.00" TransDate="2021-05-01" TransDesc="Resident Liability Compliance Fee (05/2021)" TransName="RESIDENTLIABILITYFEE" TransactionBatchID="1619538297984"/>
</TransactionList>
