<TransactionList>
    <Validation>
        <Audit Count="110" Node="Transaction" Sum="1100.00"/>
    </Validation>
    <Transaction CatCode="C" FiscalPeriodEnd="N" LeaID="1006" ReshID="16" SiteID="4430015" TransAmt="10.00" TransDate="2021-05-01" TransDesc="Resident Liability Compliance Fee (05/2021)" TransName="RESIDENTLIABILITYFEE" TransactionBatchID="1619538297494"/>
    <Transaction CatCode="C" FiscalPeriodEnd="N" LeaID="1226" ReshID="33" SiteID="4430015" TransAmt="10.00" TransDate="2021-05-01" TransDesc="Resident Liability Compliance Fee (05/2021)" TransName="RESIDENTLIABILITYFEE" TransactionBatchID="1619538297495"/>
    <Transaction CatCode="C" FiscalPeriodEnd="N" LeaID="1087" ReshID="56" SiteID="4430015" TransAmt="10.00" TransDate="2021-05-01" TransDesc="Resident Liability Compliance Fee (05/2021)" TransName="RESIDENTLIABILITYFEE" TransactionBatchID="1619538297496"/>
    <Transaction CatCode="C" FiscalPeriodEnd="N" LeaID="1403" ReshID="57" SiteID="4430015" TransAmt="10.00" TransDate="2021-05-01" TransDesc="Resident Liability Compliance Fee (05/2021)" TransName="RESIDENTLIABILITYFEE" TransactionBatchID="1619538297497"/>
    <Transaction CatCode="C" FiscalPeriodEnd="N" LeaID="882" ReshID="60" SiteID="4430015" TransAmt="10.00" TransDate="2021-05-01" TransDesc="Resident Liability Compliance Fee (05/2021)" TransName="RESIDENTLIABILITYFEE" TransactionBatchID="1619538297498"/>
    <Transaction CatCode="C" FiscalPeriodEnd="N" LeaID="1008" ReshID="61" SiteID="4430015" TransAmt="10.00" TransDate="2021-05-01" TransDesc="Resident Liability Compliance Fee (05/2021)" TransName="RESIDENTLIABILITYFEE" TransactionBatchID="1619538297499"/>
    <Transaction CatCode="C" FiscalPeriodEnd="N" LeaID="11411" ReshID="67" SiteID="4430015" TransAmt="10.00" TransDate="2021-05-01" TransDesc="Resident Liability Compliance Fee (05/2021)" TransName="RESIDENTLIABILITYFEE" TransactionBatchID="1619538297500"/>
    <Transaction CatCode="C" FiscalPeriodEnd="N" LeaID="1355" ReshID="68" SiteID="4430015" TransAmt="10.00" TransDate="2021-05-01" TransDesc="Resident Liability Compliance Fee (05/2021)" TransName="RESIDENTLIABILITYFEE" TransactionBatchID="1619538297501"/>
    <Transaction CatCode="C" FiscalPeriodEnd="N" LeaID="1021" ReshID="79" SiteID="4430015" TransAmt="10.00" TransDate="2021-05-01" TransDesc="Resident Liability Compliance Fee (05/2021)" TransName="RESIDENTLIABILITYFEE" TransactionBatchID="1619538297502"/>
    <Transaction CatCode="C" FiscalPeriodEnd="N" LeaID="1211" ReshID="82" SiteID="4430015" TransAmt="10.00" TransDate="2021-05-01" TransDesc="Resident Liability Compliance Fee (05/2021)" TransName="RESIDENTLIABILITYFEE" TransactionBatchID="1619538297503"/>
    <Transaction CatCode="C" FiscalPeriodEnd="N" LeaID="1230" ReshID="93" SiteID="4430015" TransAmt="10.00" TransDate="2021-05-01" TransDesc="Resident Liability Compliance Fee (05/2021)" TransName="RESIDENTLIABILITYFEE" TransactionBatchID="1619538297504"/>
    <Transaction CatCode="C" FiscalPeriodEnd="N" LeaID="1331" ReshID="99" SiteID="4430015" TransAmt="10.00" TransDate="2021-05-01" TransDesc="Resident Liability Compliance Fee (05/2021)" TransName="RESIDENTLIABILITYFEE" TransactionBatchID="1619538297505"/>
    <Transaction CatCode="C" FiscalPeriodEnd="N" LeaID="1178" ReshID="102" SiteID="4430015" TransAmt="10.00" TransDate="2021-05-01" TransDesc="Resident Liability Compliance Fee (05/2021)" TransName="RESIDENTLIABILITYFEE" TransactionBatchID="1619538297506"/>
    <Transaction CatCode="C" FiscalPeriodEnd="N" LeaID="1202" ReshID="115" SiteID="4430015" TransAmt="10.00" TransDate="2021-05-01" TransDesc="Resident Liability Compliance Fee (05/2021)" TransName="RESIDENTLIABILITYFEE" TransactionBatchID="1619538297507"/>
    <Transaction CatCode="C" FiscalPeriodEnd="N" LeaID="1329" ReshID="145" SiteID="4430015" TransAmt="10.00" TransDate="2021-05-01" TransDesc="Resident Liability Compliance Fee (05/2021)" TransName="RESIDENTLIABILITYFEE" TransactionBatchID="1619538297508"/>
    <Transaction CatCode="C" FiscalPeriodEnd="N" LeaID="1016" ReshID="180" SiteID="4430015" TransAmt="10.00" TransDate="2021-05-01" TransDesc="Resident Liability Compliance Fee (05/2021)" TransName="RESIDENTLIABILITYFEE" TransactionBatchID="1619538297509"/>
    <Transaction CatCode="C" FiscalPeriodEnd="N" LeaID="1002" ReshID="197" SiteID="4430015" TransAmt="10.00" TransDate="2021-05-01" TransDesc="Resident Liability Compliance Fee (05/2021)" TransName="RESIDENTLIABILITYFEE" TransactionBatchID="1619538297510"/>
    <Transaction CatCode="C" FiscalPeriodEnd="N" LeaID="1097" ReshID="223" SiteID="4430015" TransAmt="10.00" TransDate="2021-05-01" TransDesc="Resident Liability Compliance Fee (05/2021)" TransName="RESIDENTLIABILITYFEE" TransactionBatchID="1619538297511"/>
    <Transaction CatCode="C" FiscalPeriodEnd="N" LeaID="1005" ReshID="231" SiteID="4430015" TransAmt="10.00" TransDate="2021-05-01" TransDesc="Resident Liability Compliance Fee (05/2021)" TransName="RESIDENTLIABILITYFEE" TransactionBatchID="1619538297512"/>
    <Transaction CatCode="C" FiscalPeriodEnd="N" LeaID="1400" ReshID="242" SiteID="4430015" TransAmt="10.00" TransDate="2021-05-01" TransDesc="Resident Liability Compliance Fee (05/2021)" TransName="RESIDENTLIABILITYFEE" TransactionBatchID="1619538297513"/>
    <Transaction CatCode="C" FiscalPeriodEnd="N" LeaID="1189" ReshID="283" SiteID="4430015" TransAmt="10.00" TransDate="2021-05-01" TransDesc="Resident Liability Compliance Fee (05/2021)" TransName="RESIDENTLIABILITYFEE" TransactionBatchID="1619538297514"/>
    <Transaction CatCode="C" FiscalPeriodEnd="N" LeaID="1237" ReshID="288" SiteID="4430015" TransAmt="10.00" TransDate="2021-05-01" TransDesc="Resident Liability Compliance Fee (05/2021)" TransName="RESIDENTLIABILITYFEE" TransactionBatchID="1619538297515"/>
    <Transaction CatCode="C" FiscalPeriodEnd="N" LeaID="1245" ReshID="289" SiteID="4430015" TransAmt="10.00" TransDate="2021-05-01" TransDesc="Resident Liability Compliance Fee (05/2021)" TransName="RESIDENTLIABILITYFEE" TransactionBatchID="1619538297516"/>
    <Transaction CatCode="C" FiscalPeriodEnd="N" LeaID="1249" ReshID="305" SiteID="4430015" TransAmt="10.00" TransDate="2021-05-01" TransDesc="Resident Liability Compliance Fee (05/2021)" TransName="RESIDENTLIABILITYFEE" TransactionBatchID="1619538297517"/>
    <Transaction CatCode="C" FiscalPeriodEnd="N" LeaID="1139" ReshID="310" SiteID="4430015" TransAmt="10.00" TransDate="2021-05-01" TransDesc="Resident Liability Compliance Fee (05/2021)" TransName="RESIDENTLIABILITYFEE" TransactionBatchID="1619538297518"/>
    <Transaction CatCode="C" FiscalPeriodEnd="N" LeaID="1257" ReshID="311" SiteID="4430015" TransAmt="10.00" TransDate="2021-05-01" TransDesc="Resident Liability Compliance Fee (05/2021)" TransName="RESIDENTLIABILITYFEE" TransactionBatchID="1619538297519"/>
    <Transaction CatCode="C" FiscalPeriodEnd="N" LeaID="1312" ReshID="333" SiteID="4430015" TransAmt="10.00" TransDate="2021-05-01" TransDesc="Resident Liability Compliance Fee (05/2021)" TransName="RESIDENTLIABILITYFEE" TransactionBatchID="1619538297520"/>
    <Transaction CatCode="C" FiscalPeriodEnd="N" LeaID="1370" ReshID="360" SiteID="4430015" TransAmt="10.00" TransDate="2021-05-01" TransDesc="Resident Liability Compliance Fee (05/2021)" TransName="RESIDENTLIABILITYFEE" TransactionBatchID="1619538297521"/>
    <Transaction CatCode="C" FiscalPeriodEnd="N" LeaID="1351" ReshID="373" SiteID="4430015" TransAmt="10.00" TransDate="2021-05-01" TransDesc="Resident Liability Compliance Fee (05/2021)" TransName="RESIDENTLIABILITYFEE" TransactionBatchID="1619538297522"/>
    <Transaction CatCode="C" FiscalPeriodEnd="N" LeaID="965" ReshID="388" SiteID="4430015" TransAmt="10.00" TransDate="2021-05-01" TransDesc="Resident Liability Compliance Fee (05/2021)" TransName="RESIDENTLIABILITYFEE" TransactionBatchID="1619538297523"/>
    <Transaction CatCode="C" FiscalPeriodEnd="N" LeaID="977" ReshID="389" SiteID="4430015" TransAmt="10.00" TransDate="2021-05-01" TransDesc="Resident Liability Compliance Fee (05/2021)" TransName="RESIDENTLIABILITYFEE" TransactionBatchID="1619538297524"/>
    <Transaction CatCode="C" FiscalPeriodEnd="N" LeaID="983" ReshID="404" SiteID="4430015" TransAmt="10.00" TransDate="2021-05-01" TransDesc="Resident Liability Compliance Fee (05/2021)" TransName="RESIDENTLIABILITYFEE" TransactionBatchID="1619538297525"/>
    <Transaction CatCode="C" FiscalPeriodEnd="N" LeaID="951" ReshID="409" SiteID="4430015" TransAmt="10.00" TransDate="2021-05-01" TransDesc="Resident Liability Compliance Fee (05/2021)" TransName="RESIDENTLIABILITYFEE" TransactionBatchID="1619538297526"/>
    <Transaction CatCode="C" FiscalPeriodEnd="N" LeaID="976" ReshID="430" SiteID="4430015" TransAmt="10.00" TransDate="2021-05-01" TransDesc="Resident Liability Compliance Fee (05/2021)" TransName="RESIDENTLIABILITYFEE" TransactionBatchID="1619538297527"/>
    <Transaction CatCode="C" FiscalPeriodEnd="N" LeaID="979" ReshID="435" SiteID="4430015" TransAmt="10.00" TransDate="2021-05-01" TransDesc="Resident Liability Compliance Fee (05/2021)" TransName="RESIDENTLIABILITYFEE" TransactionBatchID="1619538297528"/>
    <Transaction CatCode="C" FiscalPeriodEnd="N" LeaID="1098" ReshID="444" SiteID="4430015" TransAmt="10.00" TransDate="2021-05-01" TransDesc="Resident Liability Compliance Fee (05/2021)" TransName="RESIDENTLIABILITYFEE" TransactionBatchID="1619538297529"/>
    <Transaction CatCode="C" FiscalPeriodEnd="N" LeaID="937" ReshID="451" SiteID="4430015" TransAmt="10.00" TransDate="2021-05-01" TransDesc="Resident Liability Compliance Fee (05/2021)" TransName="RESIDENTLIABILITYFEE" TransactionBatchID="1619538297530"/>
    <Transaction CatCode="C" FiscalPeriodEnd="N" LeaID="1039" ReshID="226" SiteID="4430015" TransAmt="10.00" TransDate="2021-05-01" TransDesc="Resident Liability Compliance Fee (05/2021)" TransName="RESIDENTLIABILITYFEE" TransactionBatchID="1619538297531"/>
    <Transaction CatCode="C" FiscalPeriodEnd="N" LeaID="11414" ReshID="228" SiteID="4430015" TransAmt="10.00" TransDate="2021-05-01" TransDesc="Resident Liability Compliance Fee (05/2021)" TransName="RESIDENTLIABILITYFEE" TransactionBatchID="1619538297532"/>
    <Transaction CatCode="C" FiscalPeriodEnd="N" LeaID="1156" ReshID="229" SiteID="4430015" TransAmt="10.00" TransDate="2021-05-01" TransDesc="Resident Liability Compliance Fee (05/2021)" TransName="RESIDENTLIABILITYFEE" TransactionBatchID="1619538297533"/>
    <Transaction CatCode="C" FiscalPeriodEnd="N" LeaID="1108" ReshID="474" SiteID="4430015" TransAmt="10.00" TransDate="2021-05-01" TransDesc="Resident Liability Compliance Fee (05/2021)" TransName="RESIDENTLIABILITYFEE" TransactionBatchID="1619538297534"/>
    <Transaction CatCode="C" FiscalPeriodEnd="N" LeaID="1110" ReshID="467" SiteID="4430015" TransAmt="10.00" TransDate="2021-05-01" TransDesc="Resident Liability Compliance Fee (05/2021)" TransName="RESIDENTLIABILITYFEE" TransactionBatchID="1619538297535"/>
    <Transaction CatCode="C" FiscalPeriodEnd="N" LeaID="1238" ReshID="595" SiteID="4430015" TransAmt="10.00" TransDate="2021-05-01" TransDesc="Resident Liability Compliance Fee (05/2021)" TransName="RESIDENTLIABILITYFEE" TransactionBatchID="1619538297536"/>
    <Transaction CatCode="C" FiscalPeriodEnd="N" LeaID="1203" ReshID="485" SiteID="4430015" TransAmt="10.00" TransDate="2021-05-01" TransDesc="Resident Liability Compliance Fee (05/2021)" TransName="RESIDENTLIABILITYFEE" TransactionBatchID="1619538297537"/>
    <Transaction CatCode="C" FiscalPeriodEnd="N" LeaID="1235" ReshID="515" SiteID="4430015" TransAmt="10.00" TransDate="2021-05-01" TransDesc="Resident Liability Compliance Fee (05/2021)" TransName="RESIDENTLIABILITYFEE" TransactionBatchID="1619538297538"/>
    <Transaction CatCode="C" FiscalPeriodEnd="N" LeaID="1318" ReshID="647" SiteID="4430015" TransAmt="10.00" TransDate="2021-05-01" TransDesc="Resident Liability Compliance Fee (05/2021)" TransName="RESIDENTLIABILITYFEE" TransactionBatchID="1619538297539"/>
    <Transaction CatCode="C" FiscalPeriodEnd="N" LeaID="1227" ReshID="517" SiteID="4430015" TransAmt="10.00" TransDate="2021-05-01" TransDesc="Resident Liability Compliance Fee (05/2021)" TransName="RESIDENTLIABILITYFEE" TransactionBatchID="1619538297540"/>
    <Transaction CatCode="C" FiscalPeriodEnd="N" LeaID="1272" ReshID="659" SiteID="4430015" TransAmt="10.00" TransDate="2021-05-01" TransDesc="Resident Liability Compliance Fee (05/2021)" TransName="RESIDENTLIABILITYFEE" TransactionBatchID="1619538297541"/>
    <Transaction CatCode="C" FiscalPeriodEnd="N" LeaID="1300" ReshID="683" SiteID="4430015" TransAmt="10.00" TransDate="2021-05-01" TransDesc="Resident Liability Compliance Fee (05/2021)" TransName="RESIDENTLIABILITYFEE" TransactionBatchID="1619538297542"/>
    <Transaction CatCode="C" FiscalPeriodEnd="N" LeaID="1376" ReshID="732" SiteID="4430015" TransAmt="10.00" TransDate="2021-05-01" TransDesc="Resident Liability Compliance Fee (05/2021)" TransName="RESIDENTLIABILITYFEE" TransactionBatchID="1619538297543"/>
    <Transaction CatCode="C" FiscalPeriodEnd="N" LeaID="11428" ReshID="748" SiteID="4430015" TransAmt="10.00" TransDate="2021-05-01" TransDesc="Resident Liability Compliance Fee (05/2021)" TransName="RESIDENTLIABILITYFEE" TransactionBatchID="1619538297544"/>
    <Transaction CatCode="C" FiscalPeriodEnd="N" LeaID="991" ReshID="764" SiteID="4430015" TransAmt="10.00" TransDate="2021-05-01" TransDesc="Resident Liability Compliance Fee (05/2021)" TransName="RESIDENTLIABILITYFEE" TransactionBatchID="1619538297545"/>
    <Transaction CatCode="C" FiscalPeriodEnd="N" LeaID="1032" ReshID="783" SiteID="4430015" TransAmt="10.00" TransDate="2021-05-01" TransDesc="Resident Liability Compliance Fee (05/2021)" TransName="RESIDENTLIABILITYFEE" TransactionBatchID="1619538297546"/>
    <Transaction CatCode="C" FiscalPeriodEnd="N" LeaID="1033" ReshID="784" SiteID="4430015" TransAmt="10.00" TransDate="2021-05-01" TransDesc="Resident Liability Compliance Fee (05/2021)" TransName="RESIDENTLIABILITYFEE" TransactionBatchID="1619538297547"/>
    <Transaction CatCode="C" FiscalPeriodEnd="N" LeaID="1045" ReshID="792" SiteID="4430015" TransAmt="10.00" TransDate="2021-05-01" TransDesc="Resident Liability Compliance Fee (05/2021)" TransName="RESIDENTLIABILITYFEE" TransactionBatchID="1619538297548"/>
    <Transaction CatCode="C" FiscalPeriodEnd="N" LeaID="1037" ReshID="786" SiteID="4430015" TransAmt="10.00" TransDate="2021-05-01" TransDesc="Resident Liability Compliance Fee (05/2021)" TransName="RESIDENTLIABILITYFEE" TransactionBatchID="1619538297549"/>
    <Transaction CatCode="C" FiscalPeriodEnd="N" LeaID="1062" ReshID="808" SiteID="4430015" TransAmt="10.00" TransDate="2021-05-01" TransDesc="Resident Liability Compliance Fee (05/2021)" TransName="RESIDENTLIABILITYFEE" TransactionBatchID="1619538297550"/>
    <Transaction CatCode="C" FiscalPeriodEnd="N" LeaID="1079" ReshID="827" SiteID="4430015" TransAmt="10.00" TransDate="2021-05-01" TransDesc="Resident Liability Compliance Fee (05/2021)" TransName="RESIDENTLIABILITYFEE" TransactionBatchID="1619538297551"/>
    <Transaction CatCode="C" FiscalPeriodEnd="N" LeaID="1051" ReshID="798" SiteID="4430015" TransAmt="10.00" TransDate="2021-05-01" TransDesc="Resident Liability Compliance Fee (05/2021)" TransName="RESIDENTLIABILITYFEE" TransactionBatchID="1619538297552"/>
    <Transaction CatCode="C" FiscalPeriodEnd="N" LeaID="1025" ReshID="778" SiteID="4430015" TransAmt="10.00" TransDate="2021-05-01" TransDesc="Resident Liability Compliance Fee (05/2021)" TransName="RESIDENTLIABILITYFEE" TransactionBatchID="1619538297553"/>
    <Transaction CatCode="C" FiscalPeriodEnd="N" LeaID="1094" ReshID="839" SiteID="4430015" TransAmt="10.00" TransDate="2021-05-01" TransDesc="Resident Liability Compliance Fee (05/2021)" TransName="RESIDENTLIABILITYFEE" TransactionBatchID="1619538297554"/>
    <Transaction CatCode="C" FiscalPeriodEnd="N" LeaID="1055" ReshID="803" SiteID="4430015" TransAmt="10.00" TransDate="2021-05-01" TransDesc="Resident Liability Compliance Fee (05/2021)" TransName="RESIDENTLIABILITYFEE" TransactionBatchID="1619538297555"/>
    <Transaction CatCode="C" FiscalPeriodEnd="N" LeaID="1082" ReshID="829" SiteID="4430015" TransAmt="10.00" TransDate="2021-05-01" TransDesc="Resident Liability Compliance Fee (05/2021)" TransName="RESIDENTLIABILITYFEE" TransactionBatchID="1619538297556"/>
    <Transaction CatCode="C" FiscalPeriodEnd="N" LeaID="1135" ReshID="856" SiteID="4430015" TransAmt="10.00" TransDate="2021-05-01" TransDesc="Resident Liability Compliance Fee (05/2021)" TransName="RESIDENTLIABILITYFEE" TransactionBatchID="1619538297557"/>
    <Transaction CatCode="C" FiscalPeriodEnd="N" LeaID="1148" ReshID="867" SiteID="4430015" TransAmt="10.00" TransDate="2021-05-01" TransDesc="Resident Liability Compliance Fee (05/2021)" TransName="RESIDENTLIABILITYFEE" TransactionBatchID="1619538297558"/>
    <Transaction CatCode="C" FiscalPeriodEnd="N" LeaID="1147" ReshID="866" SiteID="4430015" TransAmt="10.00" TransDate="2021-05-01" TransDesc="Resident Liability Compliance Fee (05/2021)" TransName="RESIDENTLIABILITYFEE" TransactionBatchID="1619538297559"/>
    <Transaction CatCode="C" FiscalPeriodEnd="N" LeaID="1158" ReshID="873" SiteID="4430015" TransAmt="10.00" TransDate="2021-05-01" TransDesc="Resident Liability Compliance Fee (05/2021)" TransName="RESIDENTLIABILITYFEE" TransactionBatchID="1619538297560"/>
    <Transaction CatCode="C" FiscalPeriodEnd="N" LeaID="1067" ReshID="812" SiteID="4430015" TransAmt="10.00" TransDate="2021-05-01" TransDesc="Resident Liability Compliance Fee (05/2021)" TransName="RESIDENTLIABILITYFEE" TransactionBatchID="1619538297561"/>
    <Transaction CatCode="C" FiscalPeriodEnd="N" LeaID="1096" ReshID="841" SiteID="4430015" TransAmt="10.00" TransDate="2021-05-01" TransDesc="Resident Liability Compliance Fee (05/2021)" TransName="RESIDENTLIABILITYFEE" TransactionBatchID="1619538297562"/>
    <Transaction CatCode="C" FiscalPeriodEnd="N" LeaID="1078" ReshID="821" SiteID="4430015" TransAmt="10.00" TransDate="2021-05-01" TransDesc="Resident Liability Compliance Fee (05/2021)" TransName="RESIDENTLIABILITYFEE" TransactionBatchID="1619538297563"/>
    <Transaction CatCode="C" FiscalPeriodEnd="N" LeaID="1089" ReshID="835" SiteID="4430015" TransAmt="10.00" TransDate="2021-05-01" TransDesc="Resident Liability Compliance Fee (05/2021)" TransName="RESIDENTLIABILITYFEE" TransactionBatchID="1619538297564"/>
    <Transaction CatCode="C" FiscalPeriodEnd="N" LeaID="1160" ReshID="874" SiteID="4430015" TransAmt="10.00" TransDate="2021-05-01" TransDesc="Resident Liability Compliance Fee (05/2021)" TransName="RESIDENTLIABILITYFEE" TransactionBatchID="1619538297565"/>
    <Transaction CatCode="C" FiscalPeriodEnd="N" LeaID="1195" ReshID="895" SiteID="4430015" TransAmt="10.00" TransDate="2021-05-01" TransDesc="Resident Liability Compliance Fee (05/2021)" TransName="RESIDENTLIABILITYFEE" TransactionBatchID="1619538297566"/>
    <Transaction CatCode="C" FiscalPeriodEnd="N" LeaID="1184" ReshID="887" SiteID="4430015" TransAmt="10.00" TransDate="2021-05-01" TransDesc="Resident Liability Compliance Fee (05/2021)" TransName="RESIDENTLIABILITYFEE" TransactionBatchID="1619538297567"/>
    <Transaction CatCode="C" FiscalPeriodEnd="N" LeaID="1209" ReshID="456" SiteID="4430015" TransAmt="10.00" TransDate="2021-05-01" TransDesc="Resident Liability Compliance Fee (05/2021)" TransName="RESIDENTLIABILITYFEE" TransactionBatchID="1619538297568"/>
    <Transaction CatCode="C" FiscalPeriodEnd="N" LeaID="1185" ReshID="888" SiteID="4430015" TransAmt="10.00" TransDate="2021-05-01" TransDesc="Resident Liability Compliance Fee (05/2021)" TransName="RESIDENTLIABILITYFEE" TransactionBatchID="1619538297569"/>
    <Transaction CatCode="C" FiscalPeriodEnd="N" LeaID="1270" ReshID="924" SiteID="4430015" TransAmt="10.00" TransDate="2021-05-01" TransDesc="Resident Liability Compliance Fee (05/2021)" TransName="RESIDENTLIABILITYFEE" TransactionBatchID="1619538297570"/>
    <Transaction CatCode="C" FiscalPeriodEnd="N" LeaID="1289" ReshID="935" SiteID="4430015" TransAmt="10.00" TransDate="2021-05-01" TransDesc="Resident Liability Compliance Fee (05/2021)" TransName="RESIDENTLIABILITYFEE" TransactionBatchID="1619538297571"/>
    <Transaction CatCode="C" FiscalPeriodEnd="N" LeaID="1248" ReshID="915" SiteID="4430015" TransAmt="10.00" TransDate="2021-05-01" TransDesc="Resident Liability Compliance Fee (05/2021)" TransName="RESIDENTLIABILITYFEE" TransactionBatchID="1619538297572"/>
    <Transaction CatCode="C" FiscalPeriodEnd="N" LeaID="1305" ReshID="945" SiteID="4430015" TransAmt="10.00" TransDate="2021-05-01" TransDesc="Resident Liability Compliance Fee (05/2021)" TransName="RESIDENTLIABILITYFEE" TransactionBatchID="1619538297573"/>
    <Transaction CatCode="C" FiscalPeriodEnd="N" LeaID="1302" ReshID="943" SiteID="4430015" TransAmt="10.00" TransDate="2021-05-01" TransDesc="Resident Liability Compliance Fee (05/2021)" TransName="RESIDENTLIABILITYFEE" TransactionBatchID="1619538297574"/>
    <Transaction CatCode="C" FiscalPeriodEnd="N" LeaID="1232" ReshID="906" SiteID="4430015" TransAmt="10.00" TransDate="2021-05-01" TransDesc="Resident Liability Compliance Fee (05/2021)" TransName="RESIDENTLIABILITYFEE" TransactionBatchID="1619538297575"/>
    <Transaction CatCode="C" FiscalPeriodEnd="N" LeaID="1253" ReshID="916" SiteID="4430015" TransAmt="10.00" TransDate="2021-05-01" TransDesc="Resident Liability Compliance Fee (05/2021)" TransName="RESIDENTLIABILITYFEE" TransactionBatchID="1619538297576"/>
    <Transaction CatCode="C" FiscalPeriodEnd="N" LeaID="992" ReshID="765" SiteID="4430015" TransAmt="10.00" TransDate="2021-05-01" TransDesc="Resident Liability Compliance Fee (05/2021)" TransName="RESIDENTLIABILITYFEE" TransactionBatchID="1619538297577"/>
    <Transaction CatCode="C" FiscalPeriodEnd="N" LeaID="1323" ReshID="958" SiteID="4430015" TransAmt="10.00" TransDate="2021-05-01" TransDesc="Resident Liability Compliance Fee (05/2021)" TransName="RESIDENTLIABILITYFEE" TransactionBatchID="1619538297578"/>
    <Transaction CatCode="C" FiscalPeriodEnd="N" LeaID="1325" ReshID="960" SiteID="4430015" TransAmt="10.00" TransDate="2021-05-01" TransDesc="Resident Liability Compliance Fee (05/2021)" TransName="RESIDENTLIABILITYFEE" TransactionBatchID="1619538297579"/>
    <Transaction CatCode="C" FiscalPeriodEnd="N" LeaID="1327" ReshID="962" SiteID="4430015" TransAmt="10.00" TransDate="2021-05-01" TransDesc="Resident Liability Compliance Fee (05/2021)" TransName="RESIDENTLIABILITYFEE" TransactionBatchID="1619538297580"/>
    <Transaction CatCode="C" FiscalPeriodEnd="N" LeaID="1301" ReshID="942" SiteID="4430015" TransAmt="10.00" TransDate="2021-05-01" TransDesc="Resident Liability Compliance Fee (05/2021)" TransName="RESIDENTLIABILITYFEE" TransactionBatchID="1619538297581"/>
    <Transaction CatCode="C" FiscalPeriodEnd="N" LeaID="1341" ReshID="969" SiteID="4430015" TransAmt="10.00" TransDate="2021-05-01" TransDesc="Resident Liability Compliance Fee (05/2021)" TransName="RESIDENTLIABILITYFEE" TransactionBatchID="1619538297582"/>
    <Transaction CatCode="C" FiscalPeriodEnd="N" LeaID="1273" ReshID="926" SiteID="4430015" TransAmt="10.00" TransDate="2021-05-01" TransDesc="Resident Liability Compliance Fee (05/2021)" TransName="RESIDENTLIABILITYFEE" TransactionBatchID="1619538297583"/>
    <Transaction CatCode="C" FiscalPeriodEnd="N" LeaID="1282" ReshID="930" SiteID="4430015" TransAmt="10.00" TransDate="2021-05-01" TransDesc="Resident Liability Compliance Fee (05/2021)" TransName="RESIDENTLIABILITYFEE" TransactionBatchID="1619538297584"/>
    <Transaction CatCode="C" FiscalPeriodEnd="N" LeaID="1294" ReshID="940" SiteID="4430015" TransAmt="10.00" TransDate="2021-05-01" TransDesc="Resident Liability Compliance Fee (05/2021)" TransName="RESIDENTLIABILITYFEE" TransactionBatchID="1619538297585"/>
    <Transaction CatCode="C" FiscalPeriodEnd="N" LeaID="1344" ReshID="972" SiteID="4430015" TransAmt="10.00" TransDate="2021-05-01" TransDesc="Resident Liability Compliance Fee (05/2021)" TransName="RESIDENTLIABILITYFEE" TransactionBatchID="1619538297586"/>
    <Transaction CatCode="C" FiscalPeriodEnd="N" LeaID="1353" ReshID="976" SiteID="4430015" TransAmt="10.00" TransDate="2021-05-01" TransDesc="Resident Liability Compliance Fee (05/2021)" TransName="RESIDENTLIABILITYFEE" TransactionBatchID="1619538297587"/>
    <Transaction CatCode="C" FiscalPeriodEnd="N" LeaID="1326" ReshID="961" SiteID="4430015" TransAmt="10.00" TransDate="2021-05-01" TransDesc="Resident Liability Compliance Fee (05/2021)" TransName="RESIDENTLIABILITYFEE" TransactionBatchID="1619538297588"/>
    <Transaction CatCode="C" FiscalPeriodEnd="N" LeaID="1315" ReshID="953" SiteID="4430015" TransAmt="10.00" TransDate="2021-05-01" TransDesc="Resident Liability Compliance Fee (05/2021)" TransName="RESIDENTLIABILITYFEE" TransactionBatchID="1619538297589"/>
    <Transaction CatCode="C" FiscalPeriodEnd="N" LeaID="1372" ReshID="985" SiteID="4430015" TransAmt="10.00" TransDate="2021-05-01" TransDesc="Resident Liability Compliance Fee (05/2021)" TransName="RESIDENTLIABILITYFEE" TransactionBatchID="1619538297590"/>
    <Transaction CatCode="C" FiscalPeriodEnd="N" LeaID="1382" ReshID="993" SiteID="4430015" TransAmt="10.00" TransDate="2021-05-01" TransDesc="Resident Liability Compliance Fee (05/2021)" TransName="RESIDENTLIABILITYFEE" TransactionBatchID="1619538297591"/>
    <Transaction CatCode="C" FiscalPeriodEnd="N" LeaID="1404" ReshID="1007" SiteID="4430015" TransAmt="10.00" TransDate="2021-05-01" TransDesc="Resident Liability Compliance Fee (05/2021)" TransName="RESIDENTLIABILITYFEE" TransactionBatchID="1619538297592"/>
    <Transaction CatCode="C" FiscalPeriodEnd="N" LeaID="1386" ReshID="997" SiteID="4430015" TransAmt="10.00" TransDate="2021-05-01" TransDesc="Resident Liability Compliance Fee (05/2021)" TransName="RESIDENTLIABILITYFEE" TransactionBatchID="1619538297593"/>
    <Transaction CatCode="C" FiscalPeriodEnd="N" LeaID="1387" ReshID="998" SiteID="4430015" TransAmt="10.00" TransDate="2021-05-01" TransDesc="Resident Liability Compliance Fee (05/2021)" TransName="RESIDENTLIABILITYFEE" TransactionBatchID="1619538297594"/>
    <Transaction CatCode="C" FiscalPeriodEnd="N" LeaID="1354" ReshID="977" SiteID="4430015" TransAmt="10.00" TransDate="2021-05-01" TransDesc="Resident Liability Compliance Fee (05/2021)" TransName="RESIDENTLIABILITYFEE" TransactionBatchID="1619538297595"/>
    <Transaction CatCode="C" FiscalPeriodEnd="N" LeaID="1360" ReshID="981" SiteID="4430015" TransAmt="10.00" TransDate="2021-05-01" TransDesc="Resident Liability Compliance Fee (05/2021)" TransName="RESIDENTLIABILITYFEE" TransactionBatchID="1619538297596"/>
    <Transaction CatCode="C" FiscalPeriodEnd="N" LeaID="11418" ReshID="1017" SiteID="4430015" TransAmt="10.00" TransDate="2021-05-01" TransDesc="Resident Liability Compliance Fee (05/2021)" TransName="RESIDENTLIABILITYFEE" TransactionBatchID="1619538297597"/>
    <Transaction CatCode="C" FiscalPeriodEnd="N" LeaID="11422" ReshID="1022" SiteID="4430015" TransAmt="10.00" TransDate="2021-05-01" TransDesc="Resident Liability Compliance Fee (05/2021)" TransName="RESIDENTLIABILITYFEE" TransactionBatchID="1619538297598"/>
    <Transaction CatCode="C" FiscalPeriodEnd="N" LeaID="11427" ReshID="1023" SiteID="4430015" TransAmt="10.00" TransDate="2021-05-01" TransDesc="Resident Liability Compliance Fee (05/2021)" TransName="RESIDENTLIABILITYFEE" TransactionBatchID="1619538297599"/>
    <Transaction CatCode="C" FiscalPeriodEnd="N" LeaID="11431" ReshID="1024" SiteID="4430015" TransAmt="10.00" TransDate="2021-05-01" TransDesc="Resident Liability Compliance Fee (05/2021)" TransName="RESIDENTLIABILITYFEE" TransactionBatchID="1619538297600"/>
    <Transaction CatCode="C" FiscalPeriodEnd="N" LeaID="11454" ReshID="1051" SiteID="4430015" TransAmt="10.00" TransDate="2021-05-01" TransDesc="Resident Liability Compliance Fee (05/2021)" TransName="RESIDENTLIABILITYFEE" TransactionBatchID="1619538297601"/>
    <Transaction CatCode="C" FiscalPeriodEnd="N" LeaID="1041" ReshID="789" SiteID="4430015" TransAmt="10.00" TransDate="2021-05-01" TransDesc="Resident Liability Compliance Fee (05/2021)" TransName="RESIDENTLIABILITYFEE" TransactionBatchID="1619538297602"/>
    <Transaction CatCode="C" FiscalPeriodEnd="N" LeaID="11446" ReshID="1045" SiteID="4430015" TransAmt="10.00" TransDate="2021-05-01" TransDesc="Resident Liability Compliance Fee (05/2021)" TransName="RESIDENTLIABILITYFEE" TransactionBatchID="1619538297603"/>
</TransactionList>
