<TransactionList>
    <Validation>
        <Audit Count="87" Node="Transaction" Sum="870.00"/>
    </Validation>
    <Transaction CatCode="C" FiscalPeriodEnd="N" LeaID="914" ReshID="17" SiteID="4440599" TransAmt="10.00" TransDate="2021-05-01" TransDesc="Resident Liability Compliance Fee (05/2021)" TransName="RESIDENTLIABILITYFEE" TransactionBatchID="1619538296341"/>
    <Transaction CatCode="C" FiscalPeriodEnd="N" LeaID="874" ReshID="65" SiteID="4440599" TransAmt="10.00" TransDate="2021-05-01" TransDesc="Resident Liability Compliance Fee (05/2021)" TransName="RESIDENTLIABILITYFEE" TransactionBatchID="1619538296342"/>
    <Transaction CatCode="C" FiscalPeriodEnd="N" LeaID="904" ReshID="66" SiteID="4440599" TransAmt="10.00" TransDate="2021-05-01" TransDesc="Resident Liability Compliance Fee (05/2021)" TransName="RESIDENTLIABILITYFEE" TransactionBatchID="1619538296343"/>
    <Transaction CatCode="C" FiscalPeriodEnd="N" LeaID="836" ReshID="88" SiteID="4440599" TransAmt="10.00" TransDate="2021-05-01" TransDesc="Resident Liability Compliance Fee (05/2021)" TransName="RESIDENTLIABILITYFEE" TransactionBatchID="1619538296344"/>
    <Transaction CatCode="C" FiscalPeriodEnd="N" LeaID="752" ReshID="101" SiteID="4440599" TransAmt="10.00" TransDate="2021-05-01" TransDesc="Resident Liability Compliance Fee (05/2021)" TransName="RESIDENTLIABILITYFEE" TransactionBatchID="1619538296345"/>
    <Transaction CatCode="C" FiscalPeriodEnd="N" LeaID="887" ReshID="108" SiteID="4440599" TransAmt="10.00" TransDate="2021-05-01" TransDesc="Resident Liability Compliance Fee (05/2021)" TransName="RESIDENTLIABILITYFEE" TransactionBatchID="1619538296346"/>
    <Transaction CatCode="C" FiscalPeriodEnd="N" LeaID="886" ReshID="113" SiteID="4440599" TransAmt="10.00" TransDate="2021-05-01" TransDesc="Resident Liability Compliance Fee (05/2021)" TransName="RESIDENTLIABILITYFEE" TransactionBatchID="1619538296347"/>
    <Transaction CatCode="C" FiscalPeriodEnd="N" LeaID="725" ReshID="159" SiteID="4440599" TransAmt="10.00" TransDate="2021-05-01" TransDesc="Resident Liability Compliance Fee (05/2021)" TransName="RESIDENTLIABILITYFEE" TransactionBatchID="1619538296348"/>
    <Transaction CatCode="C" FiscalPeriodEnd="N" LeaID="776" ReshID="177" SiteID="4440599" TransAmt="10.00" TransDate="2021-05-01" TransDesc="Resident Liability Compliance Fee (05/2021)" TransName="RESIDENTLIABILITYFEE" TransactionBatchID="1619538296349"/>
    <Transaction CatCode="C" FiscalPeriodEnd="N" LeaID="797" ReshID="185" SiteID="4440599" TransAmt="10.00" TransDate="2021-05-01" TransDesc="Resident Liability Compliance Fee (05/2021)" TransName="RESIDENTLIABILITYFEE" TransactionBatchID="1619538296350"/>
    <Transaction CatCode="C" FiscalPeriodEnd="N" LeaID="830" ReshID="209" SiteID="4440599" TransAmt="10.00" TransDate="2021-05-01" TransDesc="Resident Liability Compliance Fee (05/2021)" TransName="RESIDENTLIABILITYFEE" TransactionBatchID="1619538296351"/>
    <Transaction CatCode="C" FiscalPeriodEnd="N" LeaID="814" ReshID="234" SiteID="4440599" TransAmt="10.00" TransDate="2021-05-01" TransDesc="Resident Liability Compliance Fee (05/2021)" TransName="RESIDENTLIABILITYFEE" TransactionBatchID="1619538296352"/>
    <Transaction CatCode="C" FiscalPeriodEnd="N" LeaID="750" ReshID="240" SiteID="4440599" TransAmt="10.00" TransDate="2021-05-01" TransDesc="Resident Liability Compliance Fee (05/2021)" TransName="RESIDENTLIABILITYFEE" TransactionBatchID="1619538296353"/>
    <Transaction CatCode="C" FiscalPeriodEnd="N" LeaID="612" ReshID="309" SiteID="4440599" TransAmt="10.00" TransDate="2021-05-01" TransDesc="Resident Liability Compliance Fee (05/2021)" TransName="RESIDENTLIABILITYFEE" TransactionBatchID="1619538296354"/>
    <Transaction CatCode="C" FiscalPeriodEnd="N" LeaID="935" ReshID="313" SiteID="4440599" TransAmt="10.00" TransDate="2021-05-01" TransDesc="Resident Liability Compliance Fee (05/2021)" TransName="RESIDENTLIABILITYFEE" TransactionBatchID="1619538296355"/>
    <Transaction CatCode="C" FiscalPeriodEnd="N" LeaID="918" ReshID="38" SiteID="4440599" TransAmt="10.00" TransDate="2021-05-01" TransDesc="Resident Liability Compliance Fee (05/2021)" TransName="RESIDENTLIABILITYFEE" TransactionBatchID="1619538296356"/>
    <Transaction CatCode="C" FiscalPeriodEnd="N" LeaID="760" ReshID="323" SiteID="4440599" TransAmt="10.00" TransDate="2021-05-01" TransDesc="Resident Liability Compliance Fee (05/2021)" TransName="RESIDENTLIABILITYFEE" TransactionBatchID="1619538296357"/>
    <Transaction CatCode="C" FiscalPeriodEnd="N" LeaID="670" ReshID="157" SiteID="4440599" TransAmt="10.00" TransDate="2021-05-01" TransDesc="Resident Liability Compliance Fee (05/2021)" TransName="RESIDENTLIABILITYFEE" TransactionBatchID="1619538296358"/>
    <Transaction CatCode="C" FiscalPeriodEnd="N" LeaID="626" ReshID="71" SiteID="4440599" TransAmt="10.00" TransDate="2021-05-01" TransDesc="Resident Liability Compliance Fee (05/2021)" TransName="RESIDENTLIABILITYFEE" TransactionBatchID="1619538296359"/>
    <Transaction CatCode="C" FiscalPeriodEnd="N" LeaID="692" ReshID="164" SiteID="4440599" TransAmt="10.00" TransDate="2021-05-01" TransDesc="Resident Liability Compliance Fee (05/2021)" TransName="RESIDENTLIABILITYFEE" TransactionBatchID="1619538296360"/>
    <Transaction CatCode="C" FiscalPeriodEnd="N" LeaID="672" ReshID="171" SiteID="4440599" TransAmt="10.00" TransDate="2021-05-01" TransDesc="Resident Liability Compliance Fee (05/2021)" TransName="RESIDENTLIABILITYFEE" TransactionBatchID="1619538296361"/>
    <Transaction CatCode="C" FiscalPeriodEnd="N" LeaID="648" ReshID="138" SiteID="4440599" TransAmt="10.00" TransDate="2021-05-01" TransDesc="Resident Liability Compliance Fee (05/2021)" TransName="RESIDENTLIABILITYFEE" TransactionBatchID="1619538296362"/>
    <Transaction CatCode="C" FiscalPeriodEnd="N" LeaID="651" ReshID="172" SiteID="4440599" TransAmt="10.00" TransDate="2021-05-01" TransDesc="Resident Liability Compliance Fee (05/2021)" TransName="RESIDENTLIABILITYFEE" TransactionBatchID="1619538296363"/>
    <Transaction CatCode="C" FiscalPeriodEnd="N" LeaID="671" ReshID="334" SiteID="4440599" TransAmt="10.00" TransDate="2021-05-01" TransDesc="Resident Liability Compliance Fee (05/2021)" TransName="RESIDENTLIABILITYFEE" TransactionBatchID="1619538296364"/>
    <Transaction CatCode="C" FiscalPeriodEnd="N" LeaID="688" ReshID="335" SiteID="4440599" TransAmt="10.00" TransDate="2021-05-01" TransDesc="Resident Liability Compliance Fee (05/2021)" TransName="RESIDENTLIABILITYFEE" TransactionBatchID="1619538296365"/>
    <Transaction CatCode="C" FiscalPeriodEnd="N" LeaID="660" ReshID="336" SiteID="4440599" TransAmt="10.00" TransDate="2021-05-01" TransDesc="Resident Liability Compliance Fee (05/2021)" TransName="RESIDENTLIABILITYFEE" TransactionBatchID="1619538296366"/>
    <Transaction CatCode="C" FiscalPeriodEnd="N" LeaID="794" ReshID="340" SiteID="4440599" TransAmt="10.00" TransDate="2021-05-01" TransDesc="Resident Liability Compliance Fee (05/2021)" TransName="RESIDENTLIABILITYFEE" TransactionBatchID="1619538296367"/>
    <Transaction CatCode="C" FiscalPeriodEnd="N" LeaID="659" ReshID="349" SiteID="4440599" TransAmt="10.00" TransDate="2021-05-01" TransDesc="Resident Liability Compliance Fee (05/2021)" TransName="RESIDENTLIABILITYFEE" TransactionBatchID="1619538296368"/>
    <Transaction CatCode="C" FiscalPeriodEnd="N" LeaID="664" ReshID="354" SiteID="4440599" TransAmt="10.00" TransDate="2021-05-01" TransDesc="Resident Liability Compliance Fee (05/2021)" TransName="RESIDENTLIABILITYFEE" TransactionBatchID="1619538296369"/>
    <Transaction CatCode="C" FiscalPeriodEnd="N" LeaID="665" ReshID="356" SiteID="4440599" TransAmt="10.00" TransDate="2021-05-01" TransDesc="Resident Liability Compliance Fee (05/2021)" TransName="RESIDENTLIABILITYFEE" TransactionBatchID="1619538296370"/>
    <Transaction CatCode="C" FiscalPeriodEnd="N" LeaID="674" ReshID="359" SiteID="4440599" TransAmt="10.00" TransDate="2021-05-01" TransDesc="Resident Liability Compliance Fee (05/2021)" TransName="RESIDENTLIABILITYFEE" TransactionBatchID="1619538296371"/>
    <Transaction CatCode="C" FiscalPeriodEnd="N" LeaID="684" ReshID="82" SiteID="4440599" TransAmt="10.00" TransDate="2021-05-01" TransDesc="Resident Liability Compliance Fee (05/2021)" TransName="RESIDENTLIABILITYFEE" TransactionBatchID="1619538296372"/>
    <Transaction CatCode="C" FiscalPeriodEnd="N" LeaID="679" ReshID="150" SiteID="4440599" TransAmt="10.00" TransDate="2021-05-01" TransDesc="Resident Liability Compliance Fee (05/2021)" TransName="RESIDENTLIABILITYFEE" TransactionBatchID="1619538296373"/>
    <Transaction CatCode="C" FiscalPeriodEnd="N" LeaID="850" ReshID="154" SiteID="4440599" TransAmt="10.00" TransDate="2021-05-01" TransDesc="Resident Liability Compliance Fee (05/2021)" TransName="RESIDENTLIABILITYFEE" TransactionBatchID="1619538296374"/>
    <Transaction CatCode="C" FiscalPeriodEnd="N" LeaID="735" ReshID="161" SiteID="4440599" TransAmt="10.00" TransDate="2021-05-01" TransDesc="Resident Liability Compliance Fee (05/2021)" TransName="RESIDENTLIABILITYFEE" TransactionBatchID="1619538296375"/>
    <Transaction CatCode="C" FiscalPeriodEnd="N" LeaID="710" ReshID="341" SiteID="4440599" TransAmt="10.00" TransDate="2021-05-01" TransDesc="Resident Liability Compliance Fee (05/2021)" TransName="RESIDENTLIABILITYFEE" TransactionBatchID="1619538296376"/>
    <Transaction CatCode="C" FiscalPeriodEnd="N" LeaID="724" ReshID="76" SiteID="4440599" TransAmt="10.00" TransDate="2021-05-01" TransDesc="Resident Liability Compliance Fee (05/2021)" TransName="RESIDENTLIABILITYFEE" TransactionBatchID="1619538296377"/>
    <Transaction CatCode="C" FiscalPeriodEnd="N" LeaID="960" ReshID="388" SiteID="4440599" TransAmt="10.00" TransDate="2021-05-01" TransDesc="Resident Liability Compliance Fee (05/2021)" TransName="RESIDENTLIABILITYFEE" TransactionBatchID="1619538296378"/>
    <Transaction CatCode="C" FiscalPeriodEnd="N" LeaID="744" ReshID="391" SiteID="4440599" TransAmt="10.00" TransDate="2021-05-01" TransDesc="Resident Liability Compliance Fee (05/2021)" TransName="RESIDENTLIABILITYFEE" TransactionBatchID="1619538296379"/>
    <Transaction CatCode="C" FiscalPeriodEnd="N" LeaID="812" ReshID="416" SiteID="4440599" TransAmt="10.00" TransDate="2021-05-01" TransDesc="Resident Liability Compliance Fee (05/2021)" TransName="RESIDENTLIABILITYFEE" TransactionBatchID="1619538296380"/>
    <Transaction CatCode="C" FiscalPeriodEnd="N" LeaID="824" ReshID="397" SiteID="4440599" TransAmt="10.00" TransDate="2021-05-01" TransDesc="Resident Liability Compliance Fee (05/2021)" TransName="RESIDENTLIABILITYFEE" TransactionBatchID="1619538296381"/>
    <Transaction CatCode="C" FiscalPeriodEnd="N" LeaID="898" ReshID="429" SiteID="4440599" TransAmt="10.00" TransDate="2021-05-01" TransDesc="Resident Liability Compliance Fee (05/2021)" TransName="RESIDENTLIABILITYFEE" TransactionBatchID="1619538296382"/>
    <Transaction CatCode="C" FiscalPeriodEnd="N" LeaID="893" ReshID="444" SiteID="4440599" TransAmt="10.00" TransDate="2021-05-01" TransDesc="Resident Liability Compliance Fee (05/2021)" TransName="RESIDENTLIABILITYFEE" TransactionBatchID="1619538296383"/>
    <Transaction CatCode="C" FiscalPeriodEnd="N" LeaID="864" ReshID="459" SiteID="4440599" TransAmt="10.00" TransDate="2021-05-01" TransDesc="Resident Liability Compliance Fee (05/2021)" TransName="RESIDENTLIABILITYFEE" TransactionBatchID="1619538296384"/>
    <Transaction CatCode="C" FiscalPeriodEnd="N" LeaID="955" ReshID="479" SiteID="4440599" TransAmt="10.00" TransDate="2021-05-01" TransDesc="Resident Liability Compliance Fee (05/2021)" TransName="RESIDENTLIABILITYFEE" TransactionBatchID="1619538296385"/>
    <Transaction CatCode="C" FiscalPeriodEnd="N" LeaID="883" ReshID="464" SiteID="4440599" TransAmt="10.00" TransDate="2021-05-01" TransDesc="Resident Liability Compliance Fee (05/2021)" TransName="RESIDENTLIABILITYFEE" TransactionBatchID="1619538296386"/>
    <Transaction CatCode="C" FiscalPeriodEnd="N" LeaID="924" ReshID="474" SiteID="4440599" TransAmt="10.00" TransDate="2021-05-01" TransDesc="Resident Liability Compliance Fee (05/2021)" TransName="RESIDENTLIABILITYFEE" TransactionBatchID="1619538296387"/>
    <Transaction CatCode="C" FiscalPeriodEnd="N" LeaID="923" ReshID="496" SiteID="4440599" TransAmt="10.00" TransDate="2021-05-01" TransDesc="Resident Liability Compliance Fee (05/2021)" TransName="RESIDENTLIABILITYFEE" TransactionBatchID="1619538296388"/>
    <Transaction CatCode="C" FiscalPeriodEnd="N" LeaID="902" ReshID="499" SiteID="4440599" TransAmt="10.00" TransDate="2021-05-01" TransDesc="Resident Liability Compliance Fee (05/2021)" TransName="RESIDENTLIABILITYFEE" TransactionBatchID="1619538296389"/>
    <Transaction CatCode="C" FiscalPeriodEnd="N" LeaID="920" ReshID="500" SiteID="4440599" TransAmt="10.00" TransDate="2021-05-01" TransDesc="Resident Liability Compliance Fee (05/2021)" TransName="RESIDENTLIABILITYFEE" TransactionBatchID="1619538296390"/>
    <Transaction CatCode="C" FiscalPeriodEnd="N" LeaID="656" ReshID="46" SiteID="4440599" TransAmt="10.00" TransDate="2021-05-01" TransDesc="Resident Liability Compliance Fee (05/2021)" TransName="RESIDENTLIABILITYFEE" TransactionBatchID="1619538296391"/>
    <Transaction CatCode="C" FiscalPeriodEnd="N" LeaID="640" ReshID="525" SiteID="4440599" TransAmt="10.00" TransDate="2021-05-01" TransDesc="Resident Liability Compliance Fee (05/2021)" TransName="RESIDENTLIABILITYFEE" TransactionBatchID="1619538296392"/>
    <Transaction CatCode="C" FiscalPeriodEnd="N" LeaID="618" ReshID="501" SiteID="4440599" TransAmt="10.00" TransDate="2021-05-01" TransDesc="Resident Liability Compliance Fee (05/2021)" TransName="RESIDENTLIABILITYFEE" TransactionBatchID="1619538296393"/>
    <Transaction CatCode="C" FiscalPeriodEnd="N" LeaID="655" ReshID="531" SiteID="4440599" TransAmt="10.00" TransDate="2021-05-01" TransDesc="Resident Liability Compliance Fee (05/2021)" TransName="RESIDENTLIABILITYFEE" TransactionBatchID="1619538296394"/>
    <Transaction CatCode="C" FiscalPeriodEnd="N" LeaID="691" ReshID="543" SiteID="4440599" TransAmt="10.00" TransDate="2021-05-01" TransDesc="Resident Liability Compliance Fee (05/2021)" TransName="RESIDENTLIABILITYFEE" TransactionBatchID="1619538296395"/>
    <Transaction CatCode="C" FiscalPeriodEnd="N" LeaID="715" ReshID="555" SiteID="4440599" TransAmt="10.00" TransDate="2021-05-01" TransDesc="Resident Liability Compliance Fee (05/2021)" TransName="RESIDENTLIABILITYFEE" TransactionBatchID="1619538296396"/>
    <Transaction CatCode="C" FiscalPeriodEnd="N" LeaID="749" ReshID="579" SiteID="4440599" TransAmt="10.00" TransDate="2021-05-01" TransDesc="Resident Liability Compliance Fee (05/2021)" TransName="RESIDENTLIABILITYFEE" TransactionBatchID="1619538296397"/>
    <Transaction CatCode="C" FiscalPeriodEnd="N" LeaID="605" ReshID="294" SiteID="4440599" TransAmt="10.00" TransDate="2021-05-01" TransDesc="Resident Liability Compliance Fee (05/2021)" TransName="RESIDENTLIABILITYFEE" TransactionBatchID="1619538296398"/>
    <Transaction CatCode="C" FiscalPeriodEnd="N" LeaID="774" ReshID="305" SiteID="4440599" TransAmt="10.00" TransDate="2021-05-01" TransDesc="Resident Liability Compliance Fee (05/2021)" TransName="RESIDENTLIABILITYFEE" TransactionBatchID="1619538296399"/>
    <Transaction CatCode="C" FiscalPeriodEnd="N" LeaID="808" ReshID="609" SiteID="4440599" TransAmt="10.00" TransDate="2021-05-01" TransDesc="Resident Liability Compliance Fee (05/2021)" TransName="RESIDENTLIABILITYFEE" TransactionBatchID="1619538296400"/>
    <Transaction CatCode="C" FiscalPeriodEnd="N" LeaID="799" ReshID="603" SiteID="4440599" TransAmt="10.00" TransDate="2021-05-01" TransDesc="Resident Liability Compliance Fee (05/2021)" TransName="RESIDENTLIABILITYFEE" TransactionBatchID="1619538296401"/>
    <Transaction CatCode="C" FiscalPeriodEnd="N" LeaID="819" ReshID="616" SiteID="4440599" TransAmt="10.00" TransDate="2021-05-01" TransDesc="Resident Liability Compliance Fee (05/2021)" TransName="RESIDENTLIABILITYFEE" TransactionBatchID="1619538296402"/>
    <Transaction CatCode="C" FiscalPeriodEnd="N" LeaID="790" ReshID="598" SiteID="4440599" TransAmt="10.00" TransDate="2021-05-01" TransDesc="Resident Liability Compliance Fee (05/2021)" TransName="RESIDENTLIABILITYFEE" TransactionBatchID="1619538296403"/>
    <Transaction CatCode="C" FiscalPeriodEnd="N" LeaID="791" ReshID="599" SiteID="4440599" TransAmt="10.00" TransDate="2021-05-01" TransDesc="Resident Liability Compliance Fee (05/2021)" TransName="RESIDENTLIABILITYFEE" TransactionBatchID="1619538296404"/>
    <Transaction CatCode="C" FiscalPeriodEnd="N" LeaID="796" ReshID="601" SiteID="4440599" TransAmt="10.00" TransDate="2021-05-01" TransDesc="Resident Liability Compliance Fee (05/2021)" TransName="RESIDENTLIABILITYFEE" TransactionBatchID="1619538296405"/>
    <Transaction CatCode="C" FiscalPeriodEnd="N" LeaID="804" ReshID="607" SiteID="4440599" TransAmt="10.00" TransDate="2021-05-01" TransDesc="Resident Liability Compliance Fee (05/2021)" TransName="RESIDENTLIABILITYFEE" TransactionBatchID="1619538296406"/>
    <Transaction CatCode="C" FiscalPeriodEnd="N" LeaID="818" ReshID="615" SiteID="4440599" TransAmt="10.00" TransDate="2021-05-01" TransDesc="Resident Liability Compliance Fee (05/2021)" TransName="RESIDENTLIABILITYFEE" TransactionBatchID="1619538296407"/>
    <Transaction CatCode="C" FiscalPeriodEnd="N" LeaID="820" ReshID="617" SiteID="4440599" TransAmt="10.00" TransDate="2021-05-01" TransDesc="Resident Liability Compliance Fee (05/2021)" TransName="RESIDENTLIABILITYFEE" TransactionBatchID="1619538296408"/>
    <Transaction CatCode="C" FiscalPeriodEnd="N" LeaID="821" ReshID="618" SiteID="4440599" TransAmt="10.00" TransDate="2021-05-01" TransDesc="Resident Liability Compliance Fee (05/2021)" TransName="RESIDENTLIABILITYFEE" TransactionBatchID="1619538296409"/>
    <Transaction CatCode="C" FiscalPeriodEnd="N" LeaID="815" ReshID="611" SiteID="4440599" TransAmt="10.00" TransDate="2021-05-01" TransDesc="Resident Liability Compliance Fee (05/2021)" TransName="RESIDENTLIABILITYFEE" TransactionBatchID="1619538296410"/>
    <Transaction CatCode="C" FiscalPeriodEnd="N" LeaID="889" ReshID="651" SiteID="4440599" TransAmt="10.00" TransDate="2021-05-01" TransDesc="Resident Liability Compliance Fee (05/2021)" TransName="RESIDENTLIABILITYFEE" TransactionBatchID="1619538296411"/>
    <Transaction CatCode="C" FiscalPeriodEnd="N" LeaID="879" ReshID="647" SiteID="4440599" TransAmt="10.00" TransDate="2021-05-01" TransDesc="Resident Liability Compliance Fee (05/2021)" TransName="RESIDENTLIABILITYFEE" TransactionBatchID="1619538296412"/>
    <Transaction CatCode="C" FiscalPeriodEnd="N" LeaID="932" ReshID="661" SiteID="4440599" TransAmt="10.00" TransDate="2021-05-01" TransDesc="Resident Liability Compliance Fee (05/2021)" TransName="RESIDENTLIABILITYFEE" TransactionBatchID="1619538296413"/>
    <Transaction CatCode="C" FiscalPeriodEnd="N" LeaID="871" ReshID="643" SiteID="4440599" TransAmt="10.00" TransDate="2021-05-01" TransDesc="Resident Liability Compliance Fee (05/2021)" TransName="RESIDENTLIABILITYFEE" TransactionBatchID="1619538296414"/>
    <Transaction CatCode="C" FiscalPeriodEnd="N" LeaID="890" ReshID="652" SiteID="4440599" TransAmt="10.00" TransDate="2021-05-01" TransDesc="Resident Liability Compliance Fee (05/2021)" TransName="RESIDENTLIABILITYFEE" TransactionBatchID="1619538296415"/>
    <Transaction CatCode="C" FiscalPeriodEnd="N" LeaID="988" ReshID="721" SiteID="4440599" TransAmt="10.00" TransDate="2021-05-01" TransDesc="Resident Liability Compliance Fee (05/2021)" TransName="RESIDENTLIABILITYFEE" TransactionBatchID="1619538296416"/>
    <Transaction CatCode="C" FiscalPeriodEnd="N" LeaID="989" ReshID="722" SiteID="4440599" TransAmt="10.00" TransDate="2021-05-01" TransDesc="Resident Liability Compliance Fee (05/2021)" TransName="RESIDENTLIABILITYFEE" TransactionBatchID="1619538296417"/>
    <Transaction CatCode="C" FiscalPeriodEnd="N" LeaID="990" ReshID="723" SiteID="4440599" TransAmt="10.00" TransDate="2021-05-01" TransDesc="Resident Liability Compliance Fee (05/2021)" TransName="RESIDENTLIABILITYFEE" TransactionBatchID="1619538296418"/>
    <Transaction CatCode="C" FiscalPeriodEnd="N" LeaID="942" ReshID="669" SiteID="4440599" TransAmt="10.00" TransDate="2021-05-01" TransDesc="Resident Liability Compliance Fee (05/2021)" TransName="RESIDENTLIABILITYFEE" TransactionBatchID="1619538296419"/>
    <Transaction CatCode="C" FiscalPeriodEnd="N" LeaID="945" ReshID="671" SiteID="4440599" TransAmt="10.00" TransDate="2021-05-01" TransDesc="Resident Liability Compliance Fee (05/2021)" TransName="RESIDENTLIABILITYFEE" TransactionBatchID="1619538296420"/>
    <Transaction CatCode="C" FiscalPeriodEnd="N" LeaID="972" ReshID="688" SiteID="4440599" TransAmt="10.00" TransDate="2021-05-01" TransDesc="Resident Liability Compliance Fee (05/2021)" TransName="RESIDENTLIABILITYFEE" TransactionBatchID="1619538296421"/>
    <Transaction CatCode="C" FiscalPeriodEnd="N" LeaID="1006" ReshID="737" SiteID="4440599" TransAmt="10.00" TransDate="2021-05-01" TransDesc="Resident Liability Compliance Fee (05/2021)" TransName="RESIDENTLIABILITYFEE" TransactionBatchID="1619538296422"/>
    <Transaction CatCode="C" FiscalPeriodEnd="N" LeaID="958" ReshID="680" SiteID="4440599" TransAmt="10.00" TransDate="2021-05-01" TransDesc="Resident Liability Compliance Fee (05/2021)" TransName="RESIDENTLIABILITYFEE" TransactionBatchID="1619538296423"/>
    <Transaction CatCode="C" FiscalPeriodEnd="N" LeaID="1003" ReshID="734" SiteID="4440599" TransAmt="10.00" TransDate="2021-05-01" TransDesc="Resident Liability Compliance Fee (05/2021)" TransName="RESIDENTLIABILITYFEE" TransactionBatchID="1619538296424"/>
    <Transaction CatCode="C" FiscalPeriodEnd="N" LeaID="1010" ReshID="740" SiteID="4440599" TransAmt="10.00" TransDate="2021-05-01" TransDesc="Resident Liability Compliance Fee (05/2021)" TransName="RESIDENTLIABILITYFEE" TransactionBatchID="1619538296425"/>
    <Transaction CatCode="C" FiscalPeriodEnd="N" LeaID="1007" ReshID="738" SiteID="4440599" TransAmt="10.00" TransDate="2021-05-01" TransDesc="Resident Liability Compliance Fee (05/2021)" TransName="RESIDENTLIABILITYFEE" TransactionBatchID="1619538296426"/>
    <Transaction CatCode="C" FiscalPeriodEnd="N" LeaID="1012" ReshID="741" SiteID="4440599" TransAmt="10.00" TransDate="2021-05-01" TransDesc="Resident Liability Compliance Fee (05/2021)" TransName="RESIDENTLIABILITYFEE" TransactionBatchID="1619538296427"/>
</TransactionList>
