<TransactionList>
    <Validation>
        <Audit Count="49" Node="Transaction" Sum="490.00"/>
    </Validation>
    <Transaction CatCode="C" FiscalPeriodEnd="N" LeaID="10882" ReshID="15" SiteID="4511588" TransAmt="10.00" TransDate="2021-05-01" TransDesc="Resident Liability Compliance Fee (05/2021)" TransName="RESIDENTLIABILITYFEE" TransactionBatchID="1619538292955"/>
    <Transaction CatCode="C" FiscalPeriodEnd="N" LeaID="10802" ReshID="23" SiteID="4511588" TransAmt="10.00" TransDate="2021-05-01" TransDesc="Resident Liability Compliance Fee (05/2021)" TransName="RESIDENTLIABILITYFEE" TransactionBatchID="1619538292956"/>
    <Transaction CatCode="C" FiscalPeriodEnd="N" LeaID="10698" ReshID="26" SiteID="4511588" TransAmt="10.00" TransDate="2021-05-01" TransDesc="Resident Liability Compliance Fee (05/2021)" TransName="RESIDENTLIABILITYFEE" TransactionBatchID="1619538292957"/>
    <Transaction CatCode="C" FiscalPeriodEnd="N" LeaID="10850" ReshID="53" SiteID="4511588" TransAmt="10.00" TransDate="2021-05-01" TransDesc="Resident Liability Compliance Fee (05/2021)" TransName="RESIDENTLIABILITYFEE" TransactionBatchID="1619538292958"/>
    <Transaction CatCode="C" FiscalPeriodEnd="N" LeaID="560" ReshID="57" SiteID="4511588" TransAmt="10.00" TransDate="2021-05-01" TransDesc="Resident Liability Compliance Fee (05/2021)" TransName="RESIDENTLIABILITYFEE" TransactionBatchID="1619538292959"/>
    <Transaction CatCode="C" FiscalPeriodEnd="N" LeaID="10805" ReshID="68" SiteID="4511588" TransAmt="10.00" TransDate="2021-05-01" TransDesc="Resident Liability Compliance Fee (05/2021)" TransName="RESIDENTLIABILITYFEE" TransactionBatchID="1619538292960"/>
    <Transaction CatCode="C" FiscalPeriodEnd="N" LeaID="10652" ReshID="75" SiteID="4511588" TransAmt="10.00" TransDate="2021-05-01" TransDesc="Resident Liability Compliance Fee (05/2021)" TransName="RESIDENTLIABILITYFEE" TransactionBatchID="1619538292961"/>
    <Transaction CatCode="C" FiscalPeriodEnd="N" LeaID="10780" ReshID="76" SiteID="4511588" TransAmt="10.00" TransDate="2021-05-01" TransDesc="Resident Liability Compliance Fee (05/2021)" TransName="RESIDENTLIABILITYFEE" TransactionBatchID="1619538292962"/>
    <Transaction CatCode="C" FiscalPeriodEnd="N" LeaID="10843" ReshID="81" SiteID="4511588" TransAmt="10.00" TransDate="2021-05-01" TransDesc="Resident Liability Compliance Fee (05/2021)" TransName="RESIDENTLIABILITYFEE" TransactionBatchID="1619538292963"/>
    <Transaction CatCode="C" FiscalPeriodEnd="N" LeaID="10816" ReshID="88" SiteID="4511588" TransAmt="10.00" TransDate="2021-05-01" TransDesc="Resident Liability Compliance Fee (05/2021)" TransName="RESIDENTLIABILITYFEE" TransactionBatchID="1619538292964"/>
    <Transaction CatCode="C" FiscalPeriodEnd="N" LeaID="10600" ReshID="94" SiteID="4511588" TransAmt="10.00" TransDate="2021-05-01" TransDesc="Resident Liability Compliance Fee (05/2021)" TransName="RESIDENTLIABILITYFEE" TransactionBatchID="1619538292965"/>
    <Transaction CatCode="C" FiscalPeriodEnd="N" LeaID="566" ReshID="106" SiteID="4511588" TransAmt="10.00" TransDate="2021-05-01" TransDesc="Resident Liability Compliance Fee (05/2021)" TransName="RESIDENTLIABILITYFEE" TransactionBatchID="1619538292966"/>
    <Transaction CatCode="C" FiscalPeriodEnd="N" LeaID="10668" ReshID="108" SiteID="4511588" TransAmt="10.00" TransDate="2021-05-01" TransDesc="Resident Liability Compliance Fee (05/2021)" TransName="RESIDENTLIABILITYFEE" TransactionBatchID="1619538292967"/>
    <Transaction CatCode="C" FiscalPeriodEnd="N" LeaID="10832" ReshID="139" SiteID="4511588" TransAmt="10.00" TransDate="2021-05-01" TransDesc="Resident Liability Compliance Fee (05/2021)" TransName="RESIDENTLIABILITYFEE" TransactionBatchID="1619538292968"/>
    <Transaction CatCode="C" FiscalPeriodEnd="N" LeaID="10742" ReshID="145" SiteID="4511588" TransAmt="10.00" TransDate="2021-05-01" TransDesc="Resident Liability Compliance Fee (05/2021)" TransName="RESIDENTLIABILITYFEE" TransactionBatchID="1619538292969"/>
    <Transaction CatCode="C" FiscalPeriodEnd="N" LeaID="10664" ReshID="179" SiteID="4511588" TransAmt="10.00" TransDate="2021-05-01" TransDesc="Resident Liability Compliance Fee (05/2021)" TransName="RESIDENTLIABILITYFEE" TransactionBatchID="1619538292970"/>
    <Transaction CatCode="C" FiscalPeriodEnd="N" LeaID="10714" ReshID="209" SiteID="4511588" TransAmt="10.00" TransDate="2021-05-01" TransDesc="Resident Liability Compliance Fee (05/2021)" TransName="RESIDENTLIABILITYFEE" TransactionBatchID="1619538292971"/>
    <Transaction CatCode="C" FiscalPeriodEnd="N" LeaID="10764" ReshID="215" SiteID="4511588" TransAmt="10.00" TransDate="2021-05-01" TransDesc="Resident Liability Compliance Fee (05/2021)" TransName="RESIDENTLIABILITYFEE" TransactionBatchID="1619538292972"/>
    <Transaction CatCode="C" FiscalPeriodEnd="N" LeaID="10877" ReshID="217" SiteID="4511588" TransAmt="10.00" TransDate="2021-05-01" TransDesc="Resident Liability Compliance Fee (05/2021)" TransName="RESIDENTLIABILITYFEE" TransactionBatchID="1619538292973"/>
    <Transaction CatCode="C" FiscalPeriodEnd="N" LeaID="10763" ReshID="220" SiteID="4511588" TransAmt="10.00" TransDate="2021-05-01" TransDesc="Resident Liability Compliance Fee (05/2021)" TransName="RESIDENTLIABILITYFEE" TransactionBatchID="1619538292974"/>
    <Transaction CatCode="C" FiscalPeriodEnd="N" LeaID="10631" ReshID="223" SiteID="4511588" TransAmt="10.00" TransDate="2021-05-01" TransDesc="Resident Liability Compliance Fee (05/2021)" TransName="RESIDENTLIABILITYFEE" TransactionBatchID="1619538292975"/>
    <Transaction CatCode="C" FiscalPeriodEnd="N" LeaID="10594" ReshID="294" SiteID="4511588" TransAmt="10.00" TransDate="2021-05-01" TransDesc="Resident Liability Compliance Fee (05/2021)" TransName="RESIDENTLIABILITYFEE" TransactionBatchID="1619538292976"/>
    <Transaction CatCode="C" FiscalPeriodEnd="N" LeaID="10596" ReshID="320" SiteID="4511588" TransAmt="10.00" TransDate="2021-05-01" TransDesc="Resident Liability Compliance Fee (05/2021)" TransName="RESIDENTLIABILITYFEE" TransactionBatchID="1619538292977"/>
    <Transaction CatCode="C" FiscalPeriodEnd="N" LeaID="10782" ReshID="96" SiteID="4511588" TransAmt="10.00" TransDate="2021-05-01" TransDesc="Resident Liability Compliance Fee (05/2021)" TransName="RESIDENTLIABILITYFEE" TransactionBatchID="1619538292978"/>
    <Transaction CatCode="C" FiscalPeriodEnd="N" LeaID="10721" ReshID="338" SiteID="4511588" TransAmt="10.00" TransDate="2021-05-01" TransDesc="Resident Liability Compliance Fee (05/2021)" TransName="RESIDENTLIABILITYFEE" TransactionBatchID="1619538292979"/>
    <Transaction CatCode="C" FiscalPeriodEnd="N" LeaID="10685" ReshID="322" SiteID="4511588" TransAmt="10.00" TransDate="2021-05-01" TransDesc="Resident Liability Compliance Fee (05/2021)" TransName="RESIDENTLIABILITYFEE" TransactionBatchID="1619538292980"/>
    <Transaction CatCode="C" FiscalPeriodEnd="N" LeaID="10737" ReshID="389" SiteID="4511588" TransAmt="10.00" TransDate="2021-05-01" TransDesc="Resident Liability Compliance Fee (05/2021)" TransName="RESIDENTLIABILITYFEE" TransactionBatchID="1619538292981"/>
    <Transaction CatCode="C" FiscalPeriodEnd="N" LeaID="10766" ReshID="402" SiteID="4511588" TransAmt="10.00" TransDate="2021-05-01" TransDesc="Resident Liability Compliance Fee (05/2021)" TransName="RESIDENTLIABILITYFEE" TransactionBatchID="1619538292982"/>
    <Transaction CatCode="C" FiscalPeriodEnd="N" LeaID="10793" ReshID="371" SiteID="4511588" TransAmt="10.00" TransDate="2021-05-01" TransDesc="Resident Liability Compliance Fee (05/2021)" TransName="RESIDENTLIABILITYFEE" TransactionBatchID="1619538292983"/>
    <Transaction CatCode="C" FiscalPeriodEnd="N" LeaID="10675" ReshID="409" SiteID="4511588" TransAmt="10.00" TransDate="2021-05-01" TransDesc="Resident Liability Compliance Fee (05/2021)" TransName="RESIDENTLIABILITYFEE" TransactionBatchID="1619538292984"/>
    <Transaction CatCode="C" FiscalPeriodEnd="N" LeaID="10835" ReshID="396" SiteID="4511588" TransAmt="10.00" TransDate="2021-05-01" TransDesc="Resident Liability Compliance Fee (05/2021)" TransName="RESIDENTLIABILITYFEE" TransactionBatchID="1619538292985"/>
    <Transaction CatCode="C" FiscalPeriodEnd="N" LeaID="10829" ReshID="420" SiteID="4511588" TransAmt="10.00" TransDate="2021-05-01" TransDesc="Resident Liability Compliance Fee (05/2021)" TransName="RESIDENTLIABILITYFEE" TransactionBatchID="1619538292986"/>
    <Transaction CatCode="C" FiscalPeriodEnd="N" LeaID="539" ReshID="429" SiteID="4511588" TransAmt="10.00" TransDate="2021-05-01" TransDesc="Resident Liability Compliance Fee (05/2021)" TransName="RESIDENTLIABILITYFEE" TransactionBatchID="1619538292987"/>
    <Transaction CatCode="C" FiscalPeriodEnd="N" LeaID="10597" ReshID="10449" SiteID="4511588" TransAmt="10.00" TransDate="2021-05-01" TransDesc="Resident Liability Compliance Fee (05/2021)" TransName="RESIDENTLIABILITYFEE" TransactionBatchID="1619538292988"/>
    <Transaction CatCode="C" FiscalPeriodEnd="N" LeaID="10646" ReshID="10479" SiteID="4511588" TransAmt="10.00" TransDate="2021-05-01" TransDesc="Resident Liability Compliance Fee (05/2021)" TransName="RESIDENTLIABILITYFEE" TransactionBatchID="1619538292989"/>
    <Transaction CatCode="C" FiscalPeriodEnd="N" LeaID="10660" ReshID="10483" SiteID="4511588" TransAmt="10.00" TransDate="2021-05-01" TransDesc="Resident Liability Compliance Fee (05/2021)" TransName="RESIDENTLIABILITYFEE" TransactionBatchID="1619538292990"/>
    <Transaction CatCode="C" FiscalPeriodEnd="N" LeaID="10684" ReshID="10496" SiteID="4511588" TransAmt="10.00" TransDate="2021-05-01" TransDesc="Resident Liability Compliance Fee (05/2021)" TransName="RESIDENTLIABILITYFEE" TransactionBatchID="1619538292991"/>
    <Transaction CatCode="C" FiscalPeriodEnd="N" LeaID="10703" ReshID="10503" SiteID="4511588" TransAmt="10.00" TransDate="2021-05-01" TransDesc="Resident Liability Compliance Fee (05/2021)" TransName="RESIDENTLIABILITYFEE" TransactionBatchID="1619538292992"/>
    <Transaction CatCode="C" FiscalPeriodEnd="N" LeaID="10718" ReshID="10511" SiteID="4511588" TransAmt="10.00" TransDate="2021-05-01" TransDesc="Resident Liability Compliance Fee (05/2021)" TransName="RESIDENTLIABILITYFEE" TransactionBatchID="1619538292993"/>
    <Transaction CatCode="C" FiscalPeriodEnd="N" LeaID="10687" ReshID="10497" SiteID="4511588" TransAmt="10.00" TransDate="2021-05-01" TransDesc="Resident Liability Compliance Fee (05/2021)" TransName="RESIDENTLIABILITYFEE" TransactionBatchID="1619538292994"/>
    <Transaction CatCode="C" FiscalPeriodEnd="N" LeaID="10730" ReshID="10520" SiteID="4511588" TransAmt="10.00" TransDate="2021-05-01" TransDesc="Resident Liability Compliance Fee (05/2021)" TransName="RESIDENTLIABILITYFEE" TransactionBatchID="1619538292995"/>
    <Transaction CatCode="C" FiscalPeriodEnd="N" LeaID="10817" ReshID="10523" SiteID="4511588" TransAmt="10.00" TransDate="2021-05-01" TransDesc="Resident Liability Compliance Fee (05/2021)" TransName="RESIDENTLIABILITYFEE" TransactionBatchID="1619538292996"/>
    <Transaction CatCode="C" FiscalPeriodEnd="N" LeaID="10749" ReshID="10525" SiteID="4511588" TransAmt="10.00" TransDate="2021-05-01" TransDesc="Resident Liability Compliance Fee (05/2021)" TransName="RESIDENTLIABILITYFEE" TransactionBatchID="1619538292997"/>
    <Transaction CatCode="C" FiscalPeriodEnd="N" LeaID="10781" ReshID="10537" SiteID="4511588" TransAmt="10.00" TransDate="2021-05-01" TransDesc="Resident Liability Compliance Fee (05/2021)" TransName="RESIDENTLIABILITYFEE" TransactionBatchID="1619538292998"/>
    <Transaction CatCode="C" FiscalPeriodEnd="N" LeaID="10753" ReshID="10528" SiteID="4511588" TransAmt="10.00" TransDate="2021-05-01" TransDesc="Resident Liability Compliance Fee (05/2021)" TransName="RESIDENTLIABILITYFEE" TransactionBatchID="1619538292999"/>
    <Transaction CatCode="C" FiscalPeriodEnd="N" LeaID="10795" ReshID="10542" SiteID="4511588" TransAmt="10.00" TransDate="2021-05-01" TransDesc="Resident Liability Compliance Fee (05/2021)" TransName="RESIDENTLIABILITYFEE" TransactionBatchID="1619538293000"/>
    <Transaction CatCode="C" FiscalPeriodEnd="N" LeaID="10790" ReshID="10539" SiteID="4511588" TransAmt="10.00" TransDate="2021-05-01" TransDesc="Resident Liability Compliance Fee (05/2021)" TransName="RESIDENTLIABILITYFEE" TransactionBatchID="1619538293001"/>
    <Transaction CatCode="C" FiscalPeriodEnd="N" LeaID="10834" ReshID="10555" SiteID="4511588" TransAmt="10.00" TransDate="2021-05-01" TransDesc="Resident Liability Compliance Fee (05/2021)" TransName="RESIDENTLIABILITYFEE" TransactionBatchID="1619538293002"/>
    <Transaction CatCode="C" FiscalPeriodEnd="N" LeaID="10867" ReshID="10567" SiteID="4511588" TransAmt="10.00" TransDate="2021-05-01" TransDesc="Resident Liability Compliance Fee (05/2021)" TransName="RESIDENTLIABILITYFEE" TransactionBatchID="1619538293003"/>
</TransactionList>
