<TransactionList>
    <Validation>
        <Audit Count="75" Node="Transaction" Sum="750.00"/>
    </Validation>
    <Transaction CatCode="C" FiscalPeriodEnd="N" LeaID="10660" ReshID="11" SiteID="4533527" TransAmt="10.00" TransDate="2021-05-01" TransDesc="Resident Liability Compliance Fee (05/2021)" TransName="RESIDENTLIABILITYFEE" TransactionBatchID="1619538295901"/>
    <Transaction CatCode="C" FiscalPeriodEnd="N" LeaID="10654" ReshID="12" SiteID="4533527" TransAmt="10.00" TransDate="2021-05-01" TransDesc="Resident Liability Compliance Fee (05/2021)" TransName="RESIDENTLIABILITYFEE" TransactionBatchID="1619538295902"/>
    <Transaction CatCode="C" FiscalPeriodEnd="N" LeaID="461" ReshID="35" SiteID="4533527" TransAmt="10.00" TransDate="2021-05-01" TransDesc="Resident Liability Compliance Fee (05/2021)" TransName="RESIDENTLIABILITYFEE" TransactionBatchID="1619538295903"/>
    <Transaction CatCode="C" FiscalPeriodEnd="N" LeaID="450" ReshID="44" SiteID="4533527" TransAmt="10.00" TransDate="2021-05-01" TransDesc="Resident Liability Compliance Fee (05/2021)" TransName="RESIDENTLIABILITYFEE" TransactionBatchID="1619538295904"/>
    <Transaction CatCode="C" FiscalPeriodEnd="N" LeaID="466" ReshID="46" SiteID="4533527" TransAmt="10.00" TransDate="2021-05-01" TransDesc="Resident Liability Compliance Fee (05/2021)" TransName="RESIDENTLIABILITYFEE" TransactionBatchID="1619538295905"/>
    <Transaction CatCode="C" FiscalPeriodEnd="N" LeaID="10690" ReshID="48" SiteID="4533527" TransAmt="10.00" TransDate="2021-05-01" TransDesc="Resident Liability Compliance Fee (05/2021)" TransName="RESIDENTLIABILITYFEE" TransactionBatchID="1619538295906"/>
    <Transaction CatCode="C" FiscalPeriodEnd="N" LeaID="10508" ReshID="81" SiteID="4533527" TransAmt="10.00" TransDate="2021-05-01" TransDesc="Resident Liability Compliance Fee (05/2021)" TransName="RESIDENTLIABILITYFEE" TransactionBatchID="1619538295907"/>
    <Transaction CatCode="C" FiscalPeriodEnd="N" LeaID="10560" ReshID="100" SiteID="4533527" TransAmt="10.00" TransDate="2021-05-01" TransDesc="Resident Liability Compliance Fee (05/2021)" TransName="RESIDENTLIABILITYFEE" TransactionBatchID="1619538295908"/>
    <Transaction CatCode="C" FiscalPeriodEnd="N" LeaID="10577" ReshID="102" SiteID="4533527" TransAmt="10.00" TransDate="2021-05-01" TransDesc="Resident Liability Compliance Fee (05/2021)" TransName="RESIDENTLIABILITYFEE" TransactionBatchID="1619538295909"/>
    <Transaction CatCode="C" FiscalPeriodEnd="N" LeaID="10518" ReshID="104" SiteID="4533527" TransAmt="10.00" TransDate="2021-05-01" TransDesc="Resident Liability Compliance Fee (05/2021)" TransName="RESIDENTLIABILITYFEE" TransactionBatchID="1619538295910"/>
    <Transaction CatCode="C" FiscalPeriodEnd="N" LeaID="10602" ReshID="110" SiteID="4533527" TransAmt="10.00" TransDate="2021-05-01" TransDesc="Resident Liability Compliance Fee (05/2021)" TransName="RESIDENTLIABILITYFEE" TransactionBatchID="1619538295911"/>
    <Transaction CatCode="C" FiscalPeriodEnd="N" LeaID="10598" ReshID="122" SiteID="4533527" TransAmt="10.00" TransDate="2021-05-01" TransDesc="Resident Liability Compliance Fee (05/2021)" TransName="RESIDENTLIABILITYFEE" TransactionBatchID="1619538295912"/>
    <Transaction CatCode="C" FiscalPeriodEnd="N" LeaID="10630" ReshID="131" SiteID="4533527" TransAmt="10.00" TransDate="2021-05-01" TransDesc="Resident Liability Compliance Fee (05/2021)" TransName="RESIDENTLIABILITYFEE" TransactionBatchID="1619538295913"/>
    <Transaction CatCode="C" FiscalPeriodEnd="N" LeaID="489" ReshID="214" SiteID="4533527" TransAmt="10.00" TransDate="2021-05-01" TransDesc="Resident Liability Compliance Fee (05/2021)" TransName="RESIDENTLIABILITYFEE" TransactionBatchID="1619538295914"/>
    <Transaction CatCode="C" FiscalPeriodEnd="N" LeaID="453" ReshID="223" SiteID="4533527" TransAmt="10.00" TransDate="2021-05-01" TransDesc="Resident Liability Compliance Fee (05/2021)" TransName="RESIDENTLIABILITYFEE" TransactionBatchID="1619538295915"/>
    <Transaction CatCode="C" FiscalPeriodEnd="N" LeaID="484" ReshID="224" SiteID="4533527" TransAmt="10.00" TransDate="2021-05-01" TransDesc="Resident Liability Compliance Fee (05/2021)" TransName="RESIDENTLIABILITYFEE" TransactionBatchID="1619538295916"/>
    <Transaction CatCode="C" FiscalPeriodEnd="N" LeaID="10686" ReshID="18" SiteID="4533527" TransAmt="10.00" TransDate="2021-05-01" TransDesc="Resident Liability Compliance Fee (05/2021)" TransName="RESIDENTLIABILITYFEE" TransactionBatchID="1619538295917"/>
    <Transaction CatCode="C" FiscalPeriodEnd="N" LeaID="10539" ReshID="274" SiteID="4533527" TransAmt="10.00" TransDate="2021-05-01" TransDesc="Resident Liability Compliance Fee (05/2021)" TransName="RESIDENTLIABILITYFEE" TransactionBatchID="1619538295918"/>
    <Transaction CatCode="C" FiscalPeriodEnd="N" LeaID="10536" ReshID="290" SiteID="4533527" TransAmt="10.00" TransDate="2021-05-01" TransDesc="Resident Liability Compliance Fee (05/2021)" TransName="RESIDENTLIABILITYFEE" TransactionBatchID="1619538295919"/>
    <Transaction CatCode="C" FiscalPeriodEnd="N" LeaID="10652" ReshID="301" SiteID="4533527" TransAmt="10.00" TransDate="2021-05-01" TransDesc="Resident Liability Compliance Fee (05/2021)" TransName="RESIDENTLIABILITYFEE" TransactionBatchID="1619538295920"/>
    <Transaction CatCode="C" FiscalPeriodEnd="N" LeaID="10695" ReshID="304" SiteID="4533527" TransAmt="10.00" TransDate="2021-05-01" TransDesc="Resident Liability Compliance Fee (05/2021)" TransName="RESIDENTLIABILITYFEE" TransactionBatchID="1619538295921"/>
    <Transaction CatCode="C" FiscalPeriodEnd="N" LeaID="10681" ReshID="311" SiteID="4533527" TransAmt="10.00" TransDate="2021-05-01" TransDesc="Resident Liability Compliance Fee (05/2021)" TransName="RESIDENTLIABILITYFEE" TransactionBatchID="1619538295922"/>
    <Transaction CatCode="C" FiscalPeriodEnd="N" LeaID="10667" ReshID="303" SiteID="4533527" TransAmt="10.00" TransDate="2021-05-01" TransDesc="Resident Liability Compliance Fee (05/2021)" TransName="RESIDENTLIABILITYFEE" TransactionBatchID="1619538295923"/>
    <Transaction CatCode="C" FiscalPeriodEnd="N" LeaID="10685" ReshID="315" SiteID="4533527" TransAmt="10.00" TransDate="2021-05-01" TransDesc="Resident Liability Compliance Fee (05/2021)" TransName="RESIDENTLIABILITYFEE" TransactionBatchID="1619538295924"/>
    <Transaction CatCode="C" FiscalPeriodEnd="N" LeaID="10687" ReshID="329" SiteID="4533527" TransAmt="10.00" TransDate="2021-05-01" TransDesc="Resident Liability Compliance Fee (05/2021)" TransName="RESIDENTLIABILITYFEE" TransactionBatchID="1619538295925"/>
    <Transaction CatCode="C" FiscalPeriodEnd="N" LeaID="10688" ReshID="334" SiteID="4533527" TransAmt="10.00" TransDate="2021-05-01" TransDesc="Resident Liability Compliance Fee (05/2021)" TransName="RESIDENTLIABILITYFEE" TransactionBatchID="1619538295926"/>
    <Transaction CatCode="C" FiscalPeriodEnd="N" LeaID="10718" ReshID="327" SiteID="4533527" TransAmt="10.00" TransDate="2021-05-01" TransDesc="Resident Liability Compliance Fee (05/2021)" TransName="RESIDENTLIABILITYFEE" TransactionBatchID="1619538295927"/>
    <Transaction CatCode="C" FiscalPeriodEnd="N" LeaID="429" ReshID="336" SiteID="4533527" TransAmt="10.00" TransDate="2021-05-01" TransDesc="Resident Liability Compliance Fee (05/2021)" TransName="RESIDENTLIABILITYFEE" TransactionBatchID="1619538295928"/>
    <Transaction CatCode="C" FiscalPeriodEnd="N" LeaID="10720" ReshID="340" SiteID="4533527" TransAmt="10.00" TransDate="2021-05-01" TransDesc="Resident Liability Compliance Fee (05/2021)" TransName="RESIDENTLIABILITYFEE" TransactionBatchID="1619538295929"/>
    <Transaction CatCode="C" FiscalPeriodEnd="N" LeaID="423" ReshID="332" SiteID="4533527" TransAmt="10.00" TransDate="2021-05-01" TransDesc="Resident Liability Compliance Fee (05/2021)" TransName="RESIDENTLIABILITYFEE" TransactionBatchID="1619538295930"/>
    <Transaction CatCode="C" FiscalPeriodEnd="N" LeaID="475" ReshID="360" SiteID="4533527" TransAmt="10.00" TransDate="2021-05-01" TransDesc="Resident Liability Compliance Fee (05/2021)" TransName="RESIDENTLIABILITYFEE" TransactionBatchID="1619538295931"/>
    <Transaction CatCode="C" FiscalPeriodEnd="N" LeaID="480" ReshID="362" SiteID="4533527" TransAmt="10.00" TransDate="2021-05-01" TransDesc="Resident Liability Compliance Fee (05/2021)" TransName="RESIDENTLIABILITYFEE" TransactionBatchID="1619538295932"/>
    <Transaction CatCode="C" FiscalPeriodEnd="N" LeaID="491" ReshID="366" SiteID="4533527" TransAmt="10.00" TransDate="2021-05-01" TransDesc="Resident Liability Compliance Fee (05/2021)" TransName="RESIDENTLIABILITYFEE" TransactionBatchID="1619538295933"/>
    <Transaction CatCode="C" FiscalPeriodEnd="N" LeaID="447" ReshID="346" SiteID="4533527" TransAmt="10.00" TransDate="2021-05-01" TransDesc="Resident Liability Compliance Fee (05/2021)" TransName="RESIDENTLIABILITYFEE" TransactionBatchID="1619538295934"/>
    <Transaction CatCode="C" FiscalPeriodEnd="N" LeaID="474" ReshID="358" SiteID="4533527" TransAmt="10.00" TransDate="2021-05-01" TransDesc="Resident Liability Compliance Fee (05/2021)" TransName="RESIDENTLIABILITYFEE" TransactionBatchID="1619538295935"/>
    <Transaction CatCode="C" FiscalPeriodEnd="N" LeaID="462" ReshID="354" SiteID="4533527" TransAmt="10.00" TransDate="2021-05-01" TransDesc="Resident Liability Compliance Fee (05/2021)" TransName="RESIDENTLIABILITYFEE" TransactionBatchID="1619538295936"/>
    <Transaction CatCode="C" FiscalPeriodEnd="N" LeaID="10511" ReshID="10378" SiteID="4533527" TransAmt="10.00" TransDate="2021-05-01" TransDesc="Resident Liability Compliance Fee (05/2021)" TransName="RESIDENTLIABILITYFEE" TransactionBatchID="1619538295937"/>
    <Transaction CatCode="C" FiscalPeriodEnd="N" LeaID="10529" ReshID="10392" SiteID="4533527" TransAmt="10.00" TransDate="2021-05-01" TransDesc="Resident Liability Compliance Fee (05/2021)" TransName="RESIDENTLIABILITYFEE" TransactionBatchID="1619538295938"/>
    <Transaction CatCode="C" FiscalPeriodEnd="N" LeaID="10558" ReshID="10409" SiteID="4533527" TransAmt="10.00" TransDate="2021-05-01" TransDesc="Resident Liability Compliance Fee (05/2021)" TransName="RESIDENTLIABILITYFEE" TransactionBatchID="1619538295939"/>
    <Transaction CatCode="C" FiscalPeriodEnd="N" LeaID="10531" ReshID="10393" SiteID="4533527" TransAmt="10.00" TransDate="2021-05-01" TransDesc="Resident Liability Compliance Fee (05/2021)" TransName="RESIDENTLIABILITYFEE" TransactionBatchID="1619538295940"/>
    <Transaction CatCode="C" FiscalPeriodEnd="N" LeaID="10569" ReshID="10414" SiteID="4533527" TransAmt="10.00" TransDate="2021-05-01" TransDesc="Resident Liability Compliance Fee (05/2021)" TransName="RESIDENTLIABILITYFEE" TransactionBatchID="1619538295941"/>
    <Transaction CatCode="C" FiscalPeriodEnd="N" LeaID="10549" ReshID="10402" SiteID="4533527" TransAmt="10.00" TransDate="2021-05-01" TransDesc="Resident Liability Compliance Fee (05/2021)" TransName="RESIDENTLIABILITYFEE" TransactionBatchID="1619538295942"/>
    <Transaction CatCode="C" FiscalPeriodEnd="N" LeaID="10559" ReshID="10410" SiteID="4533527" TransAmt="10.00" TransDate="2021-05-01" TransDesc="Resident Liability Compliance Fee (05/2021)" TransName="RESIDENTLIABILITYFEE" TransactionBatchID="1619538295943"/>
    <Transaction CatCode="C" FiscalPeriodEnd="N" LeaID="10526" ReshID="10389" SiteID="4533527" TransAmt="10.00" TransDate="2021-05-01" TransDesc="Resident Liability Compliance Fee (05/2021)" TransName="RESIDENTLIABILITYFEE" TransactionBatchID="1619538295944"/>
    <Transaction CatCode="C" FiscalPeriodEnd="N" LeaID="10588" ReshID="10425" SiteID="4533527" TransAmt="10.00" TransDate="2021-05-01" TransDesc="Resident Liability Compliance Fee (05/2021)" TransName="RESIDENTLIABILITYFEE" TransactionBatchID="1619538295945"/>
    <Transaction CatCode="C" FiscalPeriodEnd="N" LeaID="10593" ReshID="10430" SiteID="4533527" TransAmt="10.00" TransDate="2021-05-01" TransDesc="Resident Liability Compliance Fee (05/2021)" TransName="RESIDENTLIABILITYFEE" TransactionBatchID="1619538295946"/>
    <Transaction CatCode="C" FiscalPeriodEnd="N" LeaID="10599" ReshID="10433" SiteID="4533527" TransAmt="10.00" TransDate="2021-05-01" TransDesc="Resident Liability Compliance Fee (05/2021)" TransName="RESIDENTLIABILITYFEE" TransactionBatchID="1619538295947"/>
    <Transaction CatCode="C" FiscalPeriodEnd="N" LeaID="10557" ReshID="10408" SiteID="4533527" TransAmt="10.00" TransDate="2021-05-01" TransDesc="Resident Liability Compliance Fee (05/2021)" TransName="RESIDENTLIABILITYFEE" TransactionBatchID="1619538295948"/>
    <Transaction CatCode="C" FiscalPeriodEnd="N" LeaID="10609" ReshID="10437" SiteID="4533527" TransAmt="10.00" TransDate="2021-05-01" TransDesc="Resident Liability Compliance Fee (05/2021)" TransName="RESIDENTLIABILITYFEE" TransactionBatchID="1619538295949"/>
    <Transaction CatCode="C" FiscalPeriodEnd="N" LeaID="10615" ReshID="10443" SiteID="4533527" TransAmt="10.00" TransDate="2021-05-01" TransDesc="Resident Liability Compliance Fee (05/2021)" TransName="RESIDENTLIABILITYFEE" TransactionBatchID="1619538295950"/>
    <Transaction CatCode="C" FiscalPeriodEnd="N" LeaID="10647" ReshID="10465" SiteID="4533527" TransAmt="10.00" TransDate="2021-05-01" TransDesc="Resident Liability Compliance Fee (05/2021)" TransName="RESIDENTLIABILITYFEE" TransactionBatchID="1619538295951"/>
    <Transaction CatCode="C" FiscalPeriodEnd="N" LeaID="10632" ReshID="10454" SiteID="4533527" TransAmt="10.00" TransDate="2021-05-01" TransDesc="Resident Liability Compliance Fee (05/2021)" TransName="RESIDENTLIABILITYFEE" TransactionBatchID="1619538295952"/>
    <Transaction CatCode="C" FiscalPeriodEnd="N" LeaID="10645" ReshID="10463" SiteID="4533527" TransAmt="10.00" TransDate="2021-05-01" TransDesc="Resident Liability Compliance Fee (05/2021)" TransName="RESIDENTLIABILITYFEE" TransactionBatchID="1619538295953"/>
    <Transaction CatCode="C" FiscalPeriodEnd="N" LeaID="10656" ReshID="10469" SiteID="4533527" TransAmt="10.00" TransDate="2021-05-01" TransDesc="Resident Liability Compliance Fee (05/2021)" TransName="RESIDENTLIABILITYFEE" TransactionBatchID="1619538295954"/>
    <Transaction CatCode="C" FiscalPeriodEnd="N" LeaID="10629" ReshID="10453" SiteID="4533527" TransAmt="10.00" TransDate="2021-05-01" TransDesc="Resident Liability Compliance Fee (05/2021)" TransName="RESIDENTLIABILITYFEE" TransactionBatchID="1619538295955"/>
    <Transaction CatCode="C" FiscalPeriodEnd="N" LeaID="10657" ReshID="10470" SiteID="4533527" TransAmt="10.00" TransDate="2021-05-01" TransDesc="Resident Liability Compliance Fee (05/2021)" TransName="RESIDENTLIABILITYFEE" TransactionBatchID="1619538295956"/>
    <Transaction CatCode="C" FiscalPeriodEnd="N" LeaID="10626" ReshID="10450" SiteID="4533527" TransAmt="10.00" TransDate="2021-05-01" TransDesc="Resident Liability Compliance Fee (05/2021)" TransName="RESIDENTLIABILITYFEE" TransactionBatchID="1619538295957"/>
    <Transaction CatCode="C" FiscalPeriodEnd="N" LeaID="10678" ReshID="10510" SiteID="4533527" TransAmt="10.00" TransDate="2021-05-01" TransDesc="Resident Liability Compliance Fee (05/2021)" TransName="RESIDENTLIABILITYFEE" TransactionBatchID="1619538295958"/>
    <Transaction CatCode="C" FiscalPeriodEnd="N" LeaID="10666" ReshID="10474" SiteID="4533527" TransAmt="10.00" TransDate="2021-05-01" TransDesc="Resident Liability Compliance Fee (05/2021)" TransName="RESIDENTLIABILITYFEE" TransactionBatchID="1619538295959"/>
    <Transaction CatCode="C" FiscalPeriodEnd="N" LeaID="10697" ReshID="10519" SiteID="4533527" TransAmt="10.00" TransDate="2021-05-01" TransDesc="Resident Liability Compliance Fee (05/2021)" TransName="RESIDENTLIABILITYFEE" TransactionBatchID="1619538295960"/>
    <Transaction CatCode="C" FiscalPeriodEnd="N" LeaID="10694" ReshID="10517" SiteID="4533527" TransAmt="10.00" TransDate="2021-05-01" TransDesc="Resident Liability Compliance Fee (05/2021)" TransName="RESIDENTLIABILITYFEE" TransactionBatchID="1619538295961"/>
    <Transaction CatCode="C" FiscalPeriodEnd="N" LeaID="10706" ReshID="10523" SiteID="4533527" TransAmt="10.00" TransDate="2021-05-01" TransDesc="Resident Liability Compliance Fee (05/2021)" TransName="RESIDENTLIABILITYFEE" TransactionBatchID="1619538295962"/>
    <Transaction CatCode="C" FiscalPeriodEnd="N" LeaID="10708" ReshID="10525" SiteID="4533527" TransAmt="10.00" TransDate="2021-05-01" TransDesc="Resident Liability Compliance Fee (05/2021)" TransName="RESIDENTLIABILITYFEE" TransactionBatchID="1619538295963"/>
    <Transaction CatCode="C" FiscalPeriodEnd="N" LeaID="10710" ReshID="10527" SiteID="4533527" TransAmt="10.00" TransDate="2021-05-01" TransDesc="Resident Liability Compliance Fee (05/2021)" TransName="RESIDENTLIABILITYFEE" TransactionBatchID="1619538295964"/>
    <Transaction CatCode="C" FiscalPeriodEnd="N" LeaID="10711" ReshID="10528" SiteID="4533527" TransAmt="10.00" TransDate="2021-05-01" TransDesc="Resident Liability Compliance Fee (05/2021)" TransName="RESIDENTLIABILITYFEE" TransactionBatchID="1619538295965"/>
    <Transaction CatCode="C" FiscalPeriodEnd="N" LeaID="10721" ReshID="10533" SiteID="4533527" TransAmt="10.00" TransDate="2021-05-01" TransDesc="Resident Liability Compliance Fee (05/2021)" TransName="RESIDENTLIABILITYFEE" TransactionBatchID="1619538295966"/>
    <Transaction CatCode="C" FiscalPeriodEnd="N" LeaID="10712" ReshID="10529" SiteID="4533527" TransAmt="10.00" TransDate="2021-05-01" TransDesc="Resident Liability Compliance Fee (05/2021)" TransName="RESIDENTLIABILITYFEE" TransactionBatchID="1619538295967"/>
    <Transaction CatCode="C" FiscalPeriodEnd="N" LeaID="10723" ReshID="10535" SiteID="4533527" TransAmt="10.00" TransDate="2021-05-01" TransDesc="Resident Liability Compliance Fee (05/2021)" TransName="RESIDENTLIABILITYFEE" TransactionBatchID="1619538295968"/>
    <Transaction CatCode="C" FiscalPeriodEnd="N" LeaID="10737" ReshID="10542" SiteID="4533527" TransAmt="10.00" TransDate="2021-05-01" TransDesc="Resident Liability Compliance Fee (05/2021)" TransName="RESIDENTLIABILITYFEE" TransactionBatchID="1619538295969"/>
    <Transaction CatCode="C" FiscalPeriodEnd="N" LeaID="10739" ReshID="10544" SiteID="4533527" TransAmt="10.00" TransDate="2021-05-01" TransDesc="Resident Liability Compliance Fee (05/2021)" TransName="RESIDENTLIABILITYFEE" TransactionBatchID="1619538295970"/>
    <Transaction CatCode="C" FiscalPeriodEnd="N" LeaID="10751" ReshID="10554" SiteID="4533527" TransAmt="10.00" TransDate="2021-05-01" TransDesc="Resident Liability Compliance Fee (05/2021)" TransName="RESIDENTLIABILITYFEE" TransactionBatchID="1619538295971"/>
    <Transaction CatCode="C" FiscalPeriodEnd="N" LeaID="10717" ReshID="10532" SiteID="4533527" TransAmt="10.00" TransDate="2021-05-01" TransDesc="Resident Liability Compliance Fee (05/2021)" TransName="RESIDENTLIABILITYFEE" TransactionBatchID="1619538295972"/>
    <Transaction CatCode="C" FiscalPeriodEnd="N" LeaID="10704" ReshID="10521" SiteID="4533527" TransAmt="10.00" TransDate="2021-05-01" TransDesc="Resident Liability Compliance Fee (05/2021)" TransName="RESIDENTLIABILITYFEE" TransactionBatchID="1619538295973"/>
    <Transaction CatCode="C" FiscalPeriodEnd="N" LeaID="10764" ReshID="10564" SiteID="4533527" TransAmt="10.00" TransDate="2021-05-01" TransDesc="Resident Liability Compliance Fee (05/2021)" TransName="RESIDENTLIABILITYFEE" TransactionBatchID="1619538295974"/>
    <Transaction CatCode="C" FiscalPeriodEnd="N" LeaID="10744" ReshID="10549" SiteID="4533527" TransAmt="10.00" TransDate="2021-05-01" TransDesc="Resident Liability Compliance Fee (05/2021)" TransName="RESIDENTLIABILITYFEE" TransactionBatchID="1619538295975"/>
</TransactionList>
