<TransactionList>
    <Validation>
        <Audit Count="122" Node="Transaction" Sum="1220.00"/>
    </Validation>
    <Transaction CatCode="C" FiscalPeriodEnd="N" LeaID="430" ReshID="12" SiteID="4533533" TransAmt="10.00" TransDate="2021-05-01" TransDesc="Resident Liability Compliance Fee (05/2021)" TransName="RESIDENTLIABILITYFEE" TransactionBatchID="1619538293563"/>
    <Transaction CatCode="C" FiscalPeriodEnd="N" LeaID="460" ReshID="13" SiteID="4533533" TransAmt="10.00" TransDate="2021-05-01" TransDesc="Resident Liability Compliance Fee (05/2021)" TransName="RESIDENTLIABILITYFEE" TransactionBatchID="1619538293564"/>
    <Transaction CatCode="C" FiscalPeriodEnd="N" LeaID="359" ReshID="15" SiteID="4533533" TransAmt="10.00" TransDate="2021-05-01" TransDesc="Resident Liability Compliance Fee (05/2021)" TransName="RESIDENTLIABILITYFEE" TransactionBatchID="1619538293565"/>
    <Transaction CatCode="C" FiscalPeriodEnd="N" LeaID="335" ReshID="19" SiteID="4533533" TransAmt="10.00" TransDate="2021-05-01" TransDesc="Resident Liability Compliance Fee (05/2021)" TransName="RESIDENTLIABILITYFEE" TransactionBatchID="1619538293566"/>
    <Transaction CatCode="C" FiscalPeriodEnd="N" LeaID="325" ReshID="20" SiteID="4533533" TransAmt="10.00" TransDate="2021-05-01" TransDesc="Resident Liability Compliance Fee (05/2021)" TransName="RESIDENTLIABILITYFEE" TransactionBatchID="1619538293567"/>
    <Transaction CatCode="C" FiscalPeriodEnd="N" LeaID="428" ReshID="21" SiteID="4533533" TransAmt="10.00" TransDate="2021-05-01" TransDesc="Resident Liability Compliance Fee (05/2021)" TransName="RESIDENTLIABILITYFEE" TransactionBatchID="1619538293568"/>
    <Transaction CatCode="C" FiscalPeriodEnd="N" LeaID="324" ReshID="24" SiteID="4533533" TransAmt="10.00" TransDate="2021-05-01" TransDesc="Resident Liability Compliance Fee (05/2021)" TransName="RESIDENTLIABILITYFEE" TransactionBatchID="1619538293569"/>
    <Transaction CatCode="C" FiscalPeriodEnd="N" LeaID="395" ReshID="25" SiteID="4533533" TransAmt="10.00" TransDate="2021-05-01" TransDesc="Resident Liability Compliance Fee (05/2021)" TransName="RESIDENTLIABILITYFEE" TransactionBatchID="1619538293570"/>
    <Transaction CatCode="C" FiscalPeriodEnd="N" LeaID="298" ReshID="27" SiteID="4533533" TransAmt="10.00" TransDate="2021-05-01" TransDesc="Resident Liability Compliance Fee (05/2021)" TransName="RESIDENTLIABILITYFEE" TransactionBatchID="1619538293571"/>
    <Transaction CatCode="C" FiscalPeriodEnd="N" LeaID="496" ReshID="33" SiteID="4533533" TransAmt="10.00" TransDate="2021-05-01" TransDesc="Resident Liability Compliance Fee (05/2021)" TransName="RESIDENTLIABILITYFEE" TransactionBatchID="1619538293572"/>
    <Transaction CatCode="C" FiscalPeriodEnd="N" LeaID="355" ReshID="34" SiteID="4533533" TransAmt="10.00" TransDate="2021-05-01" TransDesc="Resident Liability Compliance Fee (05/2021)" TransName="RESIDENTLIABILITYFEE" TransactionBatchID="1619538293573"/>
    <Transaction CatCode="C" FiscalPeriodEnd="N" LeaID="307" ReshID="38" SiteID="4533533" TransAmt="10.00" TransDate="2021-05-01" TransDesc="Resident Liability Compliance Fee (05/2021)" TransName="RESIDENTLIABILITYFEE" TransactionBatchID="1619538293574"/>
    <Transaction CatCode="C" FiscalPeriodEnd="N" LeaID="417" ReshID="40" SiteID="4533533" TransAmt="10.00" TransDate="2021-05-01" TransDesc="Resident Liability Compliance Fee (05/2021)" TransName="RESIDENTLIABILITYFEE" TransactionBatchID="1619538293575"/>
    <Transaction CatCode="C" FiscalPeriodEnd="N" LeaID="385" ReshID="49" SiteID="4533533" TransAmt="10.00" TransDate="2021-05-01" TransDesc="Resident Liability Compliance Fee (05/2021)" TransName="RESIDENTLIABILITYFEE" TransactionBatchID="1619538293576"/>
    <Transaction CatCode="C" FiscalPeriodEnd="N" LeaID="482" ReshID="50" SiteID="4533533" TransAmt="10.00" TransDate="2021-05-01" TransDesc="Resident Liability Compliance Fee (05/2021)" TransName="RESIDENTLIABILITYFEE" TransactionBatchID="1619538293577"/>
    <Transaction CatCode="C" FiscalPeriodEnd="N" LeaID="397" ReshID="51" SiteID="4533533" TransAmt="10.00" TransDate="2021-05-01" TransDesc="Resident Liability Compliance Fee (05/2021)" TransName="RESIDENTLIABILITYFEE" TransactionBatchID="1619538293578"/>
    <Transaction CatCode="C" FiscalPeriodEnd="N" LeaID="493" ReshID="52" SiteID="4533533" TransAmt="10.00" TransDate="2021-05-01" TransDesc="Resident Liability Compliance Fee (05/2021)" TransName="RESIDENTLIABILITYFEE" TransactionBatchID="1619538293579"/>
    <Transaction CatCode="C" FiscalPeriodEnd="N" LeaID="358" ReshID="55" SiteID="4533533" TransAmt="10.00" TransDate="2021-05-01" TransDesc="Resident Liability Compliance Fee (05/2021)" TransName="RESIDENTLIABILITYFEE" TransactionBatchID="1619538293580"/>
    <Transaction CatCode="C" FiscalPeriodEnd="N" LeaID="415" ReshID="56" SiteID="4533533" TransAmt="10.00" TransDate="2021-05-01" TransDesc="Resident Liability Compliance Fee (05/2021)" TransName="RESIDENTLIABILITYFEE" TransactionBatchID="1619538293581"/>
    <Transaction CatCode="C" FiscalPeriodEnd="N" LeaID="315" ReshID="60" SiteID="4533533" TransAmt="10.00" TransDate="2021-05-01" TransDesc="Resident Liability Compliance Fee (05/2021)" TransName="RESIDENTLIABILITYFEE" TransactionBatchID="1619538293582"/>
    <Transaction CatCode="C" FiscalPeriodEnd="N" LeaID="500" ReshID="63" SiteID="4533533" TransAmt="10.00" TransDate="2021-05-01" TransDesc="Resident Liability Compliance Fee (05/2021)" TransName="RESIDENTLIABILITYFEE" TransactionBatchID="1619538293583"/>
    <Transaction CatCode="C" FiscalPeriodEnd="N" LeaID="351" ReshID="65" SiteID="4533533" TransAmt="10.00" TransDate="2021-05-01" TransDesc="Resident Liability Compliance Fee (05/2021)" TransName="RESIDENTLIABILITYFEE" TransactionBatchID="1619538293584"/>
    <Transaction CatCode="C" FiscalPeriodEnd="N" LeaID="469" ReshID="66" SiteID="4533533" TransAmt="10.00" TransDate="2021-05-01" TransDesc="Resident Liability Compliance Fee (05/2021)" TransName="RESIDENTLIABILITYFEE" TransactionBatchID="1619538293585"/>
    <Transaction CatCode="C" FiscalPeriodEnd="N" LeaID="423" ReshID="82" SiteID="4533533" TransAmt="10.00" TransDate="2021-05-01" TransDesc="Resident Liability Compliance Fee (05/2021)" TransName="RESIDENTLIABILITYFEE" TransactionBatchID="1619538293586"/>
    <Transaction CatCode="C" FiscalPeriodEnd="N" LeaID="416" ReshID="88" SiteID="4533533" TransAmt="10.00" TransDate="2021-05-01" TransDesc="Resident Liability Compliance Fee (05/2021)" TransName="RESIDENTLIABILITYFEE" TransactionBatchID="1619538293587"/>
    <Transaction CatCode="C" FiscalPeriodEnd="N" LeaID="337" ReshID="92" SiteID="4533533" TransAmt="10.00" TransDate="2021-05-01" TransDesc="Resident Liability Compliance Fee (05/2021)" TransName="RESIDENTLIABILITYFEE" TransactionBatchID="1619538293588"/>
    <Transaction CatCode="C" FiscalPeriodEnd="N" LeaID="461" ReshID="94" SiteID="4533533" TransAmt="10.00" TransDate="2021-05-01" TransDesc="Resident Liability Compliance Fee (05/2021)" TransName="RESIDENTLIABILITYFEE" TransactionBatchID="1619538293589"/>
    <Transaction CatCode="C" FiscalPeriodEnd="N" LeaID="431" ReshID="102" SiteID="4533533" TransAmt="10.00" TransDate="2021-05-01" TransDesc="Resident Liability Compliance Fee (05/2021)" TransName="RESIDENTLIABILITYFEE" TransactionBatchID="1619538293590"/>
    <Transaction CatCode="C" FiscalPeriodEnd="N" LeaID="414" ReshID="103" SiteID="4533533" TransAmt="10.00" TransDate="2021-05-01" TransDesc="Resident Liability Compliance Fee (05/2021)" TransName="RESIDENTLIABILITYFEE" TransactionBatchID="1619538293591"/>
    <Transaction CatCode="C" FiscalPeriodEnd="N" LeaID="492" ReshID="108" SiteID="4533533" TransAmt="10.00" TransDate="2021-05-01" TransDesc="Resident Liability Compliance Fee (05/2021)" TransName="RESIDENTLIABILITYFEE" TransactionBatchID="1619538293592"/>
    <Transaction CatCode="C" FiscalPeriodEnd="N" LeaID="489" ReshID="110" SiteID="4533533" TransAmt="10.00" TransDate="2021-05-01" TransDesc="Resident Liability Compliance Fee (05/2021)" TransName="RESIDENTLIABILITYFEE" TransactionBatchID="1619538293593"/>
    <Transaction CatCode="C" FiscalPeriodEnd="N" LeaID="450" ReshID="115" SiteID="4533533" TransAmt="10.00" TransDate="2021-05-01" TransDesc="Resident Liability Compliance Fee (05/2021)" TransName="RESIDENTLIABILITYFEE" TransactionBatchID="1619538293594"/>
    <Transaction CatCode="C" FiscalPeriodEnd="N" LeaID="468" ReshID="116" SiteID="4533533" TransAmt="10.00" TransDate="2021-05-01" TransDesc="Resident Liability Compliance Fee (05/2021)" TransName="RESIDENTLIABILITYFEE" TransactionBatchID="1619538293595"/>
    <Transaction CatCode="C" FiscalPeriodEnd="N" LeaID="446" ReshID="119" SiteID="4533533" TransAmt="10.00" TransDate="2021-05-01" TransDesc="Resident Liability Compliance Fee (05/2021)" TransName="RESIDENTLIABILITYFEE" TransactionBatchID="1619538293596"/>
    <Transaction CatCode="C" FiscalPeriodEnd="N" LeaID="454" ReshID="120" SiteID="4533533" TransAmt="10.00" TransDate="2021-05-01" TransDesc="Resident Liability Compliance Fee (05/2021)" TransName="RESIDENTLIABILITYFEE" TransactionBatchID="1619538293597"/>
    <Transaction CatCode="C" FiscalPeriodEnd="N" LeaID="462" ReshID="130" SiteID="4533533" TransAmt="10.00" TransDate="2021-05-01" TransDesc="Resident Liability Compliance Fee (05/2021)" TransName="RESIDENTLIABILITYFEE" TransactionBatchID="1619538293598"/>
    <Transaction CatCode="C" FiscalPeriodEnd="N" LeaID="310" ReshID="131" SiteID="4533533" TransAmt="10.00" TransDate="2021-05-01" TransDesc="Resident Liability Compliance Fee (05/2021)" TransName="RESIDENTLIABILITYFEE" TransactionBatchID="1619538293599"/>
    <Transaction CatCode="C" FiscalPeriodEnd="N" LeaID="309" ReshID="133" SiteID="4533533" TransAmt="10.00" TransDate="2021-05-01" TransDesc="Resident Liability Compliance Fee (05/2021)" TransName="RESIDENTLIABILITYFEE" TransactionBatchID="1619538293600"/>
    <Transaction CatCode="C" FiscalPeriodEnd="N" LeaID="308" ReshID="134" SiteID="4533533" TransAmt="10.00" TransDate="2021-05-01" TransDesc="Resident Liability Compliance Fee (05/2021)" TransName="RESIDENTLIABILITYFEE" TransactionBatchID="1619538293601"/>
    <Transaction CatCode="C" FiscalPeriodEnd="N" LeaID="304" ReshID="136" SiteID="4533533" TransAmt="10.00" TransDate="2021-05-01" TransDesc="Resident Liability Compliance Fee (05/2021)" TransName="RESIDENTLIABILITYFEE" TransactionBatchID="1619538293602"/>
    <Transaction CatCode="C" FiscalPeriodEnd="N" LeaID="312" ReshID="141" SiteID="4533533" TransAmt="10.00" TransDate="2021-05-01" TransDesc="Resident Liability Compliance Fee (05/2021)" TransName="RESIDENTLIABILITYFEE" TransactionBatchID="1619538293603"/>
    <Transaction CatCode="C" FiscalPeriodEnd="N" LeaID="330" ReshID="145" SiteID="4533533" TransAmt="10.00" TransDate="2021-05-01" TransDesc="Resident Liability Compliance Fee (05/2021)" TransName="RESIDENTLIABILITYFEE" TransactionBatchID="1619538293604"/>
    <Transaction CatCode="C" FiscalPeriodEnd="N" LeaID="363" ReshID="150" SiteID="4533533" TransAmt="10.00" TransDate="2021-05-01" TransDesc="Resident Liability Compliance Fee (05/2021)" TransName="RESIDENTLIABILITYFEE" TransactionBatchID="1619538293605"/>
    <Transaction CatCode="C" FiscalPeriodEnd="N" LeaID="404" ReshID="155" SiteID="4533533" TransAmt="10.00" TransDate="2021-05-01" TransDesc="Resident Liability Compliance Fee (05/2021)" TransName="RESIDENTLIABILITYFEE" TransactionBatchID="1619538293606"/>
    <Transaction CatCode="C" FiscalPeriodEnd="N" LeaID="499" ReshID="159" SiteID="4533533" TransAmt="10.00" TransDate="2021-05-01" TransDesc="Resident Liability Compliance Fee (05/2021)" TransName="RESIDENTLIABILITYFEE" TransactionBatchID="1619538293607"/>
    <Transaction CatCode="C" FiscalPeriodEnd="N" LeaID="372" ReshID="160" SiteID="4533533" TransAmt="10.00" TransDate="2021-05-01" TransDesc="Resident Liability Compliance Fee (05/2021)" TransName="RESIDENTLIABILITYFEE" TransactionBatchID="1619538293608"/>
    <Transaction CatCode="C" FiscalPeriodEnd="N" LeaID="384" ReshID="161" SiteID="4533533" TransAmt="10.00" TransDate="2021-05-01" TransDesc="Resident Liability Compliance Fee (05/2021)" TransName="RESIDENTLIABILITYFEE" TransactionBatchID="1619538293609"/>
    <Transaction CatCode="C" FiscalPeriodEnd="N" LeaID="394" ReshID="162" SiteID="4533533" TransAmt="10.00" TransDate="2021-05-01" TransDesc="Resident Liability Compliance Fee (05/2021)" TransName="RESIDENTLIABILITYFEE" TransactionBatchID="1619538293610"/>
    <Transaction CatCode="C" FiscalPeriodEnd="N" LeaID="432" ReshID="175" SiteID="4533533" TransAmt="10.00" TransDate="2021-05-01" TransDesc="Resident Liability Compliance Fee (05/2021)" TransName="RESIDENTLIABILITYFEE" TransactionBatchID="1619538293611"/>
    <Transaction CatCode="C" FiscalPeriodEnd="N" LeaID="342" ReshID="177" SiteID="4533533" TransAmt="10.00" TransDate="2021-05-01" TransDesc="Resident Liability Compliance Fee (05/2021)" TransName="RESIDENTLIABILITYFEE" TransactionBatchID="1619538293612"/>
    <Transaction CatCode="C" FiscalPeriodEnd="N" LeaID="339" ReshID="181" SiteID="4533533" TransAmt="10.00" TransDate="2021-05-01" TransDesc="Resident Liability Compliance Fee (05/2021)" TransName="RESIDENTLIABILITYFEE" TransactionBatchID="1619538293613"/>
    <Transaction CatCode="C" FiscalPeriodEnd="N" LeaID="410" ReshID="187" SiteID="4533533" TransAmt="10.00" TransDate="2021-05-01" TransDesc="Resident Liability Compliance Fee (05/2021)" TransName="RESIDENTLIABILITYFEE" TransactionBatchID="1619538293614"/>
    <Transaction CatCode="C" FiscalPeriodEnd="N" LeaID="361" ReshID="190" SiteID="4533533" TransAmt="10.00" TransDate="2021-05-01" TransDesc="Resident Liability Compliance Fee (05/2021)" TransName="RESIDENTLIABILITYFEE" TransactionBatchID="1619538293615"/>
    <Transaction CatCode="C" FiscalPeriodEnd="N" LeaID="521" ReshID="201" SiteID="4533533" TransAmt="10.00" TransDate="2021-05-01" TransDesc="Resident Liability Compliance Fee (05/2021)" TransName="RESIDENTLIABILITYFEE" TransactionBatchID="1619538293616"/>
    <Transaction CatCode="C" FiscalPeriodEnd="N" LeaID="525" ReshID="202" SiteID="4533533" TransAmt="10.00" TransDate="2021-05-01" TransDesc="Resident Liability Compliance Fee (05/2021)" TransName="RESIDENTLIABILITYFEE" TransactionBatchID="1619538293617"/>
    <Transaction CatCode="C" FiscalPeriodEnd="N" LeaID="409" ReshID="205" SiteID="4533533" TransAmt="10.00" TransDate="2021-05-01" TransDesc="Resident Liability Compliance Fee (05/2021)" TransName="RESIDENTLIABILITYFEE" TransactionBatchID="1619538293618"/>
    <Transaction CatCode="C" FiscalPeriodEnd="N" LeaID="413" ReshID="200" SiteID="4533533" TransAmt="10.00" TransDate="2021-05-01" TransDesc="Resident Liability Compliance Fee (05/2021)" TransName="RESIDENTLIABILITYFEE" TransactionBatchID="1619538293619"/>
    <Transaction CatCode="C" FiscalPeriodEnd="N" LeaID="453" ReshID="207" SiteID="4533533" TransAmt="10.00" TransDate="2021-05-01" TransDesc="Resident Liability Compliance Fee (05/2021)" TransName="RESIDENTLIABILITYFEE" TransactionBatchID="1619538293620"/>
    <Transaction CatCode="C" FiscalPeriodEnd="N" LeaID="449" ReshID="214" SiteID="4533533" TransAmt="10.00" TransDate="2021-05-01" TransDesc="Resident Liability Compliance Fee (05/2021)" TransName="RESIDENTLIABILITYFEE" TransactionBatchID="1619538293621"/>
    <Transaction CatCode="C" FiscalPeriodEnd="N" LeaID="318" ReshID="221" SiteID="4533533" TransAmt="10.00" TransDate="2021-05-01" TransDesc="Resident Liability Compliance Fee (05/2021)" TransName="RESIDENTLIABILITYFEE" TransactionBatchID="1619538293622"/>
    <Transaction CatCode="C" FiscalPeriodEnd="N" LeaID="459" ReshID="231" SiteID="4533533" TransAmt="10.00" TransDate="2021-05-01" TransDesc="Resident Liability Compliance Fee (05/2021)" TransName="RESIDENTLIABILITYFEE" TransactionBatchID="1619538293623"/>
    <Transaction CatCode="C" FiscalPeriodEnd="N" LeaID="452" ReshID="236" SiteID="4533533" TransAmt="10.00" TransDate="2021-05-01" TransDesc="Resident Liability Compliance Fee (05/2021)" TransName="RESIDENTLIABILITYFEE" TransactionBatchID="1619538293624"/>
    <Transaction CatCode="C" FiscalPeriodEnd="N" LeaID="421" ReshID="241" SiteID="4533533" TransAmt="10.00" TransDate="2021-05-01" TransDesc="Resident Liability Compliance Fee (05/2021)" TransName="RESIDENTLIABILITYFEE" TransactionBatchID="1619538293625"/>
    <Transaction CatCode="C" FiscalPeriodEnd="N" LeaID="472" ReshID="234" SiteID="4533533" TransAmt="10.00" TransDate="2021-05-01" TransDesc="Resident Liability Compliance Fee (05/2021)" TransName="RESIDENTLIABILITYFEE" TransactionBatchID="1619538293626"/>
    <Transaction CatCode="C" FiscalPeriodEnd="N" LeaID="458" ReshID="243" SiteID="4533533" TransAmt="10.00" TransDate="2021-05-01" TransDesc="Resident Liability Compliance Fee (05/2021)" TransName="RESIDENTLIABILITYFEE" TransactionBatchID="1619538293627"/>
    <Transaction CatCode="C" FiscalPeriodEnd="N" LeaID="478" ReshID="238" SiteID="4533533" TransAmt="10.00" TransDate="2021-05-01" TransDesc="Resident Liability Compliance Fee (05/2021)" TransName="RESIDENTLIABILITYFEE" TransactionBatchID="1619538293628"/>
    <Transaction CatCode="C" FiscalPeriodEnd="N" LeaID="491" ReshID="249" SiteID="4533533" TransAmt="10.00" TransDate="2021-05-01" TransDesc="Resident Liability Compliance Fee (05/2021)" TransName="RESIDENTLIABILITYFEE" TransactionBatchID="1619538293629"/>
    <Transaction CatCode="C" FiscalPeriodEnd="N" LeaID="320" ReshID="258" SiteID="4533533" TransAmt="10.00" TransDate="2021-05-01" TransDesc="Resident Liability Compliance Fee (05/2021)" TransName="RESIDENTLIABILITYFEE" TransactionBatchID="1619538293630"/>
    <Transaction CatCode="C" FiscalPeriodEnd="N" LeaID="323" ReshID="261" SiteID="4533533" TransAmt="10.00" TransDate="2021-05-01" TransDesc="Resident Liability Compliance Fee (05/2021)" TransName="RESIDENTLIABILITYFEE" TransactionBatchID="1619538293631"/>
    <Transaction CatCode="C" FiscalPeriodEnd="N" LeaID="329" ReshID="280" SiteID="4533533" TransAmt="10.00" TransDate="2021-05-01" TransDesc="Resident Liability Compliance Fee (05/2021)" TransName="RESIDENTLIABILITYFEE" TransactionBatchID="1619538293632"/>
    <Transaction CatCode="C" FiscalPeriodEnd="N" LeaID="331" ReshID="281" SiteID="4533533" TransAmt="10.00" TransDate="2021-05-01" TransDesc="Resident Liability Compliance Fee (05/2021)" TransName="RESIDENTLIABILITYFEE" TransactionBatchID="1619538293633"/>
    <Transaction CatCode="C" FiscalPeriodEnd="N" LeaID="332" ReshID="282" SiteID="4533533" TransAmt="10.00" TransDate="2021-05-01" TransDesc="Resident Liability Compliance Fee (05/2021)" TransName="RESIDENTLIABILITYFEE" TransactionBatchID="1619538293634"/>
    <Transaction CatCode="C" FiscalPeriodEnd="N" LeaID="340" ReshID="286" SiteID="4533533" TransAmt="10.00" TransDate="2021-05-01" TransDesc="Resident Liability Compliance Fee (05/2021)" TransName="RESIDENTLIABILITYFEE" TransactionBatchID="1619538293635"/>
    <Transaction CatCode="C" FiscalPeriodEnd="N" LeaID="364" ReshID="43" SiteID="4533533" TransAmt="10.00" TransDate="2021-05-01" TransDesc="Resident Liability Compliance Fee (05/2021)" TransName="RESIDENTLIABILITYFEE" TransactionBatchID="1619538293636"/>
    <Transaction CatCode="C" FiscalPeriodEnd="N" LeaID="334" ReshID="284" SiteID="4533533" TransAmt="10.00" TransDate="2021-05-01" TransDesc="Resident Liability Compliance Fee (05/2021)" TransName="RESIDENTLIABILITYFEE" TransactionBatchID="1619538293637"/>
    <Transaction CatCode="C" FiscalPeriodEnd="N" LeaID="341" ReshID="300" SiteID="4533533" TransAmt="10.00" TransDate="2021-05-01" TransDesc="Resident Liability Compliance Fee (05/2021)" TransName="RESIDENTLIABILITYFEE" TransactionBatchID="1619538293638"/>
    <Transaction CatCode="C" FiscalPeriodEnd="N" LeaID="354" ReshID="317" SiteID="4533533" TransAmt="10.00" TransDate="2021-05-01" TransDesc="Resident Liability Compliance Fee (05/2021)" TransName="RESIDENTLIABILITYFEE" TransactionBatchID="1619538293639"/>
    <Transaction CatCode="C" FiscalPeriodEnd="N" LeaID="357" ReshID="319" SiteID="4533533" TransAmt="10.00" TransDate="2021-05-01" TransDesc="Resident Liability Compliance Fee (05/2021)" TransName="RESIDENTLIABILITYFEE" TransactionBatchID="1619538293640"/>
    <Transaction CatCode="C" FiscalPeriodEnd="N" LeaID="368" ReshID="323" SiteID="4533533" TransAmt="10.00" TransDate="2021-05-01" TransDesc="Resident Liability Compliance Fee (05/2021)" TransName="RESIDENTLIABILITYFEE" TransactionBatchID="1619538293641"/>
    <Transaction CatCode="C" FiscalPeriodEnd="N" LeaID="369" ReshID="324" SiteID="4533533" TransAmt="10.00" TransDate="2021-05-01" TransDesc="Resident Liability Compliance Fee (05/2021)" TransName="RESIDENTLIABILITYFEE" TransactionBatchID="1619538293642"/>
    <Transaction CatCode="C" FiscalPeriodEnd="N" LeaID="371" ReshID="326" SiteID="4533533" TransAmt="10.00" TransDate="2021-05-01" TransDesc="Resident Liability Compliance Fee (05/2021)" TransName="RESIDENTLIABILITYFEE" TransactionBatchID="1619538293643"/>
    <Transaction CatCode="C" FiscalPeriodEnd="N" LeaID="380" ReshID="331" SiteID="4533533" TransAmt="10.00" TransDate="2021-05-01" TransDesc="Resident Liability Compliance Fee (05/2021)" TransName="RESIDENTLIABILITYFEE" TransactionBatchID="1619538293644"/>
    <Transaction CatCode="C" FiscalPeriodEnd="N" LeaID="381" ReshID="341" SiteID="4533533" TransAmt="10.00" TransDate="2021-05-01" TransDesc="Resident Liability Compliance Fee (05/2021)" TransName="RESIDENTLIABILITYFEE" TransactionBatchID="1619538293645"/>
    <Transaction CatCode="C" FiscalPeriodEnd="N" LeaID="382" ReshID="342" SiteID="4533533" TransAmt="10.00" TransDate="2021-05-01" TransDesc="Resident Liability Compliance Fee (05/2021)" TransName="RESIDENTLIABILITYFEE" TransactionBatchID="1619538293646"/>
    <Transaction CatCode="C" FiscalPeriodEnd="N" LeaID="386" ReshID="343" SiteID="4533533" TransAmt="10.00" TransDate="2021-05-01" TransDesc="Resident Liability Compliance Fee (05/2021)" TransName="RESIDENTLIABILITYFEE" TransactionBatchID="1619538293647"/>
    <Transaction CatCode="C" FiscalPeriodEnd="N" LeaID="391" ReshID="348" SiteID="4533533" TransAmt="10.00" TransDate="2021-05-01" TransDesc="Resident Liability Compliance Fee (05/2021)" TransName="RESIDENTLIABILITYFEE" TransactionBatchID="1619538293648"/>
    <Transaction CatCode="C" FiscalPeriodEnd="N" LeaID="347" ReshID="314" SiteID="4533533" TransAmt="10.00" TransDate="2021-05-01" TransDesc="Resident Liability Compliance Fee (05/2021)" TransName="RESIDENTLIABILITYFEE" TransactionBatchID="1619538293649"/>
    <Transaction CatCode="C" FiscalPeriodEnd="N" LeaID="400" ReshID="353" SiteID="4533533" TransAmt="10.00" TransDate="2021-05-01" TransDesc="Resident Liability Compliance Fee (05/2021)" TransName="RESIDENTLIABILITYFEE" TransactionBatchID="1619538293650"/>
    <Transaction CatCode="C" FiscalPeriodEnd="N" LeaID="398" ReshID="351" SiteID="4533533" TransAmt="10.00" TransDate="2021-05-01" TransDesc="Resident Liability Compliance Fee (05/2021)" TransName="RESIDENTLIABILITYFEE" TransactionBatchID="1619538293651"/>
    <Transaction CatCode="C" FiscalPeriodEnd="N" LeaID="362" ReshID="320" SiteID="4533533" TransAmt="10.00" TransDate="2021-05-01" TransDesc="Resident Liability Compliance Fee (05/2021)" TransName="RESIDENTLIABILITYFEE" TransactionBatchID="1619538293652"/>
    <Transaction CatCode="C" FiscalPeriodEnd="N" LeaID="392" ReshID="349" SiteID="4533533" TransAmt="10.00" TransDate="2021-05-01" TransDesc="Resident Liability Compliance Fee (05/2021)" TransName="RESIDENTLIABILITYFEE" TransactionBatchID="1619538293653"/>
    <Transaction CatCode="C" FiscalPeriodEnd="N" LeaID="433" ReshID="361" SiteID="4533533" TransAmt="10.00" TransDate="2021-05-01" TransDesc="Resident Liability Compliance Fee (05/2021)" TransName="RESIDENTLIABILITYFEE" TransactionBatchID="1619538293654"/>
    <Transaction CatCode="C" FiscalPeriodEnd="N" LeaID="435" ReshID="363" SiteID="4533533" TransAmt="10.00" TransDate="2021-05-01" TransDesc="Resident Liability Compliance Fee (05/2021)" TransName="RESIDENTLIABILITYFEE" TransactionBatchID="1619538293655"/>
    <Transaction CatCode="C" FiscalPeriodEnd="N" LeaID="441" ReshID="368" SiteID="4533533" TransAmt="10.00" TransDate="2021-05-01" TransDesc="Resident Liability Compliance Fee (05/2021)" TransName="RESIDENTLIABILITYFEE" TransactionBatchID="1619538293656"/>
    <Transaction CatCode="C" FiscalPeriodEnd="N" LeaID="440" ReshID="367" SiteID="4533533" TransAmt="10.00" TransDate="2021-05-01" TransDesc="Resident Liability Compliance Fee (05/2021)" TransName="RESIDENTLIABILITYFEE" TransactionBatchID="1619538293657"/>
    <Transaction CatCode="C" FiscalPeriodEnd="N" LeaID="445" ReshID="372" SiteID="4533533" TransAmt="10.00" TransDate="2021-05-01" TransDesc="Resident Liability Compliance Fee (05/2021)" TransName="RESIDENTLIABILITYFEE" TransactionBatchID="1619538293658"/>
    <Transaction CatCode="C" FiscalPeriodEnd="N" LeaID="437" ReshID="365" SiteID="4533533" TransAmt="10.00" TransDate="2021-05-01" TransDesc="Resident Liability Compliance Fee (05/2021)" TransName="RESIDENTLIABILITYFEE" TransactionBatchID="1619538293659"/>
    <Transaction CatCode="C" FiscalPeriodEnd="N" LeaID="434" ReshID="362" SiteID="4533533" TransAmt="10.00" TransDate="2021-05-01" TransDesc="Resident Liability Compliance Fee (05/2021)" TransName="RESIDENTLIABILITYFEE" TransactionBatchID="1619538293660"/>
    <Transaction CatCode="C" FiscalPeriodEnd="N" LeaID="442" ReshID="369" SiteID="4533533" TransAmt="10.00" TransDate="2021-05-01" TransDesc="Resident Liability Compliance Fee (05/2021)" TransName="RESIDENTLIABILITYFEE" TransactionBatchID="1619538293661"/>
    <Transaction CatCode="C" FiscalPeriodEnd="N" LeaID="457" ReshID="375" SiteID="4533533" TransAmt="10.00" TransDate="2021-05-01" TransDesc="Resident Liability Compliance Fee (05/2021)" TransName="RESIDENTLIABILITYFEE" TransactionBatchID="1619538293662"/>
    <Transaction CatCode="C" FiscalPeriodEnd="N" LeaID="448" ReshID="374" SiteID="4533533" TransAmt="10.00" TransDate="2021-05-01" TransDesc="Resident Liability Compliance Fee (05/2021)" TransName="RESIDENTLIABILITYFEE" TransactionBatchID="1619538293663"/>
    <Transaction CatCode="C" FiscalPeriodEnd="N" LeaID="465" ReshID="377" SiteID="4533533" TransAmt="10.00" TransDate="2021-05-01" TransDesc="Resident Liability Compliance Fee (05/2021)" TransName="RESIDENTLIABILITYFEE" TransactionBatchID="1619538293664"/>
    <Transaction CatCode="C" FiscalPeriodEnd="N" LeaID="474" ReshID="381" SiteID="4533533" TransAmt="10.00" TransDate="2021-05-01" TransDesc="Resident Liability Compliance Fee (05/2021)" TransName="RESIDENTLIABILITYFEE" TransactionBatchID="1619538293665"/>
    <Transaction CatCode="C" FiscalPeriodEnd="N" LeaID="480" ReshID="385" SiteID="4533533" TransAmt="10.00" TransDate="2021-05-01" TransDesc="Resident Liability Compliance Fee (05/2021)" TransName="RESIDENTLIABILITYFEE" TransactionBatchID="1619538293666"/>
    <Transaction CatCode="C" FiscalPeriodEnd="N" LeaID="466" ReshID="378" SiteID="4533533" TransAmt="10.00" TransDate="2021-05-01" TransDesc="Resident Liability Compliance Fee (05/2021)" TransName="RESIDENTLIABILITYFEE" TransactionBatchID="1619538293667"/>
    <Transaction CatCode="C" FiscalPeriodEnd="N" LeaID="477" ReshID="384" SiteID="4533533" TransAmt="10.00" TransDate="2021-05-01" TransDesc="Resident Liability Compliance Fee (05/2021)" TransName="RESIDENTLIABILITYFEE" TransactionBatchID="1619538293668"/>
    <Transaction CatCode="C" FiscalPeriodEnd="N" LeaID="483" ReshID="387" SiteID="4533533" TransAmt="10.00" TransDate="2021-05-01" TransDesc="Resident Liability Compliance Fee (05/2021)" TransName="RESIDENTLIABILITYFEE" TransactionBatchID="1619538293669"/>
    <Transaction CatCode="C" FiscalPeriodEnd="N" LeaID="507" ReshID="402" SiteID="4533533" TransAmt="10.00" TransDate="2021-05-01" TransDesc="Resident Liability Compliance Fee (05/2021)" TransName="RESIDENTLIABILITYFEE" TransactionBatchID="1619538293670"/>
    <Transaction CatCode="C" FiscalPeriodEnd="N" LeaID="511" ReshID="411" SiteID="4533533" TransAmt="10.00" TransDate="2021-05-01" TransDesc="Resident Liability Compliance Fee (05/2021)" TransName="RESIDENTLIABILITYFEE" TransactionBatchID="1619538293671"/>
    <Transaction CatCode="C" FiscalPeriodEnd="N" LeaID="504" ReshID="399" SiteID="4533533" TransAmt="10.00" TransDate="2021-05-01" TransDesc="Resident Liability Compliance Fee (05/2021)" TransName="RESIDENTLIABILITYFEE" TransactionBatchID="1619538293672"/>
    <Transaction CatCode="C" FiscalPeriodEnd="N" LeaID="503" ReshID="398" SiteID="4533533" TransAmt="10.00" TransDate="2021-05-01" TransDesc="Resident Liability Compliance Fee (05/2021)" TransName="RESIDENTLIABILITYFEE" TransactionBatchID="1619538293673"/>
    <Transaction CatCode="C" FiscalPeriodEnd="N" LeaID="505" ReshID="400" SiteID="4533533" TransAmt="10.00" TransDate="2021-05-01" TransDesc="Resident Liability Compliance Fee (05/2021)" TransName="RESIDENTLIABILITYFEE" TransactionBatchID="1619538293674"/>
    <Transaction CatCode="C" FiscalPeriodEnd="N" LeaID="518" ReshID="418" SiteID="4533533" TransAmt="10.00" TransDate="2021-05-01" TransDesc="Resident Liability Compliance Fee (05/2021)" TransName="RESIDENTLIABILITYFEE" TransactionBatchID="1619538293675"/>
    <Transaction CatCode="C" FiscalPeriodEnd="N" LeaID="502" ReshID="397" SiteID="4533533" TransAmt="10.00" TransDate="2021-05-01" TransDesc="Resident Liability Compliance Fee (05/2021)" TransName="RESIDENTLIABILITYFEE" TransactionBatchID="1619538293676"/>
    <Transaction CatCode="C" FiscalPeriodEnd="N" LeaID="488" ReshID="391" SiteID="4533533" TransAmt="10.00" TransDate="2021-05-01" TransDesc="Resident Liability Compliance Fee (05/2021)" TransName="RESIDENTLIABILITYFEE" TransactionBatchID="1619538293677"/>
    <Transaction CatCode="C" FiscalPeriodEnd="N" LeaID="494" ReshID="392" SiteID="4533533" TransAmt="10.00" TransDate="2021-05-01" TransDesc="Resident Liability Compliance Fee (05/2021)" TransName="RESIDENTLIABILITYFEE" TransactionBatchID="1619538293678"/>
    <Transaction CatCode="C" FiscalPeriodEnd="N" LeaID="513" ReshID="413" SiteID="4533533" TransAmt="10.00" TransDate="2021-05-01" TransDesc="Resident Liability Compliance Fee (05/2021)" TransName="RESIDENTLIABILITYFEE" TransactionBatchID="1619538293679"/>
    <Transaction CatCode="C" FiscalPeriodEnd="N" LeaID="517" ReshID="417" SiteID="4533533" TransAmt="10.00" TransDate="2021-05-01" TransDesc="Resident Liability Compliance Fee (05/2021)" TransName="RESIDENTLIABILITYFEE" TransactionBatchID="1619538293680"/>
    <Transaction CatCode="C" FiscalPeriodEnd="N" LeaID="10531" ReshID="10423" SiteID="4533533" TransAmt="10.00" TransDate="2021-05-01" TransDesc="Resident Liability Compliance Fee (05/2021)" TransName="RESIDENTLIABILITYFEE" TransactionBatchID="1619538293681"/>
    <Transaction CatCode="C" FiscalPeriodEnd="N" LeaID="497" ReshID="394" SiteID="4533533" TransAmt="10.00" TransDate="2021-05-01" TransDesc="Resident Liability Compliance Fee (05/2021)" TransName="RESIDENTLIABILITYFEE" TransactionBatchID="1619538293682"/>
    <Transaction CatCode="C" FiscalPeriodEnd="N" LeaID="514" ReshID="414" SiteID="4533533" TransAmt="10.00" TransDate="2021-05-01" TransDesc="Resident Liability Compliance Fee (05/2021)" TransName="RESIDENTLIABILITYFEE" TransactionBatchID="1619538293683"/>
    <Transaction CatCode="C" FiscalPeriodEnd="N" LeaID="10550" ReshID="10436" SiteID="4533533" TransAmt="10.00" TransDate="2021-05-01" TransDesc="Resident Liability Compliance Fee (05/2021)" TransName="RESIDENTLIABILITYFEE" TransactionBatchID="1619538293684"/>
</TransactionList>
