<TransactionList>
    <Validation>
        <Audit Count="93" Node="Transaction" Sum="930.00"/>
    </Validation>
    <Transaction CatCode="C" FiscalPeriodEnd="N" LeaID="447" ReshID="12" SiteID="4593607" TransAmt="10.00" TransDate="2021-05-01" TransDesc="Resident Liability Compliance Fee (05/2021)" TransName="RESIDENTLIABILITYFEE" TransactionBatchID="1619538297637"/>
    <Transaction CatCode="C" FiscalPeriodEnd="N" LeaID="614" ReshID="20" SiteID="4593607" TransAmt="10.00" TransDate="2021-05-01" TransDesc="Resident Liability Compliance Fee (05/2021)" TransName="RESIDENTLIABILITYFEE" TransactionBatchID="1619538297638"/>
    <Transaction CatCode="C" FiscalPeriodEnd="N" LeaID="331" ReshID="21" SiteID="4593607" TransAmt="10.00" TransDate="2021-05-01" TransDesc="Resident Liability Compliance Fee (05/2021)" TransName="RESIDENTLIABILITYFEE" TransactionBatchID="1619538297639"/>
    <Transaction CatCode="C" FiscalPeriodEnd="N" LeaID="621" ReshID="22" SiteID="4593607" TransAmt="10.00" TransDate="2021-05-01" TransDesc="Resident Liability Compliance Fee (05/2021)" TransName="RESIDENTLIABILITYFEE" TransactionBatchID="1619538297640"/>
    <Transaction CatCode="C" FiscalPeriodEnd="N" LeaID="698" ReshID="26" SiteID="4593607" TransAmt="10.00" TransDate="2021-05-01" TransDesc="Resident Liability Compliance Fee (05/2021)" TransName="RESIDENTLIABILITYFEE" TransactionBatchID="1619538297641"/>
    <Transaction CatCode="C" FiscalPeriodEnd="N" LeaID="532" ReshID="45" SiteID="4593607" TransAmt="10.00" TransDate="2021-05-01" TransDesc="Resident Liability Compliance Fee (05/2021)" TransName="RESIDENTLIABILITYFEE" TransactionBatchID="1619538297642"/>
    <Transaction CatCode="C" FiscalPeriodEnd="N" LeaID="626" ReshID="47" SiteID="4593607" TransAmt="10.00" TransDate="2021-05-01" TransDesc="Resident Liability Compliance Fee (05/2021)" TransName="RESIDENTLIABILITYFEE" TransactionBatchID="1619538297643"/>
    <Transaction CatCode="C" FiscalPeriodEnd="N" LeaID="420" ReshID="48" SiteID="4593607" TransAmt="10.00" TransDate="2021-05-01" TransDesc="Resident Liability Compliance Fee (05/2021)" TransName="RESIDENTLIABILITYFEE" TransactionBatchID="1619538297644"/>
    <Transaction CatCode="C" FiscalPeriodEnd="N" LeaID="507" ReshID="56" SiteID="4593607" TransAmt="10.00" TransDate="2021-05-01" TransDesc="Resident Liability Compliance Fee (05/2021)" TransName="RESIDENTLIABILITYFEE" TransactionBatchID="1619538297645"/>
    <Transaction CatCode="C" FiscalPeriodEnd="N" LeaID="553" ReshID="67" SiteID="4593607" TransAmt="10.00" TransDate="2021-05-01" TransDesc="Resident Liability Compliance Fee (05/2021)" TransName="RESIDENTLIABILITYFEE" TransactionBatchID="1619538297646"/>
    <Transaction CatCode="C" FiscalPeriodEnd="N" LeaID="548" ReshID="72" SiteID="4593607" TransAmt="10.00" TransDate="2021-05-01" TransDesc="Resident Liability Compliance Fee (05/2021)" TransName="RESIDENTLIABILITYFEE" TransactionBatchID="1619538297647"/>
    <Transaction CatCode="C" FiscalPeriodEnd="N" LeaID="697" ReshID="74" SiteID="4593607" TransAmt="10.00" TransDate="2021-05-01" TransDesc="Resident Liability Compliance Fee (05/2021)" TransName="RESIDENTLIABILITYFEE" TransactionBatchID="1619538297648"/>
    <Transaction CatCode="C" FiscalPeriodEnd="N" LeaID="396" ReshID="75" SiteID="4593607" TransAmt="10.00" TransDate="2021-05-01" TransDesc="Resident Liability Compliance Fee (05/2021)" TransName="RESIDENTLIABILITYFEE" TransactionBatchID="1619538297649"/>
    <Transaction CatCode="C" FiscalPeriodEnd="N" LeaID="451" ReshID="85" SiteID="4593607" TransAmt="10.00" TransDate="2021-05-01" TransDesc="Resident Liability Compliance Fee (05/2021)" TransName="RESIDENTLIABILITYFEE" TransactionBatchID="1619538297650"/>
    <Transaction CatCode="C" FiscalPeriodEnd="N" LeaID="470" ReshID="89" SiteID="4593607" TransAmt="10.00" TransDate="2021-05-01" TransDesc="Resident Liability Compliance Fee (05/2021)" TransName="RESIDENTLIABILITYFEE" TransactionBatchID="1619538297651"/>
    <Transaction CatCode="C" FiscalPeriodEnd="N" LeaID="389" ReshID="91" SiteID="4593607" TransAmt="10.00" TransDate="2021-05-01" TransDesc="Resident Liability Compliance Fee (05/2021)" TransName="RESIDENTLIABILITYFEE" TransactionBatchID="1619538297652"/>
    <Transaction CatCode="C" FiscalPeriodEnd="N" LeaID="561" ReshID="100" SiteID="4593607" TransAmt="10.00" TransDate="2021-05-01" TransDesc="Resident Liability Compliance Fee (05/2021)" TransName="RESIDENTLIABILITYFEE" TransactionBatchID="1619538297653"/>
    <Transaction CatCode="C" FiscalPeriodEnd="N" LeaID="444" ReshID="110" SiteID="4593607" TransAmt="10.00" TransDate="2021-05-01" TransDesc="Resident Liability Compliance Fee (05/2021)" TransName="RESIDENTLIABILITYFEE" TransactionBatchID="1619538297654"/>
    <Transaction CatCode="C" FiscalPeriodEnd="N" LeaID="565" ReshID="113" SiteID="4593607" TransAmt="10.00" TransDate="2021-05-01" TransDesc="Resident Liability Compliance Fee (05/2021)" TransName="RESIDENTLIABILITYFEE" TransactionBatchID="1619538297655"/>
    <Transaction CatCode="C" FiscalPeriodEnd="N" LeaID="536" ReshID="119" SiteID="4593607" TransAmt="10.00" TransDate="2021-05-01" TransDesc="Resident Liability Compliance Fee (05/2021)" TransName="RESIDENTLIABILITYFEE" TransactionBatchID="1619538297656"/>
    <Transaction CatCode="C" FiscalPeriodEnd="N" LeaID="359" ReshID="131" SiteID="4593607" TransAmt="10.00" TransDate="2021-05-01" TransDesc="Resident Liability Compliance Fee (05/2021)" TransName="RESIDENTLIABILITYFEE" TransactionBatchID="1619538297657"/>
    <Transaction CatCode="C" FiscalPeriodEnd="N" LeaID="560" ReshID="147" SiteID="4593607" TransAmt="10.00" TransDate="2021-05-01" TransDesc="Resident Liability Compliance Fee (05/2021)" TransName="RESIDENTLIABILITYFEE" TransactionBatchID="1619538297658"/>
    <Transaction CatCode="C" FiscalPeriodEnd="N" LeaID="505" ReshID="148" SiteID="4593607" TransAmt="10.00" TransDate="2021-05-01" TransDesc="Resident Liability Compliance Fee (05/2021)" TransName="RESIDENTLIABILITYFEE" TransactionBatchID="1619538297659"/>
    <Transaction CatCode="C" FiscalPeriodEnd="N" LeaID="604" ReshID="151" SiteID="4593607" TransAmt="10.00" TransDate="2021-05-01" TransDesc="Resident Liability Compliance Fee (05/2021)" TransName="RESIDENTLIABILITYFEE" TransactionBatchID="1619538297660"/>
    <Transaction CatCode="C" FiscalPeriodEnd="N" LeaID="669" ReshID="152" SiteID="4593607" TransAmt="10.00" TransDate="2021-05-01" TransDesc="Resident Liability Compliance Fee (05/2021)" TransName="RESIDENTLIABILITYFEE" TransactionBatchID="1619538297661"/>
    <Transaction CatCode="C" FiscalPeriodEnd="N" LeaID="314" ReshID="163" SiteID="4593607" TransAmt="10.00" TransDate="2021-05-01" TransDesc="Resident Liability Compliance Fee (05/2021)" TransName="RESIDENTLIABILITYFEE" TransactionBatchID="1619538297662"/>
    <Transaction CatCode="C" FiscalPeriodEnd="N" LeaID="846" ReshID="164" SiteID="4593607" TransAmt="10.00" TransDate="2021-05-01" TransDesc="Resident Liability Compliance Fee (05/2021)" TransName="RESIDENTLIABILITYFEE" TransactionBatchID="1619538297663"/>
    <Transaction CatCode="C" FiscalPeriodEnd="N" LeaID="372" ReshID="174" SiteID="4593607" TransAmt="10.00" TransDate="2021-05-01" TransDesc="Resident Liability Compliance Fee (05/2021)" TransName="RESIDENTLIABILITYFEE" TransactionBatchID="1619538297664"/>
    <Transaction CatCode="C" FiscalPeriodEnd="N" LeaID="378" ReshID="184" SiteID="4593607" TransAmt="10.00" TransDate="2021-05-01" TransDesc="Resident Liability Compliance Fee (05/2021)" TransName="RESIDENTLIABILITYFEE" TransactionBatchID="1619538297665"/>
    <Transaction CatCode="C" FiscalPeriodEnd="N" LeaID="460" ReshID="194" SiteID="4593607" TransAmt="10.00" TransDate="2021-05-01" TransDesc="Resident Liability Compliance Fee (05/2021)" TransName="RESIDENTLIABILITYFEE" TransactionBatchID="1619538297666"/>
    <Transaction CatCode="C" FiscalPeriodEnd="N" LeaID="535" ReshID="196" SiteID="4593607" TransAmt="10.00" TransDate="2021-05-01" TransDesc="Resident Liability Compliance Fee (05/2021)" TransName="RESIDENTLIABILITYFEE" TransactionBatchID="1619538297667"/>
    <Transaction CatCode="C" FiscalPeriodEnd="N" LeaID="519" ReshID="198" SiteID="4593607" TransAmt="10.00" TransDate="2021-05-01" TransDesc="Resident Liability Compliance Fee (05/2021)" TransName="RESIDENTLIABILITYFEE" TransactionBatchID="1619538297668"/>
    <Transaction CatCode="C" FiscalPeriodEnd="N" LeaID="487" ReshID="202" SiteID="4593607" TransAmt="10.00" TransDate="2021-05-01" TransDesc="Resident Liability Compliance Fee (05/2021)" TransName="RESIDENTLIABILITYFEE" TransactionBatchID="1619538297669"/>
    <Transaction CatCode="C" FiscalPeriodEnd="N" LeaID="467" ReshID="207" SiteID="4593607" TransAmt="10.00" TransDate="2021-05-01" TransDesc="Resident Liability Compliance Fee (05/2021)" TransName="RESIDENTLIABILITYFEE" TransactionBatchID="1619538297670"/>
    <Transaction CatCode="C" FiscalPeriodEnd="N" LeaID="558" ReshID="214" SiteID="4593607" TransAmt="10.00" TransDate="2021-05-01" TransDesc="Resident Liability Compliance Fee (05/2021)" TransName="RESIDENTLIABILITYFEE" TransactionBatchID="1619538297671"/>
    <Transaction CatCode="C" FiscalPeriodEnd="N" LeaID="622" ReshID="218" SiteID="4593607" TransAmt="10.00" TransDate="2021-05-01" TransDesc="Resident Liability Compliance Fee (05/2021)" TransName="RESIDENTLIABILITYFEE" TransactionBatchID="1619538297672"/>
    <Transaction CatCode="C" FiscalPeriodEnd="N" LeaID="587" ReshID="239" SiteID="4593607" TransAmt="10.00" TransDate="2021-05-01" TransDesc="Resident Liability Compliance Fee (05/2021)" TransName="RESIDENTLIABILITYFEE" TransactionBatchID="1619538297673"/>
    <Transaction CatCode="C" FiscalPeriodEnd="N" LeaID="508" ReshID="257" SiteID="4593607" TransAmt="10.00" TransDate="2021-05-01" TransDesc="Resident Liability Compliance Fee (05/2021)" TransName="RESIDENTLIABILITYFEE" TransactionBatchID="1619538297674"/>
    <Transaction CatCode="C" FiscalPeriodEnd="N" LeaID="740" ReshID="258" SiteID="4593607" TransAmt="10.00" TransDate="2021-05-01" TransDesc="Resident Liability Compliance Fee (05/2021)" TransName="RESIDENTLIABILITYFEE" TransactionBatchID="1619538297675"/>
    <Transaction CatCode="C" FiscalPeriodEnd="N" LeaID="390" ReshID="259" SiteID="4593607" TransAmt="10.00" TransDate="2021-05-01" TransDesc="Resident Liability Compliance Fee (05/2021)" TransName="RESIDENTLIABILITYFEE" TransactionBatchID="1619538297676"/>
    <Transaction CatCode="C" FiscalPeriodEnd="N" LeaID="624" ReshID="263" SiteID="4593607" TransAmt="10.00" TransDate="2021-05-01" TransDesc="Resident Liability Compliance Fee (05/2021)" TransName="RESIDENTLIABILITYFEE" TransactionBatchID="1619538297677"/>
    <Transaction CatCode="C" FiscalPeriodEnd="N" LeaID="573" ReshID="264" SiteID="4593607" TransAmt="10.00" TransDate="2021-05-01" TransDesc="Resident Liability Compliance Fee (05/2021)" TransName="RESIDENTLIABILITYFEE" TransactionBatchID="1619538297678"/>
    <Transaction CatCode="C" FiscalPeriodEnd="N" LeaID="550" ReshID="271" SiteID="4593607" TransAmt="10.00" TransDate="2021-05-01" TransDesc="Resident Liability Compliance Fee (05/2021)" TransName="RESIDENTLIABILITYFEE" TransactionBatchID="1619538297679"/>
    <Transaction CatCode="C" FiscalPeriodEnd="N" LeaID="716" ReshID="279" SiteID="4593607" TransAmt="10.00" TransDate="2021-05-01" TransDesc="Resident Liability Compliance Fee (05/2021)" TransName="RESIDENTLIABILITYFEE" TransactionBatchID="1619538297680"/>
    <Transaction CatCode="C" FiscalPeriodEnd="N" LeaID="729" ReshID="290" SiteID="4593607" TransAmt="10.00" TransDate="2021-05-01" TransDesc="Resident Liability Compliance Fee (05/2021)" TransName="RESIDENTLIABILITYFEE" TransactionBatchID="1619538297681"/>
    <Transaction CatCode="C" FiscalPeriodEnd="N" LeaID="701" ReshID="295" SiteID="4593607" TransAmt="10.00" TransDate="2021-05-01" TransDesc="Resident Liability Compliance Fee (05/2021)" TransName="RESIDENTLIABILITYFEE" TransactionBatchID="1619538297682"/>
    <Transaction CatCode="C" FiscalPeriodEnd="N" LeaID="762" ReshID="17" SiteID="4593607" TransAmt="10.00" TransDate="2021-05-01" TransDesc="Resident Liability Compliance Fee (05/2021)" TransName="RESIDENTLIABILITYFEE" TransactionBatchID="1619538297683"/>
    <Transaction CatCode="C" FiscalPeriodEnd="N" LeaID="784" ReshID="297" SiteID="4593607" TransAmt="10.00" TransDate="2021-05-01" TransDesc="Resident Liability Compliance Fee (05/2021)" TransName="RESIDENTLIABILITYFEE" TransactionBatchID="1619538297684"/>
    <Transaction CatCode="C" FiscalPeriodEnd="N" LeaID="751" ReshID="298" SiteID="4593607" TransAmt="10.00" TransDate="2021-05-01" TransDesc="Resident Liability Compliance Fee (05/2021)" TransName="RESIDENTLIABILITYFEE" TransactionBatchID="1619538297685"/>
    <Transaction CatCode="C" FiscalPeriodEnd="N" LeaID="638" ReshID="38" SiteID="4593607" TransAmt="10.00" TransDate="2021-05-01" TransDesc="Resident Liability Compliance Fee (05/2021)" TransName="RESIDENTLIABILITYFEE" TransactionBatchID="1619538297686"/>
    <Transaction CatCode="C" FiscalPeriodEnd="N" LeaID="769" ReshID="315" SiteID="4593607" TransAmt="10.00" TransDate="2021-05-01" TransDesc="Resident Liability Compliance Fee (05/2021)" TransName="RESIDENTLIABILITYFEE" TransactionBatchID="1619538297687"/>
    <Transaction CatCode="C" FiscalPeriodEnd="N" LeaID="724" ReshID="331" SiteID="4593607" TransAmt="10.00" TransDate="2021-05-01" TransDesc="Resident Liability Compliance Fee (05/2021)" TransName="RESIDENTLIABILITYFEE" TransactionBatchID="1619538297688"/>
    <Transaction CatCode="C" FiscalPeriodEnd="N" LeaID="781" ReshID="339" SiteID="4593607" TransAmt="10.00" TransDate="2021-05-01" TransDesc="Resident Liability Compliance Fee (05/2021)" TransName="RESIDENTLIABILITYFEE" TransactionBatchID="1619538297689"/>
    <Transaction CatCode="C" FiscalPeriodEnd="N" LeaID="821" ReshID="333" SiteID="4593607" TransAmt="10.00" TransDate="2021-05-01" TransDesc="Resident Liability Compliance Fee (05/2021)" TransName="RESIDENTLIABILITYFEE" TransactionBatchID="1619538297690"/>
    <Transaction CatCode="C" FiscalPeriodEnd="N" LeaID="373" ReshID="341" SiteID="4593607" TransAmt="10.00" TransDate="2021-05-01" TransDesc="Resident Liability Compliance Fee (05/2021)" TransName="RESIDENTLIABILITYFEE" TransactionBatchID="1619538297691"/>
    <Transaction CatCode="C" FiscalPeriodEnd="N" LeaID="776" ReshID="351" SiteID="4593607" TransAmt="10.00" TransDate="2021-05-01" TransDesc="Resident Liability Compliance Fee (05/2021)" TransName="RESIDENTLIABILITYFEE" TransactionBatchID="1619538297692"/>
    <Transaction CatCode="C" FiscalPeriodEnd="N" LeaID="393" ReshID="352" SiteID="4593607" TransAmt="10.00" TransDate="2021-05-01" TransDesc="Resident Liability Compliance Fee (05/2021)" TransName="RESIDENTLIABILITYFEE" TransactionBatchID="1619538297693"/>
    <Transaction CatCode="C" FiscalPeriodEnd="N" LeaID="409" ReshID="361" SiteID="4593607" TransAmt="10.00" TransDate="2021-05-01" TransDesc="Resident Liability Compliance Fee (05/2021)" TransName="RESIDENTLIABILITYFEE" TransactionBatchID="1619538297694"/>
    <Transaction CatCode="C" FiscalPeriodEnd="N" LeaID="397" ReshID="354" SiteID="4593607" TransAmt="10.00" TransDate="2021-05-01" TransDesc="Resident Liability Compliance Fee (05/2021)" TransName="RESIDENTLIABILITYFEE" TransactionBatchID="1619538297695"/>
    <Transaction CatCode="C" FiscalPeriodEnd="N" LeaID="454" ReshID="384" SiteID="4593607" TransAmt="10.00" TransDate="2021-05-01" TransDesc="Resident Liability Compliance Fee (05/2021)" TransName="RESIDENTLIABILITYFEE" TransactionBatchID="1619538297696"/>
    <Transaction CatCode="C" FiscalPeriodEnd="N" LeaID="763" ReshID="388" SiteID="4593607" TransAmt="10.00" TransDate="2021-05-01" TransDesc="Resident Liability Compliance Fee (05/2021)" TransName="RESIDENTLIABILITYFEE" TransactionBatchID="1619538297697"/>
    <Transaction CatCode="C" FiscalPeriodEnd="N" LeaID="483" ReshID="406" SiteID="4593607" TransAmt="10.00" TransDate="2021-05-01" TransDesc="Resident Liability Compliance Fee (05/2021)" TransName="RESIDENTLIABILITYFEE" TransactionBatchID="1619538297698"/>
    <Transaction CatCode="C" FiscalPeriodEnd="N" LeaID="570" ReshID="225" SiteID="4593607" TransAmt="10.00" TransDate="2021-05-01" TransDesc="Resident Liability Compliance Fee (05/2021)" TransName="RESIDENTLIABILITYFEE" TransactionBatchID="1619538297699"/>
    <Transaction CatCode="C" FiscalPeriodEnd="N" LeaID="574" ReshID="248" SiteID="4593607" TransAmt="10.00" TransDate="2021-05-01" TransDesc="Resident Liability Compliance Fee (05/2021)" TransName="RESIDENTLIABILITYFEE" TransactionBatchID="1619538297700"/>
    <Transaction CatCode="C" FiscalPeriodEnd="N" LeaID="465" ReshID="393" SiteID="4593607" TransAmt="10.00" TransDate="2021-05-01" TransDesc="Resident Liability Compliance Fee (05/2021)" TransName="RESIDENTLIABILITYFEE" TransactionBatchID="1619538297701"/>
    <Transaction CatCode="C" FiscalPeriodEnd="N" LeaID="583" ReshID="446" SiteID="4593607" TransAmt="10.00" TransDate="2021-05-01" TransDesc="Resident Liability Compliance Fee (05/2021)" TransName="RESIDENTLIABILITYFEE" TransactionBatchID="1619538297702"/>
    <Transaction CatCode="C" FiscalPeriodEnd="N" LeaID="631" ReshID="223" SiteID="4593607" TransAmt="10.00" TransDate="2021-05-01" TransDesc="Resident Liability Compliance Fee (05/2021)" TransName="RESIDENTLIABILITYFEE" TransactionBatchID="1619538297703"/>
    <Transaction CatCode="C" FiscalPeriodEnd="N" LeaID="605" ReshID="461" SiteID="4593607" TransAmt="10.00" TransDate="2021-05-01" TransDesc="Resident Liability Compliance Fee (05/2021)" TransName="RESIDENTLIABILITYFEE" TransactionBatchID="1619538297704"/>
    <Transaction CatCode="C" FiscalPeriodEnd="N" LeaID="636" ReshID="485" SiteID="4593607" TransAmt="10.00" TransDate="2021-05-01" TransDesc="Resident Liability Compliance Fee (05/2021)" TransName="RESIDENTLIABILITYFEE" TransactionBatchID="1619538297705"/>
    <Transaction CatCode="C" FiscalPeriodEnd="N" LeaID="648" ReshID="494" SiteID="4593607" TransAmt="10.00" TransDate="2021-05-01" TransDesc="Resident Liability Compliance Fee (05/2021)" TransName="RESIDENTLIABILITYFEE" TransactionBatchID="1619538297706"/>
    <Transaction CatCode="C" FiscalPeriodEnd="N" LeaID="663" ReshID="511" SiteID="4593607" TransAmt="10.00" TransDate="2021-05-01" TransDesc="Resident Liability Compliance Fee (05/2021)" TransName="RESIDENTLIABILITYFEE" TransactionBatchID="1619538297707"/>
    <Transaction CatCode="C" FiscalPeriodEnd="N" LeaID="673" ReshID="520" SiteID="4593607" TransAmt="10.00" TransDate="2021-05-01" TransDesc="Resident Liability Compliance Fee (05/2021)" TransName="RESIDENTLIABILITYFEE" TransactionBatchID="1619538297708"/>
    <Transaction CatCode="C" FiscalPeriodEnd="N" LeaID="680" ReshID="523" SiteID="4593607" TransAmt="10.00" TransDate="2021-05-01" TransDesc="Resident Liability Compliance Fee (05/2021)" TransName="RESIDENTLIABILITYFEE" TransactionBatchID="1619538297709"/>
    <Transaction CatCode="C" FiscalPeriodEnd="N" LeaID="650" ReshID="499" SiteID="4593607" TransAmt="10.00" TransDate="2021-05-01" TransDesc="Resident Liability Compliance Fee (05/2021)" TransName="RESIDENTLIABILITYFEE" TransactionBatchID="1619538297710"/>
    <Transaction CatCode="C" FiscalPeriodEnd="N" LeaID="690" ReshID="532" SiteID="4593607" TransAmt="10.00" TransDate="2021-05-01" TransDesc="Resident Liability Compliance Fee (05/2021)" TransName="RESIDENTLIABILITYFEE" TransactionBatchID="1619538297711"/>
    <Transaction CatCode="C" FiscalPeriodEnd="N" LeaID="695" ReshID="535" SiteID="4593607" TransAmt="10.00" TransDate="2021-05-01" TransDesc="Resident Liability Compliance Fee (05/2021)" TransName="RESIDENTLIABILITYFEE" TransactionBatchID="1619538297712"/>
    <Transaction CatCode="C" FiscalPeriodEnd="N" LeaID="707" ReshID="541" SiteID="4593607" TransAmt="10.00" TransDate="2021-05-01" TransDesc="Resident Liability Compliance Fee (05/2021)" TransName="RESIDENTLIABILITYFEE" TransactionBatchID="1619538297713"/>
    <Transaction CatCode="C" FiscalPeriodEnd="N" LeaID="708" ReshID="542" SiteID="4593607" TransAmt="10.00" TransDate="2021-05-01" TransDesc="Resident Liability Compliance Fee (05/2021)" TransName="RESIDENTLIABILITYFEE" TransactionBatchID="1619538297714"/>
    <Transaction CatCode="C" FiscalPeriodEnd="N" LeaID="665" ReshID="513" SiteID="4593607" TransAmt="10.00" TransDate="2021-05-01" TransDesc="Resident Liability Compliance Fee (05/2021)" TransName="RESIDENTLIABILITYFEE" TransactionBatchID="1619538297715"/>
    <Transaction CatCode="C" FiscalPeriodEnd="N" LeaID="727" ReshID="556" SiteID="4593607" TransAmt="10.00" TransDate="2021-05-01" TransDesc="Resident Liability Compliance Fee (05/2021)" TransName="RESIDENTLIABILITYFEE" TransactionBatchID="1619538297716"/>
    <Transaction CatCode="C" FiscalPeriodEnd="N" LeaID="683" ReshID="526" SiteID="4593607" TransAmt="10.00" TransDate="2021-05-01" TransDesc="Resident Liability Compliance Fee (05/2021)" TransName="RESIDENTLIABILITYFEE" TransactionBatchID="1619538297717"/>
    <Transaction CatCode="C" FiscalPeriodEnd="N" LeaID="730" ReshID="557" SiteID="4593607" TransAmt="10.00" TransDate="2021-05-01" TransDesc="Resident Liability Compliance Fee (05/2021)" TransName="RESIDENTLIABILITYFEE" TransactionBatchID="1619538297718"/>
    <Transaction CatCode="C" FiscalPeriodEnd="N" LeaID="744" ReshID="566" SiteID="4593607" TransAmt="10.00" TransDate="2021-05-01" TransDesc="Resident Liability Compliance Fee (05/2021)" TransName="RESIDENTLIABILITYFEE" TransactionBatchID="1619538297719"/>
    <Transaction CatCode="C" FiscalPeriodEnd="N" LeaID="755" ReshID="579" SiteID="4593607" TransAmt="10.00" TransDate="2021-05-01" TransDesc="Resident Liability Compliance Fee (05/2021)" TransName="RESIDENTLIABILITYFEE" TransactionBatchID="1619538297720"/>
    <Transaction CatCode="C" FiscalPeriodEnd="N" LeaID="772" ReshID="589" SiteID="4593607" TransAmt="10.00" TransDate="2021-05-01" TransDesc="Resident Liability Compliance Fee (05/2021)" TransName="RESIDENTLIABILITYFEE" TransactionBatchID="1619538297721"/>
    <Transaction CatCode="C" FiscalPeriodEnd="N" LeaID="771" ReshID="588" SiteID="4593607" TransAmt="10.00" TransDate="2021-05-01" TransDesc="Resident Liability Compliance Fee (05/2021)" TransName="RESIDENTLIABILITYFEE" TransactionBatchID="1619538297722"/>
    <Transaction CatCode="C" FiscalPeriodEnd="N" LeaID="765" ReshID="585" SiteID="4593607" TransAmt="10.00" TransDate="2021-05-01" TransDesc="Resident Liability Compliance Fee (05/2021)" TransName="RESIDENTLIABILITYFEE" TransactionBatchID="1619538297723"/>
    <Transaction CatCode="C" FiscalPeriodEnd="N" LeaID="544" ReshID="436" SiteID="4593607" TransAmt="10.00" TransDate="2021-05-01" TransDesc="Resident Liability Compliance Fee (05/2021)" TransName="RESIDENTLIABILITYFEE" TransactionBatchID="1619538297724"/>
    <Transaction CatCode="C" FiscalPeriodEnd="N" LeaID="817" ReshID="614" SiteID="4593607" TransAmt="10.00" TransDate="2021-05-01" TransDesc="Resident Liability Compliance Fee (05/2021)" TransName="RESIDENTLIABILITYFEE" TransactionBatchID="1619538297725"/>
    <Transaction CatCode="C" FiscalPeriodEnd="N" LeaID="833" ReshID="631" SiteID="4593607" TransAmt="10.00" TransDate="2021-05-01" TransDesc="Resident Liability Compliance Fee (05/2021)" TransName="RESIDENTLIABILITYFEE" TransactionBatchID="1619538297726"/>
    <Transaction CatCode="C" FiscalPeriodEnd="N" LeaID="801" ReshID="605" SiteID="4593607" TransAmt="10.00" TransDate="2021-05-01" TransDesc="Resident Liability Compliance Fee (05/2021)" TransName="RESIDENTLIABILITYFEE" TransactionBatchID="1619538297727"/>
    <Transaction CatCode="C" FiscalPeriodEnd="N" LeaID="865" ReshID="652" SiteID="4593607" TransAmt="10.00" TransDate="2021-05-01" TransDesc="Resident Liability Compliance Fee (05/2021)" TransName="RESIDENTLIABILITYFEE" TransactionBatchID="1619538297728"/>
    <Transaction CatCode="C" FiscalPeriodEnd="N" LeaID="832" ReshID="630" SiteID="4593607" TransAmt="10.00" TransDate="2021-05-01" TransDesc="Resident Liability Compliance Fee (05/2021)" TransName="RESIDENTLIABILITYFEE" TransactionBatchID="1619538297729"/>
</TransactionList>
