<TransactionList>
    <Validation>
        <Audit Count="89" Node="Transaction" Sum="890.00"/>
    </Validation>
    <Transaction CatCode="C" FiscalPeriodEnd="N" LeaID="515" ReshID="29" SiteID="4632740" TransAmt="10.00" TransDate="2021-05-01" TransDesc="Resident Liability Compliance Fee (05/2021)" TransName="RESIDENTLIABILITYFEE" TransactionBatchID="1619538299187"/>
    <Transaction CatCode="C" FiscalPeriodEnd="N" LeaID="582" ReshID="32" SiteID="4632740" TransAmt="10.00" TransDate="2021-05-01" TransDesc="Resident Liability Compliance Fee (05/2021)" TransName="RESIDENTLIABILITYFEE" TransactionBatchID="1619538299188"/>
    <Transaction CatCode="C" FiscalPeriodEnd="N" LeaID="360" ReshID="39" SiteID="4632740" TransAmt="10.00" TransDate="2021-05-01" TransDesc="Resident Liability Compliance Fee (05/2021)" TransName="RESIDENTLIABILITYFEE" TransactionBatchID="1619538299189"/>
    <Transaction CatCode="C" FiscalPeriodEnd="N" LeaID="273" ReshID="44" SiteID="4632740" TransAmt="10.00" TransDate="2021-05-01" TransDesc="Resident Liability Compliance Fee (05/2021)" TransName="RESIDENTLIABILITYFEE" TransactionBatchID="1619538299190"/>
    <Transaction CatCode="C" FiscalPeriodEnd="N" LeaID="301" ReshID="53" SiteID="4632740" TransAmt="10.00" TransDate="2021-05-01" TransDesc="Resident Liability Compliance Fee (05/2021)" TransName="RESIDENTLIABILITYFEE" TransactionBatchID="1619538299191"/>
    <Transaction CatCode="C" FiscalPeriodEnd="N" LeaID="637" ReshID="54" SiteID="4632740" TransAmt="10.00" TransDate="2021-05-01" TransDesc="Resident Liability Compliance Fee (05/2021)" TransName="RESIDENTLIABILITYFEE" TransactionBatchID="1619538299192"/>
    <Transaction CatCode="C" FiscalPeriodEnd="N" LeaID="340" ReshID="56" SiteID="4632740" TransAmt="10.00" TransDate="2021-05-01" TransDesc="Resident Liability Compliance Fee (05/2021)" TransName="RESIDENTLIABILITYFEE" TransactionBatchID="1619538299193"/>
    <Transaction CatCode="C" FiscalPeriodEnd="N" LeaID="623" ReshID="62" SiteID="4632740" TransAmt="10.00" TransDate="2021-05-01" TransDesc="Resident Liability Compliance Fee (05/2021)" TransName="RESIDENTLIABILITYFEE" TransactionBatchID="1619538299194"/>
    <Transaction CatCode="C" FiscalPeriodEnd="N" LeaID="496" ReshID="73" SiteID="4632740" TransAmt="10.00" TransDate="2021-05-01" TransDesc="Resident Liability Compliance Fee (05/2021)" TransName="RESIDENTLIABILITYFEE" TransactionBatchID="1619538299195"/>
    <Transaction CatCode="C" FiscalPeriodEnd="N" LeaID="295" ReshID="74" SiteID="4632740" TransAmt="10.00" TransDate="2021-05-01" TransDesc="Resident Liability Compliance Fee (05/2021)" TransName="RESIDENTLIABILITYFEE" TransactionBatchID="1619538299196"/>
    <Transaction CatCode="C" FiscalPeriodEnd="N" LeaID="523" ReshID="75" SiteID="4632740" TransAmt="10.00" TransDate="2021-05-01" TransDesc="Resident Liability Compliance Fee (05/2021)" TransName="RESIDENTLIABILITYFEE" TransactionBatchID="1619538299197"/>
    <Transaction CatCode="C" FiscalPeriodEnd="N" LeaID="542" ReshID="82" SiteID="4632740" TransAmt="10.00" TransDate="2021-05-01" TransDesc="Resident Liability Compliance Fee (05/2021)" TransName="RESIDENTLIABILITYFEE" TransactionBatchID="1619538299198"/>
    <Transaction CatCode="C" FiscalPeriodEnd="N" LeaID="286" ReshID="86" SiteID="4632740" TransAmt="10.00" TransDate="2021-05-01" TransDesc="Resident Liability Compliance Fee (05/2021)" TransName="RESIDENTLIABILITYFEE" TransactionBatchID="1619538299199"/>
    <Transaction CatCode="C" FiscalPeriodEnd="N" LeaID="383" ReshID="96" SiteID="4632740" TransAmt="10.00" TransDate="2021-05-01" TransDesc="Resident Liability Compliance Fee (05/2021)" TransName="RESIDENTLIABILITYFEE" TransactionBatchID="1619538299200"/>
    <Transaction CatCode="C" FiscalPeriodEnd="N" LeaID="538" ReshID="102" SiteID="4632740" TransAmt="10.00" TransDate="2021-05-01" TransDesc="Resident Liability Compliance Fee (05/2021)" TransName="RESIDENTLIABILITYFEE" TransactionBatchID="1619538299201"/>
    <Transaction CatCode="C" FiscalPeriodEnd="N" LeaID="314" ReshID="106" SiteID="4632740" TransAmt="10.00" TransDate="2021-05-01" TransDesc="Resident Liability Compliance Fee (05/2021)" TransName="RESIDENTLIABILITYFEE" TransactionBatchID="1619538299202"/>
    <Transaction CatCode="C" FiscalPeriodEnd="N" LeaID="339" ReshID="118" SiteID="4632740" TransAmt="10.00" TransDate="2021-05-01" TransDesc="Resident Liability Compliance Fee (05/2021)" TransName="RESIDENTLIABILITYFEE" TransactionBatchID="1619538299203"/>
    <Transaction CatCode="C" FiscalPeriodEnd="N" LeaID="365" ReshID="145" SiteID="4632740" TransAmt="10.00" TransDate="2021-05-01" TransDesc="Resident Liability Compliance Fee (05/2021)" TransName="RESIDENTLIABILITYFEE" TransactionBatchID="1619538299204"/>
    <Transaction CatCode="C" FiscalPeriodEnd="N" LeaID="418" ReshID="152" SiteID="4632740" TransAmt="10.00" TransDate="2021-05-01" TransDesc="Resident Liability Compliance Fee (05/2021)" TransName="RESIDENTLIABILITYFEE" TransactionBatchID="1619538299205"/>
    <Transaction CatCode="C" FiscalPeriodEnd="N" LeaID="331" ReshID="154" SiteID="4632740" TransAmt="10.00" TransDate="2021-05-01" TransDesc="Resident Liability Compliance Fee (05/2021)" TransName="RESIDENTLIABILITYFEE" TransactionBatchID="1619538299206"/>
    <Transaction CatCode="C" FiscalPeriodEnd="N" LeaID="336" ReshID="160" SiteID="4632740" TransAmt="10.00" TransDate="2021-05-01" TransDesc="Resident Liability Compliance Fee (05/2021)" TransName="RESIDENTLIABILITYFEE" TransactionBatchID="1619538299207"/>
    <Transaction CatCode="C" FiscalPeriodEnd="N" LeaID="424" ReshID="164" SiteID="4632740" TransAmt="10.00" TransDate="2021-05-01" TransDesc="Resident Liability Compliance Fee (05/2021)" TransName="RESIDENTLIABILITYFEE" TransactionBatchID="1619538299208"/>
    <Transaction CatCode="C" FiscalPeriodEnd="N" LeaID="296" ReshID="165" SiteID="4632740" TransAmt="10.00" TransDate="2021-05-01" TransDesc="Resident Liability Compliance Fee (05/2021)" TransName="RESIDENTLIABILITYFEE" TransactionBatchID="1619538299209"/>
    <Transaction CatCode="C" FiscalPeriodEnd="N" LeaID="382" ReshID="182" SiteID="4632740" TransAmt="10.00" TransDate="2021-05-01" TransDesc="Resident Liability Compliance Fee (05/2021)" TransName="RESIDENTLIABILITYFEE" TransactionBatchID="1619538299210"/>
    <Transaction CatCode="C" FiscalPeriodEnd="N" LeaID="395" ReshID="194" SiteID="4632740" TransAmt="10.00" TransDate="2021-05-01" TransDesc="Resident Liability Compliance Fee (05/2021)" TransName="RESIDENTLIABILITYFEE" TransactionBatchID="1619538299211"/>
    <Transaction CatCode="C" FiscalPeriodEnd="N" LeaID="480" ReshID="205" SiteID="4632740" TransAmt="10.00" TransDate="2021-05-01" TransDesc="Resident Liability Compliance Fee (05/2021)" TransName="RESIDENTLIABILITYFEE" TransactionBatchID="1619538299212"/>
    <Transaction CatCode="C" FiscalPeriodEnd="N" LeaID="513" ReshID="210" SiteID="4632740" TransAmt="10.00" TransDate="2021-05-01" TransDesc="Resident Liability Compliance Fee (05/2021)" TransName="RESIDENTLIABILITYFEE" TransactionBatchID="1619538299213"/>
    <Transaction CatCode="C" FiscalPeriodEnd="N" LeaID="436" ReshID="213" SiteID="4632740" TransAmt="10.00" TransDate="2021-05-01" TransDesc="Resident Liability Compliance Fee (05/2021)" TransName="RESIDENTLIABILITYFEE" TransactionBatchID="1619538299214"/>
    <Transaction CatCode="C" FiscalPeriodEnd="N" LeaID="505" ReshID="224" SiteID="4632740" TransAmt="10.00" TransDate="2021-05-01" TransDesc="Resident Liability Compliance Fee (05/2021)" TransName="RESIDENTLIABILITYFEE" TransactionBatchID="1619538299215"/>
    <Transaction CatCode="C" FiscalPeriodEnd="N" LeaID="577" ReshID="231" SiteID="4632740" TransAmt="10.00" TransDate="2021-05-01" TransDesc="Resident Liability Compliance Fee (05/2021)" TransName="RESIDENTLIABILITYFEE" TransactionBatchID="1619538299216"/>
    <Transaction CatCode="C" FiscalPeriodEnd="N" LeaID="586" ReshID="245" SiteID="4632740" TransAmt="10.00" TransDate="2021-05-01" TransDesc="Resident Liability Compliance Fee (05/2021)" TransName="RESIDENTLIABILITYFEE" TransactionBatchID="1619538299217"/>
    <Transaction CatCode="C" FiscalPeriodEnd="N" LeaID="593" ReshID="246" SiteID="4632740" TransAmt="10.00" TransDate="2021-05-01" TransDesc="Resident Liability Compliance Fee (05/2021)" TransName="RESIDENTLIABILITYFEE" TransactionBatchID="1619538299218"/>
    <Transaction CatCode="C" FiscalPeriodEnd="N" LeaID="583" ReshID="247" SiteID="4632740" TransAmt="10.00" TransDate="2021-05-01" TransDesc="Resident Liability Compliance Fee (05/2021)" TransName="RESIDENTLIABILITYFEE" TransactionBatchID="1619538299219"/>
    <Transaction CatCode="C" FiscalPeriodEnd="N" LeaID="587" ReshID="250" SiteID="4632740" TransAmt="10.00" TransDate="2021-05-01" TransDesc="Resident Liability Compliance Fee (05/2021)" TransName="RESIDENTLIABILITYFEE" TransactionBatchID="1619538299220"/>
    <Transaction CatCode="C" FiscalPeriodEnd="N" LeaID="541" ReshID="251" SiteID="4632740" TransAmt="10.00" TransDate="2021-05-01" TransDesc="Resident Liability Compliance Fee (05/2021)" TransName="RESIDENTLIABILITYFEE" TransactionBatchID="1619538299221"/>
    <Transaction CatCode="C" FiscalPeriodEnd="N" LeaID="564" ReshID="273" SiteID="4632740" TransAmt="10.00" TransDate="2021-05-01" TransDesc="Resident Liability Compliance Fee (05/2021)" TransName="RESIDENTLIABILITYFEE" TransactionBatchID="1619538299222"/>
    <Transaction CatCode="C" FiscalPeriodEnd="N" LeaID="311" ReshID="281" SiteID="4632740" TransAmt="10.00" TransDate="2021-05-01" TransDesc="Resident Liability Compliance Fee (05/2021)" TransName="RESIDENTLIABILITYFEE" TransactionBatchID="1619538299223"/>
    <Transaction CatCode="C" FiscalPeriodEnd="N" LeaID="319" ReshID="285" SiteID="4632740" TransAmt="10.00" TransDate="2021-05-01" TransDesc="Resident Liability Compliance Fee (05/2021)" TransName="RESIDENTLIABILITYFEE" TransactionBatchID="1619538299224"/>
    <Transaction CatCode="C" FiscalPeriodEnd="N" LeaID="318" ReshID="284" SiteID="4632740" TransAmt="10.00" TransDate="2021-05-01" TransDesc="Resident Liability Compliance Fee (05/2021)" TransName="RESIDENTLIABILITYFEE" TransactionBatchID="1619538299225"/>
    <Transaction CatCode="C" FiscalPeriodEnd="N" LeaID="323" ReshID="288" SiteID="4632740" TransAmt="10.00" TransDate="2021-05-01" TransDesc="Resident Liability Compliance Fee (05/2021)" TransName="RESIDENTLIABILITYFEE" TransactionBatchID="1619538299226"/>
    <Transaction CatCode="C" FiscalPeriodEnd="N" LeaID="346" ReshID="296" SiteID="4632740" TransAmt="10.00" TransDate="2021-05-01" TransDesc="Resident Liability Compliance Fee (05/2021)" TransName="RESIDENTLIABILITYFEE" TransactionBatchID="1619538299227"/>
    <Transaction CatCode="C" FiscalPeriodEnd="N" LeaID="325" ReshID="289" SiteID="4632740" TransAmt="10.00" TransDate="2021-05-01" TransDesc="Resident Liability Compliance Fee (05/2021)" TransName="RESIDENTLIABILITYFEE" TransactionBatchID="1619538299228"/>
    <Transaction CatCode="C" FiscalPeriodEnd="N" LeaID="349" ReshID="298" SiteID="4632740" TransAmt="10.00" TransDate="2021-05-01" TransDesc="Resident Liability Compliance Fee (05/2021)" TransName="RESIDENTLIABILITYFEE" TransactionBatchID="1619538299229"/>
    <Transaction CatCode="C" FiscalPeriodEnd="N" LeaID="397" ReshID="332" SiteID="4632740" TransAmt="10.00" TransDate="2021-05-01" TransDesc="Resident Liability Compliance Fee (05/2021)" TransName="RESIDENTLIABILITYFEE" TransactionBatchID="1619538299230"/>
    <Transaction CatCode="C" FiscalPeriodEnd="N" LeaID="359" ReshID="305" SiteID="4632740" TransAmt="10.00" TransDate="2021-05-01" TransDesc="Resident Liability Compliance Fee (05/2021)" TransName="RESIDENTLIABILITYFEE" TransactionBatchID="1619538299231"/>
    <Transaction CatCode="C" FiscalPeriodEnd="N" LeaID="400" ReshID="335" SiteID="4632740" TransAmt="10.00" TransDate="2021-05-01" TransDesc="Resident Liability Compliance Fee (05/2021)" TransName="RESIDENTLIABILITYFEE" TransactionBatchID="1619538299232"/>
    <Transaction CatCode="C" FiscalPeriodEnd="N" LeaID="394" ReshID="330" SiteID="4632740" TransAmt="10.00" TransDate="2021-05-01" TransDesc="Resident Liability Compliance Fee (05/2021)" TransName="RESIDENTLIABILITYFEE" TransactionBatchID="1619538299233"/>
    <Transaction CatCode="C" FiscalPeriodEnd="N" LeaID="362" ReshID="307" SiteID="4632740" TransAmt="10.00" TransDate="2021-05-01" TransDesc="Resident Liability Compliance Fee (05/2021)" TransName="RESIDENTLIABILITYFEE" TransactionBatchID="1619538299234"/>
    <Transaction CatCode="C" FiscalPeriodEnd="N" LeaID="407" ReshID="340" SiteID="4632740" TransAmt="10.00" TransDate="2021-05-01" TransDesc="Resident Liability Compliance Fee (05/2021)" TransName="RESIDENTLIABILITYFEE" TransactionBatchID="1619538299235"/>
    <Transaction CatCode="C" FiscalPeriodEnd="N" LeaID="375" ReshID="319" SiteID="4632740" TransAmt="10.00" TransDate="2021-05-01" TransDesc="Resident Liability Compliance Fee (05/2021)" TransName="RESIDENTLIABILITYFEE" TransactionBatchID="1619538299236"/>
    <Transaction CatCode="C" FiscalPeriodEnd="N" LeaID="390" ReshID="326" SiteID="4632740" TransAmt="10.00" TransDate="2021-05-01" TransDesc="Resident Liability Compliance Fee (05/2021)" TransName="RESIDENTLIABILITYFEE" TransactionBatchID="1619538299237"/>
    <Transaction CatCode="C" FiscalPeriodEnd="N" LeaID="413" ReshID="344" SiteID="4632740" TransAmt="10.00" TransDate="2021-05-01" TransDesc="Resident Liability Compliance Fee (05/2021)" TransName="RESIDENTLIABILITYFEE" TransactionBatchID="1619538299238"/>
    <Transaction CatCode="C" FiscalPeriodEnd="N" LeaID="428" ReshID="355" SiteID="4632740" TransAmt="10.00" TransDate="2021-05-01" TransDesc="Resident Liability Compliance Fee (05/2021)" TransName="RESIDENTLIABILITYFEE" TransactionBatchID="1619538299239"/>
    <Transaction CatCode="C" FiscalPeriodEnd="N" LeaID="430" ReshID="356" SiteID="4632740" TransAmt="10.00" TransDate="2021-05-01" TransDesc="Resident Liability Compliance Fee (05/2021)" TransName="RESIDENTLIABILITYFEE" TransactionBatchID="1619538299240"/>
    <Transaction CatCode="C" FiscalPeriodEnd="N" LeaID="444" ReshID="369" SiteID="4632740" TransAmt="10.00" TransDate="2021-05-01" TransDesc="Resident Liability Compliance Fee (05/2021)" TransName="RESIDENTLIABILITYFEE" TransactionBatchID="1619538299241"/>
    <Transaction CatCode="C" FiscalPeriodEnd="N" LeaID="431" ReshID="357" SiteID="4632740" TransAmt="10.00" TransDate="2021-05-01" TransDesc="Resident Liability Compliance Fee (05/2021)" TransName="RESIDENTLIABILITYFEE" TransactionBatchID="1619538299242"/>
    <Transaction CatCode="C" FiscalPeriodEnd="N" LeaID="454" ReshID="377" SiteID="4632740" TransAmt="10.00" TransDate="2021-05-01" TransDesc="Resident Liability Compliance Fee (05/2021)" TransName="RESIDENTLIABILITYFEE" TransactionBatchID="1619538299243"/>
    <Transaction CatCode="C" FiscalPeriodEnd="N" LeaID="448" ReshID="373" SiteID="4632740" TransAmt="10.00" TransDate="2021-05-01" TransDesc="Resident Liability Compliance Fee (05/2021)" TransName="RESIDENTLIABILITYFEE" TransactionBatchID="1619538299244"/>
    <Transaction CatCode="C" FiscalPeriodEnd="N" LeaID="461" ReshID="382" SiteID="4632740" TransAmt="10.00" TransDate="2021-05-01" TransDesc="Resident Liability Compliance Fee (05/2021)" TransName="RESIDENTLIABILITYFEE" TransactionBatchID="1619538299245"/>
    <Transaction CatCode="C" FiscalPeriodEnd="N" LeaID="465" ReshID="385" SiteID="4632740" TransAmt="10.00" TransDate="2021-05-01" TransDesc="Resident Liability Compliance Fee (05/2021)" TransName="RESIDENTLIABILITYFEE" TransactionBatchID="1619538299246"/>
    <Transaction CatCode="C" FiscalPeriodEnd="N" LeaID="460" ReshID="381" SiteID="4632740" TransAmt="10.00" TransDate="2021-05-01" TransDesc="Resident Liability Compliance Fee (05/2021)" TransName="RESIDENTLIABILITYFEE" TransactionBatchID="1619538299247"/>
    <Transaction CatCode="C" FiscalPeriodEnd="N" LeaID="469" ReshID="389" SiteID="4632740" TransAmt="10.00" TransDate="2021-05-01" TransDesc="Resident Liability Compliance Fee (05/2021)" TransName="RESIDENTLIABILITYFEE" TransactionBatchID="1619538299248"/>
    <Transaction CatCode="C" FiscalPeriodEnd="N" LeaID="471" ReshID="391" SiteID="4632740" TransAmt="10.00" TransDate="2021-05-01" TransDesc="Resident Liability Compliance Fee (05/2021)" TransName="RESIDENTLIABILITYFEE" TransactionBatchID="1619538299249"/>
    <Transaction CatCode="C" FiscalPeriodEnd="N" LeaID="476" ReshID="395" SiteID="4632740" TransAmt="10.00" TransDate="2021-05-01" TransDesc="Resident Liability Compliance Fee (05/2021)" TransName="RESIDENTLIABILITYFEE" TransactionBatchID="1619538299250"/>
    <Transaction CatCode="C" FiscalPeriodEnd="N" LeaID="479" ReshID="398" SiteID="4632740" TransAmt="10.00" TransDate="2021-05-01" TransDesc="Resident Liability Compliance Fee (05/2021)" TransName="RESIDENTLIABILITYFEE" TransactionBatchID="1619538299251"/>
    <Transaction CatCode="C" FiscalPeriodEnd="N" LeaID="489" ReshID="404" SiteID="4632740" TransAmt="10.00" TransDate="2021-05-01" TransDesc="Resident Liability Compliance Fee (05/2021)" TransName="RESIDENTLIABILITYFEE" TransactionBatchID="1619538299252"/>
    <Transaction CatCode="C" FiscalPeriodEnd="N" LeaID="492" ReshID="405" SiteID="4632740" TransAmt="10.00" TransDate="2021-05-01" TransDesc="Resident Liability Compliance Fee (05/2021)" TransName="RESIDENTLIABILITYFEE" TransactionBatchID="1619538299253"/>
    <Transaction CatCode="C" FiscalPeriodEnd="N" LeaID="503" ReshID="414" SiteID="4632740" TransAmt="10.00" TransDate="2021-05-01" TransDesc="Resident Liability Compliance Fee (05/2021)" TransName="RESIDENTLIABILITYFEE" TransactionBatchID="1619538299254"/>
    <Transaction CatCode="C" FiscalPeriodEnd="N" LeaID="507" ReshID="417" SiteID="4632740" TransAmt="10.00" TransDate="2021-05-01" TransDesc="Resident Liability Compliance Fee (05/2021)" TransName="RESIDENTLIABILITYFEE" TransactionBatchID="1619538299255"/>
    <Transaction CatCode="C" FiscalPeriodEnd="N" LeaID="484" ReshID="401" SiteID="4632740" TransAmt="10.00" TransDate="2021-05-01" TransDesc="Resident Liability Compliance Fee (05/2021)" TransName="RESIDENTLIABILITYFEE" TransactionBatchID="1619538299256"/>
    <Transaction CatCode="C" FiscalPeriodEnd="N" LeaID="518" ReshID="425" SiteID="4632740" TransAmt="10.00" TransDate="2021-05-01" TransDesc="Resident Liability Compliance Fee (05/2021)" TransName="RESIDENTLIABILITYFEE" TransactionBatchID="1619538299257"/>
    <Transaction CatCode="C" FiscalPeriodEnd="N" LeaID="524" ReshID="430" SiteID="4632740" TransAmt="10.00" TransDate="2021-05-01" TransDesc="Resident Liability Compliance Fee (05/2021)" TransName="RESIDENTLIABILITYFEE" TransactionBatchID="1619538299258"/>
    <Transaction CatCode="C" FiscalPeriodEnd="N" LeaID="511" ReshID="421" SiteID="4632740" TransAmt="10.00" TransDate="2021-05-01" TransDesc="Resident Liability Compliance Fee (05/2021)" TransName="RESIDENTLIABILITYFEE" TransactionBatchID="1619538299259"/>
    <Transaction CatCode="C" FiscalPeriodEnd="N" LeaID="468" ReshID="388" SiteID="4632740" TransAmt="10.00" TransDate="2021-05-01" TransDesc="Resident Liability Compliance Fee (05/2021)" TransName="RESIDENTLIABILITYFEE" TransactionBatchID="1619538299260"/>
    <Transaction CatCode="C" FiscalPeriodEnd="N" LeaID="493" ReshID="406" SiteID="4632740" TransAmt="10.00" TransDate="2021-05-01" TransDesc="Resident Liability Compliance Fee (05/2021)" TransName="RESIDENTLIABILITYFEE" TransactionBatchID="1619538299261"/>
    <Transaction CatCode="C" FiscalPeriodEnd="N" LeaID="514" ReshID="423" SiteID="4632740" TransAmt="10.00" TransDate="2021-05-01" TransDesc="Resident Liability Compliance Fee (05/2021)" TransName="RESIDENTLIABILITYFEE" TransactionBatchID="1619538299262"/>
    <Transaction CatCode="C" FiscalPeriodEnd="N" LeaID="565" ReshID="452" SiteID="4632740" TransAmt="10.00" TransDate="2021-05-01" TransDesc="Resident Liability Compliance Fee (05/2021)" TransName="RESIDENTLIABILITYFEE" TransactionBatchID="1619538299263"/>
    <Transaction CatCode="C" FiscalPeriodEnd="N" LeaID="566" ReshID="453" SiteID="4632740" TransAmt="10.00" TransDate="2021-05-01" TransDesc="Resident Liability Compliance Fee (05/2021)" TransName="RESIDENTLIABILITYFEE" TransactionBatchID="1619538299264"/>
    <Transaction CatCode="C" FiscalPeriodEnd="N" LeaID="546" ReshID="444" SiteID="4632740" TransAmt="10.00" TransDate="2021-05-01" TransDesc="Resident Liability Compliance Fee (05/2021)" TransName="RESIDENTLIABILITYFEE" TransactionBatchID="1619538299265"/>
    <Transaction CatCode="C" FiscalPeriodEnd="N" LeaID="581" ReshID="465" SiteID="4632740" TransAmt="10.00" TransDate="2021-05-01" TransDesc="Resident Liability Compliance Fee (05/2021)" TransName="RESIDENTLIABILITYFEE" TransactionBatchID="1619538299266"/>
    <Transaction CatCode="C" FiscalPeriodEnd="N" LeaID="585" ReshID="467" SiteID="4632740" TransAmt="10.00" TransDate="2021-05-01" TransDesc="Resident Liability Compliance Fee (05/2021)" TransName="RESIDENTLIABILITYFEE" TransactionBatchID="1619538299267"/>
    <Transaction CatCode="C" FiscalPeriodEnd="N" LeaID="594" ReshID="472" SiteID="4632740" TransAmt="10.00" TransDate="2021-05-01" TransDesc="Resident Liability Compliance Fee (05/2021)" TransName="RESIDENTLIABILITYFEE" TransactionBatchID="1619538299268"/>
    <Transaction CatCode="C" FiscalPeriodEnd="N" LeaID="599" ReshID="474" SiteID="4632740" TransAmt="10.00" TransDate="2021-05-01" TransDesc="Resident Liability Compliance Fee (05/2021)" TransName="RESIDENTLIABILITYFEE" TransactionBatchID="1619538299269"/>
    <Transaction CatCode="C" FiscalPeriodEnd="N" LeaID="615" ReshID="483" SiteID="4632740" TransAmt="10.00" TransDate="2021-05-01" TransDesc="Resident Liability Compliance Fee (05/2021)" TransName="RESIDENTLIABILITYFEE" TransactionBatchID="1619538299270"/>
    <Transaction CatCode="C" FiscalPeriodEnd="N" LeaID="588" ReshID="468" SiteID="4632740" TransAmt="10.00" TransDate="2021-05-01" TransDesc="Resident Liability Compliance Fee (05/2021)" TransName="RESIDENTLIABILITYFEE" TransactionBatchID="1619538299271"/>
    <Transaction CatCode="C" FiscalPeriodEnd="N" LeaID="580" ReshID="464" SiteID="4632740" TransAmt="10.00" TransDate="2021-05-01" TransDesc="Resident Liability Compliance Fee (05/2021)" TransName="RESIDENTLIABILITYFEE" TransactionBatchID="1619538299272"/>
    <Transaction CatCode="C" FiscalPeriodEnd="N" LeaID="624" ReshID="491" SiteID="4632740" TransAmt="10.00" TransDate="2021-05-01" TransDesc="Resident Liability Compliance Fee (05/2021)" TransName="RESIDENTLIABILITYFEE" TransactionBatchID="1619538299273"/>
    <Transaction CatCode="C" FiscalPeriodEnd="N" LeaID="607" ReshID="479" SiteID="4632740" TransAmt="10.00" TransDate="2021-05-01" TransDesc="Resident Liability Compliance Fee (05/2021)" TransName="RESIDENTLIABILITYFEE" TransactionBatchID="1619538299274"/>
    <Transaction CatCode="C" FiscalPeriodEnd="N" LeaID="630" ReshID="496" SiteID="4632740" TransAmt="10.00" TransDate="2021-05-01" TransDesc="Resident Liability Compliance Fee (05/2021)" TransName="RESIDENTLIABILITYFEE" TransactionBatchID="1619538299275"/>
</TransactionList>
