<TransactionList>
    <Validation>
        <Audit Count="77" Node="Transaction" Sum="770.00"/>
    </Validation>
    <Transaction CatCode="C" FiscalPeriodEnd="N" LeaID="328" ReshID="13" SiteID="4647580" TransAmt="10.00" TransDate="2021-05-01" TransDesc="Resident Liability Compliance Fee (05/2021)" TransName="RESIDENTLIABILITYFEE" TransactionBatchID="1619538296203"/>
    <Transaction CatCode="C" FiscalPeriodEnd="N" LeaID="327" ReshID="15" SiteID="4647580" TransAmt="10.00" TransDate="2021-05-01" TransDesc="Resident Liability Compliance Fee (05/2021)" TransName="RESIDENTLIABILITYFEE" TransactionBatchID="1619538296204"/>
    <Transaction CatCode="C" FiscalPeriodEnd="N" LeaID="430" ReshID="17" SiteID="4647580" TransAmt="10.00" TransDate="2021-05-01" TransDesc="Resident Liability Compliance Fee (05/2021)" TransName="RESIDENTLIABILITYFEE" TransactionBatchID="1619538296205"/>
    <Transaction CatCode="C" FiscalPeriodEnd="N" LeaID="361" ReshID="23" SiteID="4647580" TransAmt="10.00" TransDate="2021-05-01" TransDesc="Resident Liability Compliance Fee (05/2021)" TransName="RESIDENTLIABILITYFEE" TransactionBatchID="1619538296206"/>
    <Transaction CatCode="C" FiscalPeriodEnd="N" LeaID="355" ReshID="24" SiteID="4647580" TransAmt="10.00" TransDate="2021-05-01" TransDesc="Resident Liability Compliance Fee (05/2021)" TransName="RESIDENTLIABILITYFEE" TransactionBatchID="1619538296207"/>
    <Transaction CatCode="C" FiscalPeriodEnd="N" LeaID="349" ReshID="25" SiteID="4647580" TransAmt="10.00" TransDate="2021-05-01" TransDesc="Resident Liability Compliance Fee (05/2021)" TransName="RESIDENTLIABILITYFEE" TransactionBatchID="1619538296208"/>
    <Transaction CatCode="C" FiscalPeriodEnd="N" LeaID="266" ReshID="27" SiteID="4647580" TransAmt="10.00" TransDate="2021-05-01" TransDesc="Resident Liability Compliance Fee (05/2021)" TransName="RESIDENTLIABILITYFEE" TransactionBatchID="1619538296209"/>
    <Transaction CatCode="C" FiscalPeriodEnd="N" LeaID="356" ReshID="30" SiteID="4647580" TransAmt="10.00" TransDate="2021-05-01" TransDesc="Resident Liability Compliance Fee (05/2021)" TransName="RESIDENTLIABILITYFEE" TransactionBatchID="1619538296210"/>
    <Transaction CatCode="C" FiscalPeriodEnd="N" LeaID="37" ReshID="36" SiteID="4647580" TransAmt="10.00" TransDate="2021-05-01" TransDesc="Resident Liability Compliance Fee (05/2021)" TransName="RESIDENTLIABILITYFEE" TransactionBatchID="1619538296211"/>
    <Transaction CatCode="C" FiscalPeriodEnd="N" LeaID="354" ReshID="44" SiteID="4647580" TransAmt="10.00" TransDate="2021-05-01" TransDesc="Resident Liability Compliance Fee (05/2021)" TransName="RESIDENTLIABILITYFEE" TransactionBatchID="1619538296212"/>
    <Transaction CatCode="C" FiscalPeriodEnd="N" LeaID="377" ReshID="48" SiteID="4647580" TransAmt="10.00" TransDate="2021-05-01" TransDesc="Resident Liability Compliance Fee (05/2021)" TransName="RESIDENTLIABILITYFEE" TransactionBatchID="1619538296213"/>
    <Transaction CatCode="C" FiscalPeriodEnd="N" LeaID="381" ReshID="49" SiteID="4647580" TransAmt="10.00" TransDate="2021-05-01" TransDesc="Resident Liability Compliance Fee (05/2021)" TransName="RESIDENTLIABILITYFEE" TransactionBatchID="1619538296214"/>
    <Transaction CatCode="C" FiscalPeriodEnd="N" LeaID="457" ReshID="56" SiteID="4647580" TransAmt="10.00" TransDate="2021-05-01" TransDesc="Resident Liability Compliance Fee (05/2021)" TransName="RESIDENTLIABILITYFEE" TransactionBatchID="1619538296215"/>
    <Transaction CatCode="C" FiscalPeriodEnd="N" LeaID="454" ReshID="58" SiteID="4647580" TransAmt="10.00" TransDate="2021-05-01" TransDesc="Resident Liability Compliance Fee (05/2021)" TransName="RESIDENTLIABILITYFEE" TransactionBatchID="1619538296216"/>
    <Transaction CatCode="C" FiscalPeriodEnd="N" LeaID="65" ReshID="61" SiteID="4647580" TransAmt="10.00" TransDate="2021-05-01" TransDesc="Resident Liability Compliance Fee (05/2021)" TransName="RESIDENTLIABILITYFEE" TransactionBatchID="1619538296217"/>
    <Transaction CatCode="C" FiscalPeriodEnd="N" LeaID="392" ReshID="62" SiteID="4647580" TransAmt="10.00" TransDate="2021-05-01" TransDesc="Resident Liability Compliance Fee (05/2021)" TransName="RESIDENTLIABILITYFEE" TransactionBatchID="1619538296218"/>
    <Transaction CatCode="C" FiscalPeriodEnd="N" LeaID="249" ReshID="65" SiteID="4647580" TransAmt="10.00" TransDate="2021-05-01" TransDesc="Resident Liability Compliance Fee (05/2021)" TransName="RESIDENTLIABILITYFEE" TransactionBatchID="1619538296219"/>
    <Transaction CatCode="C" FiscalPeriodEnd="N" LeaID="77" ReshID="71" SiteID="4647580" TransAmt="10.00" TransDate="2021-05-01" TransDesc="Resident Liability Compliance Fee (05/2021)" TransName="RESIDENTLIABILITYFEE" TransactionBatchID="1619538296220"/>
    <Transaction CatCode="C" FiscalPeriodEnd="N" LeaID="507" ReshID="72" SiteID="4647580" TransAmt="10.00" TransDate="2021-05-01" TransDesc="Resident Liability Compliance Fee (05/2021)" TransName="RESIDENTLIABILITYFEE" TransactionBatchID="1619538296221"/>
    <Transaction CatCode="C" FiscalPeriodEnd="N" LeaID="80" ReshID="73" SiteID="4647580" TransAmt="10.00" TransDate="2021-05-01" TransDesc="Resident Liability Compliance Fee (05/2021)" TransName="RESIDENTLIABILITYFEE" TransactionBatchID="1619538296222"/>
    <Transaction CatCode="C" FiscalPeriodEnd="N" LeaID="224" ReshID="79" SiteID="4647580" TransAmt="10.00" TransDate="2021-05-01" TransDesc="Resident Liability Compliance Fee (05/2021)" TransName="RESIDENTLIABILITYFEE" TransactionBatchID="1619538296223"/>
    <Transaction CatCode="C" FiscalPeriodEnd="N" LeaID="273" ReshID="81" SiteID="4647580" TransAmt="10.00" TransDate="2021-05-01" TransDesc="Resident Liability Compliance Fee (05/2021)" TransName="RESIDENTLIABILITYFEE" TransactionBatchID="1619538296224"/>
    <Transaction CatCode="C" FiscalPeriodEnd="N" LeaID="281" ReshID="89" SiteID="4647580" TransAmt="10.00" TransDate="2021-05-01" TransDesc="Resident Liability Compliance Fee (05/2021)" TransName="RESIDENTLIABILITYFEE" TransactionBatchID="1619538296225"/>
    <Transaction CatCode="C" FiscalPeriodEnd="N" LeaID="412" ReshID="95" SiteID="4647580" TransAmt="10.00" TransDate="2021-05-01" TransDesc="Resident Liability Compliance Fee (05/2021)" TransName="RESIDENTLIABILITYFEE" TransactionBatchID="1619538296226"/>
    <Transaction CatCode="C" FiscalPeriodEnd="N" LeaID="306" ReshID="97" SiteID="4647580" TransAmt="10.00" TransDate="2021-05-01" TransDesc="Resident Liability Compliance Fee (05/2021)" TransName="RESIDENTLIABILITYFEE" TransactionBatchID="1619538296227"/>
    <Transaction CatCode="C" FiscalPeriodEnd="N" LeaID="276" ReshID="104" SiteID="4647580" TransAmt="10.00" TransDate="2021-05-01" TransDesc="Resident Liability Compliance Fee (05/2021)" TransName="RESIDENTLIABILITYFEE" TransactionBatchID="1619538296228"/>
    <Transaction CatCode="C" FiscalPeriodEnd="N" LeaID="304" ReshID="108" SiteID="4647580" TransAmt="10.00" TransDate="2021-05-01" TransDesc="Resident Liability Compliance Fee (05/2021)" TransName="RESIDENTLIABILITYFEE" TransactionBatchID="1619538296229"/>
    <Transaction CatCode="C" FiscalPeriodEnd="N" LeaID="329" ReshID="109" SiteID="4647580" TransAmt="10.00" TransDate="2021-05-01" TransDesc="Resident Liability Compliance Fee (05/2021)" TransName="RESIDENTLIABILITYFEE" TransactionBatchID="1619538296230"/>
    <Transaction CatCode="C" FiscalPeriodEnd="N" LeaID="311" ReshID="110" SiteID="4647580" TransAmt="10.00" TransDate="2021-05-01" TransDesc="Resident Liability Compliance Fee (05/2021)" TransName="RESIDENTLIABILITYFEE" TransactionBatchID="1619538296231"/>
    <Transaction CatCode="C" FiscalPeriodEnd="N" LeaID="315" ReshID="111" SiteID="4647580" TransAmt="10.00" TransDate="2021-05-01" TransDesc="Resident Liability Compliance Fee (05/2021)" TransName="RESIDENTLIABILITYFEE" TransactionBatchID="1619538296232"/>
    <Transaction CatCode="C" FiscalPeriodEnd="N" LeaID="323" ReshID="114" SiteID="4647580" TransAmt="10.00" TransDate="2021-05-01" TransDesc="Resident Liability Compliance Fee (05/2021)" TransName="RESIDENTLIABILITYFEE" TransactionBatchID="1619538296233"/>
    <Transaction CatCode="C" FiscalPeriodEnd="N" LeaID="335" ReshID="116" SiteID="4647580" TransAmt="10.00" TransDate="2021-05-01" TransDesc="Resident Liability Compliance Fee (05/2021)" TransName="RESIDENTLIABILITYFEE" TransactionBatchID="1619538296234"/>
    <Transaction CatCode="C" FiscalPeriodEnd="N" LeaID="317" ReshID="119" SiteID="4647580" TransAmt="10.00" TransDate="2021-05-01" TransDesc="Resident Liability Compliance Fee (05/2021)" TransName="RESIDENTLIABILITYFEE" TransactionBatchID="1619538296235"/>
    <Transaction CatCode="C" FiscalPeriodEnd="N" LeaID="324" ReshID="121" SiteID="4647580" TransAmt="10.00" TransDate="2021-05-01" TransDesc="Resident Liability Compliance Fee (05/2021)" TransName="RESIDENTLIABILITYFEE" TransactionBatchID="1619538296236"/>
    <Transaction CatCode="C" FiscalPeriodEnd="N" LeaID="344" ReshID="127" SiteID="4647580" TransAmt="10.00" TransDate="2021-05-01" TransDesc="Resident Liability Compliance Fee (05/2021)" TransName="RESIDENTLIABILITYFEE" TransactionBatchID="1619538296237"/>
    <Transaction CatCode="C" FiscalPeriodEnd="N" LeaID="448" ReshID="131" SiteID="4647580" TransAmt="10.00" TransDate="2021-05-01" TransDesc="Resident Liability Compliance Fee (05/2021)" TransName="RESIDENTLIABILITYFEE" TransactionBatchID="1619538296238"/>
    <Transaction CatCode="C" FiscalPeriodEnd="N" LeaID="374" ReshID="144" SiteID="4647580" TransAmt="10.00" TransDate="2021-05-01" TransDesc="Resident Liability Compliance Fee (05/2021)" TransName="RESIDENTLIABILITYFEE" TransactionBatchID="1619538296239"/>
    <Transaction CatCode="C" FiscalPeriodEnd="N" LeaID="390" ReshID="157" SiteID="4647580" TransAmt="10.00" TransDate="2021-05-01" TransDesc="Resident Liability Compliance Fee (05/2021)" TransName="RESIDENTLIABILITYFEE" TransactionBatchID="1619538296240"/>
    <Transaction CatCode="C" FiscalPeriodEnd="N" LeaID="401" ReshID="161" SiteID="4647580" TransAmt="10.00" TransDate="2021-05-01" TransDesc="Resident Liability Compliance Fee (05/2021)" TransName="RESIDENTLIABILITYFEE" TransactionBatchID="1619538296241"/>
    <Transaction CatCode="C" FiscalPeriodEnd="N" LeaID="406" ReshID="165" SiteID="4647580" TransAmt="10.00" TransDate="2021-05-01" TransDesc="Resident Liability Compliance Fee (05/2021)" TransName="RESIDENTLIABILITYFEE" TransactionBatchID="1619538296242"/>
    <Transaction CatCode="C" FiscalPeriodEnd="N" LeaID="397" ReshID="167" SiteID="4647580" TransAmt="10.00" TransDate="2021-05-01" TransDesc="Resident Liability Compliance Fee (05/2021)" TransName="RESIDENTLIABILITYFEE" TransactionBatchID="1619538296243"/>
    <Transaction CatCode="C" FiscalPeriodEnd="N" LeaID="246" ReshID="168" SiteID="4647580" TransAmt="10.00" TransDate="2021-05-01" TransDesc="Resident Liability Compliance Fee (05/2021)" TransName="RESIDENTLIABILITYFEE" TransactionBatchID="1619538296244"/>
    <Transaction CatCode="C" FiscalPeriodEnd="N" LeaID="180" ReshID="173" SiteID="4647580" TransAmt="10.00" TransDate="2021-05-01" TransDesc="Resident Liability Compliance Fee (05/2021)" TransName="RESIDENTLIABILITYFEE" TransactionBatchID="1619538296245"/>
    <Transaction CatCode="C" FiscalPeriodEnd="N" LeaID="400" ReshID="193" SiteID="4647580" TransAmt="10.00" TransDate="2021-05-01" TransDesc="Resident Liability Compliance Fee (05/2021)" TransName="RESIDENTLIABILITYFEE" TransactionBatchID="1619538296246"/>
    <Transaction CatCode="C" FiscalPeriodEnd="N" LeaID="234" ReshID="212" SiteID="4647580" TransAmt="10.00" TransDate="2021-05-01" TransDesc="Resident Liability Compliance Fee (05/2021)" TransName="RESIDENTLIABILITYFEE" TransactionBatchID="1619538296247"/>
    <Transaction CatCode="C" FiscalPeriodEnd="N" LeaID="231" ReshID="211" SiteID="4647580" TransAmt="10.00" TransDate="2021-05-01" TransDesc="Resident Liability Compliance Fee (05/2021)" TransName="RESIDENTLIABILITYFEE" TransactionBatchID="1619538296248"/>
    <Transaction CatCode="C" FiscalPeriodEnd="N" LeaID="250" ReshID="218" SiteID="4647580" TransAmt="10.00" TransDate="2021-05-01" TransDesc="Resident Liability Compliance Fee (05/2021)" TransName="RESIDENTLIABILITYFEE" TransactionBatchID="1619538296249"/>
    <Transaction CatCode="C" FiscalPeriodEnd="N" LeaID="208" ReshID="201" SiteID="4647580" TransAmt="10.00" TransDate="2021-05-01" TransDesc="Resident Liability Compliance Fee (05/2021)" TransName="RESIDENTLIABILITYFEE" TransactionBatchID="1619538296250"/>
    <Transaction CatCode="C" FiscalPeriodEnd="N" LeaID="268" ReshID="229" SiteID="4647580" TransAmt="10.00" TransDate="2021-05-01" TransDesc="Resident Liability Compliance Fee (05/2021)" TransName="RESIDENTLIABILITYFEE" TransactionBatchID="1619538296251"/>
    <Transaction CatCode="C" FiscalPeriodEnd="N" LeaID="333" ReshID="228" SiteID="4647580" TransAmt="10.00" TransDate="2021-05-01" TransDesc="Resident Liability Compliance Fee (05/2021)" TransName="RESIDENTLIABILITYFEE" TransactionBatchID="1619538296252"/>
    <Transaction CatCode="C" FiscalPeriodEnd="N" LeaID="278" ReshID="235" SiteID="4647580" TransAmt="10.00" TransDate="2021-05-01" TransDesc="Resident Liability Compliance Fee (05/2021)" TransName="RESIDENTLIABILITYFEE" TransactionBatchID="1619538296253"/>
    <Transaction CatCode="C" FiscalPeriodEnd="N" LeaID="283" ReshID="239" SiteID="4647580" TransAmt="10.00" TransDate="2021-05-01" TransDesc="Resident Liability Compliance Fee (05/2021)" TransName="RESIDENTLIABILITYFEE" TransactionBatchID="1619538296254"/>
    <Transaction CatCode="C" FiscalPeriodEnd="N" LeaID="290" ReshID="244" SiteID="4647580" TransAmt="10.00" TransDate="2021-05-01" TransDesc="Resident Liability Compliance Fee (05/2021)" TransName="RESIDENTLIABILITYFEE" TransactionBatchID="1619538296255"/>
    <Transaction CatCode="C" FiscalPeriodEnd="N" LeaID="272" ReshID="233" SiteID="4647580" TransAmt="10.00" TransDate="2021-05-01" TransDesc="Resident Liability Compliance Fee (05/2021)" TransName="RESIDENTLIABILITYFEE" TransactionBatchID="1619538296256"/>
    <Transaction CatCode="C" FiscalPeriodEnd="N" LeaID="320" ReshID="259" SiteID="4647580" TransAmt="10.00" TransDate="2021-05-01" TransDesc="Resident Liability Compliance Fee (05/2021)" TransName="RESIDENTLIABILITYFEE" TransactionBatchID="1619538296257"/>
    <Transaction CatCode="C" FiscalPeriodEnd="N" LeaID="291" ReshID="245" SiteID="4647580" TransAmt="10.00" TransDate="2021-05-01" TransDesc="Resident Liability Compliance Fee (05/2021)" TransName="RESIDENTLIABILITYFEE" TransactionBatchID="1619538296258"/>
    <Transaction CatCode="C" FiscalPeriodEnd="N" LeaID="330" ReshID="262" SiteID="4647580" TransAmt="10.00" TransDate="2021-05-01" TransDesc="Resident Liability Compliance Fee (05/2021)" TransName="RESIDENTLIABILITYFEE" TransactionBatchID="1619538296259"/>
    <Transaction CatCode="C" FiscalPeriodEnd="N" LeaID="338" ReshID="267" SiteID="4647580" TransAmt="10.00" TransDate="2021-05-01" TransDesc="Resident Liability Compliance Fee (05/2021)" TransName="RESIDENTLIABILITYFEE" TransactionBatchID="1619538296260"/>
    <Transaction CatCode="C" FiscalPeriodEnd="N" LeaID="452" ReshID="287" SiteID="4647580" TransAmt="10.00" TransDate="2021-05-01" TransDesc="Resident Liability Compliance Fee (05/2021)" TransName="RESIDENTLIABILITYFEE" TransactionBatchID="1619538296261"/>
    <Transaction CatCode="C" FiscalPeriodEnd="N" LeaID="366" ReshID="292" SiteID="4647580" TransAmt="10.00" TransDate="2021-05-01" TransDesc="Resident Liability Compliance Fee (05/2021)" TransName="RESIDENTLIABILITYFEE" TransactionBatchID="1619538296262"/>
    <Transaction CatCode="C" FiscalPeriodEnd="N" LeaID="376" ReshID="301" SiteID="4647580" TransAmt="10.00" TransDate="2021-05-01" TransDesc="Resident Liability Compliance Fee (05/2021)" TransName="RESIDENTLIABILITYFEE" TransactionBatchID="1619538296263"/>
    <Transaction CatCode="C" FiscalPeriodEnd="N" LeaID="388" ReshID="308" SiteID="4647580" TransAmt="10.00" TransDate="2021-05-01" TransDesc="Resident Liability Compliance Fee (05/2021)" TransName="RESIDENTLIABILITYFEE" TransactionBatchID="1619538296264"/>
    <Transaction CatCode="C" FiscalPeriodEnd="N" LeaID="386" ReshID="306" SiteID="4647580" TransAmt="10.00" TransDate="2021-05-01" TransDesc="Resident Liability Compliance Fee (05/2021)" TransName="RESIDENTLIABILITYFEE" TransactionBatchID="1619538296265"/>
    <Transaction CatCode="C" FiscalPeriodEnd="N" LeaID="395" ReshID="312" SiteID="4647580" TransAmt="10.00" TransDate="2021-05-01" TransDesc="Resident Liability Compliance Fee (05/2021)" TransName="RESIDENTLIABILITYFEE" TransactionBatchID="1619538296266"/>
    <Transaction CatCode="C" FiscalPeriodEnd="N" LeaID="391" ReshID="309" SiteID="4647580" TransAmt="10.00" TransDate="2021-05-01" TransDesc="Resident Liability Compliance Fee (05/2021)" TransName="RESIDENTLIABILITYFEE" TransactionBatchID="1619538296267"/>
    <Transaction CatCode="C" FiscalPeriodEnd="N" LeaID="409" ReshID="321" SiteID="4647580" TransAmt="10.00" TransDate="2021-05-01" TransDesc="Resident Liability Compliance Fee (05/2021)" TransName="RESIDENTLIABILITYFEE" TransactionBatchID="1619538296268"/>
    <Transaction CatCode="C" FiscalPeriodEnd="N" LeaID="407" ReshID="319" SiteID="4647580" TransAmt="10.00" TransDate="2021-05-01" TransDesc="Resident Liability Compliance Fee (05/2021)" TransName="RESIDENTLIABILITYFEE" TransactionBatchID="1619538296269"/>
    <Transaction CatCode="C" FiscalPeriodEnd="N" LeaID="414" ReshID="324" SiteID="4647580" TransAmt="10.00" TransDate="2021-05-01" TransDesc="Resident Liability Compliance Fee (05/2021)" TransName="RESIDENTLIABILITYFEE" TransactionBatchID="1619538296270"/>
    <Transaction CatCode="C" FiscalPeriodEnd="N" LeaID="417" ReshID="326" SiteID="4647580" TransAmt="10.00" TransDate="2021-05-01" TransDesc="Resident Liability Compliance Fee (05/2021)" TransName="RESIDENTLIABILITYFEE" TransactionBatchID="1619538296271"/>
    <Transaction CatCode="C" FiscalPeriodEnd="N" LeaID="427" ReshID="337" SiteID="4647580" TransAmt="10.00" TransDate="2021-05-01" TransDesc="Resident Liability Compliance Fee (05/2021)" TransName="RESIDENTLIABILITYFEE" TransactionBatchID="1619538296272"/>
    <Transaction CatCode="C" FiscalPeriodEnd="N" LeaID="428" ReshID="338" SiteID="4647580" TransAmt="10.00" TransDate="2021-05-01" TransDesc="Resident Liability Compliance Fee (05/2021)" TransName="RESIDENTLIABILITYFEE" TransactionBatchID="1619538296273"/>
    <Transaction CatCode="C" FiscalPeriodEnd="N" LeaID="465" ReshID="366" SiteID="4647580" TransAmt="10.00" TransDate="2021-05-01" TransDesc="Resident Liability Compliance Fee (05/2021)" TransName="RESIDENTLIABILITYFEE" TransactionBatchID="1619538296274"/>
    <Transaction CatCode="C" FiscalPeriodEnd="N" LeaID="237" ReshID="66" SiteID="4647580" TransAmt="10.00" TransDate="2021-05-01" TransDesc="Resident Liability Compliance Fee (05/2021)" TransName="RESIDENTLIABILITYFEE" TransactionBatchID="1619538296275"/>
    <Transaction CatCode="C" FiscalPeriodEnd="N" LeaID="473" ReshID="372" SiteID="4647580" TransAmt="10.00" TransDate="2021-05-01" TransDesc="Resident Liability Compliance Fee (05/2021)" TransName="RESIDENTLIABILITYFEE" TransactionBatchID="1619538296276"/>
    <Transaction CatCode="C" FiscalPeriodEnd="N" LeaID="489" ReshID="381" SiteID="4647580" TransAmt="10.00" TransDate="2021-05-01" TransDesc="Resident Liability Compliance Fee (05/2021)" TransName="RESIDENTLIABILITYFEE" TransactionBatchID="1619538296277"/>
    <Transaction CatCode="C" FiscalPeriodEnd="N" LeaID="460" ReshID="358" SiteID="4647580" TransAmt="10.00" TransDate="2021-05-01" TransDesc="Resident Liability Compliance Fee (05/2021)" TransName="RESIDENTLIABILITYFEE" TransactionBatchID="1619538296278"/>
    <Transaction CatCode="C" FiscalPeriodEnd="N" LeaID="242" ReshID="214" SiteID="4647580" TransAmt="10.00" TransDate="2021-05-01" TransDesc="Resident Liability Compliance Fee (05/2021)" TransName="RESIDENTLIABILITYFEE" TransactionBatchID="1619538296279"/>
</TransactionList>
