<TransactionList>
    <Validation>
        <Audit Count="93" Node="Transaction" Sum="930.00"/>
    </Validation>
    <Transaction CatCode="C" FiscalPeriodEnd="N" LeaID="236" ReshID="30" SiteID="4650916" TransAmt="10.00" TransDate="2021-05-01" TransDesc="Resident Liability Compliance Fee (05/2021)" TransName="RESIDENTLIABILITYFEE" TransactionBatchID="1619538292653"/>
    <Transaction CatCode="C" FiscalPeriodEnd="N" LeaID="270" ReshID="32" SiteID="4650916" TransAmt="10.00" TransDate="2021-05-01" TransDesc="Resident Liability Compliance Fee (05/2021)" TransName="RESIDENTLIABILITYFEE" TransactionBatchID="1619538292654"/>
    <Transaction CatCode="C" FiscalPeriodEnd="N" LeaID="287" ReshID="35" SiteID="4650916" TransAmt="10.00" TransDate="2021-05-01" TransDesc="Resident Liability Compliance Fee (05/2021)" TransName="RESIDENTLIABILITYFEE" TransactionBatchID="1619538292655"/>
    <Transaction CatCode="C" FiscalPeriodEnd="N" LeaID="295" ReshID="39" SiteID="4650916" TransAmt="10.00" TransDate="2021-05-01" TransDesc="Resident Liability Compliance Fee (05/2021)" TransName="RESIDENTLIABILITYFEE" TransactionBatchID="1619538292656"/>
    <Transaction CatCode="C" FiscalPeriodEnd="N" LeaID="322" ReshID="44" SiteID="4650916" TransAmt="10.00" TransDate="2021-05-01" TransDesc="Resident Liability Compliance Fee (05/2021)" TransName="RESIDENTLIABILITYFEE" TransactionBatchID="1619538292657"/>
    <Transaction CatCode="C" FiscalPeriodEnd="N" LeaID="356" ReshID="54" SiteID="4650916" TransAmt="10.00" TransDate="2021-05-01" TransDesc="Resident Liability Compliance Fee (05/2021)" TransName="RESIDENTLIABILITYFEE" TransactionBatchID="1619538292658"/>
    <Transaction CatCode="C" FiscalPeriodEnd="N" LeaID="364" ReshID="56" SiteID="4650916" TransAmt="10.00" TransDate="2021-05-01" TransDesc="Resident Liability Compliance Fee (05/2021)" TransName="RESIDENTLIABILITYFEE" TransactionBatchID="1619538292659"/>
    <Transaction CatCode="C" FiscalPeriodEnd="N" LeaID="279" ReshID="63" SiteID="4650916" TransAmt="10.00" TransDate="2021-05-01" TransDesc="Resident Liability Compliance Fee (05/2021)" TransName="RESIDENTLIABILITYFEE" TransactionBatchID="1619538292660"/>
    <Transaction CatCode="C" FiscalPeriodEnd="N" LeaID="290" ReshID="69" SiteID="4650916" TransAmt="10.00" TransDate="2021-05-01" TransDesc="Resident Liability Compliance Fee (05/2021)" TransName="RESIDENTLIABILITYFEE" TransactionBatchID="1619538292661"/>
    <Transaction CatCode="C" FiscalPeriodEnd="N" LeaID="292" ReshID="71" SiteID="4650916" TransAmt="10.00" TransDate="2021-05-01" TransDesc="Resident Liability Compliance Fee (05/2021)" TransName="RESIDENTLIABILITYFEE" TransactionBatchID="1619538292662"/>
    <Transaction CatCode="C" FiscalPeriodEnd="N" LeaID="361" ReshID="72" SiteID="4650916" TransAmt="10.00" TransDate="2021-05-01" TransDesc="Resident Liability Compliance Fee (05/2021)" TransName="RESIDENTLIABILITYFEE" TransactionBatchID="1619538292663"/>
    <Transaction CatCode="C" FiscalPeriodEnd="N" LeaID="358" ReshID="74" SiteID="4650916" TransAmt="10.00" TransDate="2021-05-01" TransDesc="Resident Liability Compliance Fee (05/2021)" TransName="RESIDENTLIABILITYFEE" TransactionBatchID="1619538292664"/>
    <Transaction CatCode="C" FiscalPeriodEnd="N" LeaID="427" ReshID="75" SiteID="4650916" TransAmt="10.00" TransDate="2021-05-01" TransDesc="Resident Liability Compliance Fee (05/2021)" TransName="RESIDENTLIABILITYFEE" TransactionBatchID="1619538292665"/>
    <Transaction CatCode="C" FiscalPeriodEnd="N" LeaID="403" ReshID="83" SiteID="4650916" TransAmt="10.00" TransDate="2021-05-01" TransDesc="Resident Liability Compliance Fee (05/2021)" TransName="RESIDENTLIABILITYFEE" TransactionBatchID="1619538292666"/>
    <Transaction CatCode="C" FiscalPeriodEnd="N" LeaID="351" ReshID="109" SiteID="4650916" TransAmt="10.00" TransDate="2021-05-01" TransDesc="Resident Liability Compliance Fee (05/2021)" TransName="RESIDENTLIABILITYFEE" TransactionBatchID="1619538292667"/>
    <Transaction CatCode="C" FiscalPeriodEnd="N" LeaID="305" ReshID="115" SiteID="4650916" TransAmt="10.00" TransDate="2021-05-01" TransDesc="Resident Liability Compliance Fee (05/2021)" TransName="RESIDENTLIABILITYFEE" TransactionBatchID="1619538292668"/>
    <Transaction CatCode="C" FiscalPeriodEnd="N" LeaID="276" ReshID="117" SiteID="4650916" TransAmt="10.00" TransDate="2021-05-01" TransDesc="Resident Liability Compliance Fee (05/2021)" TransName="RESIDENTLIABILITYFEE" TransactionBatchID="1619538292669"/>
    <Transaction CatCode="C" FiscalPeriodEnd="N" LeaID="289" ReshID="130" SiteID="4650916" TransAmt="10.00" TransDate="2021-05-01" TransDesc="Resident Liability Compliance Fee (05/2021)" TransName="RESIDENTLIABILITYFEE" TransactionBatchID="1619538292670"/>
    <Transaction CatCode="C" FiscalPeriodEnd="N" LeaID="293" ReshID="133" SiteID="4650916" TransAmt="10.00" TransDate="2021-05-01" TransDesc="Resident Liability Compliance Fee (05/2021)" TransName="RESIDENTLIABILITYFEE" TransactionBatchID="1619538292671"/>
    <Transaction CatCode="C" FiscalPeriodEnd="N" LeaID="383" ReshID="148" SiteID="4650916" TransAmt="10.00" TransDate="2021-05-01" TransDesc="Resident Liability Compliance Fee (05/2021)" TransName="RESIDENTLIABILITYFEE" TransactionBatchID="1619538292672"/>
    <Transaction CatCode="C" FiscalPeriodEnd="N" LeaID="316" ReshID="152" SiteID="4650916" TransAmt="10.00" TransDate="2021-05-01" TransDesc="Resident Liability Compliance Fee (05/2021)" TransName="RESIDENTLIABILITYFEE" TransactionBatchID="1619538292673"/>
    <Transaction CatCode="C" FiscalPeriodEnd="N" LeaID="471" ReshID="157" SiteID="4650916" TransAmt="10.00" TransDate="2021-05-01" TransDesc="Resident Liability Compliance Fee (05/2021)" TransName="RESIDENTLIABILITYFEE" TransactionBatchID="1619538292674"/>
    <Transaction CatCode="C" FiscalPeriodEnd="N" LeaID="484" ReshID="162" SiteID="4650916" TransAmt="10.00" TransDate="2021-05-01" TransDesc="Resident Liability Compliance Fee (05/2021)" TransName="RESIDENTLIABILITYFEE" TransactionBatchID="1619538292675"/>
    <Transaction CatCode="C" FiscalPeriodEnd="N" LeaID="485" ReshID="163" SiteID="4650916" TransAmt="10.00" TransDate="2021-05-01" TransDesc="Resident Liability Compliance Fee (05/2021)" TransName="RESIDENTLIABILITYFEE" TransactionBatchID="1619538292676"/>
    <Transaction CatCode="C" FiscalPeriodEnd="N" LeaID="493" ReshID="167" SiteID="4650916" TransAmt="10.00" TransDate="2021-05-01" TransDesc="Resident Liability Compliance Fee (05/2021)" TransName="RESIDENTLIABILITYFEE" TransactionBatchID="1619538292677"/>
    <Transaction CatCode="C" FiscalPeriodEnd="N" LeaID="473" ReshID="174" SiteID="4650916" TransAmt="10.00" TransDate="2021-05-01" TransDesc="Resident Liability Compliance Fee (05/2021)" TransName="RESIDENTLIABILITYFEE" TransactionBatchID="1619538292678"/>
    <Transaction CatCode="C" FiscalPeriodEnd="N" LeaID="176" ReshID="176" SiteID="4650916" TransAmt="10.00" TransDate="2021-05-01" TransDesc="Resident Liability Compliance Fee (05/2021)" TransName="RESIDENTLIABILITYFEE" TransactionBatchID="1619538292679"/>
    <Transaction CatCode="C" FiscalPeriodEnd="N" LeaID="177" ReshID="177" SiteID="4650916" TransAmt="10.00" TransDate="2021-05-01" TransDesc="Resident Liability Compliance Fee (05/2021)" TransName="RESIDENTLIABILITYFEE" TransactionBatchID="1619538292680"/>
    <Transaction CatCode="C" FiscalPeriodEnd="N" LeaID="481" ReshID="183" SiteID="4650916" TransAmt="10.00" TransDate="2021-05-01" TransDesc="Resident Liability Compliance Fee (05/2021)" TransName="RESIDENTLIABILITYFEE" TransactionBatchID="1619538292681"/>
    <Transaction CatCode="C" FiscalPeriodEnd="N" LeaID="499" ReshID="192" SiteID="4650916" TransAmt="10.00" TransDate="2021-05-01" TransDesc="Resident Liability Compliance Fee (05/2021)" TransName="RESIDENTLIABILITYFEE" TransactionBatchID="1619538292682"/>
    <Transaction CatCode="C" FiscalPeriodEnd="N" LeaID="518" ReshID="194" SiteID="4650916" TransAmt="10.00" TransDate="2021-05-01" TransDesc="Resident Liability Compliance Fee (05/2021)" TransName="RESIDENTLIABILITYFEE" TransactionBatchID="1619538292683"/>
    <Transaction CatCode="C" FiscalPeriodEnd="N" LeaID="476" ReshID="199" SiteID="4650916" TransAmt="10.00" TransDate="2021-05-01" TransDesc="Resident Liability Compliance Fee (05/2021)" TransName="RESIDENTLIABILITYFEE" TransactionBatchID="1619538292684"/>
    <Transaction CatCode="C" FiscalPeriodEnd="N" LeaID="302" ReshID="91" SiteID="4650916" TransAmt="10.00" TransDate="2021-05-01" TransDesc="Resident Liability Compliance Fee (05/2021)" TransName="RESIDENTLIABILITYFEE" TransactionBatchID="1619538292685"/>
    <Transaction CatCode="C" FiscalPeriodEnd="N" LeaID="232" ReshID="230" SiteID="4650916" TransAmt="10.00" TransDate="2021-05-01" TransDesc="Resident Liability Compliance Fee (05/2021)" TransName="RESIDENTLIABILITYFEE" TransactionBatchID="1619538292686"/>
    <Transaction CatCode="C" FiscalPeriodEnd="N" LeaID="259" ReshID="248" SiteID="4650916" TransAmt="10.00" TransDate="2021-05-01" TransDesc="Resident Liability Compliance Fee (05/2021)" TransName="RESIDENTLIABILITYFEE" TransactionBatchID="1619538292687"/>
    <Transaction CatCode="C" FiscalPeriodEnd="N" LeaID="411" ReshID="79" SiteID="4650916" TransAmt="10.00" TransDate="2021-05-01" TransDesc="Resident Liability Compliance Fee (05/2021)" TransName="RESIDENTLIABILITYFEE" TransactionBatchID="1619538292688"/>
    <Transaction CatCode="C" FiscalPeriodEnd="N" LeaID="269" ReshID="253" SiteID="4650916" TransAmt="10.00" TransDate="2021-05-01" TransDesc="Resident Liability Compliance Fee (05/2021)" TransName="RESIDENTLIABILITYFEE" TransactionBatchID="1619538292689"/>
    <Transaction CatCode="C" FiscalPeriodEnd="N" LeaID="268" ReshID="252" SiteID="4650916" TransAmt="10.00" TransDate="2021-05-01" TransDesc="Resident Liability Compliance Fee (05/2021)" TransName="RESIDENTLIABILITYFEE" TransactionBatchID="1619538292690"/>
    <Transaction CatCode="C" FiscalPeriodEnd="N" LeaID="299" ReshID="262" SiteID="4650916" TransAmt="10.00" TransDate="2021-05-01" TransDesc="Resident Liability Compliance Fee (05/2021)" TransName="RESIDENTLIABILITYFEE" TransactionBatchID="1619538292691"/>
    <Transaction CatCode="C" FiscalPeriodEnd="N" LeaID="301" ReshID="264" SiteID="4650916" TransAmt="10.00" TransDate="2021-05-01" TransDesc="Resident Liability Compliance Fee (05/2021)" TransName="RESIDENTLIABILITYFEE" TransactionBatchID="1619538292692"/>
    <Transaction CatCode="C" FiscalPeriodEnd="N" LeaID="339" ReshID="292" SiteID="4650916" TransAmt="10.00" TransDate="2021-05-01" TransDesc="Resident Liability Compliance Fee (05/2021)" TransName="RESIDENTLIABILITYFEE" TransactionBatchID="1619538292693"/>
    <Transaction CatCode="C" FiscalPeriodEnd="N" LeaID="310" ReshID="271" SiteID="4650916" TransAmt="10.00" TransDate="2021-05-01" TransDesc="Resident Liability Compliance Fee (05/2021)" TransName="RESIDENTLIABILITYFEE" TransactionBatchID="1619538292694"/>
    <Transaction CatCode="C" FiscalPeriodEnd="N" LeaID="458" ReshID="270" SiteID="4650916" TransAmt="10.00" TransDate="2021-05-01" TransDesc="Resident Liability Compliance Fee (05/2021)" TransName="RESIDENTLIABILITYFEE" TransactionBatchID="1619538292695"/>
    <Transaction CatCode="C" FiscalPeriodEnd="N" LeaID="342" ReshID="295" SiteID="4650916" TransAmt="10.00" TransDate="2021-05-01" TransDesc="Resident Liability Compliance Fee (05/2021)" TransName="RESIDENTLIABILITYFEE" TransactionBatchID="1619538292696"/>
    <Transaction CatCode="C" FiscalPeriodEnd="N" LeaID="347" ReshID="300" SiteID="4650916" TransAmt="10.00" TransDate="2021-05-01" TransDesc="Resident Liability Compliance Fee (05/2021)" TransName="RESIDENTLIABILITYFEE" TransactionBatchID="1619538292697"/>
    <Transaction CatCode="C" FiscalPeriodEnd="N" LeaID="375" ReshID="319" SiteID="4650916" TransAmt="10.00" TransDate="2021-05-01" TransDesc="Resident Liability Compliance Fee (05/2021)" TransName="RESIDENTLIABILITYFEE" TransactionBatchID="1619538292698"/>
    <Transaction CatCode="C" FiscalPeriodEnd="N" LeaID="330" ReshID="283" SiteID="4650916" TransAmt="10.00" TransDate="2021-05-01" TransDesc="Resident Liability Compliance Fee (05/2021)" TransName="RESIDENTLIABILITYFEE" TransactionBatchID="1619538292699"/>
    <Transaction CatCode="C" FiscalPeriodEnd="N" LeaID="362" ReshID="309" SiteID="4650916" TransAmt="10.00" TransDate="2021-05-01" TransDesc="Resident Liability Compliance Fee (05/2021)" TransName="RESIDENTLIABILITYFEE" TransactionBatchID="1619538292700"/>
    <Transaction CatCode="C" FiscalPeriodEnd="N" LeaID="378" ReshID="322" SiteID="4650916" TransAmt="10.00" TransDate="2021-05-01" TransDesc="Resident Liability Compliance Fee (05/2021)" TransName="RESIDENTLIABILITYFEE" TransactionBatchID="1619538292701"/>
    <Transaction CatCode="C" FiscalPeriodEnd="N" LeaID="457" ReshID="324" SiteID="4650916" TransAmt="10.00" TransDate="2021-05-01" TransDesc="Resident Liability Compliance Fee (05/2021)" TransName="RESIDENTLIABILITYFEE" TransactionBatchID="1619538292702"/>
    <Transaction CatCode="C" FiscalPeriodEnd="N" LeaID="381" ReshID="325" SiteID="4650916" TransAmt="10.00" TransDate="2021-05-01" TransDesc="Resident Liability Compliance Fee (05/2021)" TransName="RESIDENTLIABILITYFEE" TransactionBatchID="1619538292703"/>
    <Transaction CatCode="C" FiscalPeriodEnd="N" LeaID="393" ReshID="335" SiteID="4650916" TransAmt="10.00" TransDate="2021-05-01" TransDesc="Resident Liability Compliance Fee (05/2021)" TransName="RESIDENTLIABILITYFEE" TransactionBatchID="1619538292704"/>
    <Transaction CatCode="C" FiscalPeriodEnd="N" LeaID="346" ReshID="299" SiteID="4650916" TransAmt="10.00" TransDate="2021-05-01" TransDesc="Resident Liability Compliance Fee (05/2021)" TransName="RESIDENTLIABILITYFEE" TransactionBatchID="1619538292705"/>
    <Transaction CatCode="C" FiscalPeriodEnd="N" LeaID="394" ReshID="336" SiteID="4650916" TransAmt="10.00" TransDate="2021-05-01" TransDesc="Resident Liability Compliance Fee (05/2021)" TransName="RESIDENTLIABILITYFEE" TransactionBatchID="1619538292706"/>
    <Transaction CatCode="C" FiscalPeriodEnd="N" LeaID="397" ReshID="339" SiteID="4650916" TransAmt="10.00" TransDate="2021-05-01" TransDesc="Resident Liability Compliance Fee (05/2021)" TransName="RESIDENTLIABILITYFEE" TransactionBatchID="1619538292707"/>
    <Transaction CatCode="C" FiscalPeriodEnd="N" LeaID="404" ReshID="344" SiteID="4650916" TransAmt="10.00" TransDate="2021-05-01" TransDesc="Resident Liability Compliance Fee (05/2021)" TransName="RESIDENTLIABILITYFEE" TransactionBatchID="1619538292708"/>
    <Transaction CatCode="C" FiscalPeriodEnd="N" LeaID="414" ReshID="350" SiteID="4650916" TransAmt="10.00" TransDate="2021-05-01" TransDesc="Resident Liability Compliance Fee (05/2021)" TransName="RESIDENTLIABILITYFEE" TransactionBatchID="1619538292709"/>
    <Transaction CatCode="C" FiscalPeriodEnd="N" LeaID="406" ReshID="346" SiteID="4650916" TransAmt="10.00" TransDate="2021-05-01" TransDesc="Resident Liability Compliance Fee (05/2021)" TransName="RESIDENTLIABILITYFEE" TransactionBatchID="1619538292710"/>
    <Transaction CatCode="C" FiscalPeriodEnd="N" LeaID="413" ReshID="349" SiteID="4650916" TransAmt="10.00" TransDate="2021-05-01" TransDesc="Resident Liability Compliance Fee (05/2021)" TransName="RESIDENTLIABILITYFEE" TransactionBatchID="1619538292711"/>
    <Transaction CatCode="C" FiscalPeriodEnd="N" LeaID="410" ReshID="348" SiteID="4650916" TransAmt="10.00" TransDate="2021-05-01" TransDesc="Resident Liability Compliance Fee (05/2021)" TransName="RESIDENTLIABILITYFEE" TransactionBatchID="1619538292712"/>
    <Transaction CatCode="C" FiscalPeriodEnd="N" LeaID="416" ReshID="352" SiteID="4650916" TransAmt="10.00" TransDate="2021-05-01" TransDesc="Resident Liability Compliance Fee (05/2021)" TransName="RESIDENTLIABILITYFEE" TransactionBatchID="1619538292713"/>
    <Transaction CatCode="C" FiscalPeriodEnd="N" LeaID="423" ReshID="358" SiteID="4650916" TransAmt="10.00" TransDate="2021-05-01" TransDesc="Resident Liability Compliance Fee (05/2021)" TransName="RESIDENTLIABILITYFEE" TransactionBatchID="1619538292714"/>
    <Transaction CatCode="C" FiscalPeriodEnd="N" LeaID="405" ReshID="345" SiteID="4650916" TransAmt="10.00" TransDate="2021-05-01" TransDesc="Resident Liability Compliance Fee (05/2021)" TransName="RESIDENTLIABILITYFEE" TransactionBatchID="1619538292715"/>
    <Transaction CatCode="C" FiscalPeriodEnd="N" LeaID="417" ReshID="353" SiteID="4650916" TransAmt="10.00" TransDate="2021-05-01" TransDesc="Resident Liability Compliance Fee (05/2021)" TransName="RESIDENTLIABILITYFEE" TransactionBatchID="1619538292716"/>
    <Transaction CatCode="C" FiscalPeriodEnd="N" LeaID="454" ReshID="367" SiteID="4650916" TransAmt="10.00" TransDate="2021-05-01" TransDesc="Resident Liability Compliance Fee (05/2021)" TransName="RESIDENTLIABILITYFEE" TransactionBatchID="1619538292717"/>
    <Transaction CatCode="C" FiscalPeriodEnd="N" LeaID="429" ReshID="361" SiteID="4650916" TransAmt="10.00" TransDate="2021-05-01" TransDesc="Resident Liability Compliance Fee (05/2021)" TransName="RESIDENTLIABILITYFEE" TransactionBatchID="1619538292718"/>
    <Transaction CatCode="C" FiscalPeriodEnd="N" LeaID="438" ReshID="370" SiteID="4650916" TransAmt="10.00" TransDate="2021-05-01" TransDesc="Resident Liability Compliance Fee (05/2021)" TransName="RESIDENTLIABILITYFEE" TransactionBatchID="1619538292719"/>
    <Transaction CatCode="C" FiscalPeriodEnd="N" LeaID="439" ReshID="371" SiteID="4650916" TransAmt="10.00" TransDate="2021-05-01" TransDesc="Resident Liability Compliance Fee (05/2021)" TransName="RESIDENTLIABILITYFEE" TransactionBatchID="1619538292720"/>
    <Transaction CatCode="C" FiscalPeriodEnd="N" LeaID="440" ReshID="372" SiteID="4650916" TransAmt="10.00" TransDate="2021-05-01" TransDesc="Resident Liability Compliance Fee (05/2021)" TransName="RESIDENTLIABILITYFEE" TransactionBatchID="1619538292721"/>
    <Transaction CatCode="C" FiscalPeriodEnd="N" LeaID="451" ReshID="384" SiteID="4650916" TransAmt="10.00" TransDate="2021-05-01" TransDesc="Resident Liability Compliance Fee (05/2021)" TransName="RESIDENTLIABILITYFEE" TransactionBatchID="1619538292722"/>
    <Transaction CatCode="C" FiscalPeriodEnd="N" LeaID="452" ReshID="385" SiteID="4650916" TransAmt="10.00" TransDate="2021-05-01" TransDesc="Resident Liability Compliance Fee (05/2021)" TransName="RESIDENTLIABILITYFEE" TransactionBatchID="1619538292723"/>
    <Transaction CatCode="C" FiscalPeriodEnd="N" LeaID="434" ReshID="366" SiteID="4650916" TransAmt="10.00" TransDate="2021-05-01" TransDesc="Resident Liability Compliance Fee (05/2021)" TransName="RESIDENTLIABILITYFEE" TransactionBatchID="1619538292724"/>
    <Transaction CatCode="C" FiscalPeriodEnd="N" LeaID="449" ReshID="382" SiteID="4650916" TransAmt="10.00" TransDate="2021-05-01" TransDesc="Resident Liability Compliance Fee (05/2021)" TransName="RESIDENTLIABILITYFEE" TransactionBatchID="1619538292725"/>
    <Transaction CatCode="C" FiscalPeriodEnd="N" LeaID="456" ReshID="387" SiteID="4650916" TransAmt="10.00" TransDate="2021-05-01" TransDesc="Resident Liability Compliance Fee (05/2021)" TransName="RESIDENTLIABILITYFEE" TransactionBatchID="1619538292726"/>
    <Transaction CatCode="C" FiscalPeriodEnd="N" LeaID="446" ReshID="379" SiteID="4650916" TransAmt="10.00" TransDate="2021-05-01" TransDesc="Resident Liability Compliance Fee (05/2021)" TransName="RESIDENTLIABILITYFEE" TransactionBatchID="1619538292727"/>
    <Transaction CatCode="C" FiscalPeriodEnd="N" LeaID="464" ReshID="394" SiteID="4650916" TransAmt="10.00" TransDate="2021-05-01" TransDesc="Resident Liability Compliance Fee (05/2021)" TransName="RESIDENTLIABILITYFEE" TransactionBatchID="1619538292728"/>
    <Transaction CatCode="C" FiscalPeriodEnd="N" LeaID="470" ReshID="399" SiteID="4650916" TransAmt="10.00" TransDate="2021-05-01" TransDesc="Resident Liability Compliance Fee (05/2021)" TransName="RESIDENTLIABILITYFEE" TransactionBatchID="1619538292729"/>
    <Transaction CatCode="C" FiscalPeriodEnd="N" LeaID="474" ReshID="401" SiteID="4650916" TransAmt="10.00" TransDate="2021-05-01" TransDesc="Resident Liability Compliance Fee (05/2021)" TransName="RESIDENTLIABILITYFEE" TransactionBatchID="1619538292730"/>
    <Transaction CatCode="C" FiscalPeriodEnd="N" LeaID="455" ReshID="386" SiteID="4650916" TransAmt="10.00" TransDate="2021-05-01" TransDesc="Resident Liability Compliance Fee (05/2021)" TransName="RESIDENTLIABILITYFEE" TransactionBatchID="1619538292731"/>
    <Transaction CatCode="C" FiscalPeriodEnd="N" LeaID="447" ReshID="380" SiteID="4650916" TransAmt="10.00" TransDate="2021-05-01" TransDesc="Resident Liability Compliance Fee (05/2021)" TransName="RESIDENTLIABILITYFEE" TransactionBatchID="1619538292732"/>
    <Transaction CatCode="C" FiscalPeriodEnd="N" LeaID="504" ReshID="412" SiteID="4650916" TransAmt="10.00" TransDate="2021-05-01" TransDesc="Resident Liability Compliance Fee (05/2021)" TransName="RESIDENTLIABILITYFEE" TransactionBatchID="1619538292733"/>
    <Transaction CatCode="C" FiscalPeriodEnd="N" LeaID="505" ReshID="413" SiteID="4650916" TransAmt="10.00" TransDate="2021-05-01" TransDesc="Resident Liability Compliance Fee (05/2021)" TransName="RESIDENTLIABILITYFEE" TransactionBatchID="1619538292734"/>
    <Transaction CatCode="C" FiscalPeriodEnd="N" LeaID="513" ReshID="419" SiteID="4650916" TransAmt="10.00" TransDate="2021-05-01" TransDesc="Resident Liability Compliance Fee (05/2021)" TransName="RESIDENTLIABILITYFEE" TransactionBatchID="1619538292735"/>
    <Transaction CatCode="C" FiscalPeriodEnd="N" LeaID="508" ReshID="415" SiteID="4650916" TransAmt="10.00" TransDate="2021-05-01" TransDesc="Resident Liability Compliance Fee (05/2021)" TransName="RESIDENTLIABILITYFEE" TransactionBatchID="1619538292736"/>
    <Transaction CatCode="C" FiscalPeriodEnd="N" LeaID="511" ReshID="417" SiteID="4650916" TransAmt="10.00" TransDate="2021-05-01" TransDesc="Resident Liability Compliance Fee (05/2021)" TransName="RESIDENTLIABILITYFEE" TransactionBatchID="1619538292737"/>
    <Transaction CatCode="C" FiscalPeriodEnd="N" LeaID="516" ReshID="420" SiteID="4650916" TransAmt="10.00" TransDate="2021-05-01" TransDesc="Resident Liability Compliance Fee (05/2021)" TransName="RESIDENTLIABILITYFEE" TransactionBatchID="1619538292738"/>
    <Transaction CatCode="C" FiscalPeriodEnd="N" LeaID="526" ReshID="427" SiteID="4650916" TransAmt="10.00" TransDate="2021-05-01" TransDesc="Resident Liability Compliance Fee (05/2021)" TransName="RESIDENTLIABILITYFEE" TransactionBatchID="1619538292739"/>
    <Transaction CatCode="C" FiscalPeriodEnd="N" LeaID="530" ReshID="430" SiteID="4650916" TransAmt="10.00" TransDate="2021-05-01" TransDesc="Resident Liability Compliance Fee (05/2021)" TransName="RESIDENTLIABILITYFEE" TransactionBatchID="1619538292740"/>
    <Transaction CatCode="C" FiscalPeriodEnd="N" LeaID="537" ReshID="437" SiteID="4650916" TransAmt="10.00" TransDate="2021-05-01" TransDesc="Resident Liability Compliance Fee (05/2021)" TransName="RESIDENTLIABILITYFEE" TransactionBatchID="1619538292741"/>
    <Transaction CatCode="C" FiscalPeriodEnd="N" LeaID="522" ReshID="424" SiteID="4650916" TransAmt="10.00" TransDate="2021-05-01" TransDesc="Resident Liability Compliance Fee (05/2021)" TransName="RESIDENTLIABILITYFEE" TransactionBatchID="1619538292742"/>
    <Transaction CatCode="C" FiscalPeriodEnd="N" LeaID="534" ReshID="434" SiteID="4650916" TransAmt="10.00" TransDate="2021-05-01" TransDesc="Resident Liability Compliance Fee (05/2021)" TransName="RESIDENTLIABILITYFEE" TransactionBatchID="1619538292743"/>
    <Transaction CatCode="C" FiscalPeriodEnd="N" LeaID="538" ReshID="438" SiteID="4650916" TransAmt="10.00" TransDate="2021-05-01" TransDesc="Resident Liability Compliance Fee (05/2021)" TransName="RESIDENTLIABILITYFEE" TransactionBatchID="1619538292744"/>
    <Transaction CatCode="C" FiscalPeriodEnd="N" LeaID="539" ReshID="439" SiteID="4650916" TransAmt="10.00" TransDate="2021-05-01" TransDesc="Resident Liability Compliance Fee (05/2021)" TransName="RESIDENTLIABILITYFEE" TransactionBatchID="1619538292745"/>
</TransactionList>
