<TransactionList>
    <Validation>
        <Audit Count="77" Node="Transaction" Sum="770.00"/>
    </Validation>
    <Transaction CatCode="C" FiscalPeriodEnd="N" LeaID="50" ReshID="57" SiteID="4669236" TransAmt="10.00" TransDate="2021-05-01" TransDesc="Resident Liability Compliance Fee (05/2021)" TransName="RESIDENTLIABILITYFEE" TransactionBatchID="1619538293416"/>
    <Transaction CatCode="C" FiscalPeriodEnd="N" LeaID="18" ReshID="20" SiteID="4669236" TransAmt="10.00" TransDate="2021-05-01" TransDesc="Resident Liability Compliance Fee (05/2021)" TransName="RESIDENTLIABILITYFEE" TransactionBatchID="1619538293417"/>
    <Transaction CatCode="C" FiscalPeriodEnd="N" LeaID="34" ReshID="36" SiteID="4669236" TransAmt="10.00" TransDate="2021-05-01" TransDesc="Resident Liability Compliance Fee (05/2021)" TransName="RESIDENTLIABILITYFEE" TransactionBatchID="1619538293418"/>
    <Transaction CatCode="C" FiscalPeriodEnd="N" LeaID="37" ReshID="39" SiteID="4669236" TransAmt="10.00" TransDate="2021-05-01" TransDesc="Resident Liability Compliance Fee (05/2021)" TransName="RESIDENTLIABILITYFEE" TransactionBatchID="1619538293419"/>
    <Transaction CatCode="C" FiscalPeriodEnd="N" LeaID="39" ReshID="41" SiteID="4669236" TransAmt="10.00" TransDate="2021-05-01" TransDesc="Resident Liability Compliance Fee (05/2021)" TransName="RESIDENTLIABILITYFEE" TransactionBatchID="1619538293420"/>
    <Transaction CatCode="C" FiscalPeriodEnd="N" LeaID="40" ReshID="42" SiteID="4669236" TransAmt="10.00" TransDate="2021-05-01" TransDesc="Resident Liability Compliance Fee (05/2021)" TransName="RESIDENTLIABILITYFEE" TransactionBatchID="1619538293421"/>
    <Transaction CatCode="C" FiscalPeriodEnd="N" LeaID="48" ReshID="55" SiteID="4669236" TransAmt="10.00" TransDate="2021-05-01" TransDesc="Resident Liability Compliance Fee (05/2021)" TransName="RESIDENTLIABILITYFEE" TransactionBatchID="1619538293422"/>
    <Transaction CatCode="C" FiscalPeriodEnd="N" LeaID="51" ReshID="58" SiteID="4669236" TransAmt="10.00" TransDate="2021-05-01" TransDesc="Resident Liability Compliance Fee (05/2021)" TransName="RESIDENTLIABILITYFEE" TransactionBatchID="1619538293423"/>
    <Transaction CatCode="C" FiscalPeriodEnd="N" LeaID="71" ReshID="142" SiteID="4669236" TransAmt="10.00" TransDate="2021-05-01" TransDesc="Resident Liability Compliance Fee (05/2021)" TransName="RESIDENTLIABILITYFEE" TransactionBatchID="1619538293424"/>
    <Transaction CatCode="C" FiscalPeriodEnd="N" LeaID="72" ReshID="143" SiteID="4669236" TransAmt="10.00" TransDate="2021-05-01" TransDesc="Resident Liability Compliance Fee (05/2021)" TransName="RESIDENTLIABILITYFEE" TransactionBatchID="1619538293425"/>
    <Transaction CatCode="C" FiscalPeriodEnd="N" LeaID="73" ReshID="144" SiteID="4669236" TransAmt="10.00" TransDate="2021-05-01" TransDesc="Resident Liability Compliance Fee (05/2021)" TransName="RESIDENTLIABILITYFEE" TransactionBatchID="1619538293426"/>
    <Transaction CatCode="C" FiscalPeriodEnd="N" LeaID="74" ReshID="145" SiteID="4669236" TransAmt="10.00" TransDate="2021-05-01" TransDesc="Resident Liability Compliance Fee (05/2021)" TransName="RESIDENTLIABILITYFEE" TransactionBatchID="1619538293427"/>
    <Transaction CatCode="C" FiscalPeriodEnd="N" LeaID="75" ReshID="146" SiteID="4669236" TransAmt="10.00" TransDate="2021-05-01" TransDesc="Resident Liability Compliance Fee (05/2021)" TransName="RESIDENTLIABILITYFEE" TransactionBatchID="1619538293428"/>
    <Transaction CatCode="C" FiscalPeriodEnd="N" LeaID="76" ReshID="150" SiteID="4669236" TransAmt="10.00" TransDate="2021-05-01" TransDesc="Resident Liability Compliance Fee (05/2021)" TransName="RESIDENTLIABILITYFEE" TransactionBatchID="1619538293429"/>
    <Transaction CatCode="C" FiscalPeriodEnd="N" LeaID="94" ReshID="177" SiteID="4669236" TransAmt="10.00" TransDate="2021-05-01" TransDesc="Resident Liability Compliance Fee (05/2021)" TransName="RESIDENTLIABILITYFEE" TransactionBatchID="1619538293430"/>
    <Transaction CatCode="C" FiscalPeriodEnd="N" LeaID="44" ReshID="46" SiteID="4669236" TransAmt="10.00" TransDate="2021-05-01" TransDesc="Resident Liability Compliance Fee (05/2021)" TransName="RESIDENTLIABILITYFEE" TransactionBatchID="1619538293431"/>
    <Transaction CatCode="C" FiscalPeriodEnd="N" LeaID="42" ReshID="44" SiteID="4669236" TransAmt="10.00" TransDate="2021-05-01" TransDesc="Resident Liability Compliance Fee (05/2021)" TransName="RESIDENTLIABILITYFEE" TransactionBatchID="1619538293432"/>
    <Transaction CatCode="C" FiscalPeriodEnd="N" LeaID="57" ReshID="114" SiteID="4669236" TransAmt="10.00" TransDate="2021-05-01" TransDesc="Resident Liability Compliance Fee (05/2021)" TransName="RESIDENTLIABILITYFEE" TransactionBatchID="1619538293433"/>
    <Transaction CatCode="C" FiscalPeriodEnd="N" LeaID="93" ReshID="176" SiteID="4669236" TransAmt="10.00" TransDate="2021-05-01" TransDesc="Resident Liability Compliance Fee (05/2021)" TransName="RESIDENTLIABILITYFEE" TransactionBatchID="1619538293434"/>
    <Transaction CatCode="C" FiscalPeriodEnd="N" LeaID="112" ReshID="195" SiteID="4669236" TransAmt="10.00" TransDate="2021-05-01" TransDesc="Resident Liability Compliance Fee (05/2021)" TransName="RESIDENTLIABILITYFEE" TransactionBatchID="1619538293435"/>
    <Transaction CatCode="C" FiscalPeriodEnd="N" LeaID="98" ReshID="181" SiteID="4669236" TransAmt="10.00" TransDate="2021-05-01" TransDesc="Resident Liability Compliance Fee (05/2021)" TransName="RESIDENTLIABILITYFEE" TransactionBatchID="1619538293436"/>
    <Transaction CatCode="C" FiscalPeriodEnd="N" LeaID="104" ReshID="187" SiteID="4669236" TransAmt="10.00" TransDate="2021-05-01" TransDesc="Resident Liability Compliance Fee (05/2021)" TransName="RESIDENTLIABILITYFEE" TransactionBatchID="1619538293437"/>
    <Transaction CatCode="C" FiscalPeriodEnd="N" LeaID="171" ReshID="255" SiteID="4669236" TransAmt="10.00" TransDate="2021-05-01" TransDesc="Resident Liability Compliance Fee (05/2021)" TransName="RESIDENTLIABILITYFEE" TransactionBatchID="1619538293438"/>
    <Transaction CatCode="C" FiscalPeriodEnd="N" LeaID="174" ReshID="258" SiteID="4669236" TransAmt="10.00" TransDate="2021-05-01" TransDesc="Resident Liability Compliance Fee (05/2021)" TransName="RESIDENTLIABILITYFEE" TransactionBatchID="1619538293439"/>
    <Transaction CatCode="C" FiscalPeriodEnd="N" LeaID="131" ReshID="215" SiteID="4669236" TransAmt="10.00" TransDate="2021-05-01" TransDesc="Resident Liability Compliance Fee (05/2021)" TransName="RESIDENTLIABILITYFEE" TransactionBatchID="1619538293440"/>
    <Transaction CatCode="C" FiscalPeriodEnd="N" LeaID="191" ReshID="275" SiteID="4669236" TransAmt="10.00" TransDate="2021-05-01" TransDesc="Resident Liability Compliance Fee (05/2021)" TransName="RESIDENTLIABILITYFEE" TransactionBatchID="1619538293441"/>
    <Transaction CatCode="C" FiscalPeriodEnd="N" LeaID="122" ReshID="206" SiteID="4669236" TransAmt="10.00" TransDate="2021-05-01" TransDesc="Resident Liability Compliance Fee (05/2021)" TransName="RESIDENTLIABILITYFEE" TransactionBatchID="1619538293442"/>
    <Transaction CatCode="C" FiscalPeriodEnd="N" LeaID="163" ReshID="247" SiteID="4669236" TransAmt="10.00" TransDate="2021-05-01" TransDesc="Resident Liability Compliance Fee (05/2021)" TransName="RESIDENTLIABILITYFEE" TransactionBatchID="1619538293443"/>
    <Transaction CatCode="C" FiscalPeriodEnd="N" LeaID="137" ReshID="221" SiteID="4669236" TransAmt="10.00" TransDate="2021-05-01" TransDesc="Resident Liability Compliance Fee (05/2021)" TransName="RESIDENTLIABILITYFEE" TransactionBatchID="1619538293444"/>
    <Transaction CatCode="C" FiscalPeriodEnd="N" LeaID="215" ReshID="298" SiteID="4669236" TransAmt="10.00" TransDate="2021-05-01" TransDesc="Resident Liability Compliance Fee (05/2021)" TransName="RESIDENTLIABILITYFEE" TransactionBatchID="1619538293445"/>
    <Transaction CatCode="C" FiscalPeriodEnd="N" LeaID="221" ReshID="304" SiteID="4669236" TransAmt="10.00" TransDate="2021-05-01" TransDesc="Resident Liability Compliance Fee (05/2021)" TransName="RESIDENTLIABILITYFEE" TransactionBatchID="1619538293446"/>
    <Transaction CatCode="C" FiscalPeriodEnd="N" LeaID="148" ReshID="232" SiteID="4669236" TransAmt="10.00" TransDate="2021-05-01" TransDesc="Resident Liability Compliance Fee (05/2021)" TransName="RESIDENTLIABILITYFEE" TransactionBatchID="1619538293447"/>
    <Transaction CatCode="C" FiscalPeriodEnd="N" LeaID="240" ReshID="325" SiteID="4669236" TransAmt="10.00" TransDate="2021-05-01" TransDesc="Resident Liability Compliance Fee (05/2021)" TransName="RESIDENTLIABILITYFEE" TransactionBatchID="1619538293448"/>
    <Transaction CatCode="C" FiscalPeriodEnd="N" LeaID="211" ReshID="294" SiteID="4669236" TransAmt="10.00" TransDate="2021-05-01" TransDesc="Resident Liability Compliance Fee (05/2021)" TransName="RESIDENTLIABILITYFEE" TransactionBatchID="1619538293449"/>
    <Transaction CatCode="C" FiscalPeriodEnd="N" LeaID="219" ReshID="302" SiteID="4669236" TransAmt="10.00" TransDate="2021-05-01" TransDesc="Resident Liability Compliance Fee (05/2021)" TransName="RESIDENTLIABILITYFEE" TransactionBatchID="1619538293450"/>
    <Transaction CatCode="C" FiscalPeriodEnd="N" LeaID="134" ReshID="218" SiteID="4669236" TransAmt="10.00" TransDate="2021-05-01" TransDesc="Resident Liability Compliance Fee (05/2021)" TransName="RESIDENTLIABILITYFEE" TransactionBatchID="1619538293451"/>
    <Transaction CatCode="C" FiscalPeriodEnd="N" LeaID="279" ReshID="364" SiteID="4669236" TransAmt="10.00" TransDate="2021-05-01" TransDesc="Resident Liability Compliance Fee (05/2021)" TransName="RESIDENTLIABILITYFEE" TransactionBatchID="1619538293452"/>
    <Transaction CatCode="C" FiscalPeriodEnd="N" LeaID="311" ReshID="396" SiteID="4669236" TransAmt="10.00" TransDate="2021-05-01" TransDesc="Resident Liability Compliance Fee (05/2021)" TransName="RESIDENTLIABILITYFEE" TransactionBatchID="1619538293453"/>
    <Transaction CatCode="C" FiscalPeriodEnd="N" LeaID="190" ReshID="274" SiteID="4669236" TransAmt="10.00" TransDate="2021-05-01" TransDesc="Resident Liability Compliance Fee (05/2021)" TransName="RESIDENTLIABILITYFEE" TransactionBatchID="1619538293454"/>
    <Transaction CatCode="C" FiscalPeriodEnd="N" LeaID="205" ReshID="288" SiteID="4669236" TransAmt="10.00" TransDate="2021-05-01" TransDesc="Resident Liability Compliance Fee (05/2021)" TransName="RESIDENTLIABILITYFEE" TransactionBatchID="1619538293455"/>
    <Transaction CatCode="C" FiscalPeriodEnd="N" LeaID="229" ReshID="314" SiteID="4669236" TransAmt="10.00" TransDate="2021-05-01" TransDesc="Resident Liability Compliance Fee (05/2021)" TransName="RESIDENTLIABILITYFEE" TransactionBatchID="1619538293456"/>
    <Transaction CatCode="C" FiscalPeriodEnd="N" LeaID="247" ReshID="332" SiteID="4669236" TransAmt="10.00" TransDate="2021-05-01" TransDesc="Resident Liability Compliance Fee (05/2021)" TransName="RESIDENTLIABILITYFEE" TransactionBatchID="1619538293457"/>
    <Transaction CatCode="C" FiscalPeriodEnd="N" LeaID="303" ReshID="388" SiteID="4669236" TransAmt="10.00" TransDate="2021-05-01" TransDesc="Resident Liability Compliance Fee (05/2021)" TransName="RESIDENTLIABILITYFEE" TransactionBatchID="1619538293458"/>
    <Transaction CatCode="C" FiscalPeriodEnd="N" LeaID="306" ReshID="391" SiteID="4669236" TransAmt="10.00" TransDate="2021-05-01" TransDesc="Resident Liability Compliance Fee (05/2021)" TransName="RESIDENTLIABILITYFEE" TransactionBatchID="1619538293459"/>
    <Transaction CatCode="C" FiscalPeriodEnd="N" LeaID="314" ReshID="399" SiteID="4669236" TransAmt="10.00" TransDate="2021-05-01" TransDesc="Resident Liability Compliance Fee (05/2021)" TransName="RESIDENTLIABILITYFEE" TransactionBatchID="1619538293460"/>
    <Transaction CatCode="C" FiscalPeriodEnd="N" LeaID="320" ReshID="405" SiteID="4669236" TransAmt="10.00" TransDate="2021-05-01" TransDesc="Resident Liability Compliance Fee (05/2021)" TransName="RESIDENTLIABILITYFEE" TransactionBatchID="1619538293461"/>
    <Transaction CatCode="C" FiscalPeriodEnd="N" LeaID="347" ReshID="432" SiteID="4669236" TransAmt="10.00" TransDate="2021-05-01" TransDesc="Resident Liability Compliance Fee (05/2021)" TransName="RESIDENTLIABILITYFEE" TransactionBatchID="1619538293462"/>
    <Transaction CatCode="C" FiscalPeriodEnd="N" LeaID="298" ReshID="383" SiteID="4669236" TransAmt="10.00" TransDate="2021-05-01" TransDesc="Resident Liability Compliance Fee (05/2021)" TransName="RESIDENTLIABILITYFEE" TransactionBatchID="1619538293463"/>
    <Transaction CatCode="C" FiscalPeriodEnd="N" LeaID="301" ReshID="386" SiteID="4669236" TransAmt="10.00" TransDate="2021-05-01" TransDesc="Resident Liability Compliance Fee (05/2021)" TransName="RESIDENTLIABILITYFEE" TransactionBatchID="1619538293464"/>
    <Transaction CatCode="C" FiscalPeriodEnd="N" LeaID="345" ReshID="430" SiteID="4669236" TransAmt="10.00" TransDate="2021-05-01" TransDesc="Resident Liability Compliance Fee (05/2021)" TransName="RESIDENTLIABILITYFEE" TransactionBatchID="1619538293465"/>
    <Transaction CatCode="C" FiscalPeriodEnd="N" LeaID="195" ReshID="279" SiteID="4669236" TransAmt="10.00" TransDate="2021-05-01" TransDesc="Resident Liability Compliance Fee (05/2021)" TransName="RESIDENTLIABILITYFEE" TransactionBatchID="1619538293466"/>
    <Transaction CatCode="C" FiscalPeriodEnd="N" LeaID="234" ReshID="319" SiteID="4669236" TransAmt="10.00" TransDate="2021-05-01" TransDesc="Resident Liability Compliance Fee (05/2021)" TransName="RESIDENTLIABILITYFEE" TransactionBatchID="1619538293467"/>
    <Transaction CatCode="C" FiscalPeriodEnd="N" LeaID="242" ReshID="327" SiteID="4669236" TransAmt="10.00" TransDate="2021-05-01" TransDesc="Resident Liability Compliance Fee (05/2021)" TransName="RESIDENTLIABILITYFEE" TransactionBatchID="1619538293468"/>
    <Transaction CatCode="C" FiscalPeriodEnd="N" LeaID="243" ReshID="328" SiteID="4669236" TransAmt="10.00" TransDate="2021-05-01" TransDesc="Resident Liability Compliance Fee (05/2021)" TransName="RESIDENTLIABILITYFEE" TransactionBatchID="1619538293469"/>
    <Transaction CatCode="C" FiscalPeriodEnd="N" LeaID="307" ReshID="392" SiteID="4669236" TransAmt="10.00" TransDate="2021-05-01" TransDesc="Resident Liability Compliance Fee (05/2021)" TransName="RESIDENTLIABILITYFEE" TransactionBatchID="1619538293470"/>
    <Transaction CatCode="C" FiscalPeriodEnd="N" LeaID="393" ReshID="478" SiteID="4669236" TransAmt="10.00" TransDate="2021-05-01" TransDesc="Resident Liability Compliance Fee (05/2021)" TransName="RESIDENTLIABILITYFEE" TransactionBatchID="1619538293471"/>
    <Transaction CatCode="C" FiscalPeriodEnd="N" LeaID="395" ReshID="480" SiteID="4669236" TransAmt="10.00" TransDate="2021-05-01" TransDesc="Resident Liability Compliance Fee (05/2021)" TransName="RESIDENTLIABILITYFEE" TransactionBatchID="1619538293472"/>
    <Transaction CatCode="C" FiscalPeriodEnd="N" LeaID="169" ReshID="253" SiteID="4669236" TransAmt="10.00" TransDate="2021-05-01" TransDesc="Resident Liability Compliance Fee (05/2021)" TransName="RESIDENTLIABILITYFEE" TransactionBatchID="1619538293473"/>
    <Transaction CatCode="C" FiscalPeriodEnd="N" LeaID="255" ReshID="340" SiteID="4669236" TransAmt="10.00" TransDate="2021-05-01" TransDesc="Resident Liability Compliance Fee (05/2021)" TransName="RESIDENTLIABILITYFEE" TransactionBatchID="1619538293474"/>
    <Transaction CatCode="C" FiscalPeriodEnd="N" LeaID="351" ReshID="436" SiteID="4669236" TransAmt="10.00" TransDate="2021-05-01" TransDesc="Resident Liability Compliance Fee (05/2021)" TransName="RESIDENTLIABILITYFEE" TransactionBatchID="1619538293475"/>
    <Transaction CatCode="C" FiscalPeriodEnd="N" LeaID="407" ReshID="492" SiteID="4669236" TransAmt="10.00" TransDate="2021-05-01" TransDesc="Resident Liability Compliance Fee (05/2021)" TransName="RESIDENTLIABILITYFEE" TransactionBatchID="1619538293476"/>
    <Transaction CatCode="C" FiscalPeriodEnd="N" LeaID="192" ReshID="276" SiteID="4669236" TransAmt="10.00" TransDate="2021-05-01" TransDesc="Resident Liability Compliance Fee (05/2021)" TransName="RESIDENTLIABILITYFEE" TransactionBatchID="1619538293477"/>
    <Transaction CatCode="C" FiscalPeriodEnd="N" LeaID="305" ReshID="390" SiteID="4669236" TransAmt="10.00" TransDate="2021-05-01" TransDesc="Resident Liability Compliance Fee (05/2021)" TransName="RESIDENTLIABILITYFEE" TransactionBatchID="1619538293478"/>
    <Transaction CatCode="C" FiscalPeriodEnd="N" LeaID="396" ReshID="481" SiteID="4669236" TransAmt="10.00" TransDate="2021-05-01" TransDesc="Resident Liability Compliance Fee (05/2021)" TransName="RESIDENTLIABILITYFEE" TransactionBatchID="1619538293479"/>
    <Transaction CatCode="C" FiscalPeriodEnd="N" LeaID="208" ReshID="291" SiteID="4669236" TransAmt="10.00" TransDate="2021-05-01" TransDesc="Resident Liability Compliance Fee (05/2021)" TransName="RESIDENTLIABILITYFEE" TransactionBatchID="1619538293480"/>
    <Transaction CatCode="C" FiscalPeriodEnd="N" LeaID="228" ReshID="313" SiteID="4669236" TransAmt="10.00" TransDate="2021-05-01" TransDesc="Resident Liability Compliance Fee (05/2021)" TransName="RESIDENTLIABILITYFEE" TransactionBatchID="1619538293481"/>
    <Transaction CatCode="C" FiscalPeriodEnd="N" LeaID="327" ReshID="412" SiteID="4669236" TransAmt="10.00" TransDate="2021-05-01" TransDesc="Resident Liability Compliance Fee (05/2021)" TransName="RESIDENTLIABILITYFEE" TransactionBatchID="1619538293482"/>
    <Transaction CatCode="C" FiscalPeriodEnd="N" LeaID="333" ReshID="418" SiteID="4669236" TransAmt="10.00" TransDate="2021-05-01" TransDesc="Resident Liability Compliance Fee (05/2021)" TransName="RESIDENTLIABILITYFEE" TransactionBatchID="1619538293483"/>
    <Transaction CatCode="C" FiscalPeriodEnd="N" LeaID="341" ReshID="426" SiteID="4669236" TransAmt="10.00" TransDate="2021-05-01" TransDesc="Resident Liability Compliance Fee (05/2021)" TransName="RESIDENTLIABILITYFEE" TransactionBatchID="1619538293484"/>
    <Transaction CatCode="C" FiscalPeriodEnd="N" LeaID="430" ReshID="517" SiteID="4669236" TransAmt="10.00" TransDate="2021-05-01" TransDesc="Resident Liability Compliance Fee (05/2021)" TransName="RESIDENTLIABILITYFEE" TransactionBatchID="1619538293485"/>
    <Transaction CatCode="C" FiscalPeriodEnd="N" LeaID="288" ReshID="373" SiteID="4669236" TransAmt="10.00" TransDate="2021-05-01" TransDesc="Resident Liability Compliance Fee (05/2021)" TransName="RESIDENTLIABILITYFEE" TransactionBatchID="1619538293486"/>
    <Transaction CatCode="C" FiscalPeriodEnd="N" LeaID="293" ReshID="378" SiteID="4669236" TransAmt="10.00" TransDate="2021-05-01" TransDesc="Resident Liability Compliance Fee (05/2021)" TransName="RESIDENTLIABILITYFEE" TransactionBatchID="1619538293487"/>
    <Transaction CatCode="C" FiscalPeriodEnd="N" LeaID="322" ReshID="407" SiteID="4669236" TransAmt="10.00" TransDate="2021-05-01" TransDesc="Resident Liability Compliance Fee (05/2021)" TransName="RESIDENTLIABILITYFEE" TransactionBatchID="1619538293488"/>
    <Transaction CatCode="C" FiscalPeriodEnd="N" LeaID="354" ReshID="439" SiteID="4669236" TransAmt="10.00" TransDate="2021-05-01" TransDesc="Resident Liability Compliance Fee (05/2021)" TransName="RESIDENTLIABILITYFEE" TransactionBatchID="1619538293489"/>
    <Transaction CatCode="C" FiscalPeriodEnd="N" LeaID="410" ReshID="496" SiteID="4669236" TransAmt="10.00" TransDate="2021-05-01" TransDesc="Resident Liability Compliance Fee (05/2021)" TransName="RESIDENTLIABILITYFEE" TransactionBatchID="1619538293490"/>
    <Transaction CatCode="C" FiscalPeriodEnd="N" LeaID="342" ReshID="427" SiteID="4669236" TransAmt="10.00" TransDate="2021-05-01" TransDesc="Resident Liability Compliance Fee (05/2021)" TransName="RESIDENTLIABILITYFEE" TransactionBatchID="1619538293491"/>
    <Transaction CatCode="C" FiscalPeriodEnd="N" LeaID="360" ReshID="445" SiteID="4669236" TransAmt="10.00" TransDate="2021-05-01" TransDesc="Resident Liability Compliance Fee (05/2021)" TransName="RESIDENTLIABILITYFEE" TransactionBatchID="1619538293492"/>
</TransactionList>
