<TransactionList>
    <Validation>
        <Audit Count="40" Node="Transaction" Sum="400.00"/>
    </Validation>
    <Transaction CatCode="C" FiscalPeriodEnd="N" LeaID="213" ReshID="154" SiteID="4728311" TransAmt="10.00" TransDate="2021-05-01" TransDesc="Resident Liability Compliance Fee (05/2021)" TransName="RESIDENTLIABILITYFEE" TransactionBatchID="1619538293991"/>
    <Transaction CatCode="C" FiscalPeriodEnd="N" LeaID="12" ReshID="12" SiteID="4728311" TransAmt="10.00" TransDate="2021-05-01" TransDesc="Resident Liability Compliance Fee (05/2021)" TransName="RESIDENTLIABILITYFEE" TransactionBatchID="1619538293992"/>
    <Transaction CatCode="C" FiscalPeriodEnd="N" LeaID="226" ReshID="173" SiteID="4728311" TransAmt="10.00" TransDate="2021-05-01" TransDesc="Resident Liability Compliance Fee (05/2021)" TransName="RESIDENTLIABILITYFEE" TransactionBatchID="1619538293993"/>
    <Transaction CatCode="C" FiscalPeriodEnd="N" LeaID="239" ReshID="23" SiteID="4728311" TransAmt="10.00" TransDate="2021-05-01" TransDesc="Resident Liability Compliance Fee (05/2021)" TransName="RESIDENTLIABILITYFEE" TransactionBatchID="1619538293994"/>
    <Transaction CatCode="C" FiscalPeriodEnd="N" LeaID="25" ReshID="25" SiteID="4728311" TransAmt="10.00" TransDate="2021-05-01" TransDesc="Resident Liability Compliance Fee (05/2021)" TransName="RESIDENTLIABILITYFEE" TransactionBatchID="1619538293995"/>
    <Transaction CatCode="C" FiscalPeriodEnd="N" LeaID="205" ReshID="26" SiteID="4728311" TransAmt="10.00" TransDate="2021-05-01" TransDesc="Resident Liability Compliance Fee (05/2021)" TransName="RESIDENTLIABILITYFEE" TransactionBatchID="1619538293996"/>
    <Transaction CatCode="C" FiscalPeriodEnd="N" LeaID="41" ReshID="41" SiteID="4728311" TransAmt="10.00" TransDate="2021-05-01" TransDesc="Resident Liability Compliance Fee (05/2021)" TransName="RESIDENTLIABILITYFEE" TransactionBatchID="1619538293997"/>
    <Transaction CatCode="C" FiscalPeriodEnd="N" LeaID="196" ReshID="46" SiteID="4728311" TransAmt="10.00" TransDate="2021-05-01" TransDesc="Resident Liability Compliance Fee (05/2021)" TransName="RESIDENTLIABILITYFEE" TransactionBatchID="1619538293998"/>
    <Transaction CatCode="C" FiscalPeriodEnd="N" LeaID="47" ReshID="47" SiteID="4728311" TransAmt="10.00" TransDate="2021-05-01" TransDesc="Resident Liability Compliance Fee (05/2021)" TransName="RESIDENTLIABILITYFEE" TransactionBatchID="1619538293999"/>
    <Transaction CatCode="C" FiscalPeriodEnd="N" LeaID="190" ReshID="56" SiteID="4728311" TransAmt="10.00" TransDate="2021-05-01" TransDesc="Resident Liability Compliance Fee (05/2021)" TransName="RESIDENTLIABILITYFEE" TransactionBatchID="1619538294000"/>
    <Transaction CatCode="C" FiscalPeriodEnd="N" LeaID="58" ReshID="58" SiteID="4728311" TransAmt="10.00" TransDate="2021-05-01" TransDesc="Resident Liability Compliance Fee (05/2021)" TransName="RESIDENTLIABILITYFEE" TransactionBatchID="1619538294001"/>
    <Transaction CatCode="C" FiscalPeriodEnd="N" LeaID="197" ReshID="61" SiteID="4728311" TransAmt="10.00" TransDate="2021-05-01" TransDesc="Resident Liability Compliance Fee (05/2021)" TransName="RESIDENTLIABILITYFEE" TransactionBatchID="1619538294002"/>
    <Transaction CatCode="C" FiscalPeriodEnd="N" LeaID="203" ReshID="62" SiteID="4728311" TransAmt="10.00" TransDate="2021-05-01" TransDesc="Resident Liability Compliance Fee (05/2021)" TransName="RESIDENTLIABILITYFEE" TransactionBatchID="1619538294003"/>
    <Transaction CatCode="C" FiscalPeriodEnd="N" LeaID="206" ReshID="63" SiteID="4728311" TransAmt="10.00" TransDate="2021-05-01" TransDesc="Resident Liability Compliance Fee (05/2021)" TransName="RESIDENTLIABILITYFEE" TransactionBatchID="1619538294004"/>
    <Transaction CatCode="C" FiscalPeriodEnd="N" LeaID="65" ReshID="65" SiteID="4728311" TransAmt="10.00" TransDate="2021-05-01" TransDesc="Resident Liability Compliance Fee (05/2021)" TransName="RESIDENTLIABILITYFEE" TransactionBatchID="1619538294005"/>
    <Transaction CatCode="C" FiscalPeriodEnd="N" LeaID="67" ReshID="67" SiteID="4728311" TransAmt="10.00" TransDate="2021-05-01" TransDesc="Resident Liability Compliance Fee (05/2021)" TransName="RESIDENTLIABILITYFEE" TransactionBatchID="1619538294006"/>
    <Transaction CatCode="C" FiscalPeriodEnd="N" LeaID="68" ReshID="68" SiteID="4728311" TransAmt="10.00" TransDate="2021-05-01" TransDesc="Resident Liability Compliance Fee (05/2021)" TransName="RESIDENTLIABILITYFEE" TransactionBatchID="1619538294007"/>
    <Transaction CatCode="C" FiscalPeriodEnd="N" LeaID="70" ReshID="70" SiteID="4728311" TransAmt="10.00" TransDate="2021-05-01" TransDesc="Resident Liability Compliance Fee (05/2021)" TransName="RESIDENTLIABILITYFEE" TransactionBatchID="1619538294008"/>
    <Transaction CatCode="C" FiscalPeriodEnd="N" LeaID="72" ReshID="72" SiteID="4728311" TransAmt="10.00" TransDate="2021-05-01" TransDesc="Resident Liability Compliance Fee (05/2021)" TransName="RESIDENTLIABILITYFEE" TransactionBatchID="1619538294009"/>
    <Transaction CatCode="C" FiscalPeriodEnd="N" LeaID="75" ReshID="75" SiteID="4728311" TransAmt="10.00" TransDate="2021-05-01" TransDesc="Resident Liability Compliance Fee (05/2021)" TransName="RESIDENTLIABILITYFEE" TransactionBatchID="1619538294010"/>
    <Transaction CatCode="C" FiscalPeriodEnd="N" LeaID="81" ReshID="81" SiteID="4728311" TransAmt="10.00" TransDate="2021-05-01" TransDesc="Resident Liability Compliance Fee (05/2021)" TransName="RESIDENTLIABILITYFEE" TransactionBatchID="1619538294011"/>
    <Transaction CatCode="C" FiscalPeriodEnd="N" LeaID="204" ReshID="89" SiteID="4728311" TransAmt="10.00" TransDate="2021-05-01" TransDesc="Resident Liability Compliance Fee (05/2021)" TransName="RESIDENTLIABILITYFEE" TransactionBatchID="1619538294012"/>
    <Transaction CatCode="C" FiscalPeriodEnd="N" LeaID="99" ReshID="99" SiteID="4728311" TransAmt="10.00" TransDate="2021-05-01" TransDesc="Resident Liability Compliance Fee (05/2021)" TransName="RESIDENTLIABILITYFEE" TransactionBatchID="1619538294013"/>
    <Transaction CatCode="C" FiscalPeriodEnd="N" LeaID="201" ReshID="115" SiteID="4728311" TransAmt="10.00" TransDate="2021-05-01" TransDesc="Resident Liability Compliance Fee (05/2021)" TransName="RESIDENTLIABILITYFEE" TransactionBatchID="1619538294014"/>
    <Transaction CatCode="C" FiscalPeriodEnd="N" LeaID="163" ReshID="162" SiteID="4728311" TransAmt="10.00" TransDate="2021-05-01" TransDesc="Resident Liability Compliance Fee (05/2021)" TransName="RESIDENTLIABILITYFEE" TransactionBatchID="1619538294015"/>
    <Transaction CatCode="C" FiscalPeriodEnd="N" LeaID="171" ReshID="170" SiteID="4728311" TransAmt="10.00" TransDate="2021-05-01" TransDesc="Resident Liability Compliance Fee (05/2021)" TransName="RESIDENTLIABILITYFEE" TransactionBatchID="1619538294016"/>
    <Transaction CatCode="C" FiscalPeriodEnd="N" LeaID="172" ReshID="171" SiteID="4728311" TransAmt="10.00" TransDate="2021-05-01" TransDesc="Resident Liability Compliance Fee (05/2021)" TransName="RESIDENTLIABILITYFEE" TransactionBatchID="1619538294017"/>
    <Transaction CatCode="C" FiscalPeriodEnd="N" LeaID="181" ReshID="180" SiteID="4728311" TransAmt="10.00" TransDate="2021-05-01" TransDesc="Resident Liability Compliance Fee (05/2021)" TransName="RESIDENTLIABILITYFEE" TransactionBatchID="1619538294018"/>
    <Transaction CatCode="C" FiscalPeriodEnd="N" LeaID="182" ReshID="181" SiteID="4728311" TransAmt="10.00" TransDate="2021-05-01" TransDesc="Resident Liability Compliance Fee (05/2021)" TransName="RESIDENTLIABILITYFEE" TransactionBatchID="1619538294019"/>
    <Transaction CatCode="C" FiscalPeriodEnd="N" LeaID="69" ReshID="69" SiteID="4728311" TransAmt="10.00" TransDate="2021-05-01" TransDesc="Resident Liability Compliance Fee (05/2021)" TransName="RESIDENTLIABILITYFEE" TransactionBatchID="1619538294020"/>
    <Transaction CatCode="C" FiscalPeriodEnd="N" LeaID="180" ReshID="179" SiteID="4728311" TransAmt="10.00" TransDate="2021-05-01" TransDesc="Resident Liability Compliance Fee (05/2021)" TransName="RESIDENTLIABILITYFEE" TransactionBatchID="1619538294021"/>
    <Transaction CatCode="C" FiscalPeriodEnd="N" LeaID="194" ReshID="189" SiteID="4728311" TransAmt="10.00" TransDate="2021-05-01" TransDesc="Resident Liability Compliance Fee (05/2021)" TransName="RESIDENTLIABILITYFEE" TransactionBatchID="1619538294022"/>
    <Transaction CatCode="C" FiscalPeriodEnd="N" LeaID="176" ReshID="175" SiteID="4728311" TransAmt="10.00" TransDate="2021-05-01" TransDesc="Resident Liability Compliance Fee (05/2021)" TransName="RESIDENTLIABILITYFEE" TransactionBatchID="1619538294023"/>
    <Transaction CatCode="C" FiscalPeriodEnd="N" LeaID="191" ReshID="186" SiteID="4728311" TransAmt="10.00" TransDate="2021-05-01" TransDesc="Resident Liability Compliance Fee (05/2021)" TransName="RESIDENTLIABILITYFEE" TransactionBatchID="1619538294024"/>
    <Transaction CatCode="C" FiscalPeriodEnd="N" LeaID="16" ReshID="16" SiteID="4728311" TransAmt="10.00" TransDate="2021-05-01" TransDesc="Resident Liability Compliance Fee (05/2021)" TransName="RESIDENTLIABILITYFEE" TransactionBatchID="1619538294025"/>
    <Transaction CatCode="C" FiscalPeriodEnd="N" LeaID="202" ReshID="131" SiteID="4728311" TransAmt="10.00" TransDate="2021-05-01" TransDesc="Resident Liability Compliance Fee (05/2021)" TransName="RESIDENTLIABILITYFEE" TransactionBatchID="1619538294026"/>
    <Transaction CatCode="C" FiscalPeriodEnd="N" LeaID="189" ReshID="185" SiteID="4728311" TransAmt="10.00" TransDate="2021-05-01" TransDesc="Resident Liability Compliance Fee (05/2021)" TransName="RESIDENTLIABILITYFEE" TransactionBatchID="1619538294027"/>
    <Transaction CatCode="C" FiscalPeriodEnd="N" LeaID="200" ReshID="64" SiteID="4728311" TransAmt="10.00" TransDate="2021-05-01" TransDesc="Resident Liability Compliance Fee (05/2021)" TransName="RESIDENTLIABILITYFEE" TransactionBatchID="1619538294028"/>
    <Transaction CatCode="C" FiscalPeriodEnd="N" LeaID="214" ReshID="196" SiteID="4728311" TransAmt="10.00" TransDate="2021-05-01" TransDesc="Resident Liability Compliance Fee (05/2021)" TransName="RESIDENTLIABILITYFEE" TransactionBatchID="1619538294029"/>
    <Transaction CatCode="C" FiscalPeriodEnd="N" LeaID="248" ReshID="217" SiteID="4728311" TransAmt="10.00" TransDate="2021-05-01" TransDesc="Resident Liability Compliance Fee (05/2021)" TransName="RESIDENTLIABILITYFEE" TransactionBatchID="1619538294030"/>
</TransactionList>
