<TransactionList>
    <Validation>
        <Audit Count="51" Node="Transaction" Sum="637.50"/>
    </Validation>
    <Transaction CatCode="C" FiscalPeriodEnd="N" LeaID="10334" ReshID="7" SiteID="4339651" TransAmt="12.50" TransDate="2021-05-01" TransDesc="Tenant Legal Liability (05/2021)" TransName="ICF" TransactionBatchID="1619540961642"/>
    <Transaction CatCode="C" FiscalPeriodEnd="N" LeaID="10333" ReshID="8" SiteID="4339651" TransAmt="12.50" TransDate="2021-05-01" TransDesc="Tenant Legal Liability (05/2021)" TransName="ICF" TransactionBatchID="1619540961643"/>
    <Transaction CatCode="C" FiscalPeriodEnd="N" LeaID="10337" ReshID="9" SiteID="4339651" TransAmt="12.50" TransDate="2021-05-01" TransDesc="Tenant Legal Liability (05/2021)" TransName="ICF" TransactionBatchID="1619540961644"/>
    <Transaction CatCode="C" FiscalPeriodEnd="N" LeaID="10339" ReshID="12" SiteID="4339651" TransAmt="12.50" TransDate="2021-05-01" TransDesc="Tenant Legal Liability (05/2021)" TransName="ICF" TransactionBatchID="1619540961645"/>
    <Transaction CatCode="C" FiscalPeriodEnd="N" LeaID="10369" ReshID="15" SiteID="4339651" TransAmt="12.50" TransDate="2021-05-01" TransDesc="Tenant Legal Liability (05/2021)" TransName="ICF" TransactionBatchID="1619540961646"/>
    <Transaction CatCode="C" FiscalPeriodEnd="N" LeaID="10378" ReshID="17" SiteID="4339651" TransAmt="12.50" TransDate="2021-05-01" TransDesc="Tenant Legal Liability (05/2021)" TransName="ICF" TransactionBatchID="1619540961647"/>
    <Transaction CatCode="C" FiscalPeriodEnd="N" LeaID="10344" ReshID="25" SiteID="4339651" TransAmt="12.50" TransDate="2021-05-01" TransDesc="Tenant Legal Liability (05/2021)" TransName="ICF" TransactionBatchID="1619540961648"/>
    <Transaction CatCode="C" FiscalPeriodEnd="N" LeaID="10380" ReshID="27" SiteID="4339651" TransAmt="12.50" TransDate="2021-05-01" TransDesc="Tenant Legal Liability (05/2021)" TransName="ICF" TransactionBatchID="1619540961649"/>
    <Transaction CatCode="C" FiscalPeriodEnd="N" LeaID="10343" ReshID="35" SiteID="4339651" TransAmt="12.50" TransDate="2021-05-01" TransDesc="Tenant Legal Liability (05/2021)" TransName="ICF" TransactionBatchID="1619540961650"/>
    <Transaction CatCode="C" FiscalPeriodEnd="N" LeaID="10342" ReshID="38" SiteID="4339651" TransAmt="12.50" TransDate="2021-05-01" TransDesc="Tenant Legal Liability (05/2021)" TransName="ICF" TransactionBatchID="1619540961651"/>
    <Transaction CatCode="C" FiscalPeriodEnd="N" LeaID="10336" ReshID="43" SiteID="4339651" TransAmt="12.50" TransDate="2021-05-01" TransDesc="Tenant Legal Liability (05/2021)" TransName="ICF" TransactionBatchID="1619540961652"/>
    <Transaction CatCode="C" FiscalPeriodEnd="N" LeaID="10296" ReshID="66" SiteID="4339651" TransAmt="12.50" TransDate="2021-05-01" TransDesc="Tenant Legal Liability (05/2021)" TransName="ICF" TransactionBatchID="1619540961653"/>
    <Transaction CatCode="C" FiscalPeriodEnd="N" LeaID="10332" ReshID="89" SiteID="4339651" TransAmt="12.50" TransDate="2021-05-01" TransDesc="Tenant Legal Liability (05/2021)" TransName="ICF" TransactionBatchID="1619540961654"/>
    <Transaction CatCode="C" FiscalPeriodEnd="N" LeaID="10293" ReshID="108" SiteID="4339651" TransAmt="12.50" TransDate="2021-05-01" TransDesc="Tenant Legal Liability (05/2021)" TransName="ICF" TransactionBatchID="1619540961655"/>
    <Transaction CatCode="C" FiscalPeriodEnd="N" LeaID="10345" ReshID="125" SiteID="4339651" TransAmt="12.50" TransDate="2021-05-01" TransDesc="Tenant Legal Liability (05/2021)" TransName="ICF" TransactionBatchID="1619540961656"/>
    <Transaction CatCode="C" FiscalPeriodEnd="N" LeaID="10353" ReshID="141" SiteID="4339651" TransAmt="12.50" TransDate="2021-05-01" TransDesc="Tenant Legal Liability (05/2021)" TransName="ICF" TransactionBatchID="1619540961657"/>
    <Transaction CatCode="C" FiscalPeriodEnd="N" LeaID="10397" ReshID="146" SiteID="4339651" TransAmt="12.50" TransDate="2021-05-01" TransDesc="Tenant Legal Liability (05/2021)" TransName="ICF" TransactionBatchID="1619540961658"/>
    <Transaction CatCode="C" FiscalPeriodEnd="N" LeaID="10373" ReshID="147" SiteID="4339651" TransAmt="12.50" TransDate="2021-05-01" TransDesc="Tenant Legal Liability (05/2021)" TransName="ICF" TransactionBatchID="1619540961659"/>
    <Transaction CatCode="C" FiscalPeriodEnd="N" LeaID="10364" ReshID="159" SiteID="4339651" TransAmt="12.50" TransDate="2021-05-01" TransDesc="Tenant Legal Liability (05/2021)" TransName="ICF" TransactionBatchID="1619540961660"/>
    <Transaction CatCode="C" FiscalPeriodEnd="N" LeaID="10384" ReshID="164" SiteID="4339651" TransAmt="12.50" TransDate="2021-05-01" TransDesc="Tenant Legal Liability (05/2021)" TransName="ICF" TransactionBatchID="1619540961661"/>
    <Transaction CatCode="C" FiscalPeriodEnd="N" LeaID="10357" ReshID="174" SiteID="4339651" TransAmt="12.50" TransDate="2021-05-01" TransDesc="Tenant Legal Liability (05/2021)" TransName="ICF" TransactionBatchID="1619540961662"/>
    <Transaction CatCode="C" FiscalPeriodEnd="N" LeaID="10362" ReshID="176" SiteID="4339651" TransAmt="12.50" TransDate="2021-05-01" TransDesc="Tenant Legal Liability (05/2021)" TransName="ICF" TransactionBatchID="1619540961663"/>
    <Transaction CatCode="C" FiscalPeriodEnd="N" LeaID="10290" ReshID="10193" SiteID="4339651" TransAmt="12.50" TransDate="2021-05-01" TransDesc="Tenant Legal Liability (05/2021)" TransName="ICF" TransactionBatchID="1619540961664"/>
    <Transaction CatCode="C" FiscalPeriodEnd="N" LeaID="10359" ReshID="10195" SiteID="4339651" TransAmt="12.50" TransDate="2021-05-01" TransDesc="Tenant Legal Liability (05/2021)" TransName="ICF" TransactionBatchID="1619540961665"/>
    <Transaction CatCode="C" FiscalPeriodEnd="N" LeaID="10366" ReshID="10196" SiteID="4339651" TransAmt="12.50" TransDate="2021-05-01" TransDesc="Tenant Legal Liability (05/2021)" TransName="ICF" TransactionBatchID="1619540961666"/>
    <Transaction CatCode="C" FiscalPeriodEnd="N" LeaID="10363" ReshID="10198" SiteID="4339651" TransAmt="12.50" TransDate="2021-05-01" TransDesc="Tenant Legal Liability (05/2021)" TransName="ICF" TransactionBatchID="1619540961667"/>
    <Transaction CatCode="C" FiscalPeriodEnd="N" LeaID="10354" ReshID="10221" SiteID="4339651" TransAmt="12.50" TransDate="2021-05-01" TransDesc="Tenant Legal Liability (05/2021)" TransName="ICF" TransactionBatchID="1619540961668"/>
    <Transaction CatCode="C" FiscalPeriodEnd="N" LeaID="10375" ReshID="10228" SiteID="4339651" TransAmt="12.50" TransDate="2021-05-01" TransDesc="Tenant Legal Liability (05/2021)" TransName="ICF" TransactionBatchID="1619540961669"/>
    <Transaction CatCode="C" FiscalPeriodEnd="N" LeaID="10330" ReshID="10231" SiteID="4339651" TransAmt="12.50" TransDate="2021-05-01" TransDesc="Tenant Legal Liability (05/2021)" TransName="ICF" TransactionBatchID="1619540961670"/>
    <Transaction CatCode="C" FiscalPeriodEnd="N" LeaID="10331" ReshID="10232" SiteID="4339651" TransAmt="12.50" TransDate="2021-05-01" TransDesc="Tenant Legal Liability (05/2021)" TransName="ICF" TransactionBatchID="1619540961671"/>
    <Transaction CatCode="C" FiscalPeriodEnd="N" LeaID="10338" ReshID="10233" SiteID="4339651" TransAmt="12.50" TransDate="2021-05-01" TransDesc="Tenant Legal Liability (05/2021)" TransName="ICF" TransactionBatchID="1619540961672"/>
    <Transaction CatCode="C" FiscalPeriodEnd="N" LeaID="10341" ReshID="10236" SiteID="4339651" TransAmt="12.50" TransDate="2021-05-01" TransDesc="Tenant Legal Liability (05/2021)" TransName="ICF" TransactionBatchID="1619540961673"/>
    <Transaction CatCode="C" FiscalPeriodEnd="N" LeaID="10319" ReshID="10226" SiteID="4339651" TransAmt="12.50" TransDate="2021-05-01" TransDesc="Tenant Legal Liability (05/2021)" TransName="ICF" TransactionBatchID="1619540961674"/>
    <Transaction CatCode="C" FiscalPeriodEnd="N" LeaID="10340" ReshID="10235" SiteID="4339651" TransAmt="12.50" TransDate="2021-05-01" TransDesc="Tenant Legal Liability (05/2021)" TransName="ICF" TransactionBatchID="1619540961675"/>
    <Transaction CatCode="C" FiscalPeriodEnd="N" LeaID="10348" ReshID="10238" SiteID="4339651" TransAmt="12.50" TransDate="2021-05-01" TransDesc="Tenant Legal Liability (05/2021)" TransName="ICF" TransactionBatchID="1619540961676"/>
    <Transaction CatCode="C" FiscalPeriodEnd="N" LeaID="10355" ReshID="10242" SiteID="4339651" TransAmt="12.50" TransDate="2021-05-01" TransDesc="Tenant Legal Liability (05/2021)" TransName="ICF" TransactionBatchID="1619540961677"/>
    <Transaction CatCode="C" FiscalPeriodEnd="N" LeaID="10349" ReshID="10239" SiteID="4339651" TransAmt="12.50" TransDate="2021-05-01" TransDesc="Tenant Legal Liability (05/2021)" TransName="ICF" TransactionBatchID="1619540961678"/>
    <Transaction CatCode="C" FiscalPeriodEnd="N" LeaID="10356" ReshID="10249" SiteID="4339651" TransAmt="12.50" TransDate="2021-05-01" TransDesc="Tenant Legal Liability (05/2021)" TransName="ICF" TransactionBatchID="1619540961679"/>
    <Transaction CatCode="C" FiscalPeriodEnd="N" LeaID="10358" ReshID="10250" SiteID="4339651" TransAmt="12.50" TransDate="2021-05-01" TransDesc="Tenant Legal Liability (05/2021)" TransName="ICF" TransactionBatchID="1619540961680"/>
    <Transaction CatCode="C" FiscalPeriodEnd="N" LeaID="10360" ReshID="10251" SiteID="4339651" TransAmt="12.50" TransDate="2021-05-01" TransDesc="Tenant Legal Liability (05/2021)" TransName="ICF" TransactionBatchID="1619540961681"/>
    <Transaction CatCode="C" FiscalPeriodEnd="N" LeaID="10361" ReshID="10252" SiteID="4339651" TransAmt="12.50" TransDate="2021-05-01" TransDesc="Tenant Legal Liability (05/2021)" TransName="ICF" TransactionBatchID="1619540961682"/>
    <Transaction CatCode="C" FiscalPeriodEnd="N" LeaID="10367" ReshID="10254" SiteID="4339651" TransAmt="12.50" TransDate="2021-05-01" TransDesc="Tenant Legal Liability (05/2021)" TransName="ICF" TransactionBatchID="1619540961683"/>
    <Transaction CatCode="C" FiscalPeriodEnd="N" LeaID="10368" ReshID="10255" SiteID="4339651" TransAmt="12.50" TransDate="2021-05-01" TransDesc="Tenant Legal Liability (05/2021)" TransName="ICF" TransactionBatchID="1619540961684"/>
    <Transaction CatCode="C" FiscalPeriodEnd="N" LeaID="10365" ReshID="10253" SiteID="4339651" TransAmt="12.50" TransDate="2021-05-01" TransDesc="Tenant Legal Liability (05/2021)" TransName="ICF" TransactionBatchID="1619540961685"/>
    <Transaction CatCode="C" FiscalPeriodEnd="N" LeaID="10371" ReshID="10258" SiteID="4339651" TransAmt="12.50" TransDate="2021-05-01" TransDesc="Tenant Legal Liability (05/2021)" TransName="ICF" TransactionBatchID="1619540961686"/>
    <Transaction CatCode="C" FiscalPeriodEnd="N" LeaID="10381" ReshID="10288" SiteID="4339651" TransAmt="12.50" TransDate="2021-05-01" TransDesc="Tenant Legal Liability (05/2021)" TransName="ICF" TransactionBatchID="1619540961687"/>
    <Transaction CatCode="C" FiscalPeriodEnd="N" LeaID="10379" ReshID="10287" SiteID="4339651" TransAmt="12.50" TransDate="2021-05-01" TransDesc="Tenant Legal Liability (05/2021)" TransName="ICF" TransactionBatchID="1619540961688"/>
    <Transaction CatCode="C" FiscalPeriodEnd="N" LeaID="10382" ReshID="10294" SiteID="4339651" TransAmt="12.50" TransDate="2021-05-01" TransDesc="Tenant Legal Liability (05/2021)" TransName="ICF" TransactionBatchID="1619540961689"/>
    <Transaction CatCode="C" FiscalPeriodEnd="N" LeaID="10386" ReshID="10296" SiteID="4339651" TransAmt="12.50" TransDate="2021-05-01" TransDesc="Tenant Legal Liability (05/2021)" TransName="ICF" TransactionBatchID="1619540961690"/>
    <Transaction CatCode="C" FiscalPeriodEnd="N" LeaID="10389" ReshID="10298" SiteID="4339651" TransAmt="12.50" TransDate="2021-05-01" TransDesc="Tenant Legal Liability (05/2021)" TransName="ICF" TransactionBatchID="1619540961691"/>
    <Transaction CatCode="C" FiscalPeriodEnd="N" LeaID="10390" ReshID="10299" SiteID="4339651" TransAmt="12.50" TransDate="2021-05-01" TransDesc="Tenant Legal Liability (05/2021)" TransName="ICF" TransactionBatchID="1619540961692"/>
</TransactionList>
