<TransactionList>
    <Validation>
        <Audit Count="115" Node="Transaction" Sum="1437.50"/>
    </Validation>
    <Transaction CatCode="C" FiscalPeriodEnd="N" LeaID="713" ReshID="9" SiteID="4404014" TransAmt="12.50" TransDate="2021-05-01" TransDesc="Tenant Legal Liability (05/2021)" TransName="ICF" TransactionBatchID="1619540961219"/>
    <Transaction CatCode="C" FiscalPeriodEnd="N" LeaID="706" ReshID="10" SiteID="4404014" TransAmt="12.50" TransDate="2021-05-01" TransDesc="Tenant Legal Liability (05/2021)" TransName="ICF" TransactionBatchID="1619540961220"/>
    <Transaction CatCode="C" FiscalPeriodEnd="N" LeaID="709" ReshID="16" SiteID="4404014" TransAmt="12.50" TransDate="2021-05-01" TransDesc="Tenant Legal Liability (05/2021)" TransName="ICF" TransactionBatchID="1619540961221"/>
    <Transaction CatCode="C" FiscalPeriodEnd="N" LeaID="829" ReshID="17" SiteID="4404014" TransAmt="12.50" TransDate="2021-05-01" TransDesc="Tenant Legal Liability (05/2021)" TransName="ICF" TransactionBatchID="1619540961222"/>
    <Transaction CatCode="C" FiscalPeriodEnd="N" LeaID="719" ReshID="21" SiteID="4404014" TransAmt="12.50" TransDate="2021-05-01" TransDesc="Tenant Legal Liability (05/2021)" TransName="ICF" TransactionBatchID="1619540961223"/>
    <Transaction CatCode="C" FiscalPeriodEnd="N" LeaID="707" ReshID="22" SiteID="4404014" TransAmt="12.50" TransDate="2021-05-01" TransDesc="Tenant Legal Liability (05/2021)" TransName="ICF" TransactionBatchID="1619540961224"/>
    <Transaction CatCode="C" FiscalPeriodEnd="N" LeaID="684" ReshID="42" SiteID="4404014" TransAmt="12.50" TransDate="2021-05-01" TransDesc="Tenant Legal Liability (05/2021)" TransName="ICF" TransactionBatchID="1619540961225"/>
    <Transaction CatCode="C" FiscalPeriodEnd="N" LeaID="637" ReshID="52" SiteID="4404014" TransAmt="12.50" TransDate="2021-05-01" TransDesc="Tenant Legal Liability (05/2021)" TransName="ICF" TransactionBatchID="1619540961226"/>
    <Transaction CatCode="C" FiscalPeriodEnd="N" LeaID="659" ReshID="64" SiteID="4404014" TransAmt="12.50" TransDate="2021-05-01" TransDesc="Tenant Legal Liability (05/2021)" TransName="ICF" TransactionBatchID="1619540961227"/>
    <Transaction CatCode="C" FiscalPeriodEnd="N" LeaID="710" ReshID="106" SiteID="4404014" TransAmt="12.50" TransDate="2021-05-01" TransDesc="Tenant Legal Liability (05/2021)" TransName="ICF" TransactionBatchID="1619540961228"/>
    <Transaction CatCode="C" FiscalPeriodEnd="N" LeaID="677" ReshID="155" SiteID="4404014" TransAmt="12.50" TransDate="2021-05-01" TransDesc="Tenant Legal Liability (05/2021)" TransName="ICF" TransactionBatchID="1619540961229"/>
    <Transaction CatCode="C" FiscalPeriodEnd="N" LeaID="749" ReshID="173" SiteID="4404014" TransAmt="12.50" TransDate="2021-05-01" TransDesc="Tenant Legal Liability (05/2021)" TransName="ICF" TransactionBatchID="1619540961230"/>
    <Transaction CatCode="C" FiscalPeriodEnd="N" LeaID="755" ReshID="182" SiteID="4404014" TransAmt="12.50" TransDate="2021-05-01" TransDesc="Tenant Legal Liability (05/2021)" TransName="ICF" TransactionBatchID="1619540961231"/>
    <Transaction CatCode="C" FiscalPeriodEnd="N" LeaID="609" ReshID="193" SiteID="4404014" TransAmt="12.50" TransDate="2021-05-01" TransDesc="Tenant Legal Liability (05/2021)" TransName="ICF" TransactionBatchID="1619540961232"/>
    <Transaction CatCode="C" FiscalPeriodEnd="N" LeaID="754" ReshID="199" SiteID="4404014" TransAmt="12.50" TransDate="2021-05-01" TransDesc="Tenant Legal Liability (05/2021)" TransName="ICF" TransactionBatchID="1619540961233"/>
    <Transaction CatCode="C" FiscalPeriodEnd="N" LeaID="734" ReshID="205" SiteID="4404014" TransAmt="12.50" TransDate="2021-05-01" TransDesc="Tenant Legal Liability (05/2021)" TransName="ICF" TransactionBatchID="1619540961234"/>
    <Transaction CatCode="C" FiscalPeriodEnd="N" LeaID="697" ReshID="217" SiteID="4404014" TransAmt="12.50" TransDate="2021-05-01" TransDesc="Tenant Legal Liability (05/2021)" TransName="ICF" TransactionBatchID="1619540961235"/>
    <Transaction CatCode="C" FiscalPeriodEnd="N" LeaID="654" ReshID="224" SiteID="4404014" TransAmt="12.50" TransDate="2021-05-01" TransDesc="Tenant Legal Liability (05/2021)" TransName="ICF" TransactionBatchID="1619540961236"/>
    <Transaction CatCode="C" FiscalPeriodEnd="N" LeaID="801" ReshID="231" SiteID="4404014" TransAmt="12.50" TransDate="2021-05-01" TransDesc="Tenant Legal Liability (05/2021)" TransName="ICF" TransactionBatchID="1619540961237"/>
    <Transaction CatCode="C" FiscalPeriodEnd="N" LeaID="712" ReshID="245" SiteID="4404014" TransAmt="12.50" TransDate="2021-05-01" TransDesc="Tenant Legal Liability (05/2021)" TransName="ICF" TransactionBatchID="1619540961238"/>
    <Transaction CatCode="C" FiscalPeriodEnd="N" LeaID="774" ReshID="285" SiteID="4404014" TransAmt="12.50" TransDate="2021-05-01" TransDesc="Tenant Legal Liability (05/2021)" TransName="ICF" TransactionBatchID="1619540961239"/>
    <Transaction CatCode="C" FiscalPeriodEnd="N" LeaID="626" ReshID="372" SiteID="4404014" TransAmt="12.50" TransDate="2021-05-01" TransDesc="Tenant Legal Liability (05/2021)" TransName="ICF" TransactionBatchID="1619540961240"/>
    <Transaction CatCode="C" FiscalPeriodEnd="N" LeaID="601" ReshID="385" SiteID="4404014" TransAmt="12.50" TransDate="2021-05-01" TransDesc="Tenant Legal Liability (05/2021)" TransName="ICF" TransactionBatchID="1619540961241"/>
    <Transaction CatCode="C" FiscalPeriodEnd="N" LeaID="685" ReshID="477" SiteID="4404014" TransAmt="12.50" TransDate="2021-05-01" TransDesc="Tenant Legal Liability (05/2021)" TransName="ICF" TransactionBatchID="1619540961242"/>
    <Transaction CatCode="C" FiscalPeriodEnd="N" LeaID="687" ReshID="499" SiteID="4404014" TransAmt="12.50" TransDate="2021-05-01" TransDesc="Tenant Legal Liability (05/2021)" TransName="ICF" TransactionBatchID="1619540961243"/>
    <Transaction CatCode="C" FiscalPeriodEnd="N" LeaID="638" ReshID="501" SiteID="4404014" TransAmt="12.50" TransDate="2021-05-01" TransDesc="Tenant Legal Liability (05/2021)" TransName="ICF" TransactionBatchID="1619540961244"/>
    <Transaction CatCode="C" FiscalPeriodEnd="N" LeaID="666" ReshID="533" SiteID="4404014" TransAmt="12.50" TransDate="2021-05-01" TransDesc="Tenant Legal Liability (05/2021)" TransName="ICF" TransactionBatchID="1619540961245"/>
    <Transaction CatCode="C" FiscalPeriodEnd="N" LeaID="711" ReshID="535" SiteID="4404014" TransAmt="12.50" TransDate="2021-05-01" TransDesc="Tenant Legal Liability (05/2021)" TransName="ICF" TransactionBatchID="1619540961246"/>
    <Transaction CatCode="C" FiscalPeriodEnd="N" LeaID="752" ReshID="608" SiteID="4404014" TransAmt="12.50" TransDate="2021-05-01" TransDesc="Tenant Legal Liability (05/2021)" TransName="ICF" TransactionBatchID="1619540961247"/>
    <Transaction CatCode="C" FiscalPeriodEnd="N" LeaID="753" ReshID="634" SiteID="4404014" TransAmt="12.50" TransDate="2021-05-01" TransDesc="Tenant Legal Liability (05/2021)" TransName="ICF" TransactionBatchID="1619540961248"/>
    <Transaction CatCode="C" FiscalPeriodEnd="N" LeaID="789" ReshID="639" SiteID="4404014" TransAmt="12.50" TransDate="2021-05-01" TransDesc="Tenant Legal Liability (05/2021)" TransName="ICF" TransactionBatchID="1619540961249"/>
    <Transaction CatCode="C" FiscalPeriodEnd="N" LeaID="830" ReshID="644" SiteID="4404014" TransAmt="12.50" TransDate="2021-05-01" TransDesc="Tenant Legal Liability (05/2021)" TransName="ICF" TransactionBatchID="1619540961250"/>
    <Transaction CatCode="C" FiscalPeriodEnd="N" LeaID="612" ReshID="665" SiteID="4404014" TransAmt="12.50" TransDate="2021-05-01" TransDesc="Tenant Legal Liability (05/2021)" TransName="ICF" TransactionBatchID="1619540961251"/>
    <Transaction CatCode="C" FiscalPeriodEnd="N" LeaID="763" ReshID="717" SiteID="4404014" TransAmt="12.50" TransDate="2021-05-01" TransDesc="Tenant Legal Liability (05/2021)" TransName="ICF" TransactionBatchID="1619540961252"/>
    <Transaction CatCode="C" FiscalPeriodEnd="N" LeaID="625" ReshID="768" SiteID="4404014" TransAmt="12.50" TransDate="2021-05-01" TransDesc="Tenant Legal Liability (05/2021)" TransName="ICF" TransactionBatchID="1619540961253"/>
    <Transaction CatCode="C" FiscalPeriodEnd="N" LeaID="578" ReshID="800" SiteID="4404014" TransAmt="12.50" TransDate="2021-05-01" TransDesc="Tenant Legal Liability (05/2021)" TransName="ICF" TransactionBatchID="1619540961254"/>
    <Transaction CatCode="C" FiscalPeriodEnd="N" LeaID="579" ReshID="801" SiteID="4404014" TransAmt="12.50" TransDate="2021-05-01" TransDesc="Tenant Legal Liability (05/2021)" TransName="ICF" TransactionBatchID="1619540961255"/>
    <Transaction CatCode="C" FiscalPeriodEnd="N" LeaID="582" ReshID="804" SiteID="4404014" TransAmt="12.50" TransDate="2021-05-01" TransDesc="Tenant Legal Liability (05/2021)" TransName="ICF" TransactionBatchID="1619540961256"/>
    <Transaction CatCode="C" FiscalPeriodEnd="N" LeaID="535" ReshID="750" SiteID="4404014" TransAmt="12.50" TransDate="2021-05-01" TransDesc="Tenant Legal Liability (05/2021)" TransName="ICF" TransactionBatchID="1619540961257"/>
    <Transaction CatCode="C" FiscalPeriodEnd="N" LeaID="570" ReshID="785" SiteID="4404014" TransAmt="12.50" TransDate="2021-05-01" TransDesc="Tenant Legal Liability (05/2021)" TransName="ICF" TransactionBatchID="1619540961258"/>
    <Transaction CatCode="C" FiscalPeriodEnd="N" LeaID="742" ReshID="811" SiteID="4404014" TransAmt="12.50" TransDate="2021-05-01" TransDesc="Tenant Legal Liability (05/2021)" TransName="ICF" TransactionBatchID="1619540961259"/>
    <Transaction CatCode="C" FiscalPeriodEnd="N" LeaID="604" ReshID="818" SiteID="4404014" TransAmt="12.50" TransDate="2021-05-01" TransDesc="Tenant Legal Liability (05/2021)" TransName="ICF" TransactionBatchID="1619540961260"/>
    <Transaction CatCode="C" FiscalPeriodEnd="N" LeaID="592" ReshID="809" SiteID="4404014" TransAmt="12.50" TransDate="2021-05-01" TransDesc="Tenant Legal Liability (05/2021)" TransName="ICF" TransactionBatchID="1619540961261"/>
    <Transaction CatCode="C" FiscalPeriodEnd="N" LeaID="607" ReshID="821" SiteID="4404014" TransAmt="12.50" TransDate="2021-05-01" TransDesc="Tenant Legal Liability (05/2021)" TransName="ICF" TransactionBatchID="1619540961262"/>
    <Transaction CatCode="C" FiscalPeriodEnd="N" LeaID="597" ReshID="812" SiteID="4404014" TransAmt="12.50" TransDate="2021-05-01" TransDesc="Tenant Legal Liability (05/2021)" TransName="ICF" TransactionBatchID="1619540961263"/>
    <Transaction CatCode="C" FiscalPeriodEnd="N" LeaID="600" ReshID="815" SiteID="4404014" TransAmt="12.50" TransDate="2021-05-01" TransDesc="Tenant Legal Liability (05/2021)" TransName="ICF" TransactionBatchID="1619540961264"/>
    <Transaction CatCode="C" FiscalPeriodEnd="N" LeaID="611" ReshID="824" SiteID="4404014" TransAmt="12.50" TransDate="2021-05-01" TransDesc="Tenant Legal Liability (05/2021)" TransName="ICF" TransactionBatchID="1619540961265"/>
    <Transaction CatCode="C" FiscalPeriodEnd="N" LeaID="591" ReshID="808" SiteID="4404014" TransAmt="12.50" TransDate="2021-05-01" TransDesc="Tenant Legal Liability (05/2021)" TransName="ICF" TransactionBatchID="1619540961266"/>
    <Transaction CatCode="C" FiscalPeriodEnd="N" LeaID="628" ReshID="838" SiteID="4404014" TransAmt="12.50" TransDate="2021-05-01" TransDesc="Tenant Legal Liability (05/2021)" TransName="ICF" TransactionBatchID="1619540961267"/>
    <Transaction CatCode="C" FiscalPeriodEnd="N" LeaID="642" ReshID="861" SiteID="4404014" TransAmt="12.50" TransDate="2021-05-01" TransDesc="Tenant Legal Liability (05/2021)" TransName="ICF" TransactionBatchID="1619540961268"/>
    <Transaction CatCode="C" FiscalPeriodEnd="N" LeaID="619" ReshID="828" SiteID="4404014" TransAmt="12.50" TransDate="2021-05-01" TransDesc="Tenant Legal Liability (05/2021)" TransName="ICF" TransactionBatchID="1619540961269"/>
    <Transaction CatCode="C" FiscalPeriodEnd="N" LeaID="636" ReshID="857" SiteID="4404014" TransAmt="12.50" TransDate="2021-05-01" TransDesc="Tenant Legal Liability (05/2021)" TransName="ICF" TransactionBatchID="1619540961270"/>
    <Transaction CatCode="C" FiscalPeriodEnd="N" LeaID="651" ReshID="859" SiteID="4404014" TransAmt="12.50" TransDate="2021-05-01" TransDesc="Tenant Legal Liability (05/2021)" TransName="ICF" TransactionBatchID="1619540961271"/>
    <Transaction CatCode="C" FiscalPeriodEnd="N" LeaID="646" ReshID="863" SiteID="4404014" TransAmt="12.50" TransDate="2021-05-01" TransDesc="Tenant Legal Liability (05/2021)" TransName="ICF" TransactionBatchID="1619540961272"/>
    <Transaction CatCode="C" FiscalPeriodEnd="N" LeaID="650" ReshID="867" SiteID="4404014" TransAmt="12.50" TransDate="2021-05-01" TransDesc="Tenant Legal Liability (05/2021)" TransName="ICF" TransactionBatchID="1619540961273"/>
    <Transaction CatCode="C" FiscalPeriodEnd="N" LeaID="655" ReshID="872" SiteID="4404014" TransAmt="12.50" TransDate="2021-05-01" TransDesc="Tenant Legal Liability (05/2021)" TransName="ICF" TransactionBatchID="1619540961274"/>
    <Transaction CatCode="C" FiscalPeriodEnd="N" LeaID="661" ReshID="893" SiteID="4404014" TransAmt="12.50" TransDate="2021-05-01" TransDesc="Tenant Legal Liability (05/2021)" TransName="ICF" TransactionBatchID="1619540961275"/>
    <Transaction CatCode="C" FiscalPeriodEnd="N" LeaID="662" ReshID="894" SiteID="4404014" TransAmt="12.50" TransDate="2021-05-01" TransDesc="Tenant Legal Liability (05/2021)" TransName="ICF" TransactionBatchID="1619540961276"/>
    <Transaction CatCode="C" FiscalPeriodEnd="N" LeaID="676" ReshID="907" SiteID="4404014" TransAmt="12.50" TransDate="2021-05-01" TransDesc="Tenant Legal Liability (05/2021)" TransName="ICF" TransactionBatchID="1619540961277"/>
    <Transaction CatCode="C" FiscalPeriodEnd="N" LeaID="681" ReshID="911" SiteID="4404014" TransAmt="12.50" TransDate="2021-05-01" TransDesc="Tenant Legal Liability (05/2021)" TransName="ICF" TransactionBatchID="1619540961278"/>
    <Transaction CatCode="C" FiscalPeriodEnd="N" LeaID="693" ReshID="936" SiteID="4404014" TransAmt="12.50" TransDate="2021-05-01" TransDesc="Tenant Legal Liability (05/2021)" TransName="ICF" TransactionBatchID="1619540961279"/>
    <Transaction CatCode="C" FiscalPeriodEnd="N" LeaID="694" ReshID="937" SiteID="4404014" TransAmt="12.50" TransDate="2021-05-01" TransDesc="Tenant Legal Liability (05/2021)" TransName="ICF" TransactionBatchID="1619540961280"/>
    <Transaction CatCode="C" FiscalPeriodEnd="N" LeaID="695" ReshID="938" SiteID="4404014" TransAmt="12.50" TransDate="2021-05-01" TransDesc="Tenant Legal Liability (05/2021)" TransName="ICF" TransactionBatchID="1619540961281"/>
    <Transaction CatCode="C" FiscalPeriodEnd="N" LeaID="671" ReshID="901" SiteID="4404014" TransAmt="12.50" TransDate="2021-05-01" TransDesc="Tenant Legal Liability (05/2021)" TransName="ICF" TransactionBatchID="1619540961282"/>
    <Transaction CatCode="C" FiscalPeriodEnd="N" LeaID="699" ReshID="942" SiteID="4404014" TransAmt="12.50" TransDate="2021-05-01" TransDesc="Tenant Legal Liability (05/2021)" TransName="ICF" TransactionBatchID="1619540961283"/>
    <Transaction CatCode="C" FiscalPeriodEnd="N" LeaID="704" ReshID="947" SiteID="4404014" TransAmt="12.50" TransDate="2021-05-01" TransDesc="Tenant Legal Liability (05/2021)" TransName="ICF" TransactionBatchID="1619540961284"/>
    <Transaction CatCode="C" FiscalPeriodEnd="N" LeaID="679" ReshID="909" SiteID="4404014" TransAmt="12.50" TransDate="2021-05-01" TransDesc="Tenant Legal Liability (05/2021)" TransName="ICF" TransactionBatchID="1619540961285"/>
    <Transaction CatCode="C" FiscalPeriodEnd="N" LeaID="683" ReshID="930" SiteID="4404014" TransAmt="12.50" TransDate="2021-05-01" TransDesc="Tenant Legal Liability (05/2021)" TransName="ICF" TransactionBatchID="1619540961286"/>
    <Transaction CatCode="C" FiscalPeriodEnd="N" LeaID="689" ReshID="932" SiteID="4404014" TransAmt="12.50" TransDate="2021-05-01" TransDesc="Tenant Legal Liability (05/2021)" TransName="ICF" TransactionBatchID="1619540961287"/>
    <Transaction CatCode="C" FiscalPeriodEnd="N" LeaID="716" ReshID="950" SiteID="4404014" TransAmt="12.50" TransDate="2021-05-01" TransDesc="Tenant Legal Liability (05/2021)" TransName="ICF" TransactionBatchID="1619540961288"/>
    <Transaction CatCode="C" FiscalPeriodEnd="N" LeaID="718" ReshID="952" SiteID="4404014" TransAmt="12.50" TransDate="2021-05-01" TransDesc="Tenant Legal Liability (05/2021)" TransName="ICF" TransactionBatchID="1619540961289"/>
    <Transaction CatCode="C" FiscalPeriodEnd="N" LeaID="721" ReshID="954" SiteID="4404014" TransAmt="12.50" TransDate="2021-05-01" TransDesc="Tenant Legal Liability (05/2021)" TransName="ICF" TransactionBatchID="1619540961290"/>
    <Transaction CatCode="C" FiscalPeriodEnd="N" LeaID="728" ReshID="962" SiteID="4404014" TransAmt="12.50" TransDate="2021-05-01" TransDesc="Tenant Legal Liability (05/2021)" TransName="ICF" TransactionBatchID="1619540961291"/>
    <Transaction CatCode="C" FiscalPeriodEnd="N" LeaID="703" ReshID="946" SiteID="4404014" TransAmt="12.50" TransDate="2021-05-01" TransDesc="Tenant Legal Liability (05/2021)" TransName="ICF" TransactionBatchID="1619540961292"/>
    <Transaction CatCode="C" FiscalPeriodEnd="N" LeaID="720" ReshID="953" SiteID="4404014" TransAmt="12.50" TransDate="2021-05-01" TransDesc="Tenant Legal Liability (05/2021)" TransName="ICF" TransactionBatchID="1619540961293"/>
    <Transaction CatCode="C" FiscalPeriodEnd="N" LeaID="698" ReshID="940" SiteID="4404014" TransAmt="12.50" TransDate="2021-05-01" TransDesc="Tenant Legal Liability (05/2021)" TransName="ICF" TransactionBatchID="1619540961294"/>
    <Transaction CatCode="C" FiscalPeriodEnd="N" LeaID="738" ReshID="978" SiteID="4404014" TransAmt="12.50" TransDate="2021-05-01" TransDesc="Tenant Legal Liability (05/2021)" TransName="ICF" TransactionBatchID="1619540961295"/>
    <Transaction CatCode="C" FiscalPeriodEnd="N" LeaID="740" ReshID="980" SiteID="4404014" TransAmt="12.50" TransDate="2021-05-01" TransDesc="Tenant Legal Liability (05/2021)" TransName="ICF" TransactionBatchID="1619540961296"/>
    <Transaction CatCode="C" FiscalPeriodEnd="N" LeaID="805" ReshID="957" SiteID="4404014" TransAmt="12.50" TransDate="2021-05-01" TransDesc="Tenant Legal Liability (05/2021)" TransName="ICF" TransactionBatchID="1619540961297"/>
    <Transaction CatCode="C" FiscalPeriodEnd="N" LeaID="648" ReshID="865" SiteID="4404014" TransAmt="12.50" TransDate="2021-05-01" TransDesc="Tenant Legal Liability (05/2021)" TransName="ICF" TransactionBatchID="1619540961298"/>
    <Transaction CatCode="C" FiscalPeriodEnd="N" LeaID="741" ReshID="982" SiteID="4404014" TransAmt="12.50" TransDate="2021-05-01" TransDesc="Tenant Legal Liability (05/2021)" TransName="ICF" TransactionBatchID="1619540961299"/>
    <Transaction CatCode="C" FiscalPeriodEnd="N" LeaID="746" ReshID="987" SiteID="4404014" TransAmt="12.50" TransDate="2021-05-01" TransDesc="Tenant Legal Liability (05/2021)" TransName="ICF" TransactionBatchID="1619540961300"/>
    <Transaction CatCode="C" FiscalPeriodEnd="N" LeaID="745" ReshID="985" SiteID="4404014" TransAmt="12.50" TransDate="2021-05-01" TransDesc="Tenant Legal Liability (05/2021)" TransName="ICF" TransactionBatchID="1619540961301"/>
    <Transaction CatCode="C" FiscalPeriodEnd="N" LeaID="764" ReshID="1000" SiteID="4404014" TransAmt="12.50" TransDate="2021-05-01" TransDesc="Tenant Legal Liability (05/2021)" TransName="ICF" TransactionBatchID="1619540961302"/>
    <Transaction CatCode="C" FiscalPeriodEnd="N" LeaID="730" ReshID="966" SiteID="4404014" TransAmt="12.50" TransDate="2021-05-01" TransDesc="Tenant Legal Liability (05/2021)" TransName="ICF" TransactionBatchID="1619540961303"/>
    <Transaction CatCode="C" FiscalPeriodEnd="N" LeaID="731" ReshID="967" SiteID="4404014" TransAmt="12.50" TransDate="2021-05-01" TransDesc="Tenant Legal Liability (05/2021)" TransName="ICF" TransactionBatchID="1619540961304"/>
    <Transaction CatCode="C" FiscalPeriodEnd="N" LeaID="757" ReshID="992" SiteID="4404014" TransAmt="12.50" TransDate="2021-05-01" TransDesc="Tenant Legal Liability (05/2021)" TransName="ICF" TransactionBatchID="1619540961305"/>
    <Transaction CatCode="C" FiscalPeriodEnd="N" LeaID="767" ReshID="1006" SiteID="4404014" TransAmt="12.50" TransDate="2021-05-01" TransDesc="Tenant Legal Liability (05/2021)" TransName="ICF" TransactionBatchID="1619540961306"/>
    <Transaction CatCode="C" FiscalPeriodEnd="N" LeaID="769" ReshID="1008" SiteID="4404014" TransAmt="12.50" TransDate="2021-05-01" TransDesc="Tenant Legal Liability (05/2021)" TransName="ICF" TransactionBatchID="1619540961307"/>
    <Transaction CatCode="C" FiscalPeriodEnd="N" LeaID="770" ReshID="1009" SiteID="4404014" TransAmt="12.50" TransDate="2021-05-01" TransDesc="Tenant Legal Liability (05/2021)" TransName="ICF" TransactionBatchID="1619540961308"/>
    <Transaction CatCode="C" FiscalPeriodEnd="N" LeaID="772" ReshID="1011" SiteID="4404014" TransAmt="12.50" TransDate="2021-05-01" TransDesc="Tenant Legal Liability (05/2021)" TransName="ICF" TransactionBatchID="1619540961309"/>
    <Transaction CatCode="C" FiscalPeriodEnd="N" LeaID="771" ReshID="1010" SiteID="4404014" TransAmt="12.50" TransDate="2021-05-01" TransDesc="Tenant Legal Liability (05/2021)" TransName="ICF" TransactionBatchID="1619540961310"/>
    <Transaction CatCode="C" FiscalPeriodEnd="N" LeaID="775" ReshID="1013" SiteID="4404014" TransAmt="12.50" TransDate="2021-05-01" TransDesc="Tenant Legal Liability (05/2021)" TransName="ICF" TransactionBatchID="1619540961311"/>
    <Transaction CatCode="C" FiscalPeriodEnd="N" LeaID="778" ReshID="1016" SiteID="4404014" TransAmt="12.50" TransDate="2021-05-01" TransDesc="Tenant Legal Liability (05/2021)" TransName="ICF" TransactionBatchID="1619540961312"/>
    <Transaction CatCode="C" FiscalPeriodEnd="N" LeaID="788" ReshID="1035" SiteID="4404014" TransAmt="12.50" TransDate="2021-05-01" TransDesc="Tenant Legal Liability (05/2021)" TransName="ICF" TransactionBatchID="1619540961313"/>
    <Transaction CatCode="C" FiscalPeriodEnd="N" LeaID="783" ReshID="1030" SiteID="4404014" TransAmt="12.50" TransDate="2021-05-01" TransDesc="Tenant Legal Liability (05/2021)" TransName="ICF" TransactionBatchID="1619540961314"/>
    <Transaction CatCode="C" FiscalPeriodEnd="N" LeaID="784" ReshID="1031" SiteID="4404014" TransAmt="12.50" TransDate="2021-05-01" TransDesc="Tenant Legal Liability (05/2021)" TransName="ICF" TransactionBatchID="1619540961315"/>
    <Transaction CatCode="C" FiscalPeriodEnd="N" LeaID="779" ReshID="1020" SiteID="4404014" TransAmt="12.50" TransDate="2021-05-01" TransDesc="Tenant Legal Liability (05/2021)" TransName="ICF" TransactionBatchID="1619540961316"/>
    <Transaction CatCode="C" FiscalPeriodEnd="N" LeaID="809" ReshID="1058" SiteID="4404014" TransAmt="12.50" TransDate="2021-05-01" TransDesc="Tenant Legal Liability (05/2021)" TransName="ICF" TransactionBatchID="1619540961317"/>
    <Transaction CatCode="C" FiscalPeriodEnd="N" LeaID="791" ReshID="1037" SiteID="4404014" TransAmt="12.50" TransDate="2021-05-01" TransDesc="Tenant Legal Liability (05/2021)" TransName="ICF" TransactionBatchID="1619540961318"/>
    <Transaction CatCode="C" FiscalPeriodEnd="N" LeaID="796" ReshID="1046" SiteID="4404014" TransAmt="12.50" TransDate="2021-05-01" TransDesc="Tenant Legal Liability (05/2021)" TransName="ICF" TransactionBatchID="1619540961319"/>
    <Transaction CatCode="C" FiscalPeriodEnd="N" LeaID="810" ReshID="1059" SiteID="4404014" TransAmt="12.50" TransDate="2021-05-01" TransDesc="Tenant Legal Liability (05/2021)" TransName="ICF" TransactionBatchID="1619540961320"/>
    <Transaction CatCode="C" FiscalPeriodEnd="N" LeaID="815" ReshID="1064" SiteID="4404014" TransAmt="12.50" TransDate="2021-05-01" TransDesc="Tenant Legal Liability (05/2021)" TransName="ICF" TransactionBatchID="1619540961321"/>
    <Transaction CatCode="C" FiscalPeriodEnd="N" LeaID="804" ReshID="1054" SiteID="4404014" TransAmt="12.50" TransDate="2021-05-01" TransDesc="Tenant Legal Liability (05/2021)" TransName="ICF" TransactionBatchID="1619540961322"/>
    <Transaction CatCode="C" FiscalPeriodEnd="N" LeaID="808" ReshID="1057" SiteID="4404014" TransAmt="12.50" TransDate="2021-05-01" TransDesc="Tenant Legal Liability (05/2021)" TransName="ICF" TransactionBatchID="1619540961323"/>
    <Transaction CatCode="C" FiscalPeriodEnd="N" LeaID="773" ReshID="1012" SiteID="4404014" TransAmt="12.50" TransDate="2021-05-01" TransDesc="Tenant Legal Liability (05/2021)" TransName="ICF" TransactionBatchID="1619540961324"/>
    <Transaction CatCode="C" FiscalPeriodEnd="N" LeaID="826" ReshID="1094" SiteID="4404014" TransAmt="12.50" TransDate="2021-05-01" TransDesc="Tenant Legal Liability (05/2021)" TransName="ICF" TransactionBatchID="1619540961325"/>
    <Transaction CatCode="C" FiscalPeriodEnd="N" LeaID="812" ReshID="1061" SiteID="4404014" TransAmt="12.50" TransDate="2021-05-01" TransDesc="Tenant Legal Liability (05/2021)" TransName="ICF" TransactionBatchID="1619540961326"/>
    <Transaction CatCode="C" FiscalPeriodEnd="N" LeaID="811" ReshID="1060" SiteID="4404014" TransAmt="12.50" TransDate="2021-05-01" TransDesc="Tenant Legal Liability (05/2021)" TransName="ICF" TransactionBatchID="1619540961327"/>
    <Transaction CatCode="C" FiscalPeriodEnd="N" LeaID="838" ReshID="1105" SiteID="4404014" TransAmt="12.50" TransDate="2021-05-01" TransDesc="Tenant Legal Liability (05/2021)" TransName="ICF" TransactionBatchID="1619540961328"/>
    <Transaction CatCode="C" FiscalPeriodEnd="N" LeaID="828" ReshID="1096" SiteID="4404014" TransAmt="12.50" TransDate="2021-05-01" TransDesc="Tenant Legal Liability (05/2021)" TransName="ICF" TransactionBatchID="1619540961329"/>
    <Transaction CatCode="C" FiscalPeriodEnd="N" LeaID="834" ReshID="1101" SiteID="4404014" TransAmt="12.50" TransDate="2021-05-01" TransDesc="Tenant Legal Liability (05/2021)" TransName="ICF" TransactionBatchID="1619540961330"/>
    <Transaction CatCode="C" FiscalPeriodEnd="N" LeaID="821" ReshID="1080" SiteID="4404014" TransAmt="12.50" TransDate="2021-05-01" TransDesc="Tenant Legal Liability (05/2021)" TransName="ICF" TransactionBatchID="1619540961331"/>
    <Transaction CatCode="C" FiscalPeriodEnd="N" LeaID="844" ReshID="1120" SiteID="4404014" TransAmt="12.50" TransDate="2021-05-01" TransDesc="Tenant Legal Liability (05/2021)" TransName="ICF" TransactionBatchID="1619540961332"/>
    <Transaction CatCode="C" FiscalPeriodEnd="N" LeaID="823" ReshID="1091" SiteID="4404014" TransAmt="12.50" TransDate="2021-05-01" TransDesc="Tenant Legal Liability (05/2021)" TransName="ICF" TransactionBatchID="1619540961333"/>
</TransactionList>
