<TransactionList>
    <Validation>
        <Audit Count="51" Node="Transaction" Sum="637.50"/>
    </Validation>
    <Transaction CatCode="C" FiscalPeriodEnd="N" LeaID="10351" ReshID="14" SiteID="4450779" TransAmt="12.50" TransDate="2021-05-01" TransDesc="Tenant Legal Liability (05/2021)" TransName="ICF" TransactionBatchID="1619540962080"/>
    <Transaction CatCode="C" FiscalPeriodEnd="N" LeaID="10352" ReshID="24" SiteID="4450779" TransAmt="12.50" TransDate="2021-05-01" TransDesc="Tenant Legal Liability (05/2021)" TransName="ICF" TransactionBatchID="1619540962081"/>
    <Transaction CatCode="C" FiscalPeriodEnd="N" LeaID="10319" ReshID="25" SiteID="4450779" TransAmt="12.50" TransDate="2021-05-01" TransDesc="Tenant Legal Liability (05/2021)" TransName="ICF" TransactionBatchID="1619540962082"/>
    <Transaction CatCode="C" FiscalPeriodEnd="N" LeaID="10353" ReshID="46" SiteID="4450779" TransAmt="12.50" TransDate="2021-05-01" TransDesc="Tenant Legal Liability (05/2021)" TransName="ICF" TransactionBatchID="1619540962083"/>
    <Transaction CatCode="C" FiscalPeriodEnd="N" LeaID="10341" ReshID="52" SiteID="4450779" TransAmt="12.50" TransDate="2021-05-01" TransDesc="Tenant Legal Liability (05/2021)" TransName="ICF" TransactionBatchID="1619540962084"/>
    <Transaction CatCode="C" FiscalPeriodEnd="N" LeaID="10455" ReshID="55" SiteID="4450779" TransAmt="12.50" TransDate="2021-05-01" TransDesc="Tenant Legal Liability (05/2021)" TransName="ICF" TransactionBatchID="1619540962085"/>
    <Transaction CatCode="C" FiscalPeriodEnd="N" LeaID="10331" ReshID="60" SiteID="4450779" TransAmt="12.50" TransDate="2021-05-01" TransDesc="Tenant Legal Liability (05/2021)" TransName="ICF" TransactionBatchID="1619540962086"/>
    <Transaction CatCode="C" FiscalPeriodEnd="N" LeaID="10340" ReshID="64" SiteID="4450779" TransAmt="12.50" TransDate="2021-05-01" TransDesc="Tenant Legal Liability (05/2021)" TransName="ICF" TransactionBatchID="1619540962087"/>
    <Transaction CatCode="C" FiscalPeriodEnd="N" LeaID="10361" ReshID="80" SiteID="4450779" TransAmt="12.50" TransDate="2021-05-01" TransDesc="Tenant Legal Liability (05/2021)" TransName="ICF" TransactionBatchID="1619540962088"/>
    <Transaction CatCode="C" FiscalPeriodEnd="N" LeaID="10348" ReshID="124" SiteID="4450779" TransAmt="12.50" TransDate="2021-05-01" TransDesc="Tenant Legal Liability (05/2021)" TransName="ICF" TransactionBatchID="1619540962089"/>
    <Transaction CatCode="C" FiscalPeriodEnd="N" LeaID="10336" ReshID="192" SiteID="4450779" TransAmt="12.50" TransDate="2021-05-01" TransDesc="Tenant Legal Liability (05/2021)" TransName="ICF" TransactionBatchID="1619540962090"/>
    <Transaction CatCode="C" FiscalPeriodEnd="N" LeaID="10442" ReshID="214" SiteID="4450779" TransAmt="12.50" TransDate="2021-05-01" TransDesc="Tenant Legal Liability (05/2021)" TransName="ICF" TransactionBatchID="1619540962091"/>
    <Transaction CatCode="C" FiscalPeriodEnd="N" LeaID="10330" ReshID="223" SiteID="4450779" TransAmt="12.50" TransDate="2021-05-01" TransDesc="Tenant Legal Liability (05/2021)" TransName="ICF" TransactionBatchID="1619540962092"/>
    <Transaction CatCode="C" FiscalPeriodEnd="N" LeaID="10436" ReshID="236" SiteID="4450779" TransAmt="12.50" TransDate="2021-05-01" TransDesc="Tenant Legal Liability (05/2021)" TransName="ICF" TransactionBatchID="1619540962093"/>
    <Transaction CatCode="C" FiscalPeriodEnd="N" LeaID="10334" ReshID="246" SiteID="4450779" TransAmt="12.50" TransDate="2021-05-01" TransDesc="Tenant Legal Liability (05/2021)" TransName="ICF" TransactionBatchID="1619540962094"/>
    <Transaction CatCode="C" FiscalPeriodEnd="N" LeaID="10405" ReshID="286" SiteID="4450779" TransAmt="12.50" TransDate="2021-05-01" TransDesc="Tenant Legal Liability (05/2021)" TransName="ICF" TransactionBatchID="1619540962095"/>
    <Transaction CatCode="C" FiscalPeriodEnd="N" LeaID="10452" ReshID="379" SiteID="4450779" TransAmt="12.50" TransDate="2021-05-01" TransDesc="Tenant Legal Liability (05/2021)" TransName="ICF" TransactionBatchID="1619540962096"/>
    <Transaction CatCode="C" FiscalPeriodEnd="N" LeaID="10395" ReshID="10507" SiteID="4450779" TransAmt="12.50" TransDate="2021-05-01" TransDesc="Tenant Legal Liability (05/2021)" TransName="ICF" TransactionBatchID="1619540962097"/>
    <Transaction CatCode="C" FiscalPeriodEnd="N" LeaID="10313" ReshID="10528" SiteID="4450779" TransAmt="12.50" TransDate="2021-05-01" TransDesc="Tenant Legal Liability (05/2021)" TransName="ICF" TransactionBatchID="1619540962098"/>
    <Transaction CatCode="C" FiscalPeriodEnd="N" LeaID="10309" ReshID="10546" SiteID="4450779" TransAmt="12.50" TransDate="2021-05-01" TransDesc="Tenant Legal Liability (05/2021)" TransName="ICF" TransactionBatchID="1619540962099"/>
    <Transaction CatCode="C" FiscalPeriodEnd="N" LeaID="10316" ReshID="10551" SiteID="4450779" TransAmt="12.50" TransDate="2021-05-01" TransDesc="Tenant Legal Liability (05/2021)" TransName="ICF" TransactionBatchID="1619540962100"/>
    <Transaction CatCode="C" FiscalPeriodEnd="N" LeaID="10314" ReshID="10549" SiteID="4450779" TransAmt="12.50" TransDate="2021-05-01" TransDesc="Tenant Legal Liability (05/2021)" TransName="ICF" TransactionBatchID="1619540962101"/>
    <Transaction CatCode="C" FiscalPeriodEnd="N" LeaID="10322" ReshID="10556" SiteID="4450779" TransAmt="12.50" TransDate="2021-05-01" TransDesc="Tenant Legal Liability (05/2021)" TransName="ICF" TransactionBatchID="1619540962102"/>
    <Transaction CatCode="C" FiscalPeriodEnd="N" LeaID="10325" ReshID="10560" SiteID="4450779" TransAmt="12.50" TransDate="2021-05-01" TransDesc="Tenant Legal Liability (05/2021)" TransName="ICF" TransactionBatchID="1619540962103"/>
    <Transaction CatCode="C" FiscalPeriodEnd="N" LeaID="10323" ReshID="10558" SiteID="4450779" TransAmt="12.50" TransDate="2021-05-01" TransDesc="Tenant Legal Liability (05/2021)" TransName="ICF" TransactionBatchID="1619540962104"/>
    <Transaction CatCode="C" FiscalPeriodEnd="N" LeaID="10338" ReshID="10569" SiteID="4450779" TransAmt="12.50" TransDate="2021-05-01" TransDesc="Tenant Legal Liability (05/2021)" TransName="ICF" TransactionBatchID="1619540962105"/>
    <Transaction CatCode="C" FiscalPeriodEnd="N" LeaID="10342" ReshID="10571" SiteID="4450779" TransAmt="12.50" TransDate="2021-05-01" TransDesc="Tenant Legal Liability (05/2021)" TransName="ICF" TransactionBatchID="1619540962106"/>
    <Transaction CatCode="C" FiscalPeriodEnd="N" LeaID="10346" ReshID="10575" SiteID="4450779" TransAmt="12.50" TransDate="2021-05-01" TransDesc="Tenant Legal Liability (05/2021)" TransName="ICF" TransactionBatchID="1619540962107"/>
    <Transaction CatCode="C" FiscalPeriodEnd="N" LeaID="10354" ReshID="10579" SiteID="4450779" TransAmt="12.50" TransDate="2021-05-01" TransDesc="Tenant Legal Liability (05/2021)" TransName="ICF" TransactionBatchID="1619540962108"/>
    <Transaction CatCode="C" FiscalPeriodEnd="N" LeaID="10347" ReshID="10576" SiteID="4450779" TransAmt="12.50" TransDate="2021-05-01" TransDesc="Tenant Legal Liability (05/2021)" TransName="ICF" TransactionBatchID="1619540962109"/>
    <Transaction CatCode="C" FiscalPeriodEnd="N" LeaID="10372" ReshID="10595" SiteID="4450779" TransAmt="12.50" TransDate="2021-05-01" TransDesc="Tenant Legal Liability (05/2021)" TransName="ICF" TransactionBatchID="1619540962110"/>
    <Transaction CatCode="C" FiscalPeriodEnd="N" LeaID="10335" ReshID="10567" SiteID="4450779" TransAmt="12.50" TransDate="2021-05-01" TransDesc="Tenant Legal Liability (05/2021)" TransName="ICF" TransactionBatchID="1619540962111"/>
    <Transaction CatCode="C" FiscalPeriodEnd="N" LeaID="10374" ReshID="10597" SiteID="4450779" TransAmt="12.50" TransDate="2021-05-01" TransDesc="Tenant Legal Liability (05/2021)" TransName="ICF" TransactionBatchID="1619540962112"/>
    <Transaction CatCode="C" FiscalPeriodEnd="N" LeaID="10386" ReshID="10609" SiteID="4450779" TransAmt="12.50" TransDate="2021-05-01" TransDesc="Tenant Legal Liability (05/2021)" TransName="ICF" TransactionBatchID="1619540962113"/>
    <Transaction CatCode="C" FiscalPeriodEnd="N" LeaID="10390" ReshID="10613" SiteID="4450779" TransAmt="12.50" TransDate="2021-05-01" TransDesc="Tenant Legal Liability (05/2021)" TransName="ICF" TransactionBatchID="1619540962114"/>
    <Transaction CatCode="C" FiscalPeriodEnd="N" LeaID="10391" ReshID="10614" SiteID="4450779" TransAmt="12.50" TransDate="2021-05-01" TransDesc="Tenant Legal Liability (05/2021)" TransName="ICF" TransactionBatchID="1619540962115"/>
    <Transaction CatCode="C" FiscalPeriodEnd="N" LeaID="10396" ReshID="10618" SiteID="4450779" TransAmt="12.50" TransDate="2021-05-01" TransDesc="Tenant Legal Liability (05/2021)" TransName="ICF" TransactionBatchID="1619540962116"/>
    <Transaction CatCode="C" FiscalPeriodEnd="N" LeaID="10412" ReshID="10633" SiteID="4450779" TransAmt="12.50" TransDate="2021-05-01" TransDesc="Tenant Legal Liability (05/2021)" TransName="ICF" TransactionBatchID="1619540962117"/>
    <Transaction CatCode="C" FiscalPeriodEnd="N" LeaID="10400" ReshID="10622" SiteID="4450779" TransAmt="12.50" TransDate="2021-05-01" TransDesc="Tenant Legal Liability (05/2021)" TransName="ICF" TransactionBatchID="1619540962118"/>
    <Transaction CatCode="C" FiscalPeriodEnd="N" LeaID="10418" ReshID="10639" SiteID="4450779" TransAmt="12.50" TransDate="2021-05-01" TransDesc="Tenant Legal Liability (05/2021)" TransName="ICF" TransactionBatchID="1619540962119"/>
    <Transaction CatCode="C" FiscalPeriodEnd="N" LeaID="10427" ReshID="10648" SiteID="4450779" TransAmt="12.50" TransDate="2021-05-01" TransDesc="Tenant Legal Liability (05/2021)" TransName="ICF" TransactionBatchID="1619540962120"/>
    <Transaction CatCode="C" FiscalPeriodEnd="N" LeaID="10429" ReshID="10650" SiteID="4450779" TransAmt="12.50" TransDate="2021-05-01" TransDesc="Tenant Legal Liability (05/2021)" TransName="ICF" TransactionBatchID="1619540962121"/>
    <Transaction CatCode="C" FiscalPeriodEnd="N" LeaID="10439" ReshID="10659" SiteID="4450779" TransAmt="12.50" TransDate="2021-05-01" TransDesc="Tenant Legal Liability (05/2021)" TransName="ICF" TransactionBatchID="1619540962122"/>
    <Transaction CatCode="C" FiscalPeriodEnd="N" LeaID="10447" ReshID="10666" SiteID="4450779" TransAmt="12.50" TransDate="2021-05-01" TransDesc="Tenant Legal Liability (05/2021)" TransName="ICF" TransactionBatchID="1619540962123"/>
    <Transaction CatCode="C" FiscalPeriodEnd="N" LeaID="10444" ReshID="10663" SiteID="4450779" TransAmt="12.50" TransDate="2021-05-01" TransDesc="Tenant Legal Liability (05/2021)" TransName="ICF" TransactionBatchID="1619540962124"/>
    <Transaction CatCode="C" FiscalPeriodEnd="N" LeaID="10433" ReshID="10654" SiteID="4450779" TransAmt="12.50" TransDate="2021-05-01" TransDesc="Tenant Legal Liability (05/2021)" TransName="ICF" TransactionBatchID="1619540962125"/>
    <Transaction CatCode="C" FiscalPeriodEnd="N" LeaID="10445" ReshID="10664" SiteID="4450779" TransAmt="12.50" TransDate="2021-05-01" TransDesc="Tenant Legal Liability (05/2021)" TransName="ICF" TransactionBatchID="1619540962126"/>
    <Transaction CatCode="C" FiscalPeriodEnd="N" LeaID="10446" ReshID="10665" SiteID="4450779" TransAmt="12.50" TransDate="2021-05-01" TransDesc="Tenant Legal Liability (05/2021)" TransName="ICF" TransactionBatchID="1619540962127"/>
    <Transaction CatCode="C" FiscalPeriodEnd="N" LeaID="10448" ReshID="10667" SiteID="4450779" TransAmt="12.50" TransDate="2021-05-01" TransDesc="Tenant Legal Liability (05/2021)" TransName="ICF" TransactionBatchID="1619540962128"/>
    <Transaction CatCode="C" FiscalPeriodEnd="N" LeaID="10457" ReshID="10674" SiteID="4450779" TransAmt="12.50" TransDate="2021-05-01" TransDesc="Tenant Legal Liability (05/2021)" TransName="ICF" TransactionBatchID="1619540962129"/>
    <Transaction CatCode="C" FiscalPeriodEnd="N" LeaID="10449" ReshID="10668" SiteID="4450779" TransAmt="12.50" TransDate="2021-05-01" TransDesc="Tenant Legal Liability (05/2021)" TransName="ICF" TransactionBatchID="1619540962130"/>
</TransactionList>
