<TransactionList>
    <Validation>
        <Audit Count="125" Node="Transaction" Sum="1562.50"/>
    </Validation>
    <Transaction CatCode="C" FiscalPeriodEnd="N" LeaID="30810" ReshID="7" SiteID="4486215" TransAmt="12.50" TransDate="2021-05-01" TransDesc="Tenant Legal Liability (05/2021)" TransName="ICF" TransactionBatchID="1619540961363"/>
    <Transaction CatCode="C" FiscalPeriodEnd="N" LeaID="30804" ReshID="13" SiteID="4486215" TransAmt="12.50" TransDate="2021-05-01" TransDesc="Tenant Legal Liability (05/2021)" TransName="ICF" TransactionBatchID="1619540961364"/>
    <Transaction CatCode="C" FiscalPeriodEnd="N" LeaID="40939" ReshID="20" SiteID="4486215" TransAmt="12.50" TransDate="2021-05-01" TransDesc="Tenant Legal Liability (05/2021)" TransName="ICF" TransactionBatchID="1619540961365"/>
    <Transaction CatCode="C" FiscalPeriodEnd="N" LeaID="20679" ReshID="21" SiteID="4486215" TransAmt="12.50" TransDate="2021-05-01" TransDesc="Tenant Legal Liability (05/2021)" TransName="ICF" TransactionBatchID="1619540961366"/>
    <Transaction CatCode="C" FiscalPeriodEnd="N" LeaID="40871" ReshID="23" SiteID="4486215" TransAmt="12.50" TransDate="2021-05-01" TransDesc="Tenant Legal Liability (05/2021)" TransName="ICF" TransactionBatchID="1619540961367"/>
    <Transaction CatCode="C" FiscalPeriodEnd="N" LeaID="10490" ReshID="31" SiteID="4486215" TransAmt="12.50" TransDate="2021-05-01" TransDesc="Tenant Legal Liability (05/2021)" TransName="ICF" TransactionBatchID="1619540961368"/>
    <Transaction CatCode="C" FiscalPeriodEnd="N" LeaID="40873" ReshID="46" SiteID="4486215" TransAmt="12.50" TransDate="2021-05-01" TransDesc="Tenant Legal Liability (05/2021)" TransName="ICF" TransactionBatchID="1619540961369"/>
    <Transaction CatCode="C" FiscalPeriodEnd="N" LeaID="30819" ReshID="60" SiteID="4486215" TransAmt="12.50" TransDate="2021-05-01" TransDesc="Tenant Legal Liability (05/2021)" TransName="ICF" TransactionBatchID="1619540961370"/>
    <Transaction CatCode="C" FiscalPeriodEnd="N" LeaID="10456" ReshID="64" SiteID="4486215" TransAmt="12.50" TransDate="2021-05-01" TransDesc="Tenant Legal Liability (05/2021)" TransName="ICF" TransactionBatchID="1619540961371"/>
    <Transaction CatCode="C" FiscalPeriodEnd="N" LeaID="30782" ReshID="74" SiteID="4486215" TransAmt="12.50" TransDate="2021-05-01" TransDesc="Tenant Legal Liability (05/2021)" TransName="ICF" TransactionBatchID="1619540961372"/>
    <Transaction CatCode="C" FiscalPeriodEnd="N" LeaID="30817" ReshID="76" SiteID="4486215" TransAmt="12.50" TransDate="2021-05-01" TransDesc="Tenant Legal Liability (05/2021)" TransName="ICF" TransactionBatchID="1619540961373"/>
    <Transaction CatCode="C" FiscalPeriodEnd="N" LeaID="20665" ReshID="92" SiteID="4486215" TransAmt="12.50" TransDate="2021-05-01" TransDesc="Tenant Legal Liability (05/2021)" TransName="ICF" TransactionBatchID="1619540961374"/>
    <Transaction CatCode="C" FiscalPeriodEnd="N" LeaID="20645" ReshID="133" SiteID="4486215" TransAmt="12.50" TransDate="2021-05-01" TransDesc="Tenant Legal Liability (05/2021)" TransName="ICF" TransactionBatchID="1619540961375"/>
    <Transaction CatCode="C" FiscalPeriodEnd="N" LeaID="20634" ReshID="159" SiteID="4486215" TransAmt="12.50" TransDate="2021-05-01" TransDesc="Tenant Legal Liability (05/2021)" TransName="ICF" TransactionBatchID="1619540961376"/>
    <Transaction CatCode="C" FiscalPeriodEnd="N" LeaID="30805" ReshID="241" SiteID="4486215" TransAmt="12.50" TransDate="2021-05-01" TransDesc="Tenant Legal Liability (05/2021)" TransName="ICF" TransactionBatchID="1619540961377"/>
    <Transaction CatCode="C" FiscalPeriodEnd="N" LeaID="30766" ReshID="265" SiteID="4486215" TransAmt="12.50" TransDate="2021-05-01" TransDesc="Tenant Legal Liability (05/2021)" TransName="ICF" TransactionBatchID="1619540961378"/>
    <Transaction CatCode="C" FiscalPeriodEnd="N" LeaID="20642" ReshID="354" SiteID="4486215" TransAmt="12.50" TransDate="2021-05-01" TransDesc="Tenant Legal Liability (05/2021)" TransName="ICF" TransactionBatchID="1619540961379"/>
    <Transaction CatCode="C" FiscalPeriodEnd="N" LeaID="30703" ReshID="368" SiteID="4486215" TransAmt="12.50" TransDate="2021-05-01" TransDesc="Tenant Legal Liability (05/2021)" TransName="ICF" TransactionBatchID="1619540961380"/>
    <Transaction CatCode="C" FiscalPeriodEnd="N" LeaID="30844" ReshID="443" SiteID="4486215" TransAmt="12.50" TransDate="2021-05-01" TransDesc="Tenant Legal Liability (05/2021)" TransName="ICF" TransactionBatchID="1619540961381"/>
    <Transaction CatCode="C" FiscalPeriodEnd="N" LeaID="432" ReshID="465" SiteID="4486215" TransAmt="12.50" TransDate="2021-05-01" TransDesc="Tenant Legal Liability (05/2021)" TransName="ICF" TransactionBatchID="1619540961382"/>
    <Transaction CatCode="C" FiscalPeriodEnd="N" LeaID="40940" ReshID="10477" SiteID="4486215" TransAmt="12.50" TransDate="2021-05-01" TransDesc="Tenant Legal Liability (05/2021)" TransName="ICF" TransactionBatchID="1619540961383"/>
    <Transaction CatCode="C" FiscalPeriodEnd="N" LeaID="40907" ReshID="10479" SiteID="4486215" TransAmt="12.50" TransDate="2021-05-01" TransDesc="Tenant Legal Liability (05/2021)" TransName="ICF" TransactionBatchID="1619540961384"/>
    <Transaction CatCode="C" FiscalPeriodEnd="N" LeaID="30813" ReshID="10484" SiteID="4486215" TransAmt="12.50" TransDate="2021-05-01" TransDesc="Tenant Legal Liability (05/2021)" TransName="ICF" TransactionBatchID="1619540961385"/>
    <Transaction CatCode="C" FiscalPeriodEnd="N" LeaID="10488" ReshID="10494" SiteID="4486215" TransAmt="12.50" TransDate="2021-05-01" TransDesc="Tenant Legal Liability (05/2021)" TransName="ICF" TransactionBatchID="1619540961386"/>
    <Transaction CatCode="C" FiscalPeriodEnd="N" LeaID="10498" ReshID="10500" SiteID="4486215" TransAmt="12.50" TransDate="2021-05-01" TransDesc="Tenant Legal Liability (05/2021)" TransName="ICF" TransactionBatchID="1619540961387"/>
    <Transaction CatCode="C" FiscalPeriodEnd="N" LeaID="10515" ReshID="10513" SiteID="4486215" TransAmt="12.50" TransDate="2021-05-01" TransDesc="Tenant Legal Liability (05/2021)" TransName="ICF" TransactionBatchID="1619540961388"/>
    <Transaction CatCode="C" FiscalPeriodEnd="N" LeaID="30770" ReshID="20543" SiteID="4486215" TransAmt="12.50" TransDate="2021-05-01" TransDesc="Tenant Legal Liability (05/2021)" TransName="ICF" TransactionBatchID="1619540961389"/>
    <Transaction CatCode="C" FiscalPeriodEnd="N" LeaID="20631" ReshID="20621" SiteID="4486215" TransAmt="12.50" TransDate="2021-05-01" TransDesc="Tenant Legal Liability (05/2021)" TransName="ICF" TransactionBatchID="1619540961390"/>
    <Transaction CatCode="C" FiscalPeriodEnd="N" LeaID="20623" ReshID="20610" SiteID="4486215" TransAmt="12.50" TransDate="2021-05-01" TransDesc="Tenant Legal Liability (05/2021)" TransName="ICF" TransactionBatchID="1619540961391"/>
    <Transaction CatCode="C" FiscalPeriodEnd="N" LeaID="20636" ReshID="20624" SiteID="4486215" TransAmt="12.50" TransDate="2021-05-01" TransDesc="Tenant Legal Liability (05/2021)" TransName="ICF" TransactionBatchID="1619540961392"/>
    <Transaction CatCode="C" FiscalPeriodEnd="N" LeaID="20628" ReshID="20617" SiteID="4486215" TransAmt="12.50" TransDate="2021-05-01" TransDesc="Tenant Legal Liability (05/2021)" TransName="ICF" TransactionBatchID="1619540961393"/>
    <Transaction CatCode="C" FiscalPeriodEnd="N" LeaID="20643" ReshID="20631" SiteID="4486215" TransAmt="12.50" TransDate="2021-05-01" TransDesc="Tenant Legal Liability (05/2021)" TransName="ICF" TransactionBatchID="1619540961394"/>
    <Transaction CatCode="C" FiscalPeriodEnd="N" LeaID="20650" ReshID="20637" SiteID="4486215" TransAmt="12.50" TransDate="2021-05-01" TransDesc="Tenant Legal Liability (05/2021)" TransName="ICF" TransactionBatchID="1619540961395"/>
    <Transaction CatCode="C" FiscalPeriodEnd="N" LeaID="20658" ReshID="20645" SiteID="4486215" TransAmt="12.50" TransDate="2021-05-01" TransDesc="Tenant Legal Liability (05/2021)" TransName="ICF" TransactionBatchID="1619540961396"/>
    <Transaction CatCode="C" FiscalPeriodEnd="N" LeaID="20659" ReshID="20646" SiteID="4486215" TransAmt="12.50" TransDate="2021-05-01" TransDesc="Tenant Legal Liability (05/2021)" TransName="ICF" TransactionBatchID="1619540961397"/>
    <Transaction CatCode="C" FiscalPeriodEnd="N" LeaID="20660" ReshID="20647" SiteID="4486215" TransAmt="12.50" TransDate="2021-05-01" TransDesc="Tenant Legal Liability (05/2021)" TransName="ICF" TransactionBatchID="1619540961398"/>
    <Transaction CatCode="C" FiscalPeriodEnd="N" LeaID="20669" ReshID="20655" SiteID="4486215" TransAmt="12.50" TransDate="2021-05-01" TransDesc="Tenant Legal Liability (05/2021)" TransName="ICF" TransactionBatchID="1619540961399"/>
    <Transaction CatCode="C" FiscalPeriodEnd="N" LeaID="20674" ReshID="20660" SiteID="4486215" TransAmt="12.50" TransDate="2021-05-01" TransDesc="Tenant Legal Liability (05/2021)" TransName="ICF" TransactionBatchID="1619540961400"/>
    <Transaction CatCode="C" FiscalPeriodEnd="N" LeaID="30685" ReshID="30670" SiteID="4486215" TransAmt="12.50" TransDate="2021-05-01" TransDesc="Tenant Legal Liability (05/2021)" TransName="ICF" TransactionBatchID="1619540961401"/>
    <Transaction CatCode="C" FiscalPeriodEnd="N" LeaID="20670" ReshID="20656" SiteID="4486215" TransAmt="12.50" TransDate="2021-05-01" TransDesc="Tenant Legal Liability (05/2021)" TransName="ICF" TransactionBatchID="1619540961402"/>
    <Transaction CatCode="C" FiscalPeriodEnd="N" LeaID="20682" ReshID="20667" SiteID="4486215" TransAmt="12.50" TransDate="2021-05-01" TransDesc="Tenant Legal Liability (05/2021)" TransName="ICF" TransactionBatchID="1619540961403"/>
    <Transaction CatCode="C" FiscalPeriodEnd="N" LeaID="20661" ReshID="20648" SiteID="4486215" TransAmt="12.50" TransDate="2021-05-01" TransDesc="Tenant Legal Liability (05/2021)" TransName="ICF" TransactionBatchID="1619540961404"/>
    <Transaction CatCode="C" FiscalPeriodEnd="N" LeaID="30702" ReshID="30690" SiteID="4486215" TransAmt="12.50" TransDate="2021-05-01" TransDesc="Tenant Legal Liability (05/2021)" TransName="ICF" TransactionBatchID="1619540961405"/>
    <Transaction CatCode="C" FiscalPeriodEnd="N" LeaID="30708" ReshID="30703" SiteID="4486215" TransAmt="12.50" TransDate="2021-05-01" TransDesc="Tenant Legal Liability (05/2021)" TransName="ICF" TransactionBatchID="1619540961406"/>
    <Transaction CatCode="C" FiscalPeriodEnd="N" LeaID="20664" ReshID="20651" SiteID="4486215" TransAmt="12.50" TransDate="2021-05-01" TransDesc="Tenant Legal Liability (05/2021)" TransName="ICF" TransactionBatchID="1619540961407"/>
    <Transaction CatCode="C" FiscalPeriodEnd="N" LeaID="30715" ReshID="30714" SiteID="4486215" TransAmt="12.50" TransDate="2021-05-01" TransDesc="Tenant Legal Liability (05/2021)" TransName="ICF" TransactionBatchID="1619540961408"/>
    <Transaction CatCode="C" FiscalPeriodEnd="N" LeaID="20684" ReshID="20669" SiteID="4486215" TransAmt="12.50" TransDate="2021-05-01" TransDesc="Tenant Legal Liability (05/2021)" TransName="ICF" TransactionBatchID="1619540961409"/>
    <Transaction CatCode="C" FiscalPeriodEnd="N" LeaID="20685" ReshID="20670" SiteID="4486215" TransAmt="12.50" TransDate="2021-05-01" TransDesc="Tenant Legal Liability (05/2021)" TransName="ICF" TransactionBatchID="1619540961410"/>
    <Transaction CatCode="C" FiscalPeriodEnd="N" LeaID="30689" ReshID="30675" SiteID="4486215" TransAmt="12.50" TransDate="2021-05-01" TransDesc="Tenant Legal Liability (05/2021)" TransName="ICF" TransactionBatchID="1619540961411"/>
    <Transaction CatCode="C" FiscalPeriodEnd="N" LeaID="30690" ReshID="30676" SiteID="4486215" TransAmt="12.50" TransDate="2021-05-01" TransDesc="Tenant Legal Liability (05/2021)" TransName="ICF" TransactionBatchID="1619540961412"/>
    <Transaction CatCode="C" FiscalPeriodEnd="N" LeaID="30699" ReshID="30686" SiteID="4486215" TransAmt="12.50" TransDate="2021-05-01" TransDesc="Tenant Legal Liability (05/2021)" TransName="ICF" TransactionBatchID="1619540961413"/>
    <Transaction CatCode="C" FiscalPeriodEnd="N" LeaID="30707" ReshID="30702" SiteID="4486215" TransAmt="12.50" TransDate="2021-05-01" TransDesc="Tenant Legal Liability (05/2021)" TransName="ICF" TransactionBatchID="1619540961414"/>
    <Transaction CatCode="C" FiscalPeriodEnd="N" LeaID="30710" ReshID="30706" SiteID="4486215" TransAmt="12.50" TransDate="2021-05-01" TransDesc="Tenant Legal Liability (05/2021)" TransName="ICF" TransactionBatchID="1619540961415"/>
    <Transaction CatCode="C" FiscalPeriodEnd="N" LeaID="30709" ReshID="30704" SiteID="4486215" TransAmt="12.50" TransDate="2021-05-01" TransDesc="Tenant Legal Liability (05/2021)" TransName="ICF" TransactionBatchID="1619540961416"/>
    <Transaction CatCode="C" FiscalPeriodEnd="N" LeaID="30714" ReshID="30713" SiteID="4486215" TransAmt="12.50" TransDate="2021-05-01" TransDesc="Tenant Legal Liability (05/2021)" TransName="ICF" TransactionBatchID="1619540961417"/>
    <Transaction CatCode="C" FiscalPeriodEnd="N" LeaID="30722" ReshID="30723" SiteID="4486215" TransAmt="12.50" TransDate="2021-05-01" TransDesc="Tenant Legal Liability (05/2021)" TransName="ICF" TransactionBatchID="1619540961418"/>
    <Transaction CatCode="C" FiscalPeriodEnd="N" LeaID="30725" ReshID="30726" SiteID="4486215" TransAmt="12.50" TransDate="2021-05-01" TransDesc="Tenant Legal Liability (05/2021)" TransName="ICF" TransactionBatchID="1619540961419"/>
    <Transaction CatCode="C" FiscalPeriodEnd="N" LeaID="30726" ReshID="30727" SiteID="4486215" TransAmt="12.50" TransDate="2021-05-01" TransDesc="Tenant Legal Liability (05/2021)" TransName="ICF" TransactionBatchID="1619540961420"/>
    <Transaction CatCode="C" FiscalPeriodEnd="N" LeaID="30729" ReshID="30739" SiteID="4486215" TransAmt="12.50" TransDate="2021-05-01" TransDesc="Tenant Legal Liability (05/2021)" TransName="ICF" TransactionBatchID="1619540961421"/>
    <Transaction CatCode="C" FiscalPeriodEnd="N" LeaID="30705" ReshID="30692" SiteID="4486215" TransAmt="12.50" TransDate="2021-05-01" TransDesc="Tenant Legal Liability (05/2021)" TransName="ICF" TransactionBatchID="1619540961422"/>
    <Transaction CatCode="C" FiscalPeriodEnd="N" LeaID="30727" ReshID="30732" SiteID="4486215" TransAmt="12.50" TransDate="2021-05-01" TransDesc="Tenant Legal Liability (05/2021)" TransName="ICF" TransactionBatchID="1619540961423"/>
    <Transaction CatCode="C" FiscalPeriodEnd="N" LeaID="30730" ReshID="30740" SiteID="4486215" TransAmt="12.50" TransDate="2021-05-01" TransDesc="Tenant Legal Liability (05/2021)" TransName="ICF" TransactionBatchID="1619540961424"/>
    <Transaction CatCode="C" FiscalPeriodEnd="N" LeaID="30723" ReshID="30724" SiteID="4486215" TransAmt="12.50" TransDate="2021-05-01" TransDesc="Tenant Legal Liability (05/2021)" TransName="ICF" TransactionBatchID="1619540961425"/>
    <Transaction CatCode="C" FiscalPeriodEnd="N" LeaID="30737" ReshID="30762" SiteID="4486215" TransAmt="12.50" TransDate="2021-05-01" TransDesc="Tenant Legal Liability (05/2021)" TransName="ICF" TransactionBatchID="1619540961426"/>
    <Transaction CatCode="C" FiscalPeriodEnd="N" LeaID="30724" ReshID="30725" SiteID="4486215" TransAmt="12.50" TransDate="2021-05-01" TransDesc="Tenant Legal Liability (05/2021)" TransName="ICF" TransactionBatchID="1619540961427"/>
    <Transaction CatCode="C" FiscalPeriodEnd="N" LeaID="30747" ReshID="30783" SiteID="4486215" TransAmt="12.50" TransDate="2021-05-01" TransDesc="Tenant Legal Liability (05/2021)" TransName="ICF" TransactionBatchID="1619540961428"/>
    <Transaction CatCode="C" FiscalPeriodEnd="N" LeaID="30748" ReshID="30784" SiteID="4486215" TransAmt="12.50" TransDate="2021-05-01" TransDesc="Tenant Legal Liability (05/2021)" TransName="ICF" TransactionBatchID="1619540961429"/>
    <Transaction CatCode="C" FiscalPeriodEnd="N" LeaID="30741" ReshID="30766" SiteID="4486215" TransAmt="12.50" TransDate="2021-05-01" TransDesc="Tenant Legal Liability (05/2021)" TransName="ICF" TransactionBatchID="1619540961430"/>
    <Transaction CatCode="C" FiscalPeriodEnd="N" LeaID="30771" ReshID="121" SiteID="4486215" TransAmt="12.50" TransDate="2021-05-01" TransDesc="Tenant Legal Liability (05/2021)" TransName="ICF" TransactionBatchID="1619540961431"/>
    <Transaction CatCode="C" FiscalPeriodEnd="N" LeaID="30744" ReshID="30773" SiteID="4486215" TransAmt="12.50" TransDate="2021-05-01" TransDesc="Tenant Legal Liability (05/2021)" TransName="ICF" TransactionBatchID="1619540961432"/>
    <Transaction CatCode="C" FiscalPeriodEnd="N" LeaID="30739" ReshID="30764" SiteID="4486215" TransAmt="12.50" TransDate="2021-05-01" TransDesc="Tenant Legal Liability (05/2021)" TransName="ICF" TransactionBatchID="1619540961433"/>
    <Transaction CatCode="C" FiscalPeriodEnd="N" LeaID="30751" ReshID="30787" SiteID="4486215" TransAmt="12.50" TransDate="2021-05-01" TransDesc="Tenant Legal Liability (05/2021)" TransName="ICF" TransactionBatchID="1619540961434"/>
    <Transaction CatCode="C" FiscalPeriodEnd="N" LeaID="30752" ReshID="30788" SiteID="4486215" TransAmt="12.50" TransDate="2021-05-01" TransDesc="Tenant Legal Liability (05/2021)" TransName="ICF" TransactionBatchID="1619540961435"/>
    <Transaction CatCode="C" FiscalPeriodEnd="N" LeaID="30753" ReshID="30789" SiteID="4486215" TransAmt="12.50" TransDate="2021-05-01" TransDesc="Tenant Legal Liability (05/2021)" TransName="ICF" TransactionBatchID="1619540961436"/>
    <Transaction CatCode="C" FiscalPeriodEnd="N" LeaID="30768" ReshID="30801" SiteID="4486215" TransAmt="12.50" TransDate="2021-05-01" TransDesc="Tenant Legal Liability (05/2021)" TransName="ICF" TransactionBatchID="1619540961437"/>
    <Transaction CatCode="C" FiscalPeriodEnd="N" LeaID="30769" ReshID="30802" SiteID="4486215" TransAmt="12.50" TransDate="2021-05-01" TransDesc="Tenant Legal Liability (05/2021)" TransName="ICF" TransactionBatchID="1619540961438"/>
    <Transaction CatCode="C" FiscalPeriodEnd="N" LeaID="30777" ReshID="30805" SiteID="4486215" TransAmt="12.50" TransDate="2021-05-01" TransDesc="Tenant Legal Liability (05/2021)" TransName="ICF" TransactionBatchID="1619540961439"/>
    <Transaction CatCode="C" FiscalPeriodEnd="N" LeaID="30779" ReshID="30806" SiteID="4486215" TransAmt="12.50" TransDate="2021-05-01" TransDesc="Tenant Legal Liability (05/2021)" TransName="ICF" TransactionBatchID="1619540961440"/>
    <Transaction CatCode="C" FiscalPeriodEnd="N" LeaID="30797" ReshID="429" SiteID="4486215" TransAmt="12.50" TransDate="2021-05-01" TransDesc="Tenant Legal Liability (05/2021)" TransName="ICF" TransactionBatchID="1619540961441"/>
    <Transaction CatCode="C" FiscalPeriodEnd="N" LeaID="30786" ReshID="30811" SiteID="4486215" TransAmt="12.50" TransDate="2021-05-01" TransDesc="Tenant Legal Liability (05/2021)" TransName="ICF" TransactionBatchID="1619540961442"/>
    <Transaction CatCode="C" FiscalPeriodEnd="N" LeaID="30790" ReshID="30816" SiteID="4486215" TransAmt="12.50" TransDate="2021-05-01" TransDesc="Tenant Legal Liability (05/2021)" TransName="ICF" TransactionBatchID="1619540961443"/>
    <Transaction CatCode="C" FiscalPeriodEnd="N" LeaID="30794" ReshID="30821" SiteID="4486215" TransAmt="12.50" TransDate="2021-05-01" TransDesc="Tenant Legal Liability (05/2021)" TransName="ICF" TransactionBatchID="1619540961444"/>
    <Transaction CatCode="C" FiscalPeriodEnd="N" LeaID="30802" ReshID="30827" SiteID="4486215" TransAmt="12.50" TransDate="2021-05-01" TransDesc="Tenant Legal Liability (05/2021)" TransName="ICF" TransactionBatchID="1619540961445"/>
    <Transaction CatCode="C" FiscalPeriodEnd="N" LeaID="30809" ReshID="30833" SiteID="4486215" TransAmt="12.50" TransDate="2021-05-01" TransDesc="Tenant Legal Liability (05/2021)" TransName="ICF" TransactionBatchID="1619540961446"/>
    <Transaction CatCode="C" FiscalPeriodEnd="N" LeaID="30820" ReshID="30838" SiteID="4486215" TransAmt="12.50" TransDate="2021-05-01" TransDesc="Tenant Legal Liability (05/2021)" TransName="ICF" TransactionBatchID="1619540961447"/>
    <Transaction CatCode="C" FiscalPeriodEnd="N" LeaID="30822" ReshID="30840" SiteID="4486215" TransAmt="12.50" TransDate="2021-05-01" TransDesc="Tenant Legal Liability (05/2021)" TransName="ICF" TransactionBatchID="1619540961448"/>
    <Transaction CatCode="C" FiscalPeriodEnd="N" LeaID="30815" ReshID="30836" SiteID="4486215" TransAmt="12.50" TransDate="2021-05-01" TransDesc="Tenant Legal Liability (05/2021)" TransName="ICF" TransactionBatchID="1619540961449"/>
    <Transaction CatCode="C" FiscalPeriodEnd="N" LeaID="30823" ReshID="30841" SiteID="4486215" TransAmt="12.50" TransDate="2021-05-01" TransDesc="Tenant Legal Liability (05/2021)" TransName="ICF" TransactionBatchID="1619540961450"/>
    <Transaction CatCode="C" FiscalPeriodEnd="N" LeaID="30827" ReshID="30846" SiteID="4486215" TransAmt="12.50" TransDate="2021-05-01" TransDesc="Tenant Legal Liability (05/2021)" TransName="ICF" TransactionBatchID="1619540961451"/>
    <Transaction CatCode="C" FiscalPeriodEnd="N" LeaID="30833" ReshID="30856" SiteID="4486215" TransAmt="12.50" TransDate="2021-05-01" TransDesc="Tenant Legal Liability (05/2021)" TransName="ICF" TransactionBatchID="1619540961452"/>
    <Transaction CatCode="C" FiscalPeriodEnd="N" LeaID="30799" ReshID="30824" SiteID="4486215" TransAmt="12.50" TransDate="2021-05-01" TransDesc="Tenant Legal Liability (05/2021)" TransName="ICF" TransactionBatchID="1619540961453"/>
    <Transaction CatCode="C" FiscalPeriodEnd="N" LeaID="10507" ReshID="10508" SiteID="4486215" TransAmt="12.50" TransDate="2021-05-01" TransDesc="Tenant Legal Liability (05/2021)" TransName="ICF" TransactionBatchID="1619540961454"/>
    <Transaction CatCode="C" FiscalPeriodEnd="N" LeaID="30806" ReshID="30829" SiteID="4486215" TransAmt="12.50" TransDate="2021-05-01" TransDesc="Tenant Legal Liability (05/2021)" TransName="ICF" TransactionBatchID="1619540961455"/>
    <Transaction CatCode="C" FiscalPeriodEnd="N" LeaID="30808" ReshID="30832" SiteID="4486215" TransAmt="12.50" TransDate="2021-05-01" TransDesc="Tenant Legal Liability (05/2021)" TransName="ICF" TransactionBatchID="1619540961456"/>
    <Transaction CatCode="C" FiscalPeriodEnd="N" LeaID="30824" ReshID="30842" SiteID="4486215" TransAmt="12.50" TransDate="2021-05-01" TransDesc="Tenant Legal Liability (05/2021)" TransName="ICF" TransactionBatchID="1619540961457"/>
    <Transaction CatCode="C" FiscalPeriodEnd="N" LeaID="30826" ReshID="30844" SiteID="4486215" TransAmt="12.50" TransDate="2021-05-01" TransDesc="Tenant Legal Liability (05/2021)" TransName="ICF" TransactionBatchID="1619540961458"/>
    <Transaction CatCode="C" FiscalPeriodEnd="N" LeaID="30829" ReshID="30850" SiteID="4486215" TransAmt="12.50" TransDate="2021-05-01" TransDesc="Tenant Legal Liability (05/2021)" TransName="ICF" TransactionBatchID="1619540961459"/>
    <Transaction CatCode="C" FiscalPeriodEnd="N" LeaID="30830" ReshID="30852" SiteID="4486215" TransAmt="12.50" TransDate="2021-05-01" TransDesc="Tenant Legal Liability (05/2021)" TransName="ICF" TransactionBatchID="1619540961460"/>
    <Transaction CatCode="C" FiscalPeriodEnd="N" LeaID="30831" ReshID="30853" SiteID="4486215" TransAmt="12.50" TransDate="2021-05-01" TransDesc="Tenant Legal Liability (05/2021)" TransName="ICF" TransactionBatchID="1619540961461"/>
    <Transaction CatCode="C" FiscalPeriodEnd="N" LeaID="30838" ReshID="30866" SiteID="4486215" TransAmt="12.50" TransDate="2021-05-01" TransDesc="Tenant Legal Liability (05/2021)" TransName="ICF" TransactionBatchID="1619540961462"/>
    <Transaction CatCode="C" FiscalPeriodEnd="N" LeaID="30839" ReshID="30867" SiteID="4486215" TransAmt="12.50" TransDate="2021-05-01" TransDesc="Tenant Legal Liability (05/2021)" TransName="ICF" TransactionBatchID="1619540961463"/>
    <Transaction CatCode="C" FiscalPeriodEnd="N" LeaID="30836" ReshID="30863" SiteID="4486215" TransAmt="12.50" TransDate="2021-05-01" TransDesc="Tenant Legal Liability (05/2021)" TransName="ICF" TransactionBatchID="1619540961464"/>
    <Transaction CatCode="C" FiscalPeriodEnd="N" LeaID="30845" ReshID="30884" SiteID="4486215" TransAmt="12.50" TransDate="2021-05-01" TransDesc="Tenant Legal Liability (05/2021)" TransName="ICF" TransactionBatchID="1619540961465"/>
    <Transaction CatCode="C" FiscalPeriodEnd="N" LeaID="30847" ReshID="30886" SiteID="4486215" TransAmt="12.50" TransDate="2021-05-01" TransDesc="Tenant Legal Liability (05/2021)" TransName="ICF" TransactionBatchID="1619540961466"/>
    <Transaction CatCode="C" FiscalPeriodEnd="N" LeaID="30853" ReshID="30895" SiteID="4486215" TransAmt="12.50" TransDate="2021-05-01" TransDesc="Tenant Legal Liability (05/2021)" TransName="ICF" TransactionBatchID="1619540961467"/>
    <Transaction CatCode="C" FiscalPeriodEnd="N" LeaID="30860" ReshID="30902" SiteID="4486215" TransAmt="12.50" TransDate="2021-05-01" TransDesc="Tenant Legal Liability (05/2021)" TransName="ICF" TransactionBatchID="1619540961468"/>
    <Transaction CatCode="C" FiscalPeriodEnd="N" LeaID="30863" ReshID="30905" SiteID="4486215" TransAmt="12.50" TransDate="2021-05-01" TransDesc="Tenant Legal Liability (05/2021)" TransName="ICF" TransactionBatchID="1619540961469"/>
    <Transaction CatCode="C" FiscalPeriodEnd="N" LeaID="30864" ReshID="30907" SiteID="4486215" TransAmt="12.50" TransDate="2021-05-01" TransDesc="Tenant Legal Liability (05/2021)" TransName="ICF" TransactionBatchID="1619540961470"/>
    <Transaction CatCode="C" FiscalPeriodEnd="N" LeaID="30857" ReshID="30898" SiteID="4486215" TransAmt="12.50" TransDate="2021-05-01" TransDesc="Tenant Legal Liability (05/2021)" TransName="ICF" TransactionBatchID="1619540961471"/>
    <Transaction CatCode="C" FiscalPeriodEnd="N" LeaID="30858" ReshID="30899" SiteID="4486215" TransAmt="12.50" TransDate="2021-05-01" TransDesc="Tenant Legal Liability (05/2021)" TransName="ICF" TransactionBatchID="1619540961472"/>
    <Transaction CatCode="C" FiscalPeriodEnd="N" LeaID="40868" ReshID="40913" SiteID="4486215" TransAmt="12.50" TransDate="2021-05-01" TransDesc="Tenant Legal Liability (05/2021)" TransName="ICF" TransactionBatchID="1619540961473"/>
    <Transaction CatCode="C" FiscalPeriodEnd="N" LeaID="30835" ReshID="30859" SiteID="4486215" TransAmt="12.50" TransDate="2021-05-01" TransDesc="Tenant Legal Liability (05/2021)" TransName="ICF" TransactionBatchID="1619540961474"/>
    <Transaction CatCode="C" FiscalPeriodEnd="N" LeaID="30855" ReshID="30897" SiteID="4486215" TransAmt="12.50" TransDate="2021-05-01" TransDesc="Tenant Legal Liability (05/2021)" TransName="ICF" TransactionBatchID="1619540961475"/>
    <Transaction CatCode="C" FiscalPeriodEnd="N" LeaID="40866" ReshID="40910" SiteID="4486215" TransAmt="12.50" TransDate="2021-05-01" TransDesc="Tenant Legal Liability (05/2021)" TransName="ICF" TransactionBatchID="1619540961476"/>
    <Transaction CatCode="C" FiscalPeriodEnd="N" LeaID="40884" ReshID="40933" SiteID="4486215" TransAmt="12.50" TransDate="2021-05-01" TransDesc="Tenant Legal Liability (05/2021)" TransName="ICF" TransactionBatchID="1619540961477"/>
    <Transaction CatCode="C" FiscalPeriodEnd="N" LeaID="40886" ReshID="40935" SiteID="4486215" TransAmt="12.50" TransDate="2021-05-01" TransDesc="Tenant Legal Liability (05/2021)" TransName="ICF" TransactionBatchID="1619540961478"/>
    <Transaction CatCode="C" FiscalPeriodEnd="N" LeaID="40875" ReshID="40919" SiteID="4486215" TransAmt="12.50" TransDate="2021-05-01" TransDesc="Tenant Legal Liability (05/2021)" TransName="ICF" TransactionBatchID="1619540961479"/>
    <Transaction CatCode="C" FiscalPeriodEnd="N" LeaID="40889" ReshID="40940" SiteID="4486215" TransAmt="12.50" TransDate="2021-05-01" TransDesc="Tenant Legal Liability (05/2021)" TransName="ICF" TransactionBatchID="1619540961480"/>
    <Transaction CatCode="C" FiscalPeriodEnd="N" LeaID="40896" ReshID="40951" SiteID="4486215" TransAmt="12.50" TransDate="2021-05-01" TransDesc="Tenant Legal Liability (05/2021)" TransName="ICF" TransactionBatchID="1619540961481"/>
    <Transaction CatCode="C" FiscalPeriodEnd="N" LeaID="40915" ReshID="40971" SiteID="4486215" TransAmt="12.50" TransDate="2021-05-01" TransDesc="Tenant Legal Liability (05/2021)" TransName="ICF" TransactionBatchID="1619540961482"/>
    <Transaction CatCode="C" FiscalPeriodEnd="N" LeaID="40916" ReshID="40972" SiteID="4486215" TransAmt="12.50" TransDate="2021-05-01" TransDesc="Tenant Legal Liability (05/2021)" TransName="ICF" TransactionBatchID="1619540961483"/>
    <Transaction CatCode="C" FiscalPeriodEnd="N" LeaID="40924" ReshID="40986" SiteID="4486215" TransAmt="12.50" TransDate="2021-05-01" TransDesc="Tenant Legal Liability (05/2021)" TransName="ICF" TransactionBatchID="1619540961484"/>
    <Transaction CatCode="C" FiscalPeriodEnd="N" LeaID="40897" ReshID="40952" SiteID="4486215" TransAmt="12.50" TransDate="2021-05-01" TransDesc="Tenant Legal Liability (05/2021)" TransName="ICF" TransactionBatchID="1619540961485"/>
    <Transaction CatCode="C" FiscalPeriodEnd="N" LeaID="40926" ReshID="40990" SiteID="4486215" TransAmt="12.50" TransDate="2021-05-01" TransDesc="Tenant Legal Liability (05/2021)" TransName="ICF" TransactionBatchID="1619540961486"/>
    <Transaction CatCode="C" FiscalPeriodEnd="N" LeaID="40912" ReshID="40968" SiteID="4486215" TransAmt="12.50" TransDate="2021-05-01" TransDesc="Tenant Legal Liability (05/2021)" TransName="ICF" TransactionBatchID="1619540961487"/>
</TransactionList>
