<TransactionList>
    <Validation>
        <Audit Count="75" Node="Transaction" Sum="937.50"/>
    </Validation>
    <Transaction CatCode="C" FiscalPeriodEnd="N" LeaID="682" ReshID="7" SiteID="4559708" TransAmt="12.50" TransDate="2021-05-01" TransDesc="Tenant Legal Liability (05/2021)" TransName="ICF" TransactionBatchID="1619540959636"/>
    <Transaction CatCode="C" FiscalPeriodEnd="N" LeaID="677" ReshID="11" SiteID="4559708" TransAmt="12.50" TransDate="2021-05-01" TransDesc="Tenant Legal Liability (05/2021)" TransName="ICF" TransactionBatchID="1619540959637"/>
    <Transaction CatCode="C" FiscalPeriodEnd="N" LeaID="759" ReshID="30" SiteID="4559708" TransAmt="12.50" TransDate="2021-05-01" TransDesc="Tenant Legal Liability (05/2021)" TransName="ICF" TransactionBatchID="1619540959638"/>
    <Transaction CatCode="C" FiscalPeriodEnd="N" LeaID="548" ReshID="46" SiteID="4559708" TransAmt="12.50" TransDate="2021-05-01" TransDesc="Tenant Legal Liability (05/2021)" TransName="ICF" TransactionBatchID="1619540959639"/>
    <Transaction CatCode="C" FiscalPeriodEnd="N" LeaID="659" ReshID="48" SiteID="4559708" TransAmt="12.50" TransDate="2021-05-01" TransDesc="Tenant Legal Liability (05/2021)" TransName="ICF" TransactionBatchID="1619540959640"/>
    <Transaction CatCode="C" FiscalPeriodEnd="N" LeaID="704" ReshID="50" SiteID="4559708" TransAmt="12.50" TransDate="2021-05-01" TransDesc="Tenant Legal Liability (05/2021)" TransName="ICF" TransactionBatchID="1619540959641"/>
    <Transaction CatCode="C" FiscalPeriodEnd="N" LeaID="722" ReshID="68" SiteID="4559708" TransAmt="12.50" TransDate="2021-05-01" TransDesc="Tenant Legal Liability (05/2021)" TransName="ICF" TransactionBatchID="1619540959642"/>
    <Transaction CatCode="C" FiscalPeriodEnd="N" LeaID="773" ReshID="80" SiteID="4559708" TransAmt="12.50" TransDate="2021-05-01" TransDesc="Tenant Legal Liability (05/2021)" TransName="ICF" TransactionBatchID="1619540959643"/>
    <Transaction CatCode="C" FiscalPeriodEnd="N" LeaID="739" ReshID="85" SiteID="4559708" TransAmt="12.50" TransDate="2021-05-01" TransDesc="Tenant Legal Liability (05/2021)" TransName="ICF" TransactionBatchID="1619540959644"/>
    <Transaction CatCode="C" FiscalPeriodEnd="N" LeaID="695" ReshID="93" SiteID="4559708" TransAmt="12.50" TransDate="2021-05-01" TransDesc="Tenant Legal Liability (05/2021)" TransName="ICF" TransactionBatchID="1619540959645"/>
    <Transaction CatCode="C" FiscalPeriodEnd="N" LeaID="683" ReshID="115" SiteID="4559708" TransAmt="12.50" TransDate="2021-05-01" TransDesc="Tenant Legal Liability (05/2021)" TransName="ICF" TransactionBatchID="1619540959646"/>
    <Transaction CatCode="C" FiscalPeriodEnd="N" LeaID="697" ReshID="166" SiteID="4559708" TransAmt="12.50" TransDate="2021-05-01" TransDesc="Tenant Legal Liability (05/2021)" TransName="ICF" TransactionBatchID="1619540959647"/>
    <Transaction CatCode="C" FiscalPeriodEnd="N" LeaID="748" ReshID="193" SiteID="4559708" TransAmt="12.50" TransDate="2021-05-01" TransDesc="Tenant Legal Liability (05/2021)" TransName="ICF" TransactionBatchID="1619540959648"/>
    <Transaction CatCode="C" FiscalPeriodEnd="N" LeaID="696" ReshID="202" SiteID="4559708" TransAmt="12.50" TransDate="2021-05-01" TransDesc="Tenant Legal Liability (05/2021)" TransName="ICF" TransactionBatchID="1619540959649"/>
    <Transaction CatCode="C" FiscalPeriodEnd="N" LeaID="713" ReshID="205" SiteID="4559708" TransAmt="12.50" TransDate="2021-05-01" TransDesc="Tenant Legal Liability (05/2021)" TransName="ICF" TransactionBatchID="1619540959650"/>
    <Transaction CatCode="C" FiscalPeriodEnd="N" LeaID="666" ReshID="211" SiteID="4559708" TransAmt="12.50" TransDate="2021-05-01" TransDesc="Tenant Legal Liability (05/2021)" TransName="ICF" TransactionBatchID="1619540959651"/>
    <Transaction CatCode="C" FiscalPeriodEnd="N" LeaID="807" ReshID="229" SiteID="4559708" TransAmt="12.50" TransDate="2021-05-01" TransDesc="Tenant Legal Liability (05/2021)" TransName="ICF" TransactionBatchID="1619540959652"/>
    <Transaction CatCode="C" FiscalPeriodEnd="N" LeaID="785" ReshID="275" SiteID="4559708" TransAmt="12.50" TransDate="2021-05-01" TransDesc="Tenant Legal Liability (05/2021)" TransName="ICF" TransactionBatchID="1619540959653"/>
    <Transaction CatCode="C" FiscalPeriodEnd="N" LeaID="734" ReshID="293" SiteID="4559708" TransAmt="12.50" TransDate="2021-05-01" TransDesc="Tenant Legal Liability (05/2021)" TransName="ICF" TransactionBatchID="1619540959654"/>
    <Transaction CatCode="C" FiscalPeriodEnd="N" LeaID="720" ReshID="42" SiteID="4559708" TransAmt="12.50" TransDate="2021-05-01" TransDesc="Tenant Legal Liability (05/2021)" TransName="ICF" TransactionBatchID="1619540959655"/>
    <Transaction CatCode="C" FiscalPeriodEnd="N" LeaID="725" ReshID="442" SiteID="4559708" TransAmt="12.50" TransDate="2021-05-01" TransDesc="Tenant Legal Liability (05/2021)" TransName="ICF" TransactionBatchID="1619540959656"/>
    <Transaction CatCode="C" FiscalPeriodEnd="N" LeaID="608" ReshID="449" SiteID="4559708" TransAmt="12.50" TransDate="2021-05-01" TransDesc="Tenant Legal Liability (05/2021)" TransName="ICF" TransactionBatchID="1619540959657"/>
    <Transaction CatCode="C" FiscalPeriodEnd="N" LeaID="615" ReshID="469" SiteID="4559708" TransAmt="12.50" TransDate="2021-05-01" TransDesc="Tenant Legal Liability (05/2021)" TransName="ICF" TransactionBatchID="1619540959658"/>
    <Transaction CatCode="C" FiscalPeriodEnd="N" LeaID="599" ReshID="445" SiteID="4559708" TransAmt="12.50" TransDate="2021-05-01" TransDesc="Tenant Legal Liability (05/2021)" TransName="ICF" TransactionBatchID="1619540959659"/>
    <Transaction CatCode="C" FiscalPeriodEnd="N" LeaID="609" ReshID="450" SiteID="4559708" TransAmt="12.50" TransDate="2021-05-01" TransDesc="Tenant Legal Liability (05/2021)" TransName="ICF" TransactionBatchID="1619540959660"/>
    <Transaction CatCode="C" FiscalPeriodEnd="N" LeaID="625" ReshID="474" SiteID="4559708" TransAmt="12.50" TransDate="2021-05-01" TransDesc="Tenant Legal Liability (05/2021)" TransName="ICF" TransactionBatchID="1619540959661"/>
    <Transaction CatCode="C" FiscalPeriodEnd="N" LeaID="628" ReshID="476" SiteID="4559708" TransAmt="12.50" TransDate="2021-05-01" TransDesc="Tenant Legal Liability (05/2021)" TransName="ICF" TransactionBatchID="1619540959662"/>
    <Transaction CatCode="C" FiscalPeriodEnd="N" LeaID="630" ReshID="478" SiteID="4559708" TransAmt="12.50" TransDate="2021-05-01" TransDesc="Tenant Legal Liability (05/2021)" TransName="ICF" TransactionBatchID="1619540959663"/>
    <Transaction CatCode="C" FiscalPeriodEnd="N" LeaID="640" ReshID="485" SiteID="4559708" TransAmt="12.50" TransDate="2021-05-01" TransDesc="Tenant Legal Liability (05/2021)" TransName="ICF" TransactionBatchID="1619540959664"/>
    <Transaction CatCode="C" FiscalPeriodEnd="N" LeaID="642" ReshID="493" SiteID="4559708" TransAmt="12.50" TransDate="2021-05-01" TransDesc="Tenant Legal Liability (05/2021)" TransName="ICF" TransactionBatchID="1619540959665"/>
    <Transaction CatCode="C" FiscalPeriodEnd="N" LeaID="647" ReshID="501" SiteID="4559708" TransAmt="12.50" TransDate="2021-05-01" TransDesc="Tenant Legal Liability (05/2021)" TransName="ICF" TransactionBatchID="1619540959666"/>
    <Transaction CatCode="C" FiscalPeriodEnd="N" LeaID="650" ReshID="504" SiteID="4559708" TransAmt="12.50" TransDate="2021-05-01" TransDesc="Tenant Legal Liability (05/2021)" TransName="ICF" TransactionBatchID="1619540959667"/>
    <Transaction CatCode="C" FiscalPeriodEnd="N" LeaID="656" ReshID="508" SiteID="4559708" TransAmt="12.50" TransDate="2021-05-01" TransDesc="Tenant Legal Liability (05/2021)" TransName="ICF" TransactionBatchID="1619540959668"/>
    <Transaction CatCode="C" FiscalPeriodEnd="N" LeaID="638" ReshID="483" SiteID="4559708" TransAmt="12.50" TransDate="2021-05-01" TransDesc="Tenant Legal Liability (05/2021)" TransName="ICF" TransactionBatchID="1619540959669"/>
    <Transaction CatCode="C" FiscalPeriodEnd="N" LeaID="661" ReshID="513" SiteID="4559708" TransAmt="12.50" TransDate="2021-05-01" TransDesc="Tenant Legal Liability (05/2021)" TransName="ICF" TransactionBatchID="1619540959670"/>
    <Transaction CatCode="C" FiscalPeriodEnd="N" LeaID="671" ReshID="523" SiteID="4559708" TransAmt="12.50" TransDate="2021-05-01" TransDesc="Tenant Legal Liability (05/2021)" TransName="ICF" TransactionBatchID="1619540959671"/>
    <Transaction CatCode="C" FiscalPeriodEnd="N" LeaID="691" ReshID="537" SiteID="4559708" TransAmt="12.50" TransDate="2021-05-01" TransDesc="Tenant Legal Liability (05/2021)" TransName="ICF" TransactionBatchID="1619540959672"/>
    <Transaction CatCode="C" FiscalPeriodEnd="N" LeaID="667" ReshID="518" SiteID="4559708" TransAmt="12.50" TransDate="2021-05-01" TransDesc="Tenant Legal Liability (05/2021)" TransName="ICF" TransactionBatchID="1619540959673"/>
    <Transaction CatCode="C" FiscalPeriodEnd="N" LeaID="692" ReshID="538" SiteID="4559708" TransAmt="12.50" TransDate="2021-05-01" TransDesc="Tenant Legal Liability (05/2021)" TransName="ICF" TransactionBatchID="1619540959674"/>
    <Transaction CatCode="C" FiscalPeriodEnd="N" LeaID="680" ReshID="532" SiteID="4559708" TransAmt="12.50" TransDate="2021-05-01" TransDesc="Tenant Legal Liability (05/2021)" TransName="ICF" TransactionBatchID="1619540959675"/>
    <Transaction CatCode="C" FiscalPeriodEnd="N" LeaID="694" ReshID="540" SiteID="4559708" TransAmt="12.50" TransDate="2021-05-01" TransDesc="Tenant Legal Liability (05/2021)" TransName="ICF" TransactionBatchID="1619540959676"/>
    <Transaction CatCode="C" FiscalPeriodEnd="N" LeaID="698" ReshID="541" SiteID="4559708" TransAmt="12.50" TransDate="2021-05-01" TransDesc="Tenant Legal Liability (05/2021)" TransName="ICF" TransactionBatchID="1619540959677"/>
    <Transaction CatCode="C" FiscalPeriodEnd="N" LeaID="702" ReshID="542" SiteID="4559708" TransAmt="12.50" TransDate="2021-05-01" TransDesc="Tenant Legal Liability (05/2021)" TransName="ICF" TransactionBatchID="1619540959678"/>
    <Transaction CatCode="C" FiscalPeriodEnd="N" LeaID="721" ReshID="560" SiteID="4559708" TransAmt="12.50" TransDate="2021-05-01" TransDesc="Tenant Legal Liability (05/2021)" TransName="ICF" TransactionBatchID="1619540959679"/>
    <Transaction CatCode="C" FiscalPeriodEnd="N" LeaID="723" ReshID="561" SiteID="4559708" TransAmt="12.50" TransDate="2021-05-01" TransDesc="Tenant Legal Liability (05/2021)" TransName="ICF" TransactionBatchID="1619540959680"/>
    <Transaction CatCode="C" FiscalPeriodEnd="N" LeaID="728" ReshID="563" SiteID="4559708" TransAmt="12.50" TransDate="2021-05-01" TransDesc="Tenant Legal Liability (05/2021)" TransName="ICF" TransactionBatchID="1619540959681"/>
    <Transaction CatCode="C" FiscalPeriodEnd="N" LeaID="729" ReshID="564" SiteID="4559708" TransAmt="12.50" TransDate="2021-05-01" TransDesc="Tenant Legal Liability (05/2021)" TransName="ICF" TransactionBatchID="1619540959682"/>
    <Transaction CatCode="C" FiscalPeriodEnd="N" LeaID="733" ReshID="569" SiteID="4559708" TransAmt="12.50" TransDate="2021-05-01" TransDesc="Tenant Legal Liability (05/2021)" TransName="ICF" TransactionBatchID="1619540959683"/>
    <Transaction CatCode="C" FiscalPeriodEnd="N" LeaID="736" ReshID="571" SiteID="4559708" TransAmt="12.50" TransDate="2021-05-01" TransDesc="Tenant Legal Liability (05/2021)" TransName="ICF" TransactionBatchID="1619540959684"/>
    <Transaction CatCode="C" FiscalPeriodEnd="N" LeaID="744" ReshID="576" SiteID="4559708" TransAmt="12.50" TransDate="2021-05-01" TransDesc="Tenant Legal Liability (05/2021)" TransName="ICF" TransactionBatchID="1619540959685"/>
    <Transaction CatCode="C" FiscalPeriodEnd="N" LeaID="745" ReshID="577" SiteID="4559708" TransAmt="12.50" TransDate="2021-05-01" TransDesc="Tenant Legal Liability (05/2021)" TransName="ICF" TransactionBatchID="1619540959686"/>
    <Transaction CatCode="C" FiscalPeriodEnd="N" LeaID="746" ReshID="578" SiteID="4559708" TransAmt="12.50" TransDate="2021-05-01" TransDesc="Tenant Legal Liability (05/2021)" TransName="ICF" TransactionBatchID="1619540959687"/>
    <Transaction CatCode="C" FiscalPeriodEnd="N" LeaID="750" ReshID="580" SiteID="4559708" TransAmt="12.50" TransDate="2021-05-01" TransDesc="Tenant Legal Liability (05/2021)" TransName="ICF" TransactionBatchID="1619540959688"/>
    <Transaction CatCode="C" FiscalPeriodEnd="N" LeaID="751" ReshID="581" SiteID="4559708" TransAmt="12.50" TransDate="2021-05-01" TransDesc="Tenant Legal Liability (05/2021)" TransName="ICF" TransactionBatchID="1619540959689"/>
    <Transaction CatCode="C" FiscalPeriodEnd="N" LeaID="752" ReshID="582" SiteID="4559708" TransAmt="12.50" TransDate="2021-05-01" TransDesc="Tenant Legal Liability (05/2021)" TransName="ICF" TransactionBatchID="1619540959690"/>
    <Transaction CatCode="C" FiscalPeriodEnd="N" LeaID="757" ReshID="583" SiteID="4559708" TransAmt="12.50" TransDate="2021-05-01" TransDesc="Tenant Legal Liability (05/2021)" TransName="ICF" TransactionBatchID="1619540959691"/>
    <Transaction CatCode="C" FiscalPeriodEnd="N" LeaID="760" ReshID="584" SiteID="4559708" TransAmt="12.50" TransDate="2021-05-01" TransDesc="Tenant Legal Liability (05/2021)" TransName="ICF" TransactionBatchID="1619540959692"/>
    <Transaction CatCode="C" FiscalPeriodEnd="N" LeaID="784" ReshID="599" SiteID="4559708" TransAmt="12.50" TransDate="2021-05-01" TransDesc="Tenant Legal Liability (05/2021)" TransName="ICF" TransactionBatchID="1619540959693"/>
    <Transaction CatCode="C" FiscalPeriodEnd="N" LeaID="783" ReshID="608" SiteID="4559708" TransAmt="12.50" TransDate="2021-05-01" TransDesc="Tenant Legal Liability (05/2021)" TransName="ICF" TransactionBatchID="1619540959694"/>
    <Transaction CatCode="C" FiscalPeriodEnd="N" LeaID="787" ReshID="610" SiteID="4559708" TransAmt="12.50" TransDate="2021-05-01" TransDesc="Tenant Legal Liability (05/2021)" TransName="ICF" TransactionBatchID="1619540959695"/>
    <Transaction CatCode="C" FiscalPeriodEnd="N" LeaID="791" ReshID="607" SiteID="4559708" TransAmt="12.50" TransDate="2021-05-01" TransDesc="Tenant Legal Liability (05/2021)" TransName="ICF" TransactionBatchID="1619540959696"/>
    <Transaction CatCode="C" FiscalPeriodEnd="N" LeaID="789" ReshID="612" SiteID="4559708" TransAmt="12.50" TransDate="2021-05-01" TransDesc="Tenant Legal Liability (05/2021)" TransName="ICF" TransactionBatchID="1619540959697"/>
    <Transaction CatCode="C" FiscalPeriodEnd="N" LeaID="801" ReshID="626" SiteID="4559708" TransAmt="12.50" TransDate="2021-05-01" TransDesc="Tenant Legal Liability (05/2021)" TransName="ICF" TransactionBatchID="1619540959698"/>
    <Transaction CatCode="C" FiscalPeriodEnd="N" LeaID="798" ReshID="623" SiteID="4559708" TransAmt="12.50" TransDate="2021-05-01" TransDesc="Tenant Legal Liability (05/2021)" TransName="ICF" TransactionBatchID="1619540959699"/>
    <Transaction CatCode="C" FiscalPeriodEnd="N" LeaID="790" ReshID="613" SiteID="4559708" TransAmt="12.50" TransDate="2021-05-01" TransDesc="Tenant Legal Liability (05/2021)" TransName="ICF" TransactionBatchID="1619540959700"/>
    <Transaction CatCode="C" FiscalPeriodEnd="N" LeaID="803" ReshID="628" SiteID="4559708" TransAmt="12.50" TransDate="2021-05-01" TransDesc="Tenant Legal Liability (05/2021)" TransName="ICF" TransactionBatchID="1619540959701"/>
    <Transaction CatCode="C" FiscalPeriodEnd="N" LeaID="805" ReshID="630" SiteID="4559708" TransAmt="12.50" TransDate="2021-05-01" TransDesc="Tenant Legal Liability (05/2021)" TransName="ICF" TransactionBatchID="1619540959702"/>
    <Transaction CatCode="C" FiscalPeriodEnd="N" LeaID="810" ReshID="634" SiteID="4559708" TransAmt="12.50" TransDate="2021-05-01" TransDesc="Tenant Legal Liability (05/2021)" TransName="ICF" TransactionBatchID="1619540959703"/>
    <Transaction CatCode="C" FiscalPeriodEnd="N" LeaID="804" ReshID="629" SiteID="4559708" TransAmt="12.50" TransDate="2021-05-01" TransDesc="Tenant Legal Liability (05/2021)" TransName="ICF" TransactionBatchID="1619540959704"/>
    <Transaction CatCode="C" FiscalPeriodEnd="N" LeaID="815" ReshID="639" SiteID="4559708" TransAmt="12.50" TransDate="2021-05-01" TransDesc="Tenant Legal Liability (05/2021)" TransName="ICF" TransactionBatchID="1619540959705"/>
    <Transaction CatCode="C" FiscalPeriodEnd="N" LeaID="819" ReshID="643" SiteID="4559708" TransAmt="12.50" TransDate="2021-05-01" TransDesc="Tenant Legal Liability (05/2021)" TransName="ICF" TransactionBatchID="1619540959706"/>
    <Transaction CatCode="C" FiscalPeriodEnd="N" LeaID="822" ReshID="646" SiteID="4559708" TransAmt="12.50" TransDate="2021-05-01" TransDesc="Tenant Legal Liability (05/2021)" TransName="ICF" TransactionBatchID="1619540959707"/>
    <Transaction CatCode="C" FiscalPeriodEnd="N" LeaID="814" ReshID="638" SiteID="4559708" TransAmt="12.50" TransDate="2021-05-01" TransDesc="Tenant Legal Liability (05/2021)" TransName="ICF" TransactionBatchID="1619540959708"/>
    <Transaction CatCode="C" FiscalPeriodEnd="N" LeaID="817" ReshID="641" SiteID="4559708" TransAmt="12.50" TransDate="2021-05-01" TransDesc="Tenant Legal Liability (05/2021)" TransName="ICF" TransactionBatchID="1619540959709"/>
    <Transaction CatCode="C" FiscalPeriodEnd="N" LeaID="829" ReshID="655" SiteID="4559708" TransAmt="12.50" TransDate="2021-05-01" TransDesc="Tenant Legal Liability (05/2021)" TransName="ICF" TransactionBatchID="1619540959710"/>
</TransactionList>
