<TransactionList>
    <Validation>
        <Audit Count="57" Node="Transaction" Sum="712.50"/>
    </Validation>
    <Transaction CatCode="C" FiscalPeriodEnd="N" LeaID="310" ReshID="7" SiteID="4633311" TransAmt="12.50" TransDate="2021-05-01" TransDesc="Tenant Legal Liability (05/2021)" TransName="ICF" TransactionBatchID="1619540959936"/>
    <Transaction CatCode="C" FiscalPeriodEnd="N" LeaID="304" ReshID="8" SiteID="4633311" TransAmt="12.50" TransDate="2021-05-01" TransDesc="Tenant Legal Liability (05/2021)" TransName="ICF" TransactionBatchID="1619540959937"/>
    <Transaction CatCode="C" FiscalPeriodEnd="N" LeaID="278" ReshID="11" SiteID="4633311" TransAmt="12.50" TransDate="2021-05-01" TransDesc="Tenant Legal Liability (05/2021)" TransName="ICF" TransactionBatchID="1619540959938"/>
    <Transaction CatCode="C" FiscalPeriodEnd="N" LeaID="265" ReshID="13" SiteID="4633311" TransAmt="12.50" TransDate="2021-05-01" TransDesc="Tenant Legal Liability (05/2021)" TransName="ICF" TransactionBatchID="1619540959939"/>
    <Transaction CatCode="C" FiscalPeriodEnd="N" LeaID="292" ReshID="24" SiteID="4633311" TransAmt="12.50" TransDate="2021-05-01" TransDesc="Tenant Legal Liability (05/2021)" TransName="ICF" TransactionBatchID="1619540959940"/>
    <Transaction CatCode="C" FiscalPeriodEnd="N" LeaID="293" ReshID="26" SiteID="4633311" TransAmt="12.50" TransDate="2021-05-01" TransDesc="Tenant Legal Liability (05/2021)" TransName="ICF" TransactionBatchID="1619540959941"/>
    <Transaction CatCode="C" FiscalPeriodEnd="N" LeaID="318" ReshID="29" SiteID="4633311" TransAmt="12.50" TransDate="2021-05-01" TransDesc="Tenant Legal Liability (05/2021)" TransName="ICF" TransactionBatchID="1619540959942"/>
    <Transaction CatCode="C" FiscalPeriodEnd="N" LeaID="271" ReshID="31" SiteID="4633311" TransAmt="12.50" TransDate="2021-05-01" TransDesc="Tenant Legal Liability (05/2021)" TransName="ICF" TransactionBatchID="1619540959943"/>
    <Transaction CatCode="C" FiscalPeriodEnd="N" LeaID="305" ReshID="35" SiteID="4633311" TransAmt="12.50" TransDate="2021-05-01" TransDesc="Tenant Legal Liability (05/2021)" TransName="ICF" TransactionBatchID="1619540959944"/>
    <Transaction CatCode="C" FiscalPeriodEnd="N" LeaID="316" ReshID="36" SiteID="4633311" TransAmt="12.50" TransDate="2021-05-01" TransDesc="Tenant Legal Liability (05/2021)" TransName="ICF" TransactionBatchID="1619540959945"/>
    <Transaction CatCode="C" FiscalPeriodEnd="N" LeaID="254" ReshID="45" SiteID="4633311" TransAmt="12.50" TransDate="2021-05-01" TransDesc="Tenant Legal Liability (05/2021)" TransName="ICF" TransactionBatchID="1619540959946"/>
    <Transaction CatCode="C" FiscalPeriodEnd="N" LeaID="253" ReshID="48" SiteID="4633311" TransAmt="12.50" TransDate="2021-05-01" TransDesc="Tenant Legal Liability (05/2021)" TransName="ICF" TransactionBatchID="1619540959947"/>
    <Transaction CatCode="C" FiscalPeriodEnd="N" LeaID="288" ReshID="49" SiteID="4633311" TransAmt="12.50" TransDate="2021-05-01" TransDesc="Tenant Legal Liability (05/2021)" TransName="ICF" TransactionBatchID="1619540959948"/>
    <Transaction CatCode="C" FiscalPeriodEnd="N" LeaID="277" ReshID="50" SiteID="4633311" TransAmt="12.50" TransDate="2021-05-01" TransDesc="Tenant Legal Liability (05/2021)" TransName="ICF" TransactionBatchID="1619540959949"/>
    <Transaction CatCode="C" FiscalPeriodEnd="N" LeaID="270" ReshID="51" SiteID="4633311" TransAmt="12.50" TransDate="2021-05-01" TransDesc="Tenant Legal Liability (05/2021)" TransName="ICF" TransactionBatchID="1619540959950"/>
    <Transaction CatCode="C" FiscalPeriodEnd="N" LeaID="294" ReshID="55" SiteID="4633311" TransAmt="12.50" TransDate="2021-05-01" TransDesc="Tenant Legal Liability (05/2021)" TransName="ICF" TransactionBatchID="1619540959951"/>
    <Transaction CatCode="C" FiscalPeriodEnd="N" LeaID="216" ReshID="62" SiteID="4633311" TransAmt="12.50" TransDate="2021-05-01" TransDesc="Tenant Legal Liability (05/2021)" TransName="ICF" TransactionBatchID="1619540959952"/>
    <Transaction CatCode="C" FiscalPeriodEnd="N" LeaID="214" ReshID="76" SiteID="4633311" TransAmt="12.50" TransDate="2021-05-01" TransDesc="Tenant Legal Liability (05/2021)" TransName="ICF" TransactionBatchID="1619540959953"/>
    <Transaction CatCode="C" FiscalPeriodEnd="N" LeaID="231" ReshID="89" SiteID="4633311" TransAmt="12.50" TransDate="2021-05-01" TransDesc="Tenant Legal Liability (05/2021)" TransName="ICF" TransactionBatchID="1619540959954"/>
    <Transaction CatCode="C" FiscalPeriodEnd="N" LeaID="143" ReshID="94" SiteID="4633311" TransAmt="12.50" TransDate="2021-05-01" TransDesc="Tenant Legal Liability (05/2021)" TransName="ICF" TransactionBatchID="1619540959955"/>
    <Transaction CatCode="C" FiscalPeriodEnd="N" LeaID="225" ReshID="96" SiteID="4633311" TransAmt="12.50" TransDate="2021-05-01" TransDesc="Tenant Legal Liability (05/2021)" TransName="ICF" TransactionBatchID="1619540959956"/>
    <Transaction CatCode="C" FiscalPeriodEnd="N" LeaID="273" ReshID="98" SiteID="4633311" TransAmt="12.50" TransDate="2021-05-01" TransDesc="Tenant Legal Liability (05/2021)" TransName="ICF" TransactionBatchID="1619540959957"/>
    <Transaction CatCode="C" FiscalPeriodEnd="N" LeaID="222" ReshID="99" SiteID="4633311" TransAmt="12.50" TransDate="2021-05-01" TransDesc="Tenant Legal Liability (05/2021)" TransName="ICF" TransactionBatchID="1619540959958"/>
    <Transaction CatCode="C" FiscalPeriodEnd="N" LeaID="261" ReshID="102" SiteID="4633311" TransAmt="12.50" TransDate="2021-05-01" TransDesc="Tenant Legal Liability (05/2021)" TransName="ICF" TransactionBatchID="1619540959959"/>
    <Transaction CatCode="C" FiscalPeriodEnd="N" LeaID="224" ReshID="103" SiteID="4633311" TransAmt="12.50" TransDate="2021-05-01" TransDesc="Tenant Legal Liability (05/2021)" TransName="ICF" TransactionBatchID="1619540959960"/>
    <Transaction CatCode="C" FiscalPeriodEnd="N" LeaID="279" ReshID="111" SiteID="4633311" TransAmt="12.50" TransDate="2021-05-01" TransDesc="Tenant Legal Liability (05/2021)" TransName="ICF" TransactionBatchID="1619540959961"/>
    <Transaction CatCode="C" FiscalPeriodEnd="N" LeaID="266" ReshID="119" SiteID="4633311" TransAmt="12.50" TransDate="2021-05-01" TransDesc="Tenant Legal Liability (05/2021)" TransName="ICF" TransactionBatchID="1619540959962"/>
    <Transaction CatCode="C" FiscalPeriodEnd="N" LeaID="296" ReshID="125" SiteID="4633311" TransAmt="12.50" TransDate="2021-05-01" TransDesc="Tenant Legal Liability (05/2021)" TransName="ICF" TransactionBatchID="1619540959963"/>
    <Transaction CatCode="C" FiscalPeriodEnd="N" LeaID="132" ReshID="136" SiteID="4633311" TransAmt="12.50" TransDate="2021-05-01" TransDesc="Tenant Legal Liability (05/2021)" TransName="ICF" TransactionBatchID="1619540959964"/>
    <Transaction CatCode="C" FiscalPeriodEnd="N" LeaID="219" ReshID="210" SiteID="4633311" TransAmt="12.50" TransDate="2021-05-01" TransDesc="Tenant Legal Liability (05/2021)" TransName="ICF" TransactionBatchID="1619540959965"/>
    <Transaction CatCode="C" FiscalPeriodEnd="N" LeaID="223" ReshID="211" SiteID="4633311" TransAmt="12.50" TransDate="2021-05-01" TransDesc="Tenant Legal Liability (05/2021)" TransName="ICF" TransactionBatchID="1619540959966"/>
    <Transaction CatCode="C" FiscalPeriodEnd="N" LeaID="226" ReshID="212" SiteID="4633311" TransAmt="12.50" TransDate="2021-05-01" TransDesc="Tenant Legal Liability (05/2021)" TransName="ICF" TransactionBatchID="1619540959967"/>
    <Transaction CatCode="C" FiscalPeriodEnd="N" LeaID="232" ReshID="215" SiteID="4633311" TransAmt="12.50" TransDate="2021-05-01" TransDesc="Tenant Legal Liability (05/2021)" TransName="ICF" TransactionBatchID="1619540959968"/>
    <Transaction CatCode="C" FiscalPeriodEnd="N" LeaID="234" ReshID="218" SiteID="4633311" TransAmt="12.50" TransDate="2021-05-01" TransDesc="Tenant Legal Liability (05/2021)" TransName="ICF" TransactionBatchID="1619540959969"/>
    <Transaction CatCode="C" FiscalPeriodEnd="N" LeaID="267" ReshID="122" SiteID="4633311" TransAmt="12.50" TransDate="2021-05-01" TransDesc="Tenant Legal Liability (05/2021)" TransName="ICF" TransactionBatchID="1619540959970"/>
    <Transaction CatCode="C" FiscalPeriodEnd="N" LeaID="284" ReshID="219" SiteID="4633311" TransAmt="12.50" TransDate="2021-05-01" TransDesc="Tenant Legal Liability (05/2021)" TransName="ICF" TransactionBatchID="1619540959971"/>
    <Transaction CatCode="C" FiscalPeriodEnd="N" LeaID="237" ReshID="220" SiteID="4633311" TransAmt="12.50" TransDate="2021-05-01" TransDesc="Tenant Legal Liability (05/2021)" TransName="ICF" TransactionBatchID="1619540959972"/>
    <Transaction CatCode="C" FiscalPeriodEnd="N" LeaID="238" ReshID="251" SiteID="4633311" TransAmt="12.50" TransDate="2021-05-01" TransDesc="Tenant Legal Liability (05/2021)" TransName="ICF" TransactionBatchID="1619540959973"/>
    <Transaction CatCode="C" FiscalPeriodEnd="N" LeaID="243" ReshID="253" SiteID="4633311" TransAmt="12.50" TransDate="2021-05-01" TransDesc="Tenant Legal Liability (05/2021)" TransName="ICF" TransactionBatchID="1619540959974"/>
    <Transaction CatCode="C" FiscalPeriodEnd="N" LeaID="242" ReshID="252" SiteID="4633311" TransAmt="12.50" TransDate="2021-05-01" TransDesc="Tenant Legal Liability (05/2021)" TransName="ICF" TransactionBatchID="1619540959975"/>
    <Transaction CatCode="C" FiscalPeriodEnd="N" LeaID="246" ReshID="256" SiteID="4633311" TransAmt="12.50" TransDate="2021-05-01" TransDesc="Tenant Legal Liability (05/2021)" TransName="ICF" TransactionBatchID="1619540959976"/>
    <Transaction CatCode="C" FiscalPeriodEnd="N" LeaID="274" ReshID="15" SiteID="4633311" TransAmt="12.50" TransDate="2021-05-01" TransDesc="Tenant Legal Liability (05/2021)" TransName="ICF" TransactionBatchID="1619540959977"/>
    <Transaction CatCode="C" FiscalPeriodEnd="N" LeaID="251" ReshID="261" SiteID="4633311" TransAmt="12.50" TransDate="2021-05-01" TransDesc="Tenant Legal Liability (05/2021)" TransName="ICF" TransactionBatchID="1619540959978"/>
    <Transaction CatCode="C" FiscalPeriodEnd="N" LeaID="259" ReshID="266" SiteID="4633311" TransAmt="12.50" TransDate="2021-05-01" TransDesc="Tenant Legal Liability (05/2021)" TransName="ICF" TransactionBatchID="1619540959979"/>
    <Transaction CatCode="C" FiscalPeriodEnd="N" LeaID="248" ReshID="258" SiteID="4633311" TransAmt="12.50" TransDate="2021-05-01" TransDesc="Tenant Legal Liability (05/2021)" TransName="ICF" TransactionBatchID="1619540959980"/>
    <Transaction CatCode="C" FiscalPeriodEnd="N" LeaID="262" ReshID="268" SiteID="4633311" TransAmt="12.50" TransDate="2021-05-01" TransDesc="Tenant Legal Liability (05/2021)" TransName="ICF" TransactionBatchID="1619540959981"/>
    <Transaction CatCode="C" FiscalPeriodEnd="N" LeaID="272" ReshID="272" SiteID="4633311" TransAmt="12.50" TransDate="2021-05-01" TransDesc="Tenant Legal Liability (05/2021)" TransName="ICF" TransactionBatchID="1619540959982"/>
    <Transaction CatCode="C" FiscalPeriodEnd="N" LeaID="275" ReshID="274" SiteID="4633311" TransAmt="12.50" TransDate="2021-05-01" TransDesc="Tenant Legal Liability (05/2021)" TransName="ICF" TransactionBatchID="1619540959983"/>
    <Transaction CatCode="C" FiscalPeriodEnd="N" LeaID="276" ReshID="275" SiteID="4633311" TransAmt="12.50" TransDate="2021-05-01" TransDesc="Tenant Legal Liability (05/2021)" TransName="ICF" TransactionBatchID="1619540959984"/>
    <Transaction CatCode="C" FiscalPeriodEnd="N" LeaID="280" ReshID="288" SiteID="4633311" TransAmt="12.50" TransDate="2021-05-01" TransDesc="Tenant Legal Liability (05/2021)" TransName="ICF" TransactionBatchID="1619540959985"/>
    <Transaction CatCode="C" FiscalPeriodEnd="N" LeaID="282" ReshID="305" SiteID="4633311" TransAmt="12.50" TransDate="2021-05-01" TransDesc="Tenant Legal Liability (05/2021)" TransName="ICF" TransactionBatchID="1619540959986"/>
    <Transaction CatCode="C" FiscalPeriodEnd="N" LeaID="283" ReshID="307" SiteID="4633311" TransAmt="12.50" TransDate="2021-05-01" TransDesc="Tenant Legal Liability (05/2021)" TransName="ICF" TransactionBatchID="1619540959987"/>
    <Transaction CatCode="C" FiscalPeriodEnd="N" LeaID="285" ReshID="308" SiteID="4633311" TransAmt="12.50" TransDate="2021-05-01" TransDesc="Tenant Legal Liability (05/2021)" TransName="ICF" TransactionBatchID="1619540959988"/>
    <Transaction CatCode="C" FiscalPeriodEnd="N" LeaID="289" ReshID="311" SiteID="4633311" TransAmt="12.50" TransDate="2021-05-01" TransDesc="Tenant Legal Liability (05/2021)" TransName="ICF" TransactionBatchID="1619540959989"/>
    <Transaction CatCode="C" FiscalPeriodEnd="N" LeaID="303" ReshID="315" SiteID="4633311" TransAmt="12.50" TransDate="2021-05-01" TransDesc="Tenant Legal Liability (05/2021)" TransName="ICF" TransactionBatchID="1619540959990"/>
    <Transaction CatCode="C" FiscalPeriodEnd="N" LeaID="301" ReshID="323" SiteID="4633311" TransAmt="12.50" TransDate="2021-05-01" TransDesc="Tenant Legal Liability (05/2021)" TransName="ICF" TransactionBatchID="1619540959991"/>
    <Transaction CatCode="C" FiscalPeriodEnd="N" LeaID="307" ReshID="327" SiteID="4633311" TransAmt="12.50" TransDate="2021-05-01" TransDesc="Tenant Legal Liability (05/2021)" TransName="ICF" TransactionBatchID="1619540959992"/>
</TransactionList>
